:020000041000EA
:1000000000B5324B212058609868022188439860DF
:10001000D860186158612E4B002199600221596106
:100020000121F02299502B49196001219960352056
:1000300000F044F80222904214D00621196600F024
:1000400034F8196E01211966002018661A6600F04E
:100050002CF8196E196E196E052000F02FF8012189
:100060000842F9D1002199601B49196000215960AB
:100070001A491B48016001219960EB211966A021F2
:10008000196600F012F800219960164914480160C1
:100090000121996001BC002800D000471248134993
:1000A000086003C880F30888084703B5996A0420EC
:1000B0000142FBD001200142F8D103BD02B5186610
:1000C0001866FFF7F2FF186E186E02BD00000240BE
:1000D000000000180000070000035F00212200005C
:1000E000F4000018222000A00001001008ED00E03C
:1000F00000000000000000000000000074B24E7A12
:1001000000200420F7010010CB010010CD010010E9
:10011000C9010010C9010010C9010010C901001077
:10012000C9010010C9010010C9010010A586001006
:10013000C9010010C9010010C18500101D87001001
:10014000C1010010C1010010C1010010C101001067
:10015000C1010010C1010010C1010010C101001057
:10016000C1010010C1010010C1010010C101001047
:10017000C1010010C1010010C1010010C101001037
:10018000C1010010C1010010C1010010C101001027
:10019000C1010010C1010010C1010010C101001017
:1001A000C1010010C1010010C1010010C101001007
:1001B000C1010010C1010010C1010010C1010010F7
:1001C000EFF30580103800BE00BE00BE00BE00BECA
:1001D00000BE00BEF2EB887140CA001060CA001079
:1001E0003802001090A31AE71E481F49086006C88D
:1001F00081F3088810471D480068002801D019487D
:10020000F3E70DA40ECC002902D000F012F8F9E7B4
:100210001749184A002000E001C19142FCD116495B
:100220008847164988471649884700BEFDE701C937
:1002300001C29A42FBD3704760CA0010C000002080
:100240009016002030E00010000004200000042080
:1002500030E0001000100420001004200000000016
:10026000704700000000000008ED00E0000000D032
:1002700090160020207D0220955900108D06001058
:100280008D590010F8B5C04606480749091A8B1069
:10029000C90FC91810B5491003D0044B002B00D06A
:1002A000984710BD90160020901600200000000016
:1002B000054B10B5002B03D00449054800E000BFF2
:1002C000FFF7E2FF10BDC04600000000B437002079
:1002D00038B6001030B589B009F06CFE0B4C0C4DEF
:1002E000019009E000230022206802A908F05CFDCB
:1002F000322101A809F0C0FD02A800F089FA002807
:10030000F0D1280005F0D2FCF2E7C0469C7C022028
:1003100038B60010F0B5DE46454657464E46E0B5C5
:100320000020A1B000F006FC642001F009FC904B15
:10033000F022180005938F4BF0210093002301F069
:10034000C1FA412001F0EEFA8B4801F017FB8B4B0C
:100350008B4D99468B4B1AAC09938B4B0A938B4B65
:100360000C938B4B0D938B4B10938B4B11938B4BAF
:1003700013938B4B15938B4B17938B4B0B938B4B8F
:100380000E938B4B0F938B4B12938B4B14938B4B86
:1003900016938B4B98468B4B06938B4B9B468B4B04
:1003A0000793FC23DB009A465B46AB4608932AE0A2
:1003B00043460022186819A908F014FF01281CD12F
:1003C000199803F0B7FD089D00900191069A40210D
:1003D000280005F081FA5346019300232A00C32127
:1003E0005A2000935B4601F035FB199803F0A2FDFB
:1003F00002000B00079805F0DDFC059801F03AF9C2
:10040000642009F093FD002001F07CFAFC20C0007C
:1004100001F0B4FA4B4600222100186808F0E2FE11
:100420000128C5D1206803F085FD0A9E0090019146
:10043000099A1021300005F04FFA0025534632008A
:10044000019341215B465A20009501F003FB60684F
:1004500003F070FD0D9E009001910C9A1021300068
:1004600005F03AFA5346320001935A215B465A206E
:10047000009501F0EFFAA06803F05CFD119E00907A
:100480000191109A1021300005F026FA53463200EF
:10049000019369215B465A20009501F0DBFAE06880
:1004A00003F048FD159E00900191139A1021300031
:1004B00005F012FA53463200019382215B465A201E
:1004C000009501F0C7FA206903F034FD0B9E0090FF
:1004D0000191179A1021300005F0FEF953463200C1
:1004E00001939B215B465A20009501F0B3FA6069A5
:1004F00003F020FD0F9E009001910E9A1021300014
:1005000005F0EAF9534632000193B4215B465A20C4
:10051000009501F09FFA206803F00CFD0600A0682A
:100520000F0003F007FD02900391606803F002FDE5
:1005300032003B0000900191129805F03BFC1498AA
:1005400005F0B4FBE06803F0F5FC060060690F00FD
:1005500003F0F0FC02900391206903F0EBFC320001
:10056000009001913B00169805F024FC20E7C0465E
:10057000F8390020FFFF000007FC00009C7C0220EF
:100580005410002048B60010CC21002054B60010B2
:10059000DC21002060B60010EC2100206CB60010B9
:1005A0007433002078B600108433002084B6001025
:1005B0009433002090B60010A8B60010CCB60010FE
:1005C0003C7C0220E4B6001088210020ECB600102C
:1005D000F0B54F464646D646254BC0B59846254B06
:1005E000254E9946254B34009A46254D254F82B01D
:1005F000012201210020524209F078FF0028F7D0A3
:100600002B78012B20D02B78002BF1D12978404674
:10061000C9B205F0CFFB50461B4905F0CBFB0020CB
:10062000194B1A88023380189C42FAD103F060FCFF
:10063000EA21890503F055FC002301900022386867
:1006400001A908F0B1FBD3E729784046C9B205F00B
:10065000B1FB3100484605F0ADFB8022330000209D
:100660001201B1181A88023380189942FAD1DDE7D5
:10067000FCB6001010B700105C2B002020B7001053
:100680001F7D02203C7C02205C23002010B582B03C
:1006900005F0BEFA02E0642002F052F905F020FEF7
:1006A0000028F8D0214805F001FBFA20C00002F034
:1006B00047F900F053F81E4805F0F8FA01F064FA23
:1006C0001C4805F0F3FA00F0A5F9002218211020CB
:1006D00008F01CFB184B002218600421102008F0C1
:1006E00015FB164B00241860802203231449009345
:1006F000520000231348019409F09CFA124BB522D2
:10070000019301231149009392000023104809F03E
:1007100091FA0223C0220F490093120100230E48D0
:10072000019409F087FA09F097FAFEE730B7001054
:1007300038B7001058B700109C7C02203C7C022087
:1007400078B70010D5020010C821002084B700102F
:10075000D105001098B700101503001030B5002522
:10076000234C83B0200023490AF0DCFB0321062040
:1007700001F084FA0321072001F080FA0022012110
:10078000062001F095FA00220121072001F090FADD
:1007900002236B212000184A00950AF0EBFB02238C
:1007A0006B212000154A00950AF0E4FB02236B211F
:1007B0002000134A00950AF0DDFB02236B21200084
:1007C000104A00950AF0D6FB02236B2120000E4A46
:1007D00000950AF0CFFB02236B210C4A2000009504
:1007E0000AF0C8FBFA20400002F0AAF803B030BDBE
:1007F00018110020A08601004C1000204810002095
:100800004410002040100020381000203C10002030
:10081000F0B5D6464F464646C0B5454B84B01B782A
:1008200002AA13700123434C05006B2120000093A2
:100830000AF0A0FB012806D0002004B0E0BCBA46B4
:10084000B146A846F0BD00260E2201236B212000F0
:1008500000966A440AF098FB0128EDD16B469B7B19
:100860001842E9D0344B03AA1B786B211370009017
:10087000012320000AF07EFB0128DDD10F22012395
:100880006B21200000966A440AF07EFB0128D3D138
:10089000009001236B212000284A0AF06BFB0130F5
:1008A000CAD0274F10233A006B21200000960AF08F
:1008B0006BFB0130C0D00222BB5E9A460422BB5EB5
:1008C00099460622BB5E98460023F85E03F010FBB3
:1008D000E621890503F005FB0823FE5E0A23FC5E82
:1008E0002860504603F004FBE621890503F0F9FA7D
:1008F0006860484603F0FCFAE621890503F0F1FA46
:10090000A860404603F0F4FA0E4903F0D6FAE86016
:10091000300003F0EDFA0B4903F0CFFA2861200014
:1009200003F0E6FA074903F0C8FA6861012084E79A
:10093000A8B7001018110020ACB70010501000200C
:10094000E83900206F128342F0B5012421004746A8
:10095000CE46284B0022A0251B6880B59940264F23
:1009600083B00192ED05E85901422AD1234BEA599F
:100970001B689C40144204D103B0C0BCB946B046C9
:10098000F0BD1F4A1F4E904601AA9146A0211A4A67
:10099000C9058C50012241460A70A022D205944616
:1009A0009B01194A63445A6000214A46306809F0A5
:1009B000F5FD019B002BDFD08022144B52051A60FD
:1009C000DAE7AC46E9510E499B010A70104A6344CC
:1009D0000C4E5A6001AB1A008846306800219946D7
:1009E00009F0DCFD054BEA591B689C401442E0D03D
:1009F000CCE7C0465C3300200C04000060330020CC
:100A00001F7D0220C82100205C2B002004ED00E0A7
:100A10005C230020F0B5C64600B50AF05DFB1F213F
:100A20001A2001F02BF9002200211A2001F040F9D0
:100A300000211A2001F050F9E0212F4AC901136862
:100A400001200B402D492E4F0B602E4B19682E4B69
:100A50004B402E490B402E490B6096235B031361DC
:100A60000AF056FB2B4C206001200AF051FB26684F
:100A7000294BF5022A0018603A40C3021A433B4052
:100A80002B43A025ED05AC4680272449244D0A437D
:100A90001943B30163441D60AC46224DFF005D6005
:100AA0009F601A61A022D2059046624683014344AA
:100AB0001A6080221201944665445D6001252A0077
:100AC000B2409F601961184B18491A602A00824091
:100AD0000B201A6001F034FA01210B2001F0F8F923
:100AE000236842469D408623DB00D5500822104BE8
:100AF0001A6080BCB846F0BD00C0044000D004407D
:100B0000FD0700FF08C00440090000010F00000FAE
:100B100008D004405C330020603300202500120020
:100B20000CC004405C23002004240050490900103C
:100B300000E0044010B5040001210C2000F0DEFFAD
:100B4000642001F01DF800210C2000F0D7FF642084
:100B500001F016F801210C2000F0D0FF002109203F
:100B600000F0CCFF642001F00BF8FE4B00211C715B
:100B7000621E94415F2264429443FB4A08201A603B
:100B800000F0BCFF362000F0C3FFC834012108206C
:100B900000F0B4FF200000F0BBFF0021082000F0AF
:100BA000ADFFEF2000F0B4FF0021082000F0A6FF09
:100BB000EB2000F0ADFF0121082000F09FFF142082
:100BC00000F0A6FF0021082000F098FFFE2000F0B2
:100BD0009FFF0021082000F091FFEF2000F098FF18
:100BE0000021082000F08AFFEB2000F091FF012196
:100BF000082000F083FF142000F08AFF0021082065
:100C000000F07CFF842000F083FF0121082000F029
:100C100075FF402000F07CFF0021082000F06EFFEF
:100C2000852000F075FF0121082000F067FFFF20FC
:100C300000F06EFF0021082000F060FF862000F029
:100C400067FF0121082000F059FFFF2000F060FF3E
:100C50000021082000F052FF872000F059FF0121F9
:100C6000082000F04BFFFF2000F052FF0021082079
:100C700000F044FF882000F04BFF0121082000F025
:100C80003DFF0A2000F044FF0021082000F036FF5D
:100C9000892000F03DFF0121082000F02FFF2120D6
:100CA00000F036FF0021082000F028FF8A2000F025
:100CB0002FFF0121082000F021FF002000F028FF75
:100CC0000021082000F01AFF8B2000F021FF0121F5
:100CD000082000F013FF802000F01AFF00210820F8
:100CE00000F00CFF8C2000F013FF0121082000F021
:100CF00005FF012000F00CFF0021082000F0FEFE9F
:100D00008D2000F005FF0121082000F0F7FE0120F2
:100D100000F0FEFE0021082000F0F0FE8E2000F022
:100D2000F7FE0121082000F0E9FEFF2000F0F0FEB0
:100D30000021082000F0E2FE8F2000F0E9FE0121F2
:100D4000082000F0DBFEFF2000F0E2FE002108207A
:100D500000F0D4FEB62000F0DBFE0121082000F0F8
:100D6000CDFE002000F0D4FE0121082000F0C6FED8
:100D7000202000F0CDFE0021082000F0BFFE36202C
:100D800000F0C6FE0121082000F0B8FE082000F0A7
:100D9000BFFE0021082000F0B1FE3A2000F0B8FEAE
:100DA0000121082000F0AAFE052000F0B1FE00217C
:100DB000082000F0A3FE902000F0AAFE01210820E8
:100DC00000F09CFE082000F0A3FE0121082000F0A6
:100DD00095FE082000F09CFE0121082000F08EFE08
:100DE000082000F095FE0121082000F087FE082071
:100DF00000F08EFE0021082000F080FEBD2000F0F3
:100E000087FE0121082000F079FE062000F080FE18
:100E10000021082000F072FEBC2000F079FE0121C4
:100E2000082000F06BFE002000F072FE0021082078
:100E300000F064FEFF2000F06BFE0121082000F0AE
:100E40005DFE602000F064FE0121082000F056FEE7
:100E5000012000F05DFE0121082000F04FFE04207B
:100E600000F056FE0021082000F048FEC32000F0EC
:100E70004FFE0121082000F041FE132000F048FE43
:100E80000021082000F03AFEC42000F041FE0121BC
:100E9000082000F033FE132000F03AFE0021082065
:100EA00000F02CFEC92000F033FE0121082000F0E4
:100EB00025FE222000F02CFE0021082000F01EFE5E
:100EC000BE2000F025FE0121082000F017FE1120B1
:100ED00000F01EFE0021082000F010FEE12000F0CE
:100EE00017FE0121082000F009FE102000F010FE7E
:100EF0000121082000F002FE0E2000F009FE002172
:100F0000082000F0FBFDDF2000F002FE0121082098
:100F100000F0F4FD212000F0FBFD0121082000F08D
:100F2000EDFD0C2000F0F4FD0121082000F0E6FDAD
:100F3000022000F0EDFD0021082000F0DFFDF02090
:100F400000F0E6FD0121082000F0D8FD452000F06A
:100F5000DFFD0121082000F0D1FD092000F0D8FDBF
:100F6000012103E0681A0020F000F000082000F0E2
:100F7000C5FD082000F0CCFD0121082000F0BEFDD9
:100F8000082000F0C5FD0121082000F0B7FD262053
:100F900000F0BEFD0121082000F0B0FD2A2000F085
:100FA000B7FD0021082000F0A9FDF12000F0B0FD00
:100FB0000121082000F0A2FD432000F0A9FD01213D
:100FC000082000F09BFD702000F0A2FD0121082008
:100FD00000F094FD722000F09BFD0121082000F03C
:100FE0008DFD362000F094FD0121082000F086FDE3
:100FF000372000F08DFD0121082000F07FFD6F20DB
:1010000000F086FD0021082000F078FDF22000F0BD
:101010007FFD0121082000F071FD452000F078FDE2
:101020000121082000F06AFD092000F071FD012176
:10103000082000F063FD082000F06AFD012108206F
:1010400000F05CFD082000F063FD0121082000F0A5
:1010500055FD262000F05CFD0121082000F04EFD2A
:101060002A2000F055FD0021082000F047FDF32064
:1010700000F04EFD0121082000F040FD432000F06B
:1010800047FD0121082000F039FD702000F040FDEF
:101090000121082000F032FD722000F039FD01210D
:1010A000082000F02BFD362000F032FD0121082041
:1010B00000F024FD372000F02BFD0121082000F076
:1010C0001DFD6F2000F024FD0021082000F016FD1A
:1010D000ED2000F01DFD0121082000F00FFD1B2078
:1010E00000F016FD0121082000F008FD0B2000F0A3
:1010F0000FFD0021082000F001FDAE2000F008FDEA
:101100000121082000F0FAFC772000F001FD002109
:10111000082000F0F3FCCD2000F0FAFC01210820AB
:1011200000F0ECFC632000F0F3FC0021082000F04C
:10113000E5FC702000F0ECFC0121082000F0DEFC52
:10114000072000F0E5FC0121082000F0D7FC072073
:1011500000F0DEFC0121082000F0D0FC042000F0AB
:10116000D7FC0121082000F0C9FC0E2000F0D0FCC3
:101170000121082000F0C2FC0F2000F0C9FC012171
:10118000082000F0BBFC092000F0C2FC012108206F
:1011900000F0B4FC072000F0BBFC0121082000F0A7
:1011A000ADFC082000F0B4FC0121082000F0A6FCF2
:1011B000032000F0ADFC0021082000F09FFCE82097
:1011C00000F0A6FC0121082000F098FC342000F07B
:1011D0009FFC0021082000F091FC622000F098FCA8
:1011E0000121082000F08AFC182000F091FC012168
:1011F000082000F083FC0D2000F08AFC012108206B
:1012000000F07CFC712000F083FC0121082000F03C
:1012100075FCED2000F07CFC0121082000F06EFC44
:10122000702000F075FC0121082000F067FC7020A0
:1012300000F06EFC0121082000F060FC182000F096
:1012400067FC0121082000F059FC0F2000F060FC31
:101250000121082000F052FC712000F059FC01210E
:10126000082000F04BFCEF2000F052FC0121082088
:1012700000F044FC702000F04BFC0121082000F03D
:101280003DFC702000F044FC0021082000F036FCFA
:10129000632000F03DFC0121082000F02FFC182005
:1012A00000F036FC0121082000F028FC112000F09D
:1012B0002FFC0121082000F021FC712000F028FC07
:1012C0000121082000F01AFCF12000F021FC01218E
:1012D000082000F013FC702000F01AFC0121082007
:1012E00000F00CFC702000F013FC0121082000F03D
:1012F00005FC182000F00CFC0121082000F0FEFB8A
:10130000132000F005FC0121082000F0F7FB7120FC
:1013100000F0FEFB0121082000F0F0FBF32000F0BC
:10132000F7FB0121082000F0E9FB702000F0F0FB42
:101330000121082000F0E2FB702000F0E9FB002111
:10134000082000F0DBFB642000F0E2FB0121082014
:1013500000F0D4FB282000F0DBFB0121082000F086
:10136000CDFB292000F0D4FB0121082000F0C6FBB2
:10137000F12000F0CDFB0121082000F0BFFB01208F
:1013800000F0C6FB0121082000F0B8FBF12000F0BE
:10139000BFFB0121082000F0B1FB002000F0B8FBEA
:1013A0000121082000F0AAFB072000F0B1FB00217A
:1013B000082000F0A3FB662000F0AAFB0121082012
:1013C00000F09CFB3C2000F0A3FB0121082000F072
:1013D00095FB002000F09CFB0121082000F08EFB13
:1013E000CD2000F095FB0121082000F087FB67204D
:1013F00000F08EFB0121082000F080FB452000F06A
:1014000087FB0121082000F079FB452000F080FBDC
:101410000121082000F072FB102000F079FB01216F
:10142000082000F06BFB002000F072FB0121082077
:1014300000F064FB002000F06BFB0121082000F0AD
:101440005DFB002000F064FB0021082000F056FB4B
:10145000672000F05DFB0121082000F04FFB002019
:1014600000F056FB0121082000F048FB3C2000F072
:101470004FFB0121082000F041FB002000F048FB59
:101480000121082000F03AFB002000F041FB01217F
:10149000082000F033FB002000F03AFB0121082077
:1014A00000F02CFB012000F033FB0121082000F0AC
:1014B00025FB542000F02CFB0121082000F01EFB2E
:1014C000102000F025FB0121082000F017FB32203E
:1014D00000F01EFB0121082000F010FB982000F016
:1014E00017FB0021082000F009FB742000F010FB1E
:1014F0000121082000F002FB102000F009FB01216F
:10150000082000F0FBFA852000F002FB01210820F2
:1015100000F0F4FA802000F0FBFA0121082000F02E
:10152000EDFA002000F0F4FA0121082000F0E6FABC
:10153000002000F0EDFA0121082000F0DFFA4E2033
:1015400000F0E6FA0121082000F0D8FA002000F0AF
:10155000DFFA0021082000F0D1FA982000F0D8FA34
:101560000121082000F0CAFA3E2000F0D1FA012142
:10157000082000F0C3FA072000F0CAFA0021082072
:1015800000F0BCFA352000F0C3FA0021082000F07A
:10159000B5FA212000F0BCFA0021082000F0AEFAD4
:1015A000112000F0B5FA782000F0EAFA00210820B6
:1015B00000F0A4FA292000F0ABFA142000F0E0FAC1
:1015C00010BDC046F8B5140007000E001D00002134
:1015D000082000F093FA2A2000F09AFA012108204E
:1015E00000F08CFA002000F093FA013C0121082061
:1015F00000F084FAF8B2271200F08AFAFFB2012153
:10160000082000F07BFA380000F082FA012108205F
:1016100000F074FAE0B200F07BFA0021082000F03C
:101620006DFA2B2000F074FA0121082000F066FA10
:10163000002000F06DFA0121082000F05FFAF0B2FE
:1016400000F066FA0121082000F058FA380000F096
:101650005FFA013D0121082000F050FAE8B200F0E5
:1016600057FA0021082000F049FA2C2000F050FA27
:10167000F8BDC04670B5F0230400F0220021002020
:10168000FFF7A0FF0121082000F038FAE1235B02F8
:10169000E518F0212000E1344900FF3400F046FA5B
:1016A000AC42F6D170BDC04670B5464BDC89B42C57
:1016B0003DD032D8002C06D05A2C1CD11C89013CBC
:1016C000641A0100A0B21C8A022C20D014D8002C6D
:1016D00021D01C89651E281A80B284420BD35C89F4
:1016E0008C4208D3DC8A022C2AD0042C36D0102C51
:1016F00053D0412C46D070BD032CFCD11C89651EF3
:10170000281A5D8980B2013D691A89B2E5E75C89D2
:10171000013C611A89B21C89DFE787256D00AC4264
:10172000E9D15C89013C241A0800A1B2CBE71C89ED
:10173000013C201A5C8980B2013C611A89B2C2E77F
:101740005A8A1C684A43C10889B25218072180236B
:1017500001400B41A15C0B43A354CCE75C8A1D689C
:101760000323C12661438408184040007642134099
:1017700006419B010341A4B209196C5C3440234328
:101780006B54B8E75C8A4000614309181868140A72
:1017900044541B685B185A70ADE75C8A1D6861434E
:1017A00044080123A4B20919F124184080006442BE
:1017B00004416B5C1C400F2313401B010341234376
:1017C0006B5498E7701A0020F0B5454657464E46D0
:1017D000DE469946E0B587B0019110A90B8811A9A2
:1017E00002930B88059003934B469988D88807236A
:1017F0000B405D1EAB41203A4243CD085B195A4372
:101800004B461F680023BF180493002851D02C4B6F
:10181000984600294DD007239A46802300259B46F1
:10182000059E17E09E420BD843460198DB88834211
:1018300006D3039A01003000FFF736FF4B46998824
:10184000073C63425C4101350136ADB23F19B6B287
:101850008D4211D2544658462C40434620413A7896
:101860009B881042DED19E42EAD843460198DB882D
:101870008342E5D3029ADDE74B465246DB880A42B3
:101880000BD0049A0137013292B204929A4210D2DC
:10189000019C0134A3B20193BFE7049A013292B2D2
:1018A00004929A4205D2019C0134A3B2019300290B
:1018B000B1D107B0F0BCBB46B246A946A046F0BDC8
:1018C000701A002030B56C46A5890D4C20600220AE
:1018D0002181E0826281A581C8084D0700D00130D6
:1018E00060820020A282E3812082002B04D0B42BEE
:1018F00002D00B0011001A00E280A18030BDC0466A
:10190000701A0020002807D05A2805D0B42803D028
:1019100087235B00984201D1014BD8817047C046B4
:10192000701A002002280ED0042804D0102819D0E4
:10193000412811D07047104B1A89D882910892071C
:1019400007D15982F6E70C4B1A89D882D108520781
:10195000F7D001315982EDE7074B1A89D88252003E
:101960005A82E7E7012304490A89C88213405208D2
:101970009B184B82DEE7C046701A0020F0B5334C4E
:10198000334BE18A8A1E16001E401A4204D01029E9
:101990001BD0412939D0F0BDA38A002BFBD00025F4
:1019A000638AC0B2002BF6D000226B4321688918ED
:1019B000C8540132638A91B28B42F6D80136A28AAA
:1019C000B6B2B242E7D90135ECE7A38A002BE2D0E8
:1019D0000022002694460F27638A002BDBD00022CA
:1019E000734321683840050189184519CD540132E7
:1019F000638A91B28B42F3D86246013292B2944626
:101A0000A28A6245C7D90136E7E7A38A002BC2D074
:101A1000002500272389060AC0B2002BBBD0002274
:101A2000638A51006B435B1821680132CE542168F0
:101A3000CB185870238991B28B42F1D80137A28A12
:101A4000BFB2BA42A7D90135E7E7C046701A0020F5
:101A5000FDFF0000F0B55746DE464E464546E0B570
:101A600087B0984610AB1B888B46049311AB1B883C
:101A700082460593204B170099889946814233D3BB
:101A8000D888584530D31278002A2DD043465D4679
:101A90009B885446039703E0494648468988C08896
:101AA0004646E718F6888F4202DD5446AD19ADB2BE
:101AB000AE19864201DD5D4654468C420CD8854203
:101AC0000AD8049B29000193059B200000934346FC
:101AD000FFF77AFE43469B88039AE418013203928B
:101AE0001278A4B2002AD7D107B0F0BCBB46B246E8
:101AF000A946A046F0BDC046701A00200123D0229E
:101B000083401206002901D0536170479361FCE7BE
:101B100000B583B06B460122D91D0870024809F058
:101B20003FFD03B000BDC0460000044010B50A00F0
:101B30000100024809F034FD10BDC0460000044019
:101B400010B5642810D80A4B00041A6893009B183B
:101B5000084A9B009A1812685040074A000C9446A5
:101B600000046344186010BD044804F09FF8FAE7CD
:101B700000FC01200C0005400C100540B0B700101F
:101B800010B500F0DDFE10BD70B504F041F80C207A
:101B900000F0B6F8D02480238025802624065B013F
:101BA00063626D00082000F0ABF8B60065620920A2
:101BB00000F0A6F81920666200F0A2F880239B04CA
:101BC00063626661A561636109F086FA1F211D20C9
:101BD00000F054F8002200211D2000F069F80021D7
:101BE0001D2000F079F81A4B04211A68C0239B01CC
:101BF0005340E022D2011340164A1920136000F02E
:101C00003DF80422144B15491A606423144A154800
:101C10001366154B1B681B0C1B040B60C8239B0031
:101C20005365124B12491A6801239343114A1360FA
:101C300009F0B4F901210A2000F020F801210B205D
:101C400000F01CF80C4804F031F8002070BDC046CC
:101C500000C0044000D0044000FC01205C1005409E
:101C600000000540000004405C00054050000540B5
:101C700000E1F50550100540C4B70010094A830083
:101C80009A1810B514684022544080322240064C05
:101C9000C000A44663441A60044B9C466044416003
:101CA00010BDC04604C0014004D0014000400140C6
:101CB000074B8000C3181B68C90092000A435A40B2
:101CC0000C231340034A9446604403607047C046A7
:101CD00004C0014004D001408000002905D0064B1B
:101CE0009C464023604403607047044B9C4640235D
:101CF00060440360F8E7C04604E0014004F001409E
:101D00000123D0228340120693629361094A830023
:101D10009A1811684022514080320A400649C0009A
:101D20008C4663441A60054B9C460523604443601F
:101D30007047C04604C0014004D00140004001404B
:101D40008023DB051868000F7047C0460FB400B54C
:101D5000084883B003F0AAFF049B002B07D005A915
:101D60001800019103F0DEFD034803F09FFF0120FE
:101D700003F0F0FDDCB70010ECB7001010B501481F
:101D8000FFF7E4FFF0B7001070B5EFF3108C72B6F8
:101D90000D4D2B68002BFCD0BFF35F8F0724CB08C1
:101DA000C618C05C01230C40A3401C000440034241
:101DB00007D118433070BFF35F8F2C608CF310880D
:101DC00070BD1000FFF7C2FF2C0100D0F8B54746E8
:101DD000CE46884680B5EFF3108C72B61C4D2C6849
:101DE000002CFCD0BFF35F8F9A4222D80721012636
:101DF000894602E00132934218D34D463700154020
:101E0000AF40D4080119045D2742F3D110003C43D0
:101E10000C70BFF35F8F00220D4B1A608CF310889B
:101E200000280EDBC0BCB946B046F8BD01204042D8
:101E3000EFE7BFF35F8F00232B608CF31088012046
:101E400040424346002BEDD00898FFF77FFFC04685
:101E50002C0100D0044A1078431CDBB2172B00D9A8
:101E6000102313707047C0465C10002010B5064B5D
:101E7000064C82B00100009318221F232000FFF7B8
:101E8000A5FF02B010BDC04600B80010042300201A
:101E90000021044B044ABFF35F8F02C39342FAD17F
:101EA0007047C046000100D0800100D0054B064AB3
:101EB0001360064A136053609360D36013615361EB
:101EC000936170478080808000E400E004E400E0DB
:101ED0001F2318401E3B8340002905D0C021044A1F
:101EE0004900535013607047802201498B50FAE734
:101EF00000E100E001228240034B1B6813405A1EA0
:101F00009341D8B27047C04600E100E0012383400E
:101F1000014A13607047C04600E200E0064B1030F3
:101F20009B688000C358054A00209B1A2F229A42C2
:101F30004041C0B27047C04600ED00E06010002094
:101F400070B50D00EFF3108672B60F4A1368002BC0
:101F5000FCD0BFF35F8F0D4B10309B6884001B5982
:101F60000B4A934203D09D4201D001F00DF8074B7C
:101F70009B681D51BFF35F8FBFF35F8F0022024B41
:101F80001A6086F3108870BD240100D000ED00E0D7
:101F9000C1010010F0B557464E46DE464546E0B555
:101FA00085B0060000911700EFF3108B72B66A4AF5
:101FB0001368002BFCD0BFF35F8F0025674B5D5784
:101FC0009A46002D00DAA9E06B00654C01935B197D
:101FD0009B009846A146C1444B4652469B79103619
:101FE0001370604BB6009B6899590B1B2F2B33D98C
:101FF0005D4B994200D0ACE0019B42469C465B4B56
:102000006544AD0063535A4B0232A218043B9B1A3D
:102010001B05584A5B0D651913436B80564B012114
:10202000AB80FF23AB71009BEF71AB604B460B4362
:1020300019004C4B9B689951BFF35F8FBFF35F8FC3
:102040000022454B1A608BF3108805B0F0BCBB46EC
:10205000B246A946A046F0BD01200A008243D379CA
:102060008C46BB4231D84546130044491B1B5B419B
:102070005943090D3D4B63533D4B02356519043BF4
:102080005B1B1B053B4D5B0D2B43AA464D466B80EE
:102090000425AC465546E044131F44441B1B1B0556
:1020A0005B0D1D434B46997100999D80996049468F
:1020B000DF71334B01431360BBE75800C018800049
:1020C0002018C179B9422FD902000623D356002B1C
:1020D000F3DA02932B4B61460393131D9A460423B4
:1020E0005B429C46E14450464B461B1A1B055B0D68
:1020F0009C46204B95719846634640460343938027
:10210000019B5A199200039BA418A380029B1C4AAE
:10211000A371009B2260E771A3608AE700F034FF9F
:10212000002553465D574FE7908802934005131DE5
:102130009A46031561469C464046D44463460430A3
:102140002018181AE0230005400D1B0218430390C5
:10215000C5E700F019FF4FE7240100D01A7D0220E7
:102160006010002000ED00E0C101001000A1FFFFA1
:102170009010002000E0FFFF01BDFFFFAAAA0000B1
:102180000148804701BD000010B58308040003200A
:102190002040FF24054AC0009446844081409B00B3
:1021A00063441A68A2430A431A6010BD00E400E0C9
:1021B00070B501240443EFF30581EFF3108C72B680
:1021C000214A1368002BFCD0BFF35F8F1F4B050023
:1021D0001F4AED1A6D416A43120D1E4D8900AE680B
:1021E00052B27658A6421CD00621595691421CD0B4
:1021F00012215956914222D01E215956914220D087
:102200002A2159560324914210D0134B19781A7081
:102210008171BFF35F8F00220B4B1A608CF3108823
:1022200070BDAB680D4C5C50EFE7002461000919EC
:1022300089005B18FF21997109499980E5E701241C
:10224000F4E70224F2E7C046240100D06010002029
:10225000AAAA000000ED00E01A7D0220C1010010D2
:1022600001BDFFFF10B5084B084C82B00100009380
:10227000002205232000FFF7A9FD002801DB1F2312
:10228000181A02B010BDC0461CB800101E7D0220F6
:10229000024B9C4661448900016070474000003455
:1022A000F8B5124C124DAC4212D2012600277642EC
:1022B0002368002B0DD0FFF7CDFD01002000FFF7B4
:1022C000E7FF66602772BFF35F8F0C34AC42EFD339
:1022D000F8BDFFF7BFFD01002000FFF7D9FF6660E2
:1022E000BFF35F8F0834AC42E2D3F1E780160020E1
:1022F0009016002010B50400FFF7ACFD010020008F
:10230000FFF7C6FF01235B426360BFF35F8F10BD21
:1023100010B504000120FFF7A9FD034BC3189B0073
:102320002360BFF35F8F10BD40000034034B9C4619
:10233000614489000160BFF35F8F70474000003443
:10234000F0B5DE4657464E464546E0B587B0EFF35A
:102350000583032201251A40954091008846A9462D
:10236000B34B03925C58B34B1D60B34B04934B4685
:10237000B24843630823E55E002D37DAA3881BB219
:10238000002B00DBADE0A379002B00D0EEE00823AA
:10239000E05E002820DB430062691B18DB00D318D5
:1023A0009E68DD68731C00D111E1A448010041441E
:1023B000826A0B69B71A9B1A9F4215D30123026ADE
:1023C000039883401A420FD09C4800F0C5FB8D4211
:1023D00002DCCCD18642CAD940BF07B0F0BCBB46B4
:1023E000B246A946A046F0BD0E61EDE762696B00FA
:1023F00092465B19DB009A4453469E68DF6800F002
:10240000ABFB8F42BADC00D103E1002F00DAE8E039
:102410005246534652691B699346049A934200D12F
:10242000D9E052460821605E5288000459461043A4
:102430009847009001910099019A0B0010001343F6
:1024400000D1CEE013000A00B61A9F41002806DB37
:102450007A4800F081FB009E019F36184F41534699
:102460009E60DF6000229A5E002A00DA86E7530051
:1024700099186069C900411802938B68C9689B4626
:10248000B94200DD7AE702D1B34200D976E70823EA
:102490009C46A444059565462281A446029B2C00D7
:1024A00006E053009918C90041188D68C968AB4609
:1024B0009B18DB00C318B94206DC00D1B3E01C0056
:1024C0000023E25E002AECDA230064469C46534671
:1024D0001A806346059D1D80A3881BB2002B00DA7D
:1024E00051E72269EFF3108172B61368002BFCD01C
:1024F000BFF35F8F0123A7885B42A3803FB22369AC
:10250000BFF35F8F00221A6081F31088002F00DA7A
:1025100039E72300083322009A4666697B00DB19FD
:10252000DB00F318996850468C460824115FDD687B
:10253000002910DB029306E0AB4244D00023E15EA9
:102540002000002906DB4C006418E4003419E3681D
:10255000AB42F1DD029B078000201F5E1980002F37
:10256000DCDA1400A379002B00D110E70023A3715B
:1025700026000823E15E08364B1C00D12CE708003A
:10258000A246656902E03E004B1C1AD04B005B1866
:10259000DB00EF180A008C46E95E7B881BB2002B3B
:1025A000F1DA01235B42DC17BB60FC60824205D09C
:1025B000534631801B893B8053461A8160464B1C31
:1025C000E4D15446E5E6A3686345B7D9C2E76B1C7E
:1025D00000D0EAE6F8E65B4658461B6998470028B3
:1025E0001BD153461B8822692381EFF3108372B6F7
:1025F00011680029FCD0BFF35F8F514662880A80C2
:1026000022696580BFF35F8F0021116083F310881A
:10261000B4E6864200D8F8E6B0E65B461A685B6826
:102620000092019307E7B34500D848E74CE7C0465E
:10263000D43700203C700540412300100040054085
:10264000074810B50268EFF3108172B61368002BCB
:10265000FCD0BFF35F8F06F025F90020002110BDEC
:10266000FCFB012070B52E4C2569002D04D00A21F9
:102670002C48FFF70DFE70BD2B4E0321300000F0FB
:1026800061FAE660FFF7E6FB284B03229C46D02365
:1026900022701B061B6801216370254B6044A360F8
:1026A0000F23800020610220638063694942A1807A
:1026B00019800231198647311D83585218315A52F8
:1026C00075325C3999521832013199521832013100
:1026D0009952183201319952083518329D520231FF
:1026E00018329952183201319952183201319952E7
:1026F0001832013199521832013199521832013190
:1027000099520C4B0C49DC6001303562FFF718FC24
:1027100001210320FFF7DCFB084B1D60A7E7C04643
:10272000A8100020FCFB01200040054040000034C0
:10273000FFFF1000D437002041230010386005400F
:1027400000487047A8100020F8B51F0008AB1B78A0
:1027500004001600002B08D100F006FA32003B00FE
:10276000121A8B41002B00DA52E02269EFF310803D
:1027700072B61368002BFCD0BFF35F8F0223E15EBB
:1027800063694A005218D2009B182269002936DB7F
:102790001D886580BFF35F8F0025156080F310886A
:1027A000069A9E60DF601A61079A5A615A88013260
:1027B0005204520C101C002A1FD082B25880080408
:1027C00010432669EFF3108772B63268002AFCD0F6
:1027D000BFF35F8FA2881A80A1802369BFF35F8F48
:1027E00000221A6087F310880A4923788C46013248
:1027F0009A40E36863441A60F8BD0120DDE7BFF347
:102800005F8F0023136080F3108801204042F3E7BC
:102810000020F1E73C20000070B501000469EFF3EF
:10282000108C72B620680028FCD0BFF35F8F0220A6
:102830000D5E4C6968004019C00024180869002D1D
:1028400036DB26884E80BFF35F8F002606608CF350
:102850001088E36063880498013320615B04059865
:102860005B0CA26060611A1C002B1FD093B228047D
:10287000628018430A69EFF3108C72B61368002B5C
:10288000FCD0BFF35F8F8B8823808D800B69BFF3F3
:102890005F8F00221A608CF310880B7801329A4007
:1028A000CB6808498C4663441A6070BD0122DDE79D
:1028B000BFF35F8F002303608CF310880120404238
:1028C000F3E7C0463C20000010B543890A14934248
:1028D0001ADD53009B184269DB00D3180469EFF33B
:1028E000108C72B62268002AFCD0BFF35F8F5A8822
:1028F000090494B2090C8A4208D00369BFF35F8FC0
:1029000000221A608CF31088002010BD8022120271
:1029100014435C80012302698371BFF35F8F002140
:1029200011608CF31088044902788C469340C26889
:10293000012062441360E8E73C20000040787047C3
:10294000F0B5CE46474680B583B0040000F00CF9E0
:10295000FA2206000F00200000230021920001F05F
:1029600089FA8019794104000D1E02DA01242D4DE7
:10297000644296267642F71736196F41AF4215D852
:1029800012D000F0F1F832003B00121A8B41002BFC
:1029900018DC002B43D02000290000F0EFF803B032
:1029A000C0BCB946B046F0BDA642EAD90022002319
:1029B00016001F0000F0D8F832003B00121A8B41BD
:1029C000002BE6DD00F0D0F832003B00121A8B41FC
:1029D000002B0ADB00230193134B320000931348B2
:1029E0003B00FFF719FF0130D5D0114BB146984697
:1029F000104E736A9F4204D8B26A4A45CBD29F42B6
:102A0000C9D143461A68EFF3108172B61368002BE0
:102A1000FCD0BFF35F8F404605F010FFE9E7002AC6
:102A2000B9D0CFE7FFFFFF7F41260010A81000209C
:102A3000FCFB012000400540F0B557464E46DE46FF
:102A40004546E0B506000F0085B0EFF305839946D3
:102A50008B46002B12D0384900204B6ABB4206D36C
:102A60008A6ADB1B591E8B41B2424041184305B0B4
:102A7000F0BCBB46B246A946A046F0BD2F4B9A46D5
:102A8000DB68984653461B784046039300F064F891
:102A90004246039B040004339B009B580D001B1A05
:102AA00039003000001BA941894510DC0DD020BF42
:102AB000214A0020536A5B45D9D3926ADB1B591E19
:102AC0008B41B24240411843D1E78342EFD900F035
:102AD0004BF832003B00121A8B41002B1ADB00230B
:102AE0000193174B3200009350463B00FFF794FED2
:102AF000011E0FDD104B5A6A5A451BD39B6AB34225
:102B000016D35046FFF7E0FE0B4A0020536A5B45A0
:102B1000ADD3D2E7084A0020536A5B45A7D3002013
:102B2000926ADB1BB24240415A1E934118439EE712
:102B30005A45E6D120BFE4E700400540A810002038
:102B40004126001010B5024A0248FFF71DF910BDDA
:102B500038B80010082300200300416A0A00986A70
:102B6000596A8A42FAD17047034B596A0A00986A37
:102B7000596A9142FAD1704700400540064A536AAB
:102B80009942FCD807D1044B02E05A6A914202D123
:102B90009A6A9042F9D8704700400540F8B5DE4681
:102BA0004E4657464546E0B58B4605000A99180043
:102BB000160000F03BFB0A9B6C001F02324B6419AD
:102BC0009C46A4006444636881469F4200D96760C4
:102BD0002B1FDBB29846012B30D9C02380229B01EA
:102BE000E31812011A60294BAD0059599A46002981
:102BF0001BD17301E026226853401E4080234246C9
:102C00005B01E3181E60012A30D9802380229B01DA
:102C1000E31812011A6053464A4667605A51F0BCE5
:102C2000BB46B246A946A046F8BD586900F0FEFA78
:102C3000013043001B18033BFDD2DAE75B46012B52
:102C4000CBD1C02303229B01E3181A60023AA36888
:102C50001A42FCD07301E0262268AD0053401E40AA
:102C600080230A4A5B019246E3181E605A46216897
:102C7000514003220A401A6001225B469A40A36831
:102C80001A42FCD0C1E7C046008000400C2300205F
:102C9000F0B546464F46D646C0B51F00344B4400FB
:102CA0009C462418A4006444636888461600FF2BE1
:102CB00002D880235B006360031FDBB29A46012BBE
:102CC00030D9C02380229B01E31812011A60294BDE
:102CD00085005959994600291BD17301E0262268C5
:102CE00053401E40802352465B01E3181E60012AB8
:102CF00030D9802380229B01E31812011A608023BF
:102D00005B0063604B465F51E0BCBA46B146A846E3
:102D1000F0BD586900F08AFA013043001B18033BEC
:102D2000FDD2DAE74346012BCBD1C02303229B011E
:102D3000E3181A60023AA3681A42FCD07301E02635
:102D40002268850053401E4080230A4A5B01914659
:102D5000E3181E6042462168514003220A401A606F
:102D6000012342469340A2681342FCD0C1E7C0460B
:102D7000008000400C230020014B8000C0587047A9
:102D80000C230020F8B5040021481E0017000D0098
:102D900000F04CFA0100380000F048FA069B3604B7
:102DA0001B031E432368002B20DB1A4B1A49E31830
:102DB0005A1E93418022920194465B421B0B174A94
:102DC0001B0363441360164A13601F000A6897438D
:102DD000FBD1144B2560E2182123A0601360236807
:102DE000002BFCDA0823E6601360F8BD3F2322685D
:102DF0001340AB42D9D1A3681B051B0D8342D4D12C
:102E0000EE22E368D2021340B342CED1EDE7C046D2
:102E1000001BB7000040FDBF08C0004000E00040BC
:102E200000F000400430000010B580241C4BE40585
:102E30001C6000281AD001231A4C18431A4BDC617D
:102E40001A4C44401C62596298628021144BC90597
:102E50001960174817490860E021C9041960002A61
:102E600007D18022144B12061A6010BD0E4BD86198
:102E7000EBE753019B1A9B009A18802312015B0415
:102E80009A4209D213000D490B60074B5A60802209
:102E9000094BD2051A60E8E7094B1A00F3E7C04670
:102EA00000B00540D3C007B0008005402D3FF84F6B
:102EB000FCFF01000820014000A00540AC370020C5
:102EC000FFFFFF008023024A9B000B43D362704741
:102ED00000800540002310B50100988A1B8B98479D
:102EE00010BDC046162310B50100188802331B8898
:102EF000984710BDF8B54746CE4680B50F1E18D08E
:102F000014239946043304000025012698464B46B5
:102F10001888434621681B88984701C4431E98417E
:102F200001350640AF42F2D13000C0BCB946B046D0
:102F3000F8BD0126F8E7C046002370B504000D0077
:102F4000988A05491B8B984703000020002C01DB61
:102F50000130A0402900984755420000AA23064AA4
:102F60001B0113608D235B00D3600449044B19607F
:102F70005368002BFCDA70470040024000B0FA00B2
:102F8000006002407047C04610B50148FEF7DEFE03
:102F90005CB8001070B5074D074EB54209D2002449
:102FA000013E761BB60808CD984723000134B34292
:102FB000F9D170BDF0B500102CB60010054B064AD3
:102FC00006491A60064A074B1A6010000B689843BE
:102FD000FBD1704700E00040BFCDFBFE08C00040C1
:102FE000FE7F3C0000F00040044BDB6C002B03D163
:102FF0008022034BD2021A607047C0460000115075
:103000004C201150044A054B1A60054A1368DB0135
:103010008033FBD17047C046FFFFFF0100F0004046
:1030200008C000404022034B9A675A671A67DA6665
:103030007047C04600F0014010B5FEF729FF10BDF3
:10304000F8B52749274C284D641AA6103200302EB7
:1030500000D930222800920000F0E4FFBC2C3BD8BD
:1030600030202F232C196407204A801BE40F9B1B60
:10307000052B16D93700002C02D0B300771CEA507C
:10308000001B33199B004108EB18C900C9181A60CE
:103090005A6008339942FAD1012303421CD0984365
:1030A000C619B300EA50731C2F2E15D09B00EA50AE
:1030B000B31C2E2E10D09B00EA50F31C2D2E0BD0EB
:1030C0009B00EA50331D2C2E06D09B00EA50731D46
:1030D0002B2E01D09B00EA50054B9D60F8BDC046E9
:1030E00000010010C001001000000020C10100100C
:1030F00000ED00E0002310B5294C82B0A367FFF774
:103100002DFF0122274B1A60636C012BFCD1032297
:10311000254B1A60224A936B012BFCD1013300939B
:103120000121224A22480433FFF72CFE0523012106
:103130000093204A2048FFF725FE002202210420A8
:103140001E4BFFF7A5FD0022012105201C4BFFF7B8
:103150009FFD0022002107201A4BFFF799FD002256
:1031600000210820174BFFF793FD8023DB0000931D
:10317000002200210920134BFFF710FD0022104B05
:1031800000210620FFF784FD0420FFF7F5FD0E491E
:1031900000F04CF801000020FFF794FE02B010BDD3
:1031A000008000403CB0004030B00040002F685923
:1031B00000800240008C864700C00240001BB70020
:1031C00040597307006CDC0240420F0001480421A3
:1031D000014B1847C0100020F52E0010124A936FC3
:1031E0009B0815D29066D166002905D0FFE7FFE75E
:1031F000FFE7516F106F704704B580210906C217B1
:103200005140002800D0C84308F0AAF9002104BDAD
:10321000F0B5146E556E576F166FFFF7E3FF146627
:10322000556657671667F0BD000000D0114A936FCE
:103230009B0813D210665166002905D0FFE7FFE70F
:10324000FFE7516F106F704704B5002801D00020D0
:10325000C04308F085F9002104BDC046F0B5146EE6
:10326000556E576F166FFFF7E5FF14665566576783
:103270001667F0BD000000D094464A4A926F92084B
:10328000624601D228E0C046F0B5464E346E756EF7
:10329000776F366F00F020F89446424A1466556600
:1032A000576716676246F0BD94463E4A926F920891
:1032B000624601D254E0C046F0B53A4E346E756EA7
:1032C000776F366F00F04CF89446364A14665566B0
:1032D000576716676246F0BD002B24DB11D000292A
:1032E0003EDA00B5C943404200D1013100F038F860
:1032F000C943404200D10131DB43524200D1013386
:1033000000BD002AEBD1002801D1002905D0002002
:10331000C90FC90701D1C043410800B508F010F931
:103320000022002300BD00B500290ADBDB43524226
:1033300000D1013300F014F8C943404200D10131FB
:1033400000BDC943404200D10131DB43524200D1AC
:10335000013300F005F8DB43524200D1013300BDD8
:10336000002923D1002B18D1002A0CD0BC460D4FC8
:1033700038667A6600210023FFE7FFE7FFE77A6FF0
:10338000386F67467047002801D00748010000B534
:1033900008F0D6F80022002300BD02000B00002038
:1033A00000217047000000D0FFFFFFFF002B00D07E
:1033B000BFE0130C28D1002AE7D080B4114F396642
:1033C0007A66FFE7FFE730B4040C7B6F396F1B04AC
:1033D00023433B667A66FFE7FFE7FFE7C04684B218
:1033E0007B6F3D6F1B0423433B667A66FFE7FFE775
:1033F000C04600232C042D0C7A6F386F00196941E8
:10340000B0BC7047000000D0F0B594460025140E03
:1034100001D112020835140F01D112010435940FA5
:1034200001D192000235D40F01D152000135D40BE5
:103430000134254F7C66254C3C660E0C93B2FFE7A9
:10344000FFE7FFE73C6F6643360C7703BE467343E6
:10345000DF0B5B04C01AB941130C7343DB18C91AA4
:10346000CE086643360CB64493B273431F0F1B015C
:10347000C01AB941130C73431F0B1B05C01AB94185
:10348000860D8F023E436643360C092D24DB520A1B
:103490007243801A7703460A6643360C16235B1B79
:1034A000DE40DF40BF1964466643821B7046043528
:1034B00006330100D940A840C01900D30131A2420F
:1034C00006D20023F0BD0000000000D0FFFFFFFF88
:1034D000121B0130F3D3F1E709277F1BFE4064463E
:1034E000A2B27243801A00D20139220C7243130C2B
:1034F0001204821A99410B007046043513370100FB
:10350000F940A840801900D30131002B02D1A2421A
:103510000AD2F0BD013000D30131121BFAD2013BB7
:10352000F8D1A24200D2F0BD013000D30131121B0C
:10353000F7E7F0B51C0C00D080E00CB400251C0AA5
:1035400004D11B02160E3343120208351C0B04D1A2
:103550001B01160F3343120104359C0B04D19B0051
:10356000960F334392000235DC0B02D192185B4177
:1035700001351C00971864410134464F7C66464C67
:103580003C660E0CFFE7FFE7FFE7C0463C6F664373
:10359000360C7703BE4697B27743C01B00D2013981
:1035A000C01B00D201399FB27743C91BC91B170C3E
:1035B00077437E04FF0B801BB941CE086643360C6F
:1035C0000C2D33DBB644120B1F053A431B0B97B28D
:1035D0007743C01B00D201399FB27743C91B170C38
:1035E00077433E043F0C801BB941860D8F023E435A
:1035F000664329277F1BFE400C3D7746AF40BF192D
:1036000030BCA2B2ABB272437343801A9941220C10
:103610007243130C1204801A994102000B00013707
:10362000001BA941F9D2781E0021F0BD0C277F1B99
:10363000FE4077467F0BAF40FF19E0E700245D1C9A
:1036400007D0144F7D663966FFE7FFE7FFE7FFE726
:103650003C6F95B29EB265436643401BB141150C69
:103660001E0C6543664336042F0C3E432D04401B5D
:10367000B141994204D202000B0020000021F0BDAC
:1036800001D19042F7D3801A994101349942F2D383
:10369000F6E70000000000D0FFFFFFFF4840414078
:1036A000484018B41B4B5B68FC46019308BD04DF1F
:1036B0004739001018B4174B1B68FC46019308BD2E
:1036C00000DF513900109446134A926F920809D2D4
:1036D000624618B40F4BDB68FC46019308BD0CDF53
:1036E000093C00100C4AF0B5146E556E576F166FFA
:1036F0006246FFF7EEFF084A14665566576716677D
:10370000F0BD18B4034B9B68FC46019308BD08DF6D
:10371000AD3A001018180020000000D0FFB550404E
:103720004240504059404B40594000E0FFB5154FD2
:103730004C00640D03D0BC4204D10C0314D800200B
:10374000090D09055C00640D03D0BC4204D11C03C3
:103750000AD800221B0D1B0501264B4009D44B4003
:1037600003D58B4200D18242FFBD9942FCD19042E9
:10377000FFBD0B43DB1803431343F5D0C94349187E
:10378000FFBD0000FF07000000B5FFF7CFFF80413D
:1037900000BDC04600B5FFF7C9FF01D9002000BD3C
:1037A000012000BD00B5FFF7B9FF01D9002000BD21
:1037B000012000BD00B5FFF7B1FF804100BD012031
:1037C00040054A00121804D85A00121801D80020E7
:1037D00070470120704700000021002805D1704784
:1037E000C1174840401AFAD0C90713B5064B1B68E9
:1037F00098470CBC441CA2401005120B0349091B3E
:1038000009051943114310BDF8FB01201F040000F6
:1038100010B54C00620D8023D218DB00D21A5B0574
:103820007E2A10DD9E3A13DACC17090349081943A2
:103830005242D140640001341532202A05DAD040CA
:103840000843604310BD002010BD0846604310BD12
:10385000C80FC018013810BD18B4044B5B6AFC4691
:10386000019308BD24DFB93D0010000018180020A6
:10387000132370B51D78012D19D014DD1F48FFF7F3
:1038800031FB06001E48FFF72DFB1E4C8022310045
:10389000200000F0C7FB022D2DD01B48FFF71AFBBC
:1038A0001A4B186070BD1A4B164CA364F5E7184B01
:1038B000144C23606360A360E36023616361A361D0
:1038C000E36123626362A362E36223636363A363CE
:1038D000E36323646364A364E36423656365A365AE
:1038E000E36523666366A366E36623676367A3678E
:1038F000E367A364D1E7064BA364CEE7534400001B
:1039000053460000181800204C330000F8FB01203B
:103910001539001007B5604601880A0A0230DF2A0F
:10392000FAD1C9B2820804D3028840880004104347
:1039300000E00068014A5050039007BD18180020AD
:103940000FB403BC0CBCF0B50124E407634000E0F5
:10395000F0B50C0DCF0F661E3605891B640503D329
:10396000C943404200D30131640D03D0661CF60AFE
:1039700007D0E41B00207F00791C89078912803C56
:1039800024031D0DDF0F6E1E36059B1B6D0503D333
:10399000DB43524200D301336D0D03D06E1CF60A97
:1039A00007D0ED1B00227F007B1C9B079B12803DF4
:1039B0002D032F1B661B58D4A446202E46DA203731
:1039C0001400BC401D00BD40F24033412A43801822
:1039D0005941CB0F05D0C943C04300226442504136
:1039E000514162464D0D28D10D0D07D100281FD041
:1039F000241940414941013A0D0DF9D0640006D324
:103A0000013000D30131002C01D140084000013ABF
:103A10000BD4941CE40A04D112051144DB071944A9
:103A2000F0BDD907204B194300E0D9070020F0BDB5
:103A30000029DDD1002CDBD1F0BD0132C6074008E2
:103A4000CD0728434908002EE1D0D9E73C2E29DADA
:103A5000203E40371400BC4000D00124F240144303
:103A60001A00BB401C43D317ACE7AC46202F08DA42
:103A700020360400B4400D00B540F84039412843D9
:103A8000A5E73C2F0CDA203F40360400B44000D0BC
:103A90000124F84004430800B1400C43C117EAE791
:103AA00010001900002494E70000F07FF0B50C0D21
:103AB000661E3605891BE60A6405640D02D0651C86
:103AC000ED0A04D0002001210905803C2403A4460E
:103AD0001C0D671E3F05DB1BE70A6405640D02D061
:103AE000651CED0A04D0002201231B05803C240341
:103AF0007740644497B484B296B27443070C7E4313
:103B0000150C6F4380B26843361802D301200004BD
:103B10003F183004350C00197D41844688B29AB2B2
:103B200050430C0C62431F0C7C438EB27E439219AF
:103B300002D301263604A4191604170C361867415F
:103B400001BC81B29AB25143040C62431B0C5C432A
:103B500080B25843121802D3012000042418100424
:103B6000130C401863412D185E410020474106BCEC
:103B700088B293B258430C0C6343120C544389B27D
:103B800051435B1802D301210904641819041A0C6B
:103B9000091862416D1856410020474118BCF902CE
:103BA000720D1143F0026A0D1043ED020A0D03D1AC
:103BB0006D1940414941013B124E9B1B7600B342B7
:103BC0000ED26D0007D301300026714166463543A1
:103BD00001D1400840001B05C918E4072144F0BD8D
:103BE0000BDA013306D1013004D101314F0D01D080
:103BF0004908F2E7E1070020F0BD01363105002059
:103C0000EBE70000FF030000F0B51C0D671E3F0549
:103C1000DB1BE70A6405640D02D0661CF60A04D0BB
:103C2000002201231B05803C2403D0252D060026FD
:103C3000F6432E661E096E66CE0FF619B44649008D
:103C40004F0D02D07E1CF60A03D000200021403F19
:103C50003F033E1BB600B444013F7F05C91B490822
:103C60002E6F013676089C02950D25437543ED13A2
:103C70007543AD1301356D10F603761B0CB4CC0201
:103C8000450D2C43A2B2B3B25A43270C7B43350CEB
:103C90006F43A4B26C431B1902D3012424043F19BF
:103CA0001C041D0CA4187D4124196D41009A91B289
:103CB000ACB26143170C7C432B0C5F4392B25A4366
:103CC000A41802D301221204BF182204230C521894
:103CD0007B41019C6C431B19520ED9010A434401DC
:103CE000A01A81B2B2B2514303145A43360C734343
:103CF00087B27743D617D21900277E4136049B1925
:103D00001704160C7F185E417316ED18F301002698
:103D100080337541A90F06D16400690AE8055B0A82
:103D2000184309D22FE00422944480337541A90A34
:103D3000A8059B0A184326D3404149412404009A10
:103D4000019B0D005543641B4343E41A95B286B2B0
:103D50007543170C7E43030C5F4392B25A43B61867
:103D600002D301221204BF183204330C52197B41D2
:103D700052429C41002C02D40022013051414008A3
:103D8000CA071043490802B06246D7079210084B91
:103D9000D218084B9A4203D212058918C919F0BDEE
:103DA0000020002A01DC3900F0BD01331905F5E7D8
:103DB000FD030000FE070000002200B5203200F0E5
:103DC00004F8080000BD000000220B150AD410B54D
:103DD000944600F031F81414013400DA0021CB17B6
:103DE000144C20470020002170476244343A0CD420
:103DF0000C2A07DA04009140904052422032D4400D
:103E0000214310BDD843D94310BD203207D40C46FE
:103E10009440524220321141D040204310BD08004E
:103E2000C917203203D452422032104110BD18006D
:103E3000190010BDEB3D00100A0DCC0F531E1B05E1
:103E4000C91A520503D3C943404200D30131520D70
:103E500003D0531CDB0A07D0121B00206400611C36
:103E600089078912803A1203014BD21A7047000069
:103E7000FF03000051434343C9188C46110C83B221
:103E80004B4310B4040C614392B280B2504362437E
:103E90001C041B0C001910BC59411304120CC0184F
:103EA00051416144704700004840414048400E4B3A
:103EB0005B6818470C4B1B6818470C4A936F9B08AC
:103EC00002D2094BDB681847F0B5146E556E576F78
:103ED000166FFFF7F6FF054A1466556657671667B3
:103EE000F0BD014B9B68184718190020000000D056
:103EF000C10FC90700D54042002817D0F44603B4CB
:103F00000B4B1B68984706BC81409E38404280316D
:103F100007D20B0607D04900490AC00510430843E1
:103F200060470130F8E7490A8902F5E77047000069
:103F3000F8FB0120034BDB6FFC4618477CDFD93FC1
:103F40000010000018190020132310B512481C7827
:103F5000FEF7C8FF0100012C0AD003DD80220F48C4
:103F600000F060F80E48FEF7B5FF0E4B186010BD6C
:103F70000A4C5422200000F055F80B4B6365A365F2
:103F8000E36523666366A366E36623676367A367E7
:103F9000E3672362E361E5E7534600001819002058
:103FA0004C330000F8FB0120AD3F001007B5604620
:103FB00001880A0A0230DF2AFAD1C9B2820804D382
:103FC000028840880004104300E00068014A505015
:103FD000039007BD18190020C30FDB0741000A0E2C
:103FE00007D0FF2A08D00909054A89181943400754
:103FF00070471900002070470249C918FAE700000D
:10400000000000380000F07F01480421014B1847F0
:10401000D0100020F52E0010014B1B68184700003F
:10402000D0100020014B5B6818470000D010002022
:104030009A4200D2885470477047C046F8B5574638
:10404000DE464E464546E0B599460A9B07009A462D
:104050000D9B884693460B9C9B073BD10C9B9C4237
:104060003DD21E1B0B9415000C005E442A004B46EB
:10407000013521002020B847B542F7D1A0460B9C5E
:10408000002C20D0454636195346321B013C185DA2
:1040900029004B46B847002CF6D12B003500984636
:1040A0000D9B9B070FD55B46EC1A0C9BA3420AD9CC
:1040B000464698462A004B46310020200134B84736
:1040C00001354445F6D32800F0BCBB46B246A946AC
:1040D000A046F8BD16001500002CD3D1E0E716006D
:1040E0001500002CCED1EEE7F0B54546DE4657462A
:1040F0004E46E0B585B09C4610AB1B78149F9346A6
:1041000098460F9C129E139DBB074CD4002D42D1A4
:10411000B44248D201233B4099460E9B013B9A464C
:10412000302304E0524601341355A64201D9202C15
:10413000F8D14B46002B00D183E00E9B013B994602
:104140003023A54205D82EE04A4601341355AC422F
:1041500029D0202CF8D1FB060CD57B0554D4A642DF
:1041600063D0A54261D0119B102B50D0022B57D0A9
:10417000202C32D1202301930E9B5A4600930397A3
:1041800063460295FFF75AFF05B0F0BCBB46B24646
:10419000A946A046F0BD01233B40994601233B427E
:1041A0002AD1B442B9D3FB061CD57B05DBD4002C45
:1041B000D5D1119B102B5BD0119B022B6BD03023E0
:1041C00001240E9A13704346002B10D17B073ED575
:1041D0002B260E9A631C1655CDE72300013430269A
:1041E0000E9AD654202CC5D04346002BEED02D2657
:1041F0000E9A631C1655BEE74346002B2FD0013D97
:10420000B44200D289E798E7119B102BB2D1BB06CC
:1042100037D5202CAED058230E9A13550134A7E77A
:10422000202CA7D02300013407E0631E012CC0D04E
:10423000119A102A31D0022AD1D162260E9AD65470
:1042400096E7FB06CED57B0500D488E78BE72300F5
:104250003E0790D520260E9A013316558BE70C2386
:104260003B405A1E9341ED1AB44200D255E764E731
:10427000BB060ED478230E9A022413703023537099
:10428000A1E7202C00D175E778230E9A135501344D
:104290006EE75823EFE76033EDE70E9AA61E9146CE
:1042A0004E44BA0602D55822327098E7782232700E
:1042B00095E7C04610B5002800D110BD01F0ACFC58
:1042C000FBE7C0460B0010B5002802D049681B6808
:1042D000984710BDF0B55746DE464E464546E0B518
:1042E00095B083460F00924698461E9A1F9B100079
:1042F0001900209EFFF763FA002800D0EAE11E981B
:104300001F990122C54B5242FFF73EFA002800D008
:1043100014E11E981F990122C14B5242FFF74AFA3D
:10432000002800D0E9E01E981F990022BD4BFFF73E
:1043300041FA002800D0C8E01E981F990022BA4B0D
:10434000FFF722FA002800D0BFE01E981F99002234
:104350000023FFF719FA002800D0E4E000230B93B4
:10436000229B5B0500D406260024302307E017219A
:1043700006AA013452181355013E202C01D0092EF3
:10438000F5D81E981F99FFF743FAA84BF2009B1827
:104390001A685B68050008920993FFF721FA02008A
:1043A0000B001E981F99FFF77CF9089A099BFFF7ED
:1043B000A8F906900791FFF74FFA8146FFF70CFA2C
:1043C00002000B0006980799FFF76BF90022984B43
:1043D00006900791FFF7EEF9002800D10DE10123C7
:1043E0009C46E1444846FFF7F7F902000B000898A5
:1043F0000999FFF7CFF9002802D00023994601352B
:10440000002E00D1D9E006954D46B94614E006AA23
:10441000944617230A216344280001341F19FEF72C
:1044200005FF3031397028000A21013EFEF7FEFEFB
:10443000092D00D817E10500202CE8D14F46069D34
:1044400020240CAE06AA17239446634499465B4683
:10445000B34606930FE04B4628000A210134E618C4
:10446000FEF7BCFE3031280031700A21FEF7B6FE9F
:10447000051E00D1E4E0202CEDD1069B5E469B4654
:104480000323229A1340012B18D1219B002B15D016
:104490000B9B002B00D1FDE0219B013B2193202BA6
:1044A0000CD93023219A07E0172006A901340918F6
:1044B0000B55944200D3CCE0202CF5D1229B0194E3
:1044C0000393219B0096029322E0229B5246049381
:1044D000219B3900039358461E9B1F9C0296009314
:1044E0000194434600F04AF90400200015B0F0BCE6
:1044F000BB46B246A946A046F0BD229B5B070FD43F
:1045000003224C4B2299019203912199009302912D
:104510004346524639005846FFF790FD0400E4E751
:104520000422454BEEE71E9A1F9B00200021FFF757
:10453000B8F801231E901F910B9311E7229B54465C
:104540009B0711D1219B042B0ED9219B55469C46DC
:104550005E46043C64442A0043460135390020206D
:10456000B047A542F7D1B346344D26002B1F9946DC
:104570005B46A3461C003200E87843463900013D03
:10458000A04701364D45F6D123005C469B46229B51
:1045900004349B07A9D55346219AE31A9A42A4D919
:1045A0005E4615002200434639002020B04753469E
:1045B0000134E31A9D42F5D897E72800FFF710F978
:1045C00002000B001E981F99FFF76BF80022184B92
:1045D00006900791FFF7D8F80CAE002800D031E71D
:1045E000069807990022124BFFF7E4F8002800D044
:1045F00028E7012301359D4324E700220698079907
:104600000B4BFFF7C1F8002800D0F9E64B46002B12
:104610005CD101239C46E144F2E6C046FFFFEFFF78
:10462000FFFFEF7F65CDCD4165CDCDC160C70010E7
:104630000000E03FB4B80010ACB80010BCB80010E7
:10464000069B5E469B460323229A1340012B00D112
:1046500081E0202C00D131E70B9B002B27D02D23AC
:10466000335501342AE74F46069D202C00D1E7E65A
:104670003022331907E0172006A9013409180A551A
:10468000202C00D1DCE6A342F5D12E220CAE013461
:10469000F254D7E60C23229A134257D0219B013BB8
:1046A0002193A34200D9FCE6202C00D106E7229BEF
:1046B0005B0703D52B2333550134FFE6229B1B07F1
:1046C00000D4FBE6202333550134F7E6DB0700D4A2
:1046D00096E69EE7229B55469B0711D1219B032B13
:1046E0000ED9219B54469C465E46033D65442200FC
:1046F0004346013439002020B047AC42F7D1B346DD
:10470000B9465F461C4EEC1C2A00B0784346494629
:104710000135B847013EAC42F6D1229BBB464F461D
:104720009B0700D4E1E65346219AE31A9A4200D847
:10473000DBE65E4615002200434639002020B047E4
:1047400053460134E31AAB42F5D3CEE6219BA34294
:1047500000D9A6E6B2E6219B002B00D179E70B9B9E
:10476000002B97D0219B013B21939C4200D298E6DD
:10477000202C00D073E7A1E6B8B80010F0B5DE46F3
:1047800057464E464546E0B599B081468B4692461F
:104790009846229A239B10001900FFF710F8002872
:1047A00000D0CAE0229823990122824B5242FFF79F
:1047B00001F8002800D0C0E02298239901227E4B06
:1047C0005242FEF7E1FF002800D0B6E0229823997C
:1047D00000220023FEF7D8FF002800D0C9E1229B69
:1047E000239C08930994089809998023269ADB0052
:1047F0001A400D928022269C1201144022000B9434
:10480000269C07000E001C4200D0ADE00B000343C5
:1048100000D0D5E0002A00D00AE22200063324931B
:10482000022313400C930223134200D002E2259B83
:10483000042B00D20FE2043B0B93002304250A93C0
:104840000022229823990023FEF79EFF002800D023
:1048500003E25A4B269A134004930B9B0393249B29
:104860000293089B099C0093019459464346524683
:104870004846FFF72FFD02002020269B1F270340FC
:1048800059424B415B421840531C089359464346DA
:104890004530C8470A9AD317D4185C40D30F0A93FF
:1048A0006B1E0B9308AB9C460025674401E0202D4E
:1048B0000FD020000A21FEF7B9FC01357E193031F6
:1048C000317020000A21FEF7B1FC26000400092EF9
:1048D000EDD8052306930B9B5946059300230493BB
:1048E0000A3303930A9B4846029310AB0093089A3D
:1048F00043460195FFF7F8FB0C9B002B2DD0534648
:10490000C41A259BA34228D94D465F4681461E0006
:10491000534639001A19202043460134A847A642BD
:10492000F6D8534648462599C21A013200239142CF
:1049300000D386E1013018180FE0269B0493259BD5
:104940000393249B0293229B239C00930194434650
:10495000524659464846FFF7BDFC19B0F0BCBB466D
:10496000B246A946A046F0BD01432BD10B9B2200C5
:10497000002B00D154E700230A93249B0A9A0024B9
:10498000934200DD85E12298239900220023FEF75F
:10499000FBFE002800D035E1269B084A02941A400D
:1049A0008023DB0013430493259B0393089B099CFE
:1049B000CBE7C046FFFFEF7FFFFFEFFFFFF7FFFFF3
:1049C00006232493B44B70009C46400D6044FEF7D0
:1049D00007FFB24AB24BFEF794FEB24AB24BFEF763
:1049E00069FE3603B14B360B334304000D0038002B
:1049F00019000022AE4BFEF754FEAE4AAE4BFEF756
:104A000080FE02000B0020002900FEF753FEFEF797
:104A1000FFFE0A90FEF7E4FEA84AA94B04000D0031
:104A2000FEF76FFE0022A74BFEF744FEFEF7F0FEF6
:104A3000A54A0600A54B20002900FEF762FE0400EF
:104A400030000D000C96FEF7CBFEA14AA14BFEF7FD
:104A500058FE02000B0020002900FEF722FE020093
:104A60000B0006000F00FEF74CFE320004000D00A4
:104A70003B0030003900FEF71DFE00220E900F9122
:104A8000954B20002900FEF71EFE0022934BFEF7F7
:104A900011FE02000B0020002900FEF714FE002288
:104AA0008F4BFEF707FE02000B0020002900FEF7E7
:104AB0000AFE0D008021040032003B000020C905E1
:104AC000FEF7EFFD02000B0020002900FEF7F2FDCB
:104AD00002000B000E980F99FEF7F5FD0022734BB4
:104AE000FEF7E8FD7F4B0C9C9C46644400222305A6
:104AF000FEF707FE06000F0002000B000898099958
:104B0000FEF742FE00280AD00A9B3000013B390024
:104B10000A930022714BFEF7D6FD06000F000A9A99
:104B2000330063323900C62A12D80222269804259F
:104B300010400B9A0C90002A25D1259B042B05D9F7
:104B4000002800D0A1E0259B043B0B93042541E005
:104B50000222269810400B9A0C90002A12D1259B15
:104B6000052B76D9002872D1259B0525053B0B9393
:104B700034E0802212069446229B0893239B6344D0
:104B8000099330E605250B4300D1F6E6089809990C
:104B9000554A564BFEF706FE002808D0089809999A
:104BA0000022534BFEF7F0FD002800D0E5E6249BE1
:104BB000002B1CD00D9B002B19D0249B013B249370
:104BC000259BAB4204D90C9B002B5AD002230C939B
:104BD00000230B930A9B002B00D131E6089809991A
:104BE00032003B00FEF76FFD0890099128E6259BF7
:104BF000AB42EDD90C9B002B43D000230B93023327
:104C00000C93E7E78020269B3A4A00061A4080234F
:104C100084460294089C099D2900DB0013430493F9
:104C2000259B6144220003930B00009201938EE6C2
:104C30000524A8E600230B930A93023304250C9362
:104C4000FEE553468C46013B63441B1A72E6022381
:104C50000C930525C2E70423EDE58020089E099FFB
:104C6000000639008446269A224B6144134004937F
:104C70000B9B32000393249B02930B000092019341
:104C8000F3E5259B5B1B0B93A4E7022304250C9300
:104C9000A0E79C1A013C76E601FCFFFFFB799F50E0
:104CA0001344D33FB3C8608B288AC63F0000F03F4F
:104CB0000000F83F61436F63A787D23F71A3790972
:104CC0004F930A400000E03F1655B5BBB16B024060
:104CD000EF39FAFE422EE63F00002C40000024404F
:104CE00000001840FF0300002D431CEBE2361A3F82
:104CF00080842E41FFF7FFFFF0B5DE4657464E4653
:104D00004546E0B5A5B01E002E9B92460C93CD4AB9
:104D1000CD4B80468B461A60002900D1EAE1002382
:104D200030789946002800D1ECE1C84B4C460B93F3
:104D3000C74B454657460E930AE0631C984622002F
:104D40003B005946A84744463078002800D187E008
:104D500001362528F1D108239A46043B9946023BA7
:104D60009846013B00229C460D943078711C03004C
:104D7000203BDBB2102B03D80B9C9B00E3589F46D3
:104D80000300303B89460D9C092B3AD900239846F5
:104D90002A2800D1C1E000239A462E284BD00300D8
:104DA000683BDBB2122B1ED80E999B00CB589F4656
:104DB00063460E001A43D8E743460E001A43D4E771
:104DC0004B460E001A43D0E710230E001A43CCE7DF
:104DD00053460E001A43C8E780235B001A43FF3B8B
:104DE0009C467078E1444E4667284FD82428A4D9C1
:104DF0000300253BDBB2422B9FD896499B00CB5842
:104E00009F46002394461E0000E00131B3009B1929
:104E10005B001E180878303E0300303B092BF4D9A4
:104E20000123624689469C460023B0469A460E00FE
:104E3000E1442E28B3D13021802049428C46C00065
:104E4000024370784B4684446146092900D86CE1DE
:104E50002A2800D17AE101239C464E46E1449EE790
:104E6000A146A846BA46CA4503D801235B4253442B
:104E7000994653464A4659460020C047200025B06F
:104E8000F0BCBB46B246A946A046F0BD0300693B54
:104E9000DBB20D930F2B00D94FE7012199408C46CF
:104EA0006D49894661464B4619400F916346494614
:104EB0000B4200D028E10D9B0A2B3AD0072B00D0E3
:104EC0003BE70C9B190008C98846002B00D14BE139
:104ED00021200243914614A98C461F220F216244CF
:104EE0008C4651460D950C91A24615000F9902E093
:104EF00020290CD0130064461C4020003730092CB8
:104F000000D80738013168541A090F2BF0D80C9BD0
:104F100054460D9D9A460F9133E10C9B02CB884677
:104F2000002947DB0C9301239C4670784E46E144F0
:104F300031E70C9B02CB14935346002B00D138E190
:104F40009C4608780B000C908C44002801D100F09E
:104F500098FC89466146944603E05A780133002A5A
:104F600001D08B42F9D1494662465B1A0C900F93EF
:104F7000530500D520E10223180010400D90134284
:104F800000D1CBE30D930B1BB1469A465E460C98BD
:104F900022003B003100A84753460134185D002829
:104FA000F6D1B3464E460D9B002B00D0C7E1149BB3
:104FB0000C93C9E60C9301239C46283849420243CE
:104FC000884670784E46E144E5E670786C2800D15A
:104FD0007FE180235B001A43FF3B9C46E14402E7EC
:104FE00080239B001A4301239C467078E144FAE633
:104FF0007078682800D173E180231A437F3B9C4678
:10500000E144F0E6672800D103E1472800D15AE1E6
:10501000452800D15AE10492072142460C9B039295
:10502000073352468B43190002920CC928000092A4
:1050300001930C9122003B005946FFF79FFB0400AF
:1050400082E6C046F94C0010A8370020C4C5001005
:1050500008C6001054C6001041900000462800D138
:10506000DBE00492072142460C9B03920733524631
:105070008B43190002920CC92800009201930C91F5
:1050800022003B005946FFF725F904005CE6631C4B
:10509000984622003B0059462520A847444653E63F
:1050A0000C9B04330D93631C9946920700D422E1B4
:1050B0000C9B2200187859463B00A84743464444BD
:1050C000012B00D885E23300B8462E005F4625004C
:1050D0004C46994622004346013439002020B0470F
:1050E000AC42F7D12C00BB46350047464E460D9BDF
:1050F0000C9329E6DB4B307898460023994600282C
:1051000000D012E60024AEE66F2800D188E000D877
:105110000BE31023782800D1CFE09A430A239C4662
:1051200000230F930A330D9380E05646B10089198E
:10513000490001330E181878303E01003039092932
:10514000F4D9B2461E000133994628E60C9B02367C
:1051500002CB8A46C9435046C917084082460C9381
:105160003078731C99461AE61023100098431133C7
:105170001843814680201300C0000340024200D142
:10518000A9E64B4606930823059353460493102340
:105190000393002302930F9B220001931CAB009307
:1051A00059463B002800FEF79FFF434604000C933E
:1051B000CAE501235B42C3E60F9B534501D9534621
:1051C0000F930223180010400D90134200D1B7E155
:1051D0000D93D1460B1B9A463300A1442E002200AA
:1051E0004D460C98B9465F469B4608E04B46390051
:1051F000541CB0475346185D002877D022009542D2
:10520000F4D15B46BB464F46A94635004C461E00CE
:10521000C9E680231B011A43FDE620231A4320E739
:1052200008239C4600230F9308330D93802311001D
:10523000DB0019401A4200D116E10D239A431000F9
:10524000802302009B001A401492184200D0C2E151
:10525000802302005B001A4091460C9A04320F92A0
:10526000184200D0B7E2430600D59FE1030600D400
:1052700019E30C9B1B880993002B00D0FCE1103331
:105280009843002900D1F7E100239946434605934E
:10529000534604930D9B069003930023D2E05828B5
:1052A00008D0622867D102239C4600230F93023363
:1052B0000D93BBE720231A43103B9C4600230F931A
:1052C00010330D93B2E780231B011A4320231A43A6
:1052D000A1E6C0239B001A43F31C9946B07882E5EF
:1052E000C0231A43F31C9946B0787CE535005E462E
:1052F000BB464F4657E64346012B00D863E1631E89
:1053000043449A463300B9462E005F4655469B46B5
:10531000A24622004B46013439002020B047AC425F
:10532000F7D135005E46BB464F46A14654460C9B1E
:105330004A46187859463B004444A847D7E6A14658
:105340000F9B984500D832E64444E41A3300B8462F
:105350002E005F4625004C46994622004346013404
:1053600039002020B047AC42F7D12C00BB463500B5
:1053700047464E461BE680231000DB0018401A42C9
:1053800000D10FE1112118008A430D920D9A80235C
:1053900011009B0019408C461A4269D180231100EC
:1053A0005B00194089460C9904310F911A4200D0D4
:1053B000CAE113005B0600D5F0E013001B0600D421
:1053C00059E20C9B00229B5ED9175A184A4092B2B0
:1053D000D90F0C91002B00D1F9E1100014AA9446CA
:1053E00042461F23149252466344A84616944D46E3
:1053F0000400B946B2461F00159201E0202D0FD0DF
:1054000020000A21FDF712FF01357E19303131707D
:1054100020000A21FDF70AFF26000400092EEDD81E
:10542000149B4F46A94645469846159B56469A46B4
:10543000169C0D9B069343460593534604930A23FB
:1054400003930C9B02934B4601931CAB22000093E9
:1054500059463B002800FEF747FE0F9B04000C93C3
:1054600072E4C046394000100C239A431000E7E66E
:1054700007220C9B07339343013294469C446246B7
:105480000C920CCBD90F0F911100194300D191E070
:10549000D9171391129151401091139959401191BC
:1054A00010981199129A139B801A9941109011919A
:1054B00014AA0023944642469946149252461F333A
:1054C0006344A846B24616944E46109C119DB946B8
:1054D00015921F0001E0202E10D0200029000A2282
:1054E0000023FDF7E1FE013630322B00BA550D00E6
:1054F00022000400002BEED1092AECD8149B109452
:10550000119545469846159B4F46B14656469A46D4
:10551000169C0D9B069343460593534604930A231A
:1055200003930F9B02934B4601931CAB2200009305
:1055300059463B002800FEF7D7FD0400FFF704FCA6
:105540000F9B984500D8C1E18023DB000D934346B3
:105550000F9A1B199B1A994633002E004D46B946E7
:105560005F469B460C9122004B46013439002020B7
:10557000B047AC42F7D143460C9901330F930B78F7
:1055800035000C935E46BB464F46002B00D10EE51E
:105590000D9B002B00D1F6E4002319E60C9B1B7831
:1055A0001A0015E710239A430D92EFE60C9B1B7827
:1055B000099361E6002399460028AAD1002200231E
:1055C0001092119374E70C9B2200187859463B0007
:1055D000A8474C468BE50C9AFA3BFF3B07329A43AF
:1055E0000133994691444B460C93136852681592C7
:1055F0001A4306D11032904300220992002900D0AC
:1056000081E06122810600D54122D2B20A9214AA19
:1056100091460A9A00210A3A14924246179252463B
:1056200018925A460991B3461F311E000F9B4944F8
:10563000BA4619941A950024674698468946159DDE
:1056400016901B920AE03032D2B24B4601341A5502
:10565000A8454AD0202C4AD006000D003A0000236D
:1056600030002900FDF720FED2B2092AEBD9149BA5
:105670009C466244D2B2E8E76123820600D541230A
:10568000DBB20A3B0C93434614A91F228C461593A8
:1056900053466244A046B2464C461797A9461700A7
:1056A000099D0D9E1490169308E03033DBB201344F
:1056B0003B55B5420ED3202C0CD0050031002800FC
:1056C000FDF7B4FDCBB20929EFD90C9A9446634497
:1056D000DBB2ECE7159B4D46A14644469846169B27
:1056E000564614989A46179FD0E5B742B2D9179BF1
:1056F00057469846189B5E469A461B9B09949B46C4
:105700001698199C1A9D43460593534604930D9B86
:105710000690039300230293099B05E70F9B98458E
:1057200000D914E701330F932DE41023110099439E
:105730000D91692800D0BAE080231000DB001840EA
:105740001A4200D122E61DE60C9B1B68DA0F1100FD
:10575000002B00D18CE0DA179818504014AA91461B
:1057600042461F23149252464B44A046A946169720
:1057700004006546B2461F000C91159201E0202DF1
:105780000FD020000A21FDF751FD01357E1930317F
:10579000317020000A21FDF749FD26000400092E82
:1057A000EDD8149B444698460C9BAC461900159BBB
:1057B00056464D469A46169F0D9B029106934346C8
:1057C0000593534604930A23039363463CE600285B
:1057D00000D02EE602E60C9B1B689946002B03D1F5
:1057E00010339843002938D16123820600D5412324
:1057F000DBB20A3B0C9343461693534614A91F226F
:105800008C4617932B006244A0464D46B24618972B
:1058100099461700149C0D9E159008E03033DBB2BA
:1058200001343B55B5420ED3202C0CD0050031007D
:105830002800FDF7FBFCCBB20929EFD90C9A94465E
:105840006344DBB2ECE7169B149444469846179BDE
:1058500056464D469A461598189F4346059353461B
:1058600004930D9B0690039300230293149BEBE596
:105870000028A1D172E70C9B1B68D9175A184A401F
:10588000A6E580231000DB0018409C460F901A42CA
:105890000FD00220030013400F93104219D00023B1
:1058A000A1460F934CE50C9B1B680993E4E40A00A6
:1058B00034E40223180010400D90134200D03EE55E
:1058C0004346002B00D042E6FFF771FB01330F93F4
:1058D0007FE463460D93F3E70CB430B585B008ACB4
:1058E00008CC064D0A000094010028000394FFF73D
:1058F00003FA05B030BC08BC02B0184731400010B4
:1059000010B50C0084B00394012402A90290009306
:10591000034813006242FFF7EFF904B010BDC04620
:10592000C542001010B5094A0300146884B0002C69
:1059300008D0012200910648524203A9A047012045
:1059400004B010BD00F0B2F90020F9E7A83700203C
:10595000B542001000BEFDE7094A030010680028A8
:1059600005D00849C3188B4207D813607047064812
:105970000449C31810608B42F7D901204042F5E773
:10598000A433002000000420207D022010B5FFF782
:10599000E1FFC04670B5FDF7FDFA074D074EB54271
:1059A00009D20024013E761BB60808CD9847230093
:1059B0000134B342F9D170BD2CB6001038B60010D6
:1059C000030010B5080011001B68984710BDC046C1
:1059D000F0B5C64600B5437D07000C001600002B4D
:1059E00046D0002A17DD0B780A2B24D000239846D6
:1059F000012E13D001252900635C01350A2B26D026
:105A0000B542F8D1464509DCA419013C23780D3B89
:105A10005A4253413B7580BCB846F0BD4346E0183E
:105A2000A419F11A013C3B68984723780D3B5A4270
:105A300053413B75EFE7037D002BD7D102210F487F
:105A40003B689847012EDFD001239846D2E7631EBA
:105A50005B5C0D2BD4D0884504DA4346C91AE018A4
:105A60003B689847022105483B68A8469847C7E726
:105A70000368110020009847CDE7C046B0C700106A
:105A8000F0B5C6460B6806000C0000B5802B06D0AA
:105A90005A1C2260E418267180BCB846F0BD0F4B3A
:105AA0001D68002D16D00B1D98460D4F02E02D6984
:105AB000002D0FD02B68002BF9D03B68002B01D0B4
:105AC000AB42F4D1280041462268FFF781FF2D69DF
:105AD000002DEFD101220023DBE7C0466433002014
:105AE00070330020F0B54546DE464E465746E0B5D9
:105AF00083B091461C0080460D00FDF735F8002369
:105B0000304A12184B41002B02DA01222E4B52422E
:105B10002E4908008A4605F04BFD07006B1C03D197
:105B2000404605F07BFB0500002C27D0284E294B72
:105B30001C68002C18D04B46002B21D1264B9946CF
:105B400002E02469002C0FD02368002BF9D04B46CB
:105B50001B68002B01D09C42F3D120002A00414653
:105B6000B0472469002CEFD1002F26D1280003B0C4
:105B7000F0BCBB46B246A946A046F0BD174ED6E7DC
:105B8000154B99460A239B4602E02469002CEBD072
:105B90002368002BF9D04B461B68002B01D0A34291
:105BA000F3D12A0041462000B0476B465A462000F8
:105BB000DA71D91D0122B047E7E7504605F0B8FC7D
:105BC000D4E7C04640420F00FFFFFF7F8816002049
:105BD000D15900106433002070330020C1590010E7
:105BE0000A4A1368002B05D10CE01A001B69103219
:105BF000002B07D08342F8D1002902D11869106028
:105C0000196170470029FCD01060FAE76433002066
:105C100010B500F0F1FA10BDF0B5CE46474680B59C
:105C200083B06B460600DD1D2870FCF79DFF002346
:105C3000194A12184B41002B02DA0122174B52422B
:105C400017490800884605F0B3FC164B81461C68CE
:105C5000002C14D0144F02E02469002C0FD02368CC
:105C6000002BF9D03B68002B01D09C42F4D12000DE
:105C700001222900FFF7ACFE2469002CEFD14B462E
:105C8000002B05D1300003B0C0BCB946B046F0BD12
:105C9000404605F04DFCF5E740420F00FFFFFF7F57
:105CA00088160020643300207033002070B5040093
:105CB00005F0B4FA01230100050001222000FFF7DE
:105CC00011FF084B1C68002C06D06368002B05D020
:105CD00098472469002CF8D1280070BD2469002C55
:105CE000F3D1F9E764330020F0B5CE46474680B5DE
:105CF000A3B004000D00FCF737FF0023274A121859
:105D00004B41002B02DA0122254B5242254E300036
:105D100005F04EFC00232200019307002B002248CF
:105D200001A9FFF7EDFD214B804699461C68019BB8
:105D3000002B1AD0002C2FD01D4D02E02469002C1E
:105D40000FD02368002BF9D02B68002B01D0A34281
:105D5000F4D12000019A02A9FFF73AFE2469002C31
:105D6000EFD14B461C6800230193002C06D06368DA
:105D7000002B0BD098472469002CF8D1002F07D1B5
:105D8000404623B0C0BCB946B046F0BD2469ECE73C
:105D9000300005F0CDFBF3E70194EFE740420F0040
:105DA000FFFFFF7F88160020815A00106433002017
:105DB000703300200FB400B583B004A901C901916C
:105DC000FFF792FF03B008BC04B018477047C04605
:105DD0000022014B1A7070471B7D02204B79002076
:105DE000FF2B0BD18B79002B08D1CB79012B05D15F
:105DF000082A03D9024B8A7809301A707047C046C6
:105E00001B7D02200120704710B5012913D11249D2
:105E10005379107909781B0203430020994200D07E
:105E200010BD5378012B08D0022BF9D16422002138
:105E30000020FCF7F9FF0120F2E7D37891781B02EC
:105E40001943480ADB0501D4012040427F238A051B
:105E5000D20F1940FDF770F81B7D022000487047F3
:105E60007CC8001070B5050014000120012909D17B
:105E700053780020012B05D1637912791B0213435B
:105E8000072B00D070BD21002800024A9F3301F08B
:105E90005BFAF7E7D4C7001001230370004870478E
:105EA000B4C700104B780A781B0213438A7810B5E8
:105EB00012041A43CB781B0613439622D200934256
:105EC00000D010BD0022012011004042FDF734F83F
:105ED000024B1860024B19607047C046FC2200203C
:105EE0000023002010B5024B1878FCF70FF810BD06
:105EF0001C7D0220154B70B51A68002A22D0EFF3E2
:105F0000108172B610680028FCD0BFF35F8F0020AC
:105F10000F4A596010701B68BFF35F8F186081F3E0
:105F20001088002400250B4E3078FBF7E3FF002893
:105F300004D1002400252900200070BD3078FBF733
:105F4000E5FFF8E7FA240025A400ECE7CC370020B1
:105F50001D7D02201C7D022070B5040000200E0073
:105F600001F010FB002834D0002001F021FB0028B4
:105F70002FD0FCF7F9FD0023174A12184B41002BD4
:105F800016DB164D280005F013FB002821D0002059
:105F900001F0F8FA00280FD101200021404200F062
:105FA00007FD03246442280005F0C2FA200070BDFA
:105FB00001220B4B5242E4E7002001F0F9FA0028DD
:105FC000EAD021003200002001F0FCFA041EEAD1E0
:105FD000E7E703246442E9E740420F0004FC0120A4
:105FE000FFFFFF7F10B5FCF7BFFD00230D4A12181D
:105FF0004B41002B02DA01220B4B52420B4C20008A
:1060000005F0D6FA00280CD001200021404200F013
:10601000CFFC002001F01AFB0028F5D1200005F08C
:1060200087FA10BD40420F00FFFFFF7F04FC0120F4
:10603000F8B5DE46574680B505000C00FCF794FD28
:106040000023364A12184B41002B02DA0122344B4E
:106050005242344908008A4605F0AAFA002803D1C2
:10606000C0BCBB46B246F8BD002001F08BFA002848
:106070004AD00026002C43DD2B4B9B4614E0A91987
:10608000002001F01DFB070001200021404200F02C
:106090008FFC002001F0DAFAFCF766FD224BF619BE
:1060A00018605960B4422BDD002001F029FBA71BCA
:1060B0000200B84200DD3A00002AE0D101200021B0
:1060C000404200F075FC002001F0C0FA002001F011
:1060D00059FA002814D0002001F012FB0028E1D169
:1060E000FCF742FD5B460F001A685B68002184469E
:1060F0000E4812184B419F4202D8D3D19445D1D9B2
:10610000504605F015FAABE700200021064B186059
:106110005960504605F00CFAA2E7C04640420F0015
:10612000FFFFFF7F04FC01201018002020A10700C2
:1061300030B52A4C85B00021200005F019FA00285E
:106140001CD1274B1A68002A16D0EFF3108172B6C3
:1061500010680028FCD0BFF35F8F012421485960EC
:1061600002781B68D2B20470BFF35F8F0020186002
:1061700081F31088002A17D005B030BD012000211E
:10618000404200F015FC002001F012FA050020004A
:1061900005F0CEF9002DEFD0134B1B68002BEBD090
:1061A000124A10689847E7E7FCF7CAFA0400FCF7C0
:1061B000DBFCFA220023920012184B41002B02DA7A
:1061C00001220B4B52420121029100210191094908
:1061D00020000091FCF7B8FACEE7C04604FC01208D
:1061E000CC3700201D7D0220FC220020002300204F
:1061F000FFFFFF7FF55E0010D02310B51B0684B0B3
:106200001C68FCF79DFAFCF799FBA04202D0002025
:1062100004B010BD294B002100201B7801F064FD63
:1062200027480368002B45D00120FCF71BF8FF230B
:10623000244C254920701840FBF782FE207801216C
:10624000FBF746FE0520FBF769FE002824D1082253
:1062500000211E48FDF7E0FEFCF772FA0400FCF78F
:1062600083FCFA220023920012184B41002B02DA21
:106270000122174B5242012102910021019115493F
:1062800020000091FCF760FA0028C0DB12480121D1
:10629000FFF7A6FC0120BBE70120FBF7E7FD0B4B56
:1062A00001001800FCF742F8002205200B49FBF71B
:1062B00071FEEBE7FCF71EF8B6E7C0465CCA0010BB
:1062C00004FC01201C7D022031610010CC3700202D
:1062D000FFFFFF7FF55E0010E0100020E55E00107C
:1062E00010B5002001F04EF910BDC04600487047BF
:1062F00018C9001000487047C4C8001010B5040049
:1063000017480378002B20D0002C06D1154B1648D7
:106310004380063BFF3B038010BD052C1DD8134B6B
:10632000A400E05812490123013804E001330A8037
:106330000231142B0DD0C25C002AF7D1C022DBB28F
:106340005B00920008481343E5E7112100F01AF8BA
:10635000DAE7CA2304489B00DDE70020DCE7C046FB
:106360000C7C02200904000034230020ACC800107B
:106370003623002010B5024800F0D8F810BDC04602
:10638000E039002030B54B1E012900D1A7E0664A54
:1063900011780D092C0030349F2900D9A2E0047037
:1063A000012B00D1BEE00F21147821400C003034C5
:1063B000092900D998E04470022B00D1B2E054784A
:1063C0002509290030319F2C00D990E08170032BE2
:1063D00000D1A7E00F2121400C003034092900D959
:1063E00087E0C470042B00D19CE094782509290033
:1063F00030319F2C00D97FE00171052B00D191E055
:106400000F2121400C003034092900D976E0447175
:10641000062B00D186E0D4782509290030319F2C45
:1064200000D96EE08171072B00D17BE00F21214064
:106430000C003034092966D8C471082B00D171E0F2
:1064400014792509290030319F2C5FD80172092B5E
:1064500068D00F2121400C003034092958D84472EB
:106460000A2B5FD054792509290030319F2C52D84E
:1064700081720B2B56D00F2121400C00303409299A
:106480004BD8C4720C2B4DD094792509290030319A
:106490009F2C00D9073101730D2B43D00F212140D0
:1064A0000C003034092901D937310C0044730E2B0C
:1064B00038D0D1790C09220030329F2900D9073217
:1064C00082730F2B2ED00F220A4011003731092A78
:1064D00001D830321100C173102B23D010300023AB
:1064E000037030BD07345AE737310C0063E70731DA
:1064F0006CE737310C0074E707317DE737310C006A
:1065000085E707318EE737310C0095E707319DE7C6
:1065100037310C00A3E70731AAE737310C00C4720A
:106520000C2BB1D1C018DAE7E039002010B588B0E3
:1065300004000D2200216846FDF76EFD0D220021AA
:1065400004A8FDF769FD4B236A466846137004A949
:106550000D2204F0E5FF1521082220006944FDF713
:1065600061FD08B010BDC046F8B500F047F90C2336
:10657000194DFF22AB6705201849FBF70BFD184C9E
:10658000402200212000FDF747FD4027002301267F
:106590002121144A66702783A260136063545F311F
:1065A000618445396354104A10496360E26027876B
:1065B000A1620B606362E26205F00AF880239B052A
:1065C0002E64EB6490230A4A0120EA508022094B92
:1065D0005202DA64F8BDC046000011502D050020BB
:1065E000A83300208400105000011050800010508B
:1065F00010D001000020115010B501210520FBF73B
:1066000067FC10BD10B500220021024800F016F909
:1066100010BDC046C8330020044B1970002904D0B7
:1066200080219023024A8902D1507047177D0220B1
:10663000002011500B785B0602D14B78052B00D05F
:1066400070478A78014B1A60FAE7C0460000115083
:10665000F0B5C646C87800B58007830F1800012B37
:1066600060D08F780A794B797F213940FC091B0271
:106670004E001343334D32195201AA189770012767
:106680006740577000275B055B0DD7701383D0768A
:10669000B846CA00012C32D02B4FBC468F01624451
:1066A000BC46AC446746BA6047461760002932D002
:1066B000264AC90090466246414451603F223F331A
:1066C0009343022837D0224937190A687F01D3182B
:1066D0000B602049EF19FA608B422ED836197601EB
:1066E000AD19EB7E1C499B064A40134380221206DB
:1066F00013436A681360012080BCB846F0BD174F91
:10670000BC468F016244BC46AC446746BA62474609
:106710001760002908D1002364012C196360104B15
:10672000E360E8E70020E7E70B4AC90090466246CD
:1067300041445162C2E75B00C5E7FCF725FCFA68FB
:10674000CCE7C046A833002084001050040010504D
:10675000B0370020FF0F1050000010508000105084
:106760000001105010B504F033FF10BD10B57F20AC
:106770000C0020404000E409110000191A00034BEE
:106780004001C01800F05AF8012010BDA8330020C5
:106790007F23180000B5084083B00B4204D14B4260
:1067A0004B41084A013393668022C9094000064BD9
:1067B000401840010021C018120104F011FF03B07D
:1067C00000BDC04600201150A83300207F221300D6
:1067D00010B50B400A4200D110BDC9095B005B181F
:1067E00004485B01C018002300220349C37004F071
:1067F000F7FEF1E7A8330020FFF7FFFF80220A4BE6
:10680000520410B51A60094B09491A6010000B6850
:106810009843FBD18022002152010648FDF7FCFB82
:106820000922054B5A6710BD00E0004000F000400F
:1068300008C000400000105000001150002310B5A7
:10684000C3820133828283760161040004F080FEFA
:10685000002804D080219023074A8902D1502000CB
:1068600004F08EFE002802D00123237710BD200003
:1068700004F0A6FEFAE7C046002011507047C0465B
:106880007047C04600207047002070477047C046E0
:106890007047C0467047C0467047C046024B5878A4
:1068A000431E9841C0B27047A01D0020024B1878CB
:1068B0004007C00F7047C046A01D0020F0B5D64667
:1068C0004F464646C0B52F4B07009A461B780E0030
:1068D000FF2B50D1002941D0002154222A48FDF736
:1068E0009BFB0022294C2A4B20001A70FBF702FD6B
:1068F000284B1C60284C2000143CFBF709FD2000AD
:1069000001F0FAFD254B264D1C60264B002B04D0D0
:106910002800FFF7C1FA244B186024490024894657
:106920002149002388462A7810E043461B6862010B
:106930009B18002B12D05B68002B0FD098472A7849
:106940000134E4B2511C2300A14209DBA242ECD87D
:106950009B1A5B014B445B68002BEFD100200BE0DE
:106960005346310038001F70FFF7FEFD0028F5D0B8
:106970003800FFF741FE0120E0BCBA46B146A84608
:10698000F0BDC04614110020A01D0020981D00205D
:10699000187D0220F41D00200C110020F81D00209D
:1069A000167D0220995E0010F01B0020D4C9001053
:1069B000F0B5DE4657464E464546E0B5C84B91B069
:1069C00002931B78FF2B00D13EE1C64BC64E9B467F
:1069D0005F46C64B0DAC0193C54B009335686A69A1
:1069E000EFF3108172B61368002BFCD0BFF35F8FFA
:1069F000A9612800210001F0AFFB6A69AB69BFF310
:106A00005F8F0021116083F31088002800D11BE103
:106A10006378082BE2D89B00FB589F466368002BE5
:106A2000DCD0A0689847D9E77F222179AF4D0A4092
:106A30005300EB189846C809804440460123303083
:106A400005799D430571057903339D430571002A3E
:106A500000D100E14346A74A1B7D1278934200D340
:106A6000EFE0A54A5B011568ED18002D00D1EBE0C1
:106A7000A36862792078AD69A847AFE79F4A137889
:106A8000002B00D1E0E01378013BDBB213701378E8
:106A9000002BA3D10122954D01212B780420134313
:106AA0002B703423EA5C8A43EA54EA5C8243EA545A
:106AB0000133EA5C8A43EA54EA5C8243EA5423786D
:106AC00000209B4600F09EFC602223791A40602A39
:106AD00000D1EFE0402A00D1F5E0DB06DB0E012B10
:106AE00000D113E1022B00D1C7E0002B00D0E1E080
:106AF000202A00D11CE2002A00D0DBE06379092BB8
:106B000000D9D7E07E4A9B00D3589F46774D2B781B
:106B1000DB0700D462E7FFF7BFFE5FE7019BDB788E
:106B2000DB0700D45AE76068FFF7AAFE56E76F4D0F
:106B30002B78DB0700D451E728780007C00FFFF758
:106B4000A9FE4BE723786A4999468B46694B6A4907
:106B500098468A4639001A7847460023B0460025F1
:106B60004E46894610E053461B686A019B18002B6D
:106B700000D176E0DB68300098473A780135EDB215
:106B8000511C2B008D4244DC9542ECD39B1A5B01D7
:106B90005B44EFE7237858499946564B8A46984616
:106BA0003100BB464E461A780025002347468946E9
:106BB0000FE053461B686A019B18002B55D0DB6819
:106BC000300098473A780135EDB2511C2B008D42C8
:106BD00007DC9542EDD39B1A009A5B01944663440F
:106BE000EDE7019D542200212800FDF715FA10223F
:106BF000FF214448FDF710FA28002022FF2114301D
:106C00004E465F46FDF708FA00F0F2FBFFF740FE44
:106C1000E4E6364D542200212800FDF7FDF910224C
:106C2000FF21281DFDF7F8F928002022FF2114304C
:106C300046464F46FDF7F0F900F0DAFB2379AB70DA
:106C4000CCE6501C984213DA11B0F0BCBB46B246F9
:106C5000A946A046F0BDA3686279207800F0E6FB63
:106C6000BCE646464F46214DE6E74E465F46CBE73B
:106C70001F4D9B1A5B015D19FAE67023217A0B42C6
:106C800018D1C80982460F330B405B00984619485B
:106C9000EB1853441B7D00789946834266D2164810
:106CA0005B01006881469944002A00D15FE14B46B0
:106CB000002B68D120780021FFF76AFD8021207821
:106CC000FFF766FD8AE6104800F09CFB012158465C
:106CD0000EAAFFF7C7F8002800D07FE6EAE7C04613
:106CE000141100202CC90010F81D0020A01D002048
:106CF000D4C90010167D0220F01B0020187D022050
:106D000050C90010A41D0020655E0010237A0F2BCF
:106D1000D0D8CF4AEB181B791578AB423ED3691C0B
:106D20009942C7DB5D1BCB4B6D01ED18686900F024
:106D300069FB012158466B690EAA9847002800D0CC
:106D40004CE66022150023791D401A42B2D16379C6
:106D50000A3B012BAED800F055FB63790A2B00D11A
:106D600099E158460EA900F0D9FA37E6431C4B4585
:106D700000DAF7E04B461B1A5B019946B54881449F
:106D8000002A00D1F3E04B46586900F03BFB4B462C
:106D9000012158465B690EAA98479CE7AE4A5B0101
:106DA0001568ED18002DC1D184E7A37999466B7859
:106DB0009945D6D06B78002B00D033E14B466B70F1
:106DC000002B00D12BE148460138C0B2FFF792FA00
:106DD000002800D17EE143780793022B00D079E1AF
:106DE0000122C179B1468B11491113400A4030216B
:106DF00012015B0113432A78A8468A4313432B7080
:106E000009239A4682445646BA46C37882781B02C2
:106E10001343C31805938E4B04938E4B08938E4BEC
:106E200009938E4B0A93059BB34200D855E17378C2
:106E300001220B2B03D13378F278F6187378042BE8
:106E400000D044E1059B00279B1B9BB20693049B4B
:106E50000B921D78002303931BE0099A7B011568B0
:106E6000ED18002D00D132E1310058462B69069A09
:106E700098478446082803D9069A824200D313E132
:106E8000049B01371D78FFB26B1C03979F4200DD06
:106E90001DE1BD42E1D8039B5D1B089B6D019C4633
:106EA0006544E1E76B780CAA02321370584601235F
:106EB0000EA900F049FA91E5E3881A0AD8B20F2A20
:106EC00000D9F7E666499300CB589F460EA800F01C
:106ED0009FFA5846A179FFF795FB02222B781343BE
:106EE0002B707BE5E388012B00D0E3E608222B78AA
:106EF000584693430EA92B7000F010FA6EE502205D
:106F000029780CAB9A1C8B068908DB0F01400B43D8
:106F10001380584602230EA900F016FA5EE5E388B6
:106F2000012B00D0C6E608222B7813432B7018E7FC
:106F3000237A0F2B00D9BDE6EB181D79444B1B7843
:106F40009D4228D2444B6D011B685D19002D00D174
:106F5000B0E6686900F056FA012158466B690EAA3E
:106F60009847B8E6002A00D0A4E600239946627943
:106F70000220130003928343012B15D0002A00D076
:106F800098E62B004344534430331B790CAA9B07EB
:106F9000DB0F0232BCE75A1CAA4200DA8AE6ED1A7D
:106FA0002C4B6D01ED18D4E7E388002B12D1029B26
:106FB0001878039B012B23D0FFF7EAFB43460221FD
:106FC000EB18534430331A790A4301211A711A79A4
:106FD0000A431A714B46002B00D1FFE4586900F0B8
:106FE00011FA4B4601215B690EAA584698470020CA
:106FF00000F008FA3523EB5CDB0700D5EEE4B0E6E1
:10700000FFF7E4FB43460221EB18534430331A796F
:107010008A431A711A7903998A431A71DAE7FFF7DA
:1070200037FC9EE600215846FFF7F6FA5846FFF770
:1070300099FBAB78074903930491054B06499846A1
:107040001A780591002329001D008A461BE0C046DE
:10705000167D0220D4C90010F01B0020B41D0020B2
:1070600078C90010059B6A011B689B18002B4DD046
:10707000DB685846984743461A780135EDB2511CF3
:107080002B008D422EDC9542ECD39B1A049A5B01B7
:1070900094466344ECE70CAB9A1C584601230EA9B6
:1070A000157000F051F999E40B9A012A4FD0002A8B
:1070B0003CD00023B07804E00133DBB20F7193427F
:1070C00034D2C118C9B241440D79FF2DF4D04E46D7
:1070D0004546574600236B70ECE54E465746FFF792
:1070E000D5FB3EE65546542200212800FCF794FFCC
:1070F0001022FF21281DFCF78FFF28002022FF21EE
:107100001430FCF789FF039BAB7057E65546FAE74E
:10711000FEF7A4FE021E00D1CCE5D37891781B02C5
:107120000B4358460EA900F00FF9D4E565463B0025
:107130002A0031000A9800F07FFEAC46049B039AB7
:107140001B7866440133934200DB6CE6BFE7174BC4
:1071500029699942ADD1079AABE7FFF793FB021E6D
:1071600000D1A7E5584613780EA900F0EDF8B2E576
:107170002189FFF7C3F8021EF4D19BE5022A0FD044
:10718000FFF782FB021EC8D194E5FFF7AFF8021E9D
:1071900000D18FE5122358460EA900F0D5F89AE5E4
:1071A000FFF7A8F8021EB8D184E5C04601780010A8
:1071B000F8B557464E46DE4645460C00E0B516008B
:1071C0001F00002A3CD0702398461E4B00259B468A
:1071D0001D4B9A461AE05B461B78200099465346A1
:1071E000997800F0EBFD00281CD021004846FFF7FD
:1071F0002FFA002816D0A378DA09012A19D00A9AA2
:10720000013513702378E418B54219DA6378052B39
:1072100008D1E3789B079B0FBB4203D14246A3787A
:107220001A42D8D00020F0BCBB46B246A946A046C0
:10723000F8BD0B9A013513702378E418B542E5DBED
:107240000120F0E714110020A01D0020702270B56D
:107250008B780C001A4201D0002070BD064B200034
:107260001D78064B997800F0A9FD0028F4D0210084
:107270002800FFF7EDF9F0E714110020A01D002011
:107280000B007F2010B51840DB0934334000044A5E
:10729000C018044B1168C01800F04CFD10BDC0466A
:1072A000F41D0020A01D00200B007F2010B5184009
:1072B000DB0934334000044AC018044B1168C0187D
:1072C00000F060FD10BDC046F41D0020A01D002090
:1072D00070B57F240F480C4064000419CD0964196F
:1072E00030342079C00701D5002070BD01262579F2
:1072F0000948354300782571FFF738FA0028F4D1A2
:107300000122237993432371237903329343237119
:10731000EAE7C046A01D00201411002070B5094CFA
:107320000600082220000D00FCF77CFE00238021CF
:10733000E360A3602B783000994300220023FFF71D
:10734000C7FF70BD801D0020F8B5CE464746904669
:10735000254E80B58146082230000D001F00FCF745
:1073600061FE4346B3600023F381EC79AB792402DC
:107370001C43231CBC4200D93B1C9FB2B381002C90
:107380000DD0002F17D04246002A2BD0402F1BD8FB
:107390009FB233787F2B1CD80021144A0FE0802144
:1073A0002B780022994348460023FFF791FFC0BC89
:1073B000B946B046F8BD7F230022317899433B009F
:1073C0004846FFF785FFF2E740239FB233787F2BD3
:1073D000E2D9064C3A0041462000FCF723FE80210A
:1073E0002200ECE70020E2E7801D0020401D002085
:1073F00010B5142200210248FCF70EFE10BDC04655
:10740000801D0020014B18617047C046801D002080
:1074100010B5054C010008222000FCF703FE0023F4
:10742000A360E36010BDC046801D002070B5384CDD
:107430001D0023780600DA09C9098A4210D000200D
:10744000002D00D070BD21003000FFF7F3F8236954
:10745000002B03D022000321300098470120F1E7E0
:107460007F2B06D8A068002834D02A002949FCF7D1
:10747000D9FDE289A1685219E38892B24919E281E3
:10748000A160934214D03F2D12D9A389981A051CEC
:1074900080B240282AD82078ADB27F2828D8002191
:1074A0009A4232D01B4A2B003000FFF711FFC9E788
:1074B0002369002B05D022000221300098470028C4
:1074C0000AD0802123780022994330000023FFF75F
:1074D000FFFEB7E70020B5E700213000FFF758F9BD
:1074E00030008021FFF754F90120ABE74025D2E7B7
:1074F0009A4207D0074C2A002000FCF793FD802118
:107500002200D0E780210022CDE70022CBE7C04651
:10751000801D0020401D002070B50400FFF7BEF95B
:10752000002800D170BDFFF7C1F90028FAD1C823A7
:107530006343124DEE18F1780029F3D010335D1932
:10754000280000F0F3FD3F28ECD90020F178FFF788
:1075500097FE0028E6D0280000F0E8FDF1783F28EB
:1075600007D9074BE201D21800204023FFF7B0FEF5
:10757000D8E70020FFF798FED4E7C046781C00202B
:10758000F41B002010B50400FFF788F9002801D192
:10759000002010BDFFF78AF90028F9D1C822624304
:1075A000024B01309B181B791840F2E7781C002031
:1075B000C82310B543430248181800F099FD10BDC8
:1075C000881C0020F8B5C824802344431C4F103485
:1075D00005003C195B029A4200D31A4A200092B27D
:1075E00000F008FE0600FFF759F9002801D130002D
:1075F000F8BDFFF75BF90028F9D1C8236B43FF18EA
:10760000FB78002BF3D0200000F090FD3F28EED94E
:107610000020F978FFF734FE0028E8D0200000F0C1
:1076200085FDF9783F2807D9074BEA01D2180020D9
:107630004023FFF74DFEDAE70020FFF735FED6E7DF
:10764000781C0020FFFF0000F41B0020F8B50400A8
:10765000FFF724F9002801D10020F8BDFFF726F933
:107660000028F9D1C82565432E00134F2436F6199A
:10767000300000F03DFD0028EED07F190020B978E1
:10768000FFF7FEFD0028E7D00C4DE4016519290045
:107690004022300000F0AEFDB978041E08D003008F
:1076A0002A000020FFF714FE0028D5D02000D4E7E0
:1076B0000020FFF7F9FDCFE7781C0020341C0020E4
:1076C00070B5C82444430C4B0500E41880235B02CA
:1076D0009A4200D3094A200092B200F051FE0600FF
:1076E000200000F005FD3F2801D8300070BD2800C3
:1076F000FFF7ACFFF9E7C0469C1C0020FFFF00002D
:10770000C82310B543430248181800F00FFD10BD00
:107710009C1C0020F0B50025184C83B0C822002125
:107720002000FCF779FC164B21001D70FF236371CC
:10773000E1235B02A360200008234022A3733831B9
:107740000095073B103000F09DFC2700012321002D
:1077500020002600402278310093B837243000F012
:1077600091FCC0363800FAF7C5FD3000FAF7C2FDCB
:10777000E56127622663656303B0F0BD781C0020D5
:10778000741C00200A4A116B136A00290CD0002BCC
:1077900007D00023D36153631363002313620120D6
:1077A000704753631363FAE7002BF8D0D161F4E715
:1077B000781C002070B50F4C052200212000FCF73A
:1077C0002BFC0D4D2B78DA0707D50C4C9B070CD5FD
:1077D0000121200000F0B0FE70BD2000103000F04C
:1077E0008BFE2B78054C9B07F2D4200000F084FE22
:1077F000EEE7C046781C0020741C00209C1C002072
:10780000F0B54B79060083B0022B02D18B79022BA5
:1078100003D00025280003B0F0BD204FBB78002B1B
:10782000F7D18B7809253B700C780C196378242BE1
:1078300007D00CE02378E4185D196378ADB2242BEF
:1078400005D19542F6D90020FFF766FEE2E71A005F
:10785000052B15D0042AF6D163790A2BF3D1104BEE
:10786000277801930133009330000223E119023A93
:10787000FFF79EFC0028CCD00E35ED19ADB2E2E743
:1078800021003000FFF7E2FC0028C2D0A3787B7013
:1078900023785D19E4186278ADB2DBE7781C00202C
:1078A0007A1C0020F8B560231400127805001340FC
:1078B0000020202B07D1304A6379277916781B02E4
:1078C0003B439E4200D0F8BD6378222B1AD007D8E4
:1078D000202B34D0212BF6D101293ED00120F2E714
:1078E000232BF0D1012940D00329F7D1234B002BC2
:1078F000F4D0E178A37809020020194300E000BF2A
:107900000120E0E7012930D00329E7D101252E002D
:10791000A378E478023924021C43147126402432EF
:107920001000714000F008FE154B002BD6D0620805
:10793000002031002A4000E000BF0120C3E70129F8
:107940000BD00329CAD10F4B002BC7D0083200201F
:107950001100FEF7A7FA0120B5E707232100280050
:10796000094AFFF7F1FC0120ADE721002800FFF7ED
:10797000D5FC0120A7E7C046781C002000000000CD
:1079800000000000A55E0010801C0020F0B54F46EE
:107990004646D646C0B5364D8046EA780C001F00F4
:1079A0008A423CD0AB788B4210D00020E0BCBA4673
:1079B000B146A846F0BD2F4B002B04D02E4800F056
:1079C000ADFB002851D00020FFF7A6FDAB78A34205
:1079D00001D00120EAE7294B002B02D0002000E073
:1079E00000BF0020FFF732FE0028F2D1244C200017
:1079F00000F07EFB0028ECD1002FEAD0BF06E8D1D2
:107A0000243C4046A178FFF73BFC0028E1D000234E
:107A100000224046A178FFF75BFC0120C6E79AB23E
:107A200010239A46174EAA443100504600F0A8FC95
:107A3000154B002BBFD06B79FF2BBCD0002FBAD0D9
:107A4000F219914603E001364E45B4D06B79327895
:107A50009A42F8D1504600F061FB0028F3D153461A
:107A6000103B597900E000BFEDE700E000BFAAE756
:107A7000781C002000000000881C0020000000008E
:107A80009C1C0020F41B0020000000009322F0B595
:107A9000134C85B0002120009200FCF7BDFA2300B2
:107AA0002000802640270F4D4D337600FF332930CC
:107AB0000295009300220023002103970196FF30D6
:107AC00000F0D4F94035201D283400230122002184
:107AD000039702950196009400F0C8F905B0F0BD37
:107AE0003C1F0020BC1E002010B5054C200000F0FB
:107AF000F3F920002538FF3800F0EEF9012010BD21
:107B00006420002070B5084C002520003130FF3083
:107B1000257000F0F1FC20000C3000F0EDFC2A2371
:107B2000FF33E554657170BD3C1F0020F8B5574622
:107B30004546DE464E46E0B54B7980460F00FF2BAA
:107B40005BD1404B99462A234946FF33CB5C002B3F
:107B500053D14E79002E50D1BB783C780B703B79D5
:107B60003C19002B46D098235B004B449A460C23CB
:107B70004B449B46A51803E0AC423BD22378E41863
:107B80006378052BF8D1AC4234D221004046FFF790
:107B90005DFB002831D0A3780136F6B2DB09012B5A
:107BA00032D0504600F0A8FC2A234946A278FF3381
:107BB000CA54637922791B021343234A5B05944616
:107BC0005B0D942163445A4253414A4602204900C6
:107BD000525C5B00824313434A465354514640462D
:107BE000083900F0E3F9002807D02378E4183B793E
:107BF000B342C5D8E01B80B200E00020F0BCBB4619
:107C0000B246A946A046F8BD584600F075FC5A4653
:107C1000A3780C3A5371637921791B020B430A490B
:107C20005B058C465B0D634459424B410220117940
:107C30005B0081430B43594600200839137100F063
:107C400081F9D2E73C1F002000FEFFFFF8B52A258E
:107C500006001F48FF35455D1F008D4215D0437952
:107C60008B4201D00020F8BD1A4B002B04D0390400
:107C70000020090C00E000BF174C3000210000F08C
:107C800061F900281DD00120EDE79A235B00C35A5B
:107C9000002B0DD1114B002B04D000201049BAB29B
:107CA00000E000BF30000F4900F080F90120DAE762
:107CB00096235B00C1583130BAB2FF3000F060FB50
:107CC000E8E73A002100300000F008F90120CAE797
:107CD0003C1F002000000000401F002000000000AA
:107CE000BC1E00206420002000B5030083B00029E2
:107CF00010D00020012B07D80A78002A04D00C48A5
:107D0000C2540120012A01D003B000BD1800FEF7C3
:107D1000D5FDF9E701236A46002001A99380FEF70B
:107D2000CDFD0028F0D00122014B1A70ECE7C046CF
:107D3000941D0020037870B5DB0704000E00DD0FF2
:107D4000002B17D103785B0701D5280070BD0121F6
:107D50003000494203F01CFC2378DB07DD0F002BC9
:107D60000AD123785B0708D4042223780125134322
:107D7000237002E00025E8E70025300003F0D8FB7F
:107D8000E3E7C04670B50C0001210600494220001F
:107D900003F0FEFB33785B07DD0F002B04DB2000D4
:107DA00003F0C6FB280070BD3378DB0704D404223F
:107DB000337893433370F2E70025F0E74379027993
:107DC0001B021343C2785B0592075B0D920F022AD8
:107DD0001DD0032A0CD00020012A08D102394A42C2
:107DE0005141124A9446614499424041C0B27047A1
:107DF00002394A1E91410E4A494211408022D20066
:107E000094460020614499424041C0B2EFE7022904
:107E100005D0002040229A424041C0B2E7E7054A1F
:107E2000981843425841C0B2E1E7C046FF03000042
:107E300040FCFFFF00FEFFFF8A1870B5914207D299
:107E40007F264C78052C04D00C7809198A42F8D882
:107E500070BD34008D782C4064000419ED09635521
:107E60000C7809198A42ECD8F2E7C046F0B5C6464C
:107E700000B582B0150008AA40CA040017886A46F7
:107E8000928D012090460A00217802408143200013
:107E9000114321703A00009331000123083000F0B3
:107EA000F1F8002E01D0002F08D10A9B0120636059
:107EB0004346638002B080BCB846F0BD26001C3645
:107EC0003000FAF717FA0023002D01D03300002606
:107ED0006361A661E9E7C04601207047F8B5022456
:107EE0000B7807001C4063425C41144B64421C4009
:107EF000134B08009C4608300D001600644400F047
:107F0000F7F8002807D1002E05D0344203D1012410
:107F10002B781C4201D00020F8BD38006978FFF7AB
:107F2000AFF90028F7D02B781C42F4D100230022AF
:107F300038006978FFF7CCF9EEE7C04640FEFFFF56
:107F4000FF010000F8B50D000835060028000C0000
:107F500000F0CEF8002803D0012723781F4201D07B
:107F60000020F8BD30006178FFF78AF90028F7D0CB
:107F700028006288616800F03DF9237805001F4001
:107F800000280BD0002FEBD103006268300061782D
:107F9000FFF79EF90028E3D02800E2E7002FDFD1A9
:107FA00030006178FFF780F9DAE7C046F8B5CE46D1
:107FB000474680B58A8906000C000B78002A07D155
:107FC00001251D4240D00020C0BCB946B046F8BDD6
:107FD0009B0733D42A4B40259946270008373800A1
:107FE00000F0A4F88542EED80122237890461A4288
:107FF000E9D130006178FFF743F90028E3D0380079
:1080000000F094F8424623781A40854231D8002A7D
:10801000D9D14A46638802401D1C934200D9151CE1
:10802000ADB200226178002D00D062682B003000D4
:10803000FFF74EF90028C6D02800C5E7FE238025AB
:108040001B029946AD00C8E74978FFF719F90028E7
:10805000B9D023781D42B6D1638800226178002B05
:1080600000D062683000FFF733F90028ABD0608899
:10807000AAE7002AA7D130006178FFF715F9A2E737
:10808000C0FF0000F0B5C64600B504006846057E96
:108090008020884617001E000002824226D8E06831
:1080A000002803D00121494203F072FA2069002818
:1080B00003D00121494203F06BFA43462360730465
:1080C0005B0CED031D430023E0686381A780E5801E
:1080D0002381002801D003F02BFA2069002801D069
:1080E00003F026FA012080BCB846F0BD0020FAE774
:1080F00010B5048941898288A3B288B28C4207D323
:108100001B1A9BB2101C9A4200D9181C80B210BDD9
:108110005100091A5B189BB2F4E7C04603894089F5
:10812000181A43425841C0B27047C04610B504897E
:1081300041898288A3B288B28C4207D31B1A9BB2B2
:1081400000209A4201D9D21A90B210BD5100091AEA
:108150005B189BB2F4E7C04670B5040000690E00DE
:10816000002803D00121494203F012FA25896089D1
:10817000A288A9B283B2854232D3CD1AADB2002D06
:1081800028D0AA4208D291422FD3891A8BB2638198
:108190009A4203D89B1A9BB29A42FBD9E288216883
:1081A0005204520C53433000C918FBF73BFF63895C
:1081B0000125591C89B2A2888B420DD90021520099
:1081C000891A89B220696181002801D003F0B0F9D1
:1081D000280070BD618989B252009142F2DBEFE75D
:1081E0005500ED1A4D19ADB2C9E789188BB26381FC
:1081F000CEE7C046F0B546464F46D646C0B5060067
:10820000006989469046002803D00121494203F0C5
:10821000BFF931897289B5888BB294B2914254D337
:108220001F1BBFB2002F4AD0BD4205D2AB4251D274
:108230005B199CB22F0074814346B8453DD89FB26C
:10824000A54203D8641BA4B2A542FBD9F2883168C9
:108250005204520C904662432B1B9BB28918424633
:108260009F4225D953439BB21A0048469A46FBF7D2
:10827000D9FE434648467D1B64195C43316850442F
:10828000A2B2FBF7CFFE7189B588CB199BB26A0009
:10829000994216D99B1A9BB230697381002801D08C
:1082A00003F046F93800E0BCBA46B146A846F0BD36
:1082B00048467A43FBF7B6FEE5E73B1CBFE7738908
:1082C0009BB26A009342E7DBE4E76F003F1BDF19D4
:1082D000BFB2A7E75B1B9CB2ACE7C046F8B5040091
:1082E000C0680E00002803D00121494203F050F974
:1082F000258920896189A288ADB283B28FB2884274
:1083000029D3DB1B9BB29A4209D8E779FF0906D132
:10831000E068002801D003F00BF93800F8BD2B000D
:1083200095421DD39B1A9BB29342FBD2E2882068F0
:108330005204520C53433100C018FBF773FE6B1C00
:108340009BB2A2889D4217D9002352009B1A9BB270
:1083500001272381DCE75100C91B5B189BB2D2E7E0
:10836000E28820685204520C53433100C018FBF7D6
:1083700059FE0135A288ABB252009342E8DBE5E733
:10838000F0B54E465746DE464546E0B589460600FE
:10839000170083B0002A67D0C068002803D00121ED
:1083A000494203F0F5F83389F2799BB29846738914
:1083B000B5889BB2D20940D198455ED26A00D31AE3
:1083C00043449BB2AB425DD2EB1A1A1C9BB2BB4238
:1083D00000D93A1C97B27B1B9BB20193F3885B04D4
:1083E0005B0C9A464346DB199BB29B464446A84524
:1083F00003D3641BA4B2AC42FBD253466343306840
:108400002D1BADB2C018BD424BD3524649467A43EC
:10841000FBF708FEB3885B00D84501D89B4503DB1A
:108420005A46D31A9BB29B465B463D003381F068A7
:1084300000281AD003F07CF817E0F2885204520C9E
:108440009246AF4220D298454DD34246D21A92B2BC
:108450006900781B80B2D21901908A4233DA434610
:10846000FB189BB29B46C1E70025280003B0F0BC77
:10847000BB46B246A946A046F0BD4246D31A9BB2BF
:10848000AB42A1D30025D2E7002DD0D07F1B5743AC
:1084900098465A19002392B2B94493462F0001938B
:1084A000A4E753465D43ADB22A004946FBF7BAFD47
:1084B000019B2900E21853465A43306892B249445E
:1084C000FBF7B0FDA6E75A1992B29346D21B92B2BF
:1084D000904693420CD94346591A8BB29846FB18E2
:1084E0009BB29B4682E76900CA1A424492B2B0E747
:1084F000914200DD7AE7EEE710B50400C06800287D
:1085000003D00121494203F043F82069002803D039
:108510000121494203F03CF80023E0686381238194
:10852000002801D003F004F82069002801D002F0EF
:10853000FFFF012010BDC04670B50400C0680D00EB
:10854000002803D00121494203F022F820690028C5
:1085500003D00121494203F01BF87F21E379ED01AB
:108560001940E0682943E171002801D002F0E0FFE2
:108570002069002801D002F0DBFF012070BDC04659
:108580000B4A13681868203080F30988022080F3B2
:108590001488BFF36F8F3FBCAE4608BC04BC62B604
:1085A0001847C046C046C046C046C046C046C04642
:1085B000E83700200000000000000000000000007C
:1085C000EFF30980164B1A6820381060F0C044465B
:1085D0004D4656465F46F0C00D221207146E556E8A
:1085E000566F176F3038F0C008B572B601F000FD55
:1085F00062B60CBC116808681030F0C8A046A946E5
:10860000B246BB4680F309880D2212073038F0C805
:108610001466556656671767F0C81847C046C046C7
:10862000E837002010B5F9F7A9FBC046D02300B504
:108630001B061A6D83B0D20704D501219A6D1A6DFD
:108640001142FBD1D023FF221B061A650023114AD9
:1086500001931168EFF3108C72B60B68002BFCD0FD
:10866000BFF35F8F00230C48126801680360BFF3FB
:108670005F8F13608CF31088084B01AA186800F014
:1086800001FB019B002B03D08022054B52051A6091
:1086900003B000BDE4370020247C0220907C02203F
:1086A00004ED00E07047C04610B58024031F640449
:1086B0001C60043B19600349043B1960143B4038BB
:1086C0001A6010BD258600108022044B52051A60E6
:1086D000BFF34F8FBFF36F8F7047C04604ED00E0CC
:1086E00072B6044A136801331360BFF34F8FBFF3B0
:1086F0006F8F7047207C0220034A1368013B136090
:10870000002B00D162B67047207C0220EFF310806E
:1087100072B6704780F310887047C04610B5FFF7F7
:10872000F5FF040001F052FC002803D08022034B27
:1087300052051A602000FFF7EDFF10BD04ED00E0C8
:10874000002310B5084A094C052023601360FAF78E
:1087500013FBFA218900FAF769FD054B013818600F
:108760000723236010BDC04618E000E010E000E0E1
:1087700014E000E0FF221F4B1204196810B50A43F1
:108780001A60FF22196812060A431A601A490E205D
:1087900002F09EF919490F2002F09AF918490B20AE
:1087A00002F096F9FFF7CCFF0022164B1A60D02397
:1087B0001B06154A1C681470FF221A651A6DD20731
:1087C00004D501219A6D1A6D1142FBD10F34FF219E
:1087D0002000F9F7D9FC20000C49F9F7B1FB012181
:1087E0002000F9F775FBFFF7CBFE01F001FCF9F76C
:1087F000C5FAC04620ED00E0C18500101D870010BD
:10880000A5860010207C0220151100202D86001066
:10881000D02310B51B061868074B1B78834200D085
:1088200010BDEFF30583002B02D05B00C018F7E703
:1088300001F04AFEF4E7C0461511002010B5030010
:108840000268154882B00478D0200006006884428F
:1088500008D0BFF35F8F0023136081F3108820BF1F
:1088600002B010BDBFF35F8F0020106081F310884D
:108870000A4A1B6810680A4A944663449A105C2BA3
:1088800000D9183A012301215B4291400093012253
:10889000002300F04DF9E3E715110020907C022041
:1088A00000FFFF2F0A002B4930B58C46036883B0C8
:1088B00063449C105C2B00D9183C0121264BA1403D
:1088C0001C78D0231B061B689C421FD040BF234D41
:1088D00003682C68A34234D02368002BFCD0BFF37C
:1088E0005F8F1F4C23680B4323602B68BFF35F8FA0
:1088F000002119600368D020002100064165BFF304
:108900005F8F196082F3108803B030BD40BF0368E9
:10891000BFF35F8F00241C6082F31088EFF30583A0
:10892000104ADBB21068002B10D001AA019400F0AD
:10893000A9F9019B002BE7D080220B4B52051A604E
:10894000E2E7074C206808432060D4E700F04CF9C8
:10895000DAE7C04600FFFF2F15110020E4370020A2
:10896000247C0220907C022004ED00E0F0B5CE468D
:10897000474680B51D00344B14001A78D0231B06DF
:108980001B688046894683B09A420FD00368BFF3C4
:108990005F8F00221A6081F3108820002900FAF707
:1089A0004BF803B0C0BCB946B046F0BDFAF7DCF8EE
:1089B00026002F00361A8F41012124484942801990
:1089C000794143461E6800291EDC19D0BFF35F8F32
:1089D0000023336089F310881D4B5A6A954205D8ED
:1089E0009B6A0120A342DCD29542DAD18022194B46
:1089F00052051A60BFF34F8FBFF36F8F0020D0E78F
:108A0000FA239B009842E1D3FA2200239200FAF75E
:108A100033FC031EDAD0BFF35F8F0022326089F38C
:108A200010880D4A0D49106842468C46126862440F
:108A300096105C2A00D9183E01210093B140002312
:108A4000012200F075F8C7E71511002018FCFFFFA0
:108A50000040054004ED00E0907C022000FFFF2F65
:108A600010B5F9F7F7F9054A054B944660448000C4
:108A7000186000F051F8034B186010BD400000343E
:108A8000E4370020907C0220F8B5DE4657464E467B
:108A90004546E0B505000F00060001F021F9296800
:108AA0002C6939430C362960A6422CD00023984605
:108AB0008023DB049B4680235B049A4680239B042F
:108AC00099460FE06746002F0AD057463A4202D037
:108AD00042461A4390464B46194301F05DFC296813
:108AE000A6420ED020000F000268646813021B0A21
:108AF0001F40BC465F463A42E4D06345E5D0A642FB
:108B0000F0D143469943296001F0F2F8F0BCBB462E
:108B1000B246A946A046F8BD10B5182001F0FCFFEA
:108B2000041E03D0002308C000F0B8F8200010BDD8
:108B3000F0B5C6460D00060000B51F00904601F0D6
:108B4000CFF82B0034682340002F0DD1002B28D004
:108B50004346002B28D02300AB43336001F0C8F814
:108B6000200080BCB846F0BD9D42F1D0069B002B92
:108B70001AD0434680215A1E9341C9041B0619434B
:108B8000069A2943301D01F0C3FA01F0B1F800281C
:108B900024D001F09FFC040083010DD52402240A97
:108BA000DEE7069B002B02D101F0A2F8D8E7414690
:108BB0004B1E99410906E3E7FFF792FD3468230055
:108BC0002B40002F0DD1002B05D04346002B02D0A7
:108BD0002300AB433360FFF78FFDDFE7FFF774FD42
:108BE000D7E7AB42F7D1F0E7F0B5DE4657464E4641
:108BF00045460400E0B583B00D000600019001F089
:108C00006FF82200136824690C361D433700156085
:108C1000A6422BD0002399468023DB04984680236C
:108C20005B049B4680239B049A460FE000290BD0EF
:108C300059460A4202D04A461A43914651462943B0
:108C400001F0AAFB019B1D68A7420DD0200029005E
:108C500046460268646813021B0A19403242E5D096
:108C60008B42E5D0A742F1D14B469D43019B1D604D
:108C700001F03EF8280003B0F0BCBB46B246A9465E
:108C8000A046F0BD10B5044C13000A0001002000FE
:108C900001F008FF10BDC046898A001003000833A8
:108CA00001224360C360036100235242826003607B
:108CB0007047C046002303617047C046030030B5CB
:108CC0000D6808336A1C0DD01C005B681A68AA4244
:108CD000FAD94B60996003688C6001336160086168
:108CE000036030BD04696368F3E7C0460369416807
:108CF00082688A6051605968814205D00022026111
:108D000018680138186070475A60F7E770B50500B9
:108D10000E0000283ED0030C0A0C002B3FD1002A85
:108D20002DD1300068430300493333D8483001F077
:108D3000F3FE041E2ED00300002E2ED12360E56327
:108D40002664FFF7CDFC216CE36B22684B43D018FF
:108D5000A06000205B1A6260D218E260FF23442208
:108D6000A0632000A3540132A3541030FFF796FFF4
:108D700020002430FFF792FFFFF7BEFC0BE0131C2E
:108D8000A9B2B2B24A4380B29BB24343120C9B18C1
:108D90001B0CC6D00024200070BD4833CEE7002A4B
:108DA000F8D1081CECE7C046F0B5CE4647460400B3
:108DB00080B585B0994601928846FFF791FCA26B79
:108DC000E36B9A427FD34A460023022A00D1E2E0B5
:108DD00026002436019A002A00D1F3E0002B00D1AE
:108DE000D5E0FFF789FC00F07BFFFFF779FC442218
:108DF000A35C5BB2013301D10023A3544522A35CE1
:108E00005BB2013301D10023A354FFF775FC01A924
:108E100002A801F017FB002800D0D7E0FFF760FCA4
:108E2000A26BE36B9A4261D0FFF766FCFFF758FC38
:108E30004523E55C6DB2002D05DC13E0013DEBB28E
:108E40006DB2002B0ED0636A002B0BD0300001F006
:108E50003DFA0028F2D0013D01F030FBEBB26DB2DB
:108E6000002BF0D14523FF22E254FFF745FCFFF72A
:108E700037FC44232700E55C10376DB2002D05DC7C
:108E800013E0013DEBB26DB2002B0ED02369002B35
:108E90000BD0380001F01AFA0028F2D0013D01F0A1
:108EA0000DFBEBB26DB2002BF0D14423FF22E25454
:108EB000FFF722FC00F01CFFFFF712FCA26BE16B36
:108EC0000123914286D9226CA56B002A00D0C7E00D
:108ED0000135636AA563002B00D0D3E0FFF70CFCDB
:108EE000012005B0C0BCB946B046F0BD2700103720
:108EF000FFF702FC3800019901F0BAF8FFF7F0FB28
:108F00004523E55C6DB2002D05DC13E0013DEAB2BE
:108F10006DB2002A0ED0636A002B0BD0300001F036
:108F2000D5F90028F2D0013D01F0C8FAEAB26DB2DD
:108F3000002AF0D14523FF22E254FFF7DDFBFFF7C3
:108F4000CFFB4423E55C6DB2002D05DC13E0013D51
:108F5000EAB26DB2002A0ED02369002B0BD0380084
:108F600001F0B4F90028F2D0013D01F0A7FAEAB20D
:108F70006DB2002AF0D14423FF22E254FFF7BCFB7C
:108F800000F0B6FE002897D1FFF79EFB94E702A8F9
:108F900001F04CFA25E7226CA56B002A98D04146D7
:108FA000E068FBF73FF8226CE36851429B1A2268A5
:108FB000E360934202D2A3685B18E360002D00D007
:108FC00087E785E7FFF798FB00208AE7FFF788FB34
:108FD00045232600E55C24366DB2002D05DC13E048
:108FE000013DEAB26DB2002A0ED0636A002B0BD0AD
:108FF000300001F06BF90028F2D0013D01F05EFA7B
:10900000EAB26DB2002AF0D14523FF22E254FFF705
:1090100073FBFFF765FB44232600E55C10366DB259
:10902000002D05DC13E0013DEAB26DB2002A0ED03E
:109030002369002B0BD0300001F048F90028F2D052
:10904000013D01F03BFAEAB26DB2002AF0D14423AF
:10905000FF22E254FFF750FB00F04AFE002040E7F9
:109060004B46002B18D141466068FAF7DBFF636876
:10907000226C9B18A2686360934200D228E72368A1
:10908000636025E72000243001F020F9002800D19A
:1090900024E7FFF719FB21E74146E068FAF7C2FF32
:1090A000226CE36851429B1A2268E360934204D326
:1090B0004B46022B00D00BE780E7A3685B18E36008
:1090C000F6E7C046F0B54F46D64646460400C0B562
:1090D00091461E000F00FFF719FBA26BE36B050022
:1090E0009A4221D300239846022E08D02800FFF789
:1090F00011FB4046E0BCBA46B146A846F0BD453338
:10910000E35C226C5BB29846A36BA36B9A46002A81
:1091100032D10133A3634346013321D1636A002B6B
:109120003DD101239846E1E74523E35C226C5BB225
:109130009846A36BA36B9A46002AEAD0002E3BD137
:1091400039006068FAF76EFF6268236CA168D21874
:109150005346626001338A42DCD322686260D9E7F9
:1091600000F02EFF8045DCD24346452201335BB23E
:10917000A35401239846B9E73900E068FAF752FF93
:10918000226CE36851429B1A2268E360934202D248
:10919000A3685B18E3605346002BBBD1B9E72000FE
:1091A000243001F093F80028BBD04B46002BB8D0F8
:1091B00001234A461360B4E73900E068FAF732FF4A
:1091C000226CE36851429B1A2268E360934204D305
:1091D000022EE0D0534601339CE7A3685B18E3609E
:1091E000F6E7C046F0B5CE464746040080B585B0E8
:1091F00088460192FFF774FAA56B002D00D029E193
:10920000019B002B00D1D0E0260002A801F00EF94E
:1092100044272436FFF770FA00F062FDFFF760FA8A
:10922000E35D5BB2013301D10023E3554522A35C2A
:109230005BB2013301D10023A354FFF75DFA01A90A
:1092400002A801F0FFF800285AD1FFF749FAA36BF2
:10925000002B00D0B1E0FFF74FFA24239946A14438
:109260004846019900F004FFFFF73AFA4523E55C10
:109270006DB2002D05DC13E0013DEAB26DB2002AAB
:109280000ED0636A002B0BD0484601F01FF800286F
:10929000F2D0013D01F012F9EAB26DB2002AF0D12C
:1092A0004523FF22E254FFF727FAFFF719FA442378
:1092B000E55C343B99466DB2A144002D05DC13E01A
:1092C000013DEAB26DB2002A0ED02369002B0BD00B
:1092D000484600F0FBFF0028F2D0013D01F0EEF817
:1092E000EAB26DB2002AF0D14423FF22E254FFF724
:1092F00003FA00F0FDFC00284ED1FFF7E5F94BE042
:10930000FFF7EEF94523E55C6DB2002D05DC13E0B7
:10931000013DEAB26DB2002A0ED0636A002B0BD079
:10932000300000F0D3FF0028F2D0013D01F0C6F874
:10933000EAB26DB2002AF0D14523FF22E254FFF7D2
:10934000DBF9FFF7CDF910239946E55DA1446DB235
:10935000002D05DC13E0013DEAB26DB2002A0ED00B
:109360002369002B0BD0484600F0B0FF0028F2D054
:10937000013D01F0A3F8EAB26DB2002AF0D1FF235B
:10938000E355FFF7B9F900F0B3FCFFF7A9F9A36BB8
:10939000002B0AD0FFF7B0F9FFF7A2F9A56B002D5B
:1093A00058D1019B002B00D034E7FFF7A5F900202E
:1093B00005B0C0BCB946B046F0BDFFF79DF9FFF758
:1093C0008FF94523E55C213B99466DB2A144002D00
:1093D00005DC13E0013DEAB26DB2002A0ED0636AEB
:1093E000002B0BD0484600F071FF0028F2D0013D61
:1093F00001F064F8EAB26DB2002AF0D14523FF22F1
:10940000E254FFF779F9FFF76BF94423E55C343B4D
:1094100099466DB2A144002D05DC13E0013DEAB28E
:109420006DB2002A0ED02369002B0BD0484600F005
:109430004DFF0028F2D0013D01F040F8EAB26DB2D4
:10944000002AF0D14423FF22E254FFF755F900F03F
:109450004FFCA1E7226C002A08D0E168A3688918B4
:10946000E16099420BD24046FAF7DCFD2369013DE9
:10947000A563002B06D1FFF73FF9012098E721688B
:10948000E160F0E72000103000F020FF0028F2D06B
:10949000FFF71AF9EFE7C04610B5002943D0554B46
:1094A0005A68904200D18EE01A68002A3CD0DA68EF
:1094B000904200D19CE09A68002A54D05A699042A8
:1094C00000D193E01A69002A53D0DA69904200D1A2
:1094D00080E09A69002A52D05A6A904257D01A6A9C
:1094E000002A58D0DA6A904200D175E09A6A002AC0
:1094F00057D05A6B904200D170E01A6B002A56D0B8
:10950000DA6B904200D16BE09A6B002A55D05A6C0E
:10951000904267D01A6C002A57D0DA6C904263D020
:109520009A6C002A30D010BDDA68904260D05A6937
:1095300090425BD01A00DC69A0424BD05C6AA0422A
:1095400025D0DC6AA04247D05C6BA04246D0DC6BE1
:10955000A04245D05C6CA04244D0DC6CA04243D019
:1095600011605060DFE75A6990423FD01A0008321C
:10957000E1E7DA6990422DD01A001032DEE75A6A2C
:10958000904204D01C4ADCE748331A00E8E7042282
:10959000D2009A18E4E7DA6A90421DD01A0020320D
:1095A000D2E75A6B904219D01A002832CFE7DA6B13
:1095B000904215D01A003032CCE75A6C904211D04C
:1095C0001A003832C9E70022E2E7DA6C90420BD089
:1095D0000A4AC5E70322DBE70522D9E70622D7E7D7
:1095E0000722D5E70822D3E70922D1E70222CFE7F5
:1095F0000122CDE7181A0020301A0020581A002046
:1096000070B5050016000C00FFF76AF84422AB5C49
:109610005BB2013301D10023AB544522AB5C5BB29A
:10962000013301D10023AB54FFF766F8AB6B002B7D
:1096300046D0FFF755F84523EC5C64B2002C16DDEC
:109640002E00243604E0013CE2B264B2002A0ED0BF
:109650006B6A002B0BD0300000F038FE0028F2D0EF
:10966000013C00F02BFFE2B264B2002AF0D14523A6
:10967000FF22EA54FFF740F8FFF732F84423EC5C8E
:1096800064B2002C16DD2E00103604E0013CE2B27C
:1096900064B2002A0ED02B69002B0BD0300000F0F2
:1096A00015FE0028F2D0013C00F008FFE2B264B2DF
:1096B000002AF0D14423FF22EA54FFF71DF870BDC1
:1096C000280032002100243000F084FDB1E7C046BC
:1096D000F0B5C64600B50400FFF702F8374A384F28
:1096E0001368013313603B68002B34D0354BE26ABA
:1096F00098461B68002B28D0334E34490B68013341
:109700000B60334B1968914200D21A6093009B188A
:109710009B00F1184A689068A26084466546E06044
:10972000201D68609060F25861610132F250FEF7CE
:10973000E3FF43461B68002B04D03B68DA6AE36A08
:109740009A4211D380BCB846F0BD3B68DB6A9342B5
:10975000D2D83C60D0E73C601368012B07D0194B8E
:10976000E26A9846184EC8E7FEF7AEFFEAE7F02334
:10977000154E5B0098463500B04428001435FFF7BD
:109780008DFA4545F9D1134B98461800FFF786FA34
:10979000114D2800FFF782FA1048FFF77FFA1048B2
:1097A000FFF77CFA0F48FFF779FA42460E4B1A6032
:1097B0000E4BE26A1D60034B98469EE7287C022010
:1097C000E8370020D07C022000380020347C0220C2
:1097D000387C0220687C02207C7C0220BC7C022039
:1097E000F07C0220DC7C0220F0370020F8370020DB
:1097F000F8B54746CE46294B80B51E68284B8946AA
:109800001F68284B00211B6804009846A823264D9A
:10981000FF332A682868D1540430FFF767FA631CC5
:1098200018D02B6834195C60A64208D929684046D4
:109830000431FFF743FAC0BCB946B046F8BD296809
:1098400038000431FFF73AFA184B1A68A242F2D9ED
:109850001C60F0E74B46002B0CD12A68731E536046
:109860009E42E3D8296838000431FFF727FA0F4BEE
:109870001B68E0E70E4B29685A688A60906829687F
:10988000C8602968043141602968043191602A6800
:1098900053611A6801321A60CDE7C046047D022088
:1098A000F0370020F8370020E8370020A87C02209D
:1098B000DC7C0220F8B5CE464746960080B580464F
:1098C00030000D00994601F027F9071E00D1A8E0ED
:1098D000D420400001F020F9041E00D19EE0D422E3
:1098E00000215200FAF798FB3200A52138002763C7
:1098F000FAF792FB236B043E9E1907239E43002D2B
:109900004BD034222B78A354002B43D06B780132F8
:10991000A354002B3ED0AB780132A354002B39D096
:10992000EB780132A354002B34D02B790132A354AD
:10993000002B2FD06B790132A354002B2AD0AB79A6
:109940000132A354002B25D0EB790132A354002B14
:1099500020D02B7A0132A354002B1BD06B7A01321A
:10996000A354002B16D0AB7A0132A354002B11D094
:10997000EB7A0132A354002B0CD02B7B0132A35481
:10998000002B07D06B7B0132A354002B02D0422363
:10999000AA7BE25443230022E254089D172D3BD8B2
:1099A000201DE562FFF786F920001830FFF782F9E5
:1099B0001823A02220005B1B0021A3615200246118
:1099C00064625830FAF728FB174B0120E3651A0050
:1099D000D0336366230000216832F03322661860BA
:1099E0005960F823114A4146E250114A0433E250CB
:1099F000104A0433E2500B220433E25230004A464C
:109A0000FEF752FE099B2060002B00D01C60200056
:109A1000C0BCB946B046F8BD1725C1E7380001F013
:109A20000DF90024F3E7C046B81A00200E33CDAB81
:109A300034126DE6ECDE0500F0B5C646144B00B5F9
:109A40009846144D144F154E18E0FEF749FEFB687A
:109A5000DC68201DFFF74AF93368013B33602B684F
:109A6000013B2B60FEF748FE2000583001F072FBEE
:109A7000206B01F0E3F8200001F0E0F82B68002BE8
:109A8000E3D143461B68012BF8D9FEF71DFEF5E72D
:109A9000003800202C7C0220F07C0220287C022050
:109AA000F0B5DE4657464E464546594BE0B51A6876
:109AB00083B0013294461A60002A5FD055490B6882
:109AC0009C4570D3544B99461B681B68002B00D1F2
:109AD00098E000239846514B514E9B46514B0191C3
:109AE0009A4639E0002159611168013911609A6A7A
:109AF000002A0ED0D969186A55688860416019003B
:109B000018318D4200D173E000219962116801394A
:109B100011605246D96A1268914201D952461160C9
:109B20008A0052189200B518686887689860DF60EC
:109B30007C6084605D61B3580133B3505B461B6841
:109B40004246DB6A8B429B415B421A434B461B6891
:109B500090461B68002B50D04B461B68DB68DB68C7
:109B60005A68944546D35A699868D9681C1D816023
:109B700048605068A042B5D15160B3E7264B2A4AED
:109B8000196810681860116028490A6801320A6073
:109B90001A681268002A25D101231E495B420B6016
:109BA0000B689C458ED2002398461C4B1C4E9B464E
:109BB0005B4601201B681E4AD96A12688B005B183D
:109BC0009B00F3589842804113005A1E9341404233
:109BD00018434346184303B0F0BCBB46B246A946FF
:109BE000A046F0BD1B680B49DB681B680B6066E78D
:109BF000506089E701990A60DAE7019901235B4225
:109C00000B60D5E79846054B054E9B46F6E7C046E8
:109C1000047D0220A87C0220F0370020E8370020D5
:109C200000380020387C0220F8370020AC7C02206D
:109C3000107D022010B582B0059C0194049C009414
:109C4000FFF738FE002804D0FFF742FD012002B0E4
:109C500010BD01204042FAE710B586B01022002165
:109C600002A8FAF7D9F900248022144B1448029371
:109C7000144B009401939200002302A9FFF71AFEEF
:109C8000002805D0FFF724FD00F0C6FE012803D010
:109C90000D4B1B6806B010BD72B60C4B0C4A1B680E
:109CA0005833136001220B4B52421A600A4B186062
:109CB0000A4B1C60FEF75EFDEAE7C04649444C458E
:109CC000399A0010987C022014CA0010E83700204E
:109CD00038150020A87C0220D07C0220047D0220C0
:109CE000024A1368013313607047C046307C02207B
:109CF000F0B5DE4657464E464546E0B583B0FEF722
:109D0000EFFC534C2368013B23602368002B00D0F9
:109D100081E0504B1B68002B7DD04F4B9C461B684D
:109D2000002B00D190E04D4B4D4D98464D4B01948A
:109D300099464D4B9A4600239B466346DB68DB6899
:109D4000D869196A9A6A81604860180056681830A4
:109D5000864200D172E0594699621168013911605A
:109D60005A699868D968566881604860181D8642AB
:109D700062D01168013911604146DA6A09688A4285
:109D800001D941460A60910089188C002E1971682A
:109D90008F689960DF60786088605E612B5901335D
:109DA0002B514B461B68DB6A9A423FD9534601222E
:109DB0001A6063461B68002BBFD12C4B019C1A68AC
:109DC0001268002A3CD01B68DB681A68284B1A60AE
:109DD000284E3568002D14D0012708E0FFF760FEFB
:109DE000002801D053461F60013D002D08D0236894
:109DF000002BF3D03368013D01333360002DF6D1E1
:109E0000356053461B68002B05D0164B01241B6898
:109E1000FEF75AFC00E00024FEF76EFC200003B0C1
:109E2000F0BCBB46B246A946A046F0BD63461B68DF
:109E3000002B00D081E7C0E751609AE751608AE7C4
:109E40000B4B013A1A60C3E7074B9A46C0E7C0467E
:109E5000307C0220287C0220BC7C0220387C02203E
:109E600000380020E8370020107D0220F037002065
:109E7000A87C0220B87C0220F8B5CE464746254A89
:109E800080B5136801331360234D03682A685C189A
:109E900093420CD9A3420CD804600024FFF728FF9A
:109EA00000282AD02000C0BCB946B046F8BDA34265
:109EB00001D8A242F0D22E680021B31A9946174B5E
:109EC000174D1F68174B04601B682A689846A82323
:109ED0002868FF33D1540430FEF708FF2B68296847
:109EE0004C445C600431A6420AD94046FEF7E6FEC7
:109EF0000124FFF7FDFE0028D4D1FEF7E5FBD1E7F2
:109F00003800FEF7DBFE084B1A689442F0D21C6062
:109F10000124EEE7307C0220047D0220F03700208F
:109F2000E8370020F8370020A87C0220F0B5C646AC
:109F3000040000B5002822D0184A136801331360CA
:109F4000174B00211E68174B174D1F68174BA4199C
:109F50001B682A689846A8232868FF33D154043028
:109F6000FEF7C4FE2B6829685C600431A6420BD959
:109F70004046FEF7A3FEFFF7BBFE002801D1FEF727
:109F8000A3FB80BCB846F0BD3800FEF797FE084B37
:109F90001A689442EFD21C60EDE7C046307C022084
:109FA000047D0220F0370020E8370020F837002039
:109FB000A87C0220014B18687047C046047D02202F
:109FC000014B18687047C046287C0220064B10B52C
:109FD0001B68002B02D1FFF763FD10BD034A002070
:109FE000136801331360F8E7307C0220B87C02204C
:109FF000194B30B51B68002B03D00122174B1A6098
:10A0000030BD164A164C13602268164891008B1812
:10A010009B00C558002D07D1143BC3181968143B89
:10A02000013A0029FAD091008918890045186B6817
:10A0300008315B6840186B60834209D0D9680A4BCD
:10A04000196022601A681B68084A58331360D7E702
:10A05000EB686B60F2E7C046307C0220107D022086
:10A06000387C022000380020E83700203815002016
:10A07000F0B5C646204D0C00296800B51831FEF732
:10A080001DFE1E4B00211E681D4B1F681D4B1B68CB
:10A090002A689846A8232868FF33D1540430FEF775
:10A0A00025FE631C15D02B682968A4195C60043157
:10A0B000A64205D94046FEF701FE80BCB846F0BD79
:10A0C0003800FEF7FBFD104B1A689442F5D21C6075
:10A0D000F3E70E4B29685A688A6090682968C8605F
:10A0E0002968043141602968043191602A6853610C
:10A0F0001A6801321A60E0E7E8370020047D022088
:10A10000F0370020F8370020A87C0220DC7C0220F9
:10A110008023F0B5C646294C15001B0622680B4368
:10A1200000B59361226843689968D361226811621F
:10A13000226818324A602268002118329A60236827
:10A1400098620368013303601D4B1E681D4B1F6836
:10A150001D4B1B6822689846A8232068FF33D15402
:10A160000430FEF7C3FD6B1C15D023682168AD19C0
:10A170005D600431AE4205D94046FEF79FFD80BCCC
:10A18000B846F0BD3800FEF799FD104B1A689542AD
:10A19000F5D21D60F3E70E4B21685A688A6090681B
:10A1A0002168C860216804314160216804319160F0
:10A1B000226853611A6801321A60E0E7E83700202C
:10A1C000047D0220F0370020F8370020A87C022010
:10A1D000DC7C0220F0B5C646364C43680D00216891
:10A1E00000B59E68CB6121680E62216818317160EC
:10A1F000216818319960236898620368013303600D
:10A200002D4B002A22D01B682C4B00211B682C4BA5
:10A210001B68A82322682068FF33D1540430FEF75E
:10A2200065FD284B21685A688A6090682168C8607B
:10A2300021680431416021680431916022685361D2
:10A240001A6801321A6080BCB846F0BD1E681B4B0C
:10A250001F681B4B1B6821689846A8232068FF33A2
:10A26000CA540430FEF742FD6B1C15D02368AD19AB
:10A270005D60AE420AD8216838000431FEF71EFD49
:10A28000114B1A689542DED21D60DCE7216840461A
:10A290000431FEF713FDD6E72268731E53609E4219
:10A2A000F4D8216838000431FEF708FD064B1B681E
:10A2B000C9E7C046E8370020047D0220F0370020BF
:10A2C000F8370020DC7C0220A87C0220C368F0B5AF
:10A2D000DB68D869196A9A6A816048601800546816
:10A2E0001830844241D0002199621168013911600F
:10A2F000234AD96A1268002A29D15A699C68D86809
:10A300001D1DA06044605468AC4230D01068013814
:10A3100010601C4A1068884225D38A001A485218D7
:10A32000920086187468A7689C60DF607D60A560F5
:10A330005E61835801338350144B00201B68DB6A35
:10A340008B4203D20122124B01301A60F0BD114A38
:10A350005468A568DC611D626860A0609A62136839
:10A3600001331360E8E71160D7E75160BBE7506045
:10A37000106801381060034A10688842CDD2F2E7B5
:10A38000307C0220387C022000380020E837002092
:10A39000107D0220BC7C022080231B06F0B50269E0
:10A3A00044680B4381680360C368A1604C605468D3
:10A3B00084422ED000210161116898680139116032
:10A3C0005A69D9681D1D816048605068A84222D032
:10A3D000116801391160114AD96A1068814200D9A7
:10A3E00011608A000E485218920086187468A76897
:10A3F0009C60DF607D60A5605E618358013383509F
:10A40000084B1B68DB6A994202D90122064B1A608D
:10A41000F0BD5160CEE75160DAE7C046387C0220DB
:10A4200000380020E8370020107D0220034B1B6815
:10A430000360034B1B6843607047C046AC7C02203E
:10A44000047D0220F0B5C64600B50E000700FEF7F9
:10A4500047F9A823164C174A21681568FF33ED5CAD
:10A46000002D09D000211268D1540124FEF744F9CF
:10A47000200080BCB846F0BD33685A1C15D00E4889
:10A480007A680568A8463D68454504D08A4202D8E6
:10A4900000233360E9E78D1AAB42F9D95B1A9B18A8
:10A4A000336003683B6023687B600024DEE7C046BE
:10A4B000047D0220E8370020AC7C02200122014B01
:10A4C0001A607047107D0220014B18687047C04623
:10A4D000E8370020044B1A68196890691A68182335
:10A4E000C96A5B1A93617047E8370020F8B5040029
:10A4F0004746CE46274E663433689046A200D3586E
:10A5000080B505000F009146002B02D14346002B79
:10A510001DD1FEF7E5F83368A400E3589846002BF8
:10A5200004D03368002F0ED00022E25000233068A0
:10A530004019A530FF300370FEF7DEF84046C0BC7E
:10A54000B946B046F8BD4246013AE250EEE7124A3B
:10A55000136801331360FEF7C3F84A463368D358D3
:10A56000002B04D0FEF7C8F8FFF7C2FBD1E70122A9
:10A5700033685B19A533FF331A70FEF7BDF801216C
:10A580004046FFF735F9FFF7B3FB0028C1D1FEF7CE
:10A590009BF8BEE7E8370020307C0220F8B5CE46B5
:10A5A00047460C00050080B51600FEF7AFF8022202
:10A5B0002B19A533FF331978A4001A7097322C1980
:10A5C000FF32A3580133A350012905D0FEF7A2F8AA
:10A5D000C0BCB946B046F8BD224BEA6A1B68002BE6
:10A5E00019D02C00204B183459688F68E9612F620C
:10A5F0007C608C601968AB62013119601B4B1B6871
:10A60000DB6A9342E2D2002E01D0012333600122A3
:10A61000174B1A60DAE76B69AC68E9682F1DA16017
:10A620004C605C68BC421BD0196801391960114B41
:10A630001968914200D21A6093000F499B189B0041
:10A64000CC18A44664689946A368AC60EB605F6070
:10A650006346A7606B614B46CC580134CC50CDE7C4
:10A660005960E1E7307C0220BC7C0220E837002002
:10A67000107D0220387C022000380020F0B55746BB
:10A68000DE464E464546E0B5CE4B8BB09846CE4BA7
:10A6900006AF0193CD4B9B46CD4B9946CD4B4C46D7
:10A6A00002932423D9469A46C3465B461B681D681D
:10A6B000002D00D0E1E0FFF713FBFFF77BFC019AD0
:10A6C00080461368834200D9E7E04B461B68106060
:10A6D0001A6853425A4143462068E91AFEF790FF30
:10A6E000FFF706FB002800D12BE1102200213800E3
:10A6F000F9F792FC002239002068FEF773FD00286C
:10A70000D3D03B68002B5ADBBD68002DF2D06B69BB
:10A71000002B02D0281DFEF7E9FAFFF74BFC019B46
:10A7200006001B68984252D3019B1E603B68092BB0
:10A73000E0D8029A9B00D3589F465346E85C012319
:10A7400052460343AB547968AA692D618B186B603C
:10A75000B34200D986E0711A8A4219D8410700D560
:10A76000F2E0012398435346E85428002B6A9847A7
:10A77000C0E753460122EB5C13435246AB547B685F
:10A780002D619A19AB616A60B24270D8002BB1D0CA
:10A790004B46291D1868FEF791FAABE75346012294
:10A7A000EB5C93435246AB54A4E75346EB5C9A07E9
:10A7B00000D4C2E0012293435246AB549AE77B682F
:10A7C000F968B86898473B68002B93DB9CE75B46C9
:10A7D0001B681A68002A3ED00395049005940BE08C
:10A7E000012293435246A354236A200098475B46B4
:10A7F0001B681A68002A2BD0DB68DC681E68231DE2
:10A8000018009846FEF772FA53460422E35C1A4297
:10A81000E6D0A3692461F518F64365609E420AD329
:10A820002E00F643236A20009847A3692461ED189F
:10A830006560B342F4D94B4641461868FEF73EFACC
:10A84000236A200098475B461B681A68002AD3D108
:10A85000039D049E059C4A46594612680A604A4672
:10A86000136061E7B14202D9994200D876E75B46AE
:10A87000291D1868FEF722FA3CE7DB681D68FFF720
:10A880002FFAFFF797FB019A80461368984204D38A
:10A89000106085427AD900221DE75B461B681A6862
:10A8A000002A3ED04246049403920BE001229343D7
:10A8B0005246A354236A200098475B461B681A68D7
:10A8C000002A2BD0DB68DC681E68231D1800984620
:10A8D000FEF70CFA53460422E35C1A42E6D0A36961
:10A8E0002461F518F64365609E420AD32E00F643B4
:10A8F000236A20009847A3692461ED186560B3427C
:10A90000F4D94B4641461868FEF7D8F9236A20006F
:10A9100098475B461B681A68002AD3D1039A049CA7
:10A9200090464A46594612680A604A4613604246B3
:10A93000019B1A60FFF7DCF9D7E6280000F07EF9EA
:10A94000D8E6FDF7C1FED0E6A046340007E0E31AE2
:10A950009A4214D82B6A280098473300AA69D6185F
:10A960006E602D61B442F2D29C4201D2B342F1D961
:10A970005B46291D18684446FEF7A0F9F5E64B46EC
:10A98000291D18684446FEF799F9EEE6FFF7B0F97D
:10A990005B461B68DB68DE68331D18000393FEF717
:10A9A000A5F95346F35C5A0707D401229343524654
:10A9B000B3543000336A984797E622002B00444690
:10A9C000904610E0EC370020A07C0220FC370020ED
:10A9D000087D022018CA0010E31A9A4214D8336A7C
:10A9E000300098472B00B26936619D187560A5420A
:10A9F000F2D9A34201D9AB42F1D95B460399186859
:10AA00004446FEF75BF9D4E74B4603991868444681
:10AA1000FEF754F9CDE7C04670B582B0FDF760FE91
:10AA2000174C2368002B12D0FDF766FE2368002028
:10AA3000002B0AD0134B8022019317231249009355
:10AA400012480023D200FFF7F5F802B070BD104E97
:10AA50003000FEF723F90F4D2800FEF71FF90E4BCB
:10AA600000221E600D4B10210A201D60FEF74EF9DA
:10AA700020600028D8D00A49FEF70EFDD4E7C04672
:10AA8000087D02200C7D022068B900107DA6001010
:10AA9000407C0220547C0220EC370020FC37002050
:10AAA00060B9001030B514001A0002230D0085B003
:10AAB0005B420093054B019069461868002302959C
:10AAC0000394FEF7FFFA05B030BDC046087D0220B2
:10AAD000F8B50E00EFF3108772B60C4B84009B683C
:10AAE0001D59A94204D00A4B9D420AD2F8F74CFAEC
:10AAF000064B9B681E51BFF35F8F87F310882800B9
:10AB0000F8BD044B9D42F3D3F0E7C04600ED00E0F2
:10AB1000C0010010D4010010F0B5C646431E00B5B8
:10AB20000A3314D8072304001A00083422402342B1
:10AB30006CD01300093BA34209D31030841AFFF7ED
:10AB4000CFF8374A27001568002D28D10EE0FFF70F
:10AB5000C7F8334A1368002B06D00025FFF7C8F862
:10AB6000280080BCB846F0BD0027002407202D4DEA
:10AB70002B002900284245D100202B4E7060316007
:10AB80002A4EB44607266544B5431560284AEB1A99
:10AB90001360284A6860286013604B600D60002FC6
:10ABA000DBDD244F3E68A642D7D31F48036804E08C
:10ABB0001A68002A04D0180013005968A142F7D37C
:10ABC000AB42CAD01D001A680835904602600A1BC5
:10ABD000102A05D919194A6042460A60016021000D
:10ABE000134A761A10683E60864200D216608022B0
:10ABF00012060A435A6000221A600F4A1368013392
:10AC00001360ABE7EB1D83431900B5E7FFF768F866
:10AC1000034A27001568002DA8D0002CC1DA9CE754
:10AC2000F43700200CFC0120D47C0220F87F0000C7
:10AC3000A47C0220947C0220B07C022070B5002805
:10AC400004D0083843680400002B00DB70BD0268A4
:10AC5000002AFBD15B005B0843600500FFF740F86A
:10AC6000184A616813685B181360174B1A001B6859
:10AC70009C42FBD850681618B4420DD0601883422D
:10AC80001AD02360AA4200D01560104A136801331D
:10AC90001360FFF72DF8D9E7091850185160834267
:10ACA000F3D10B48150000689842EED058681B6835
:10ACB000411869602B60E5E7054800688342F5D1DB
:10ACC000DFE7C046947C0220D47C0220B47C0220C2
:10ACD000F4370020F0B5DE4657464E464546E0B50F
:10ACE000070083B00CA80192027800203C689B46C4
:10ACF000E066616001219146E166002B34DD5A1E59
:10AD0000904680225200944680264025616F10298B
:10AD1000FCD00021002801D13979890240451DD09D
:10AD2000624611432161A159616B0D420BD0012094
:10AD3000636D40424B463B7103B0F0BCBB46B2462C
:10AD4000A946A046F0BDA16F0029ECD02169019B66
:10AD5000195401308345EDD03C68D7E74B460122BA
:10AD60005A4053021943DBE70020E3E7F0B5DE4623
:10AD700057464E46454690460022E0B585B01E0037
:10AD80000EAB1B7807009B460368DA6601325960F8
:10AD9000DA66002E60DD027959469202924601225F
:10ADA0004A4052029446802291465A468024039299
:10ADB0006246BB46002010214746B446751EA400DB
:10ADC0000192421B160072427241019E524216408D
:10ADD00002963E5CB0465646424616433200029EFC
:10ADE00016431E61019E5A6B1142FCD04A469A5886
:10ADF00001969246002A0AD1A84228D000220130AA
:10AE000092468445DDD1039B5F469B4616E05A6D12
:10AE1000012290465A6B2242FCD01A6E424601969D
:10AE2000002AEBD0039B5F469B465346002B15D070
:10AE30005346DB0712D453461B070FD55B463B71C5
:10AE400005B0F0BCBB46B246A946A046F0BD039A89
:10AE5000002AD3D19046DDE70020EFE701204042F1
:10AE6000ECE7C046F8B5DE4657464E4645468346B3
:10AE7000E0B505200C00F7F77FFF06006008210011
:10AE80008019F8F7D3F9430098468044070005215C
:10AE90004046F8F7CBF93B1A9A461E4B81467000A4
:10AEA00080199C4231D81C49F8F7C0F9451C5B4613
:10AEB0001C680023E366226804335A4002331340BF
:10AEC00080225201A21813605346E3614B4623626D
:10AED000434601204F2B03D950214046F8F7A6F9ED
:10AEE000A023E050E36F39005D400C4B2D042D0C86
:10AEF000E3181D6001233000E366F8F797F9F0BC12
:10AF0000BB46B246A946A046F8BD0549F8F78EF9FA
:10AF1000451CCCE73F420F00809698007C10000053
:10AF200040787D010F4A70B5821A531E9A410E4B2C
:10AF3000D20008321A600D4B0D4C1A6015002368C0
:10AF40009D432B1EFAD166240268FF340571D56635
:10AF50001460633C8833FF3CD5639563D450FFF79E
:10AF600081FF70BD2011002000E0004000F0004093
:10AF700008C0004010B582B06C46247C0094FFF7F6
:10AF8000F5FE02B010BDC04610B582B06C46247C00
:10AF90000094FFF79FFE02B010BDC046F0B54E46CC
:10AFA0008146474ADE464A44531E9A41802357460B
:10AFB00045465B029C46E0B5424B1204624485B0B4
:10AFC0001A60414B0C0041491A6010000B6898430D
:10AFD000FBD180460620F7F7CFFE4B465A68022386
:10AFE0001A4001924A460090802004320292384A68
:10AFF000E70D4A446602136093463B003200022587
:10B00000400007E00099914206D3023592197B4136
:10B01000854201D0002BF5D0434680260393009B48
:10B020002F02AA4698467F1B760003E05346FF1A7C
:10B03000012E3FD0390040463500013EF8F7F6F8C2
:10B040008442F3D22B0055469A4650463302984626
:10B0500068434B4642461D611B6880265340FF22D1
:10B060007601120213404E44336080239B019C46BC
:10B07000029A019B6244136002215C464B465B6866
:10B0800021604C46276807246740C8343C40346040
:10B0900003240B4013600F4B4B441C6011600100F4
:10B0A0000098F8F7C3F805B0F0BCBB46B246A94615
:10B0B000A046F0BD5546039B28009846C9E7C04608
:10B0C0000040FCBF00E0004000F0004008C000402D
:10B0D000043000002420000001230121084A1360ED
:10B0E000084A1360084A080013689843FBD1074ACE
:10B0F00011608021490013680B42FCD07047C046A4
:10B1000000E0004000F0004008C0004000C00440E3
:10B1100010B5064B064C82B00100009300220B23B1
:10B120002000F6F753FE02B010BDC04670B9001003
:10B13000147D022010B5024800F06CF810BDC04626
:10B14000881A002010B5024800F066F810BDC0460D
:10B15000881A00201B4B70B51B68050083422FD056
:10B16000416C002911D000268C59002C07D02100F9
:10B170002468280000F0DAF8002CF8D1696C043655
:10B18000802EF1D1280000F0D1F8A96B002902D05F
:10B19000280000F0CBF82C6C002C06D0210024688D
:10B1A000280000F0C3F8002CF8D1E96C002902D087
:10B1B000280000F0BBF86B6B002B01D028009847EB
:10B1C00070BDC04638150020002370B5064C050040
:10B1D00008002360FAF7C0FB431C00D070BD236851
:10B1E000002BFBD02B60F9E76C330020014B186873
:10B1F0007047C04638150020802310B55B01082831
:10B2000001D1180010BDFFF7F1FF16230360173BB3
:10B21000F7E7C0467047C0467047C04610B5830781
:10B220000AD00300032102E001330B4205D01A7853
:10B23000002AF9D1181A10BD030019680C4A0D4CE8
:10B240008A188A4322420FD15968094A04338A185E
:10B250008A43224208D15968054A04338A188A432E
:10B260002242F1D000E001331A78002AFBD1E1E755
:10B27000FFFEFEFE80808080F0B5C646060000B569
:10B2800008200D00FFF7B8FF04003000FFF752FF61
:10B29000234B210098469B685F6803239F43380037
:10B2A0001138401B0019F7F7C1FF451E6543AC423A
:10B2B00008DC00213000FFF787FF43469B68DB195D
:10B2C000984206D03000FFF73DFF002080BCB84612
:10B2D000F0BD30006942FFF777FF01300ED0012248
:10B2E00043467F1B9B6817430E4A5F60136830001C
:10B2F0005B1B1360FFF726FF0120E7E7002130000A
:10B30000FFF762FF43469A68831A0F2BDADD064C7B
:10B3100004492468001B086001210B435360D1E7F6
:10B32000301100208C1A002028110020F0B5D646DC
:10B330004F46464605000C00C0B5002948D0FFF72F
:10B34000F9FE2100012708394B6803209C46BB43C6
:10B35000CE18726882436046384080466A489146FB
:10B360008468B44200D17CE07260B41864683C40E8
:10B37000A2464446002C30D10C68A446091B8C68B8
:10B380006344A4460824A0468044C4455CD0CC68ED
:10B39000A04664464246E26094605246002A1FD0AE
:10B3A0001F434F60336080229200934230D2DA080C
:10B3B0005C090123A340446823434360D3001B1866
:10B3C0009A68CB608A609960D1602800FFF7BAFE66
:10B3D000E0BCBA46B146A846F0BD5246002A0FD19D
:10B3E00001224B44CF18BC46B468484F1A43BC42B4
:10B3F0005BD0F668E660B4604A6062461360D2E7EC
:10B4000062463A434A608022336092009342CED330
:10B410005C0A042C3FD89C09260039343836E400F5
:10B4200004192268083C0327944203D14EE0926835
:10B43000944203D05068B8439842F8D8D468CC609E
:10B440008A60A160D160C0E75246002A35D14B44E2
:10B450001A00B068F3681743C36098604F608A5061
:10B46000B3E74B441A004346002B06D10B68C91AB8
:10B470008C68D218CB68E3609C60012313434B6057
:10B48000234B81601B6893429FD8224B2800196888
:10B49000FFF7F2FE99E7142C13D9542C1DD81C0B7E
:10B4A00026006F346E36E400BAE7E160A1604A60BE
:10B4B0006246CC608C60136087E71F434F60336047
:10B4C00083E726005C345B36E400A9E70123B6106D
:10B4D000B340466833434360B1E7AA225200944226
:10B4E00005D8DC0B260078347736E40098E70A4A62
:10B4F000944205D89C0C26007D347C36E4008FE70E
:10B50000FE247E26A4008BE7301100203811002095
:10B510002C110020B41A002054050000F8B5C046D4
:10B5200001B40248844601BC604700BFE902002024
:10B5300001B40248844601BC604700BF15020020E8
:10B5400001B40248844601BC604700BF910F00204F
:10B5500001B40248844601BC604700BF010C0020D2
:10B5600001B40248844601BC604700BF910F00202F
:10B5700001B40248844601BC604700BFC1000020FE
:10B5800001B40248844601BC604700BF290C00207A
:10B5900001B40248844601BC604700BFA1010020FD
:10B5A00001B40248844601BC604700BF450F00203B
:10B5B00001B40248844601BC604700BF010100207D
:10B5C00001B40248844601BC604700BFB90C0020AA
:10B5D00001B40248844601BC604700BF2504002036
:10B5E00001B40248844601BC604700BF690C0020DA
:10B5F000BD2F0010E92F0010CD31001009400010C0
:10B6000071380010493F0010F5300010053000106F
:10B610002530001039300010A122001041300010F8
:10B6200065260010852F0010AD1E001075630010F8
:08B63000B1020010618A001054
:10B63800494D552072656164206572726F72000011
:10B6480061783A20252E32660000000061793A20A0
:10B65800252E326600000000617A3A20252E3266D7
:10B668000000000067783A20252E326600000000AE
:10B6780067793A20252E326600000000677A3A2062
:10B68800252E3266000000006178202566207C2087
:10B698006179202566207C20617A2025660A0000D1
:10B6A8002D2D2D2D2D2D2D2D2D2D2D2D2D2D2D2DC2
:10B6B8002D2D2D2D2D2D2D2D2D2D2D2D2D2D2D2DB2
:10B6C800000000006778202566207C206779202507
:10B6D80066207C20677A2025660A0000763A2025B5
:10B6E8002E326600766F6C7461676520252E32668F
:10B6F8000A00000077686963685F6275666665724C
:10B708003A2025640A000000627566666572206248
:10B718002025660A00000000627566666572206171
:10B728002025660A00000000696E697400000000A8
:10B73800434845434B504F494E5420323A20636F9B
:10B748006E66696775726520746865206932630082
:10B75800434845434B504F494E5420313A20434FBC
:10B768004E49464755524544205350490000000071
:10B77800696D75207461736B00000000616463205B
:10B7880070617273696E67207461736B00000000EA
:10B798006C6F6767696E67207461736B00000000E7
:10B7A8002D0000002E0000004445565F5345545FAD
:10B7B80050574D204572726F72200D004445565FF8
:10B7C8004D6F64756C655F496E6974204F4B200D31
:10B7D800000000000A2A2A2A2050414E4943202A04
:10B7E8002A2A0A000A0000006E6F742073757070B0
:10B7F8006F727465640000004E6F207370696E6C20
:10B808006F636B732061726520617661696C616238
:10B818006C6500004E6F2075736572204952517334
:10B828002061726520617661696C61626C650000F7
:10B83800486172647761726520616C61726D202560
:10B848006420616C726561647920636C61696D65FF
:10B85800640000004861726420617373657274004B
:10B8680052656C6561736500626F6F74325F773221
:10B878003571303830000000322E322E3000000092
:10B888007069636F0000000072703230343070727B
:10B898006F6A6563740000004A756C20323020328C
:10B8A80030323600666E692B00000000666E690053
:10B8B8006E616E00666E692D0000000055534220CF
:10B8C800737464696E202F207374646F757400003C
:10B8D80052617370626572727920506900000000CD
:10B8E8005069636F00000000426F61726420434436
:10B8F800430000005265736574000000556E68616E
:10B908006E646C65642049525120307825780A00AD
:10B91800657020253032582077617320616C72651C
:10B9280061647920617661696C61626C6500000010
:10B9380043616E277420636F6E74696E7565207835
:10B94800666572206F6E20696E6163746976652022
:10B958006570202530325800546D72510000000087
:10B96800546D7220537663004E6F20444D4120631E
:10B9780068616E6E656C73206172652061766169BD
:10B988006C61626C650000000000000000000000AF
:10B99800000000000000000000000000000000009F
:10B9A800000000000000000000000C000C000C006B
:10B9B8000C000C000C000C000C0000000C00000037
:10B9C8000000000000000000000000001DC01DC0B5
:10B9D80008800880088000000000000000000000C7
:10B9E800000000000000000000000D800D800D80A8
:10B9F8000D803FC01B003FC01B001B001B001B002D
:10BA0800000000000000000004001F803180318029
:10BA180038001E000F000380318031803F00040091
:10BA280004000000000000000000180024002400AA
:10BA380018C007801E0031800240024001800000CB
:10BA48000000000000000000000000000F001800C7
:10BA5800180018000C001D80370033001D800000FE
:10BA680000000000000000000000000007000700C0
:10BA780002000200020000000000000000000000B8
:10BA880000000000000000000000030003000600A2
:10BA98000E000C000C000C000C000E000600030049
:10BAA80003000000000000000000180018000C004F
:10BAB8000600060006000600060006000C001C0032
:10BAC80018000000000000000000060006003FC04B
:10BAD8003FC00F001F801980000000000000000018
:10BAE800000000000000000000000000000004004A
:10BAF800040004003F80040004000400000000006B
:10BB0800000000000000000000000000000000002D
:10BB180000000000000000000000060004000C0007
:10BB280008000800000000000000000000000000FD
:10BB3800000000003F80000000000000000000003E
:10BB480000000000000000000000000000000000ED
:10BB5800000000000000000000000C000C000000C5
:10BB6800000000000000000000C000C0018001804B
:10BB78000300030006000C000C0018001800300039
:10BB8800300000000000000000000E001B003180A3
:10BB9800318031803180318031801B000E000000FF
:10BBA8000000000000000000000006003E00060043
:10BBB8000600060006000600060006003FC000005A
:10BBC800000000000000000000000F001980318014
:10BBD8003180030006000C00180030003F80000090
:10BBE800000000000000000000003F0061800180AC
:10BBF80003001F0003800180018061803F00000076
:10BC080000000000000000000000070007000F000F
:10BC18000B001B00130033003F8003000F8000005F
:10BC2800000000000000000000001F80180018003D
:10BC380018001F0011800180018021801F00000072
:10BC48000000000000000000000007801C00180031
:10BC58003000370039803180318019800F000000B2
:10BC6800000000000000000000007F004300030007
:10BC780006000600060006000C000C000C00000080
:10BC8800000000000000000000001F00318031802B
:10BC980031801F0031803180318031801F000000E9
:10BCA800000000000000000000001E00330031808A
:10BCB800318033801D800180030007003C000000B4
:10BCC800000000000000000000000000000000006C
:10BCD8000C000C000000000000000C000C0000002C
:10BCE800000000000000000000000000000000004C
:10BCF8000300030000000000000006000400080024
:10BD080008000000000000000000000000C0030060
:10BD180004001800600018000400030000C00000C0
:10BD2800000000000000000000000000000000000B
:10BD380000007FC000007FC000000000000000007D
:10BD48000000000000000000000000006000180073
:10BD58000400030000C00300040018006000000095
:10BD68000000000000000000000000001F003180FB
:10BD78003180018007000C000C0000000C0000005E
:10BD8800000000000000000000000E00110021006B
:10BD980021002700290029002700200011000E009B
:10BDA8000000000000000000000000003F000F003D
:10BDB8000900198019801F8030C030C079E0000068
:10BDC8000000000000000000000000007F0031803B
:10BDD800318031803F003180318031807F00000028
:10BDE8000000000000000000000000001F4030C0FC
:10BDF8006040600060006000604030801F0000000C
:10BE08000000000000000000000000007F003180FA
:10BE180030C030C030C030C030C031807F0000003A
:10BE28000000000000000000000000007F8030805B
:10BE3800308032003E003200308030807F80000049
:10BE48000000000000000000000000007FC030403B
:10BE5800304032003E003200300030007C000000EC
:10BE68000000000000000000000000001E8031807B
:10BE780060806000600067C0618031801F00000042
:10BE88000000000000000000000000007BC03180BE
:10BE9800318031803F803180318031807BC000002B
:10BEA8000000000000000000000000003FC0060085
:10BEB8000600060006000600060006003FC0000057
:10BEC8000000000000000000000000001FC0030088
:10BED8000300030003006300630063003E000000EA
:10BEE8000000000000000000000000007BC031805E
:10BEF800330036003C003E003300318079C000003A
:10BF08000000000000000000000000007E00180093
:10BF18001800180018001840184018407FC000008A
:10BF2800000000000000000000000000E0E060C029
:10BF380071C07BC06AC06EC064C060C0FBE0000016
:10BF480000000000000000000000000073C0318005
:10BF580039803D803580378033803180798000009A
:10BF68000000000000000000000000001F003180F9
:10BF780060C060C060C060C060C031801F00000049
:10BF88000000000000000000000000007F00318079
:10BF98003180318031803F00300030007E00000069
:10BFA8000000000000000000000000001F003180B9
:10BFB80060C060C060C060C060C031801F000CC03D
:10BFC8001F80000000000000000000007F0031809A
:10BFD800318031803E003300318031807CE00000C8
:10BFE8000000000000000000000000001F803180F9
:10BFF800318038001F000380318031803F0000000D
:10C008000000000000000000000000007F804C805D
:10C018004C804C800C000C000C000C003F00000011
:10C028000000000000000000000000007BC031801C
:10C038003180318031803180318031801F000000B3
:10C048000000000000000000000000007BC03180FC
:10C0580031801B001B001B000A000E000E000000B0
:10C06800000000000000000000000000FBE060C0CD
:10C0780064C06EC06EC02A803B803B803180000067
:10C088000000000000000000000000007BC03180BC
:10C098001B000E000E000E001B0031807BC000004C
:10C0A80000000000000000000000000079E030C03F
:10C0B80019800F0006000600060006001F80000019
:10C0C8000000000000000000000000003F80218008
:10C0D8002300060004000C00188030803F80000018
:10C0E80000000000000000000000078006000600B5
:10C0F8000600060006000600060006000600060008
:10C108000780000000000000300030001800180010
:10C118000C000C000600030003000180018000C031
:10C1280000C000000000000000001E00060006001D
:10C1380006000600060006000600060006000600C7
:10C148001E0000000000000004000A000A001100A0
:10C158002080208000000000000000000000000097
:10C1680000000000000000000000000000000000C7
:10C1780000000000000000000000000000000000B7
:10C18800000000000000FFE00800040002000000BA
:10C198000000000000000000000000000000000097
:10C1A8000000000000000000000000000000000087
:10C1B8001F00018001801F80318033801DC0000076
:10C1C8000000000000000000000070003000300097
:10C1D8003700398030C030C030C039807700000067
:10C1E8000000000000000000000000000000000047
:10C1F8001E80318060806000608031801F000000F8
:10C2080000000000000000000000038001800180A1
:10C218001D80338061806180618033801DC0000093
:10C228000000000000000000000000000000000006
:10C238001F00318060C07FC0600030C01F800000D8
:10C248000000000000000000000007E00C000C00E7
:10C258003F800C000C000C000C000C003F8000001C
:10C2680000000000000000000000000000000000C6
:10C278001DC0338061806180618033801D800180B2
:10C2880001801F0000000000000070003000300036
:10C298003700398031803180318031807BC00000A7
:10C2A800000000000000000000000600060000007A
:10C2B8001E00060006000600060006003FC000003B
:10C2C800000000000000000000000600060000005A
:10C2D8003F00030003000300030003000300030002
:10C2E80003003E0000000000000070003000300035
:10C2F800378036003C003C003600330077C0000031
:10C30800000000000000000000001E0006000600FB
:10C318000600060006000600060006003FC00000F2
:10C328000000000000000000000000000000000005
:10C338007F8036C036C036C036C036C076E00000D2
:10C3480000000000000000000000000000000000E5
:10C358007700398031803180318031807BC00000A6
:10C3680000000000000000000000000000000000C5
:10C378001F00318060C060C060C031801F000000B5
:10C3880000000000000000000000000000000000A5
:10C398007700398030C030C030C039803700300075
:10C3A80030007C00000000000000000000000000D9
:10C3B8001DC0338061806180618033801D80018071
:10C3C800018007C00000000000000000000000001D
:10C3D8007B801CC018001800180018007F0000009F
:10C3E8000000000000000000000000000000000045
:10C3F8001F8031803C001F00038031803F00000017
:10C4080000000000000000000000180018001800DC
:10C418007F00180018001800180018800F0000008E
:10C428000000000000000000000000000000000004
:10C438007380318031803180318033801DC00000AD
:10C4480000000000000000000000000000000000E4
:10C458007BC0318031801B001B000E000E000000E5
:10C4680000000000000000000000000000000000C4
:10C47800F1E060C064C06EC03B803B80318000004A
:10C4880000000000000000000000000000000000A4
:10C498007BC01B000E000E000E001B007BC00000BE
:10C4A8000000000000000000000000000000000084
:10C4B80079E030C0198019800B000F0006000600D3
:10C4C8000C003E000000000000000000000000001A
:10C4D8003F80218003000E00180030803F8000005C
:10C4E8000000000000000000000006000C000C0026
:10C4F8000C000C000C0018000C000C000C000C00C8
:10C50800060000000000000000000600060006000B
:10C5180006000600060006000600060006000600E3
:10C52800060000000000000000000C0006000600E5
:10C5380006000600060003000600060006000600C6
:10C548000C000000000000000000000000000000D7
:10C558000000180024800300000000000000000014
:10C56800000000000000000006005250D3F07542A1
:10C5780068B8001006005250E182887F70B8001039
:10C5880006005250ABB3605380B8001006005250FA
:10C59800BBFF3CB688B8001006005250861C030248
:10C5A80090B80010060052505422A29DA0B8001066
:10C5B80005005250DE65F46830E00010D04D0010E0
:10C5C800804D0010804D0010C84D0010804D0010A7
:10C5D800804D0010804D0010804D0010804D0010DF
:10C5E800804D0010804D0010C04D0010804D00108F
:10C5F800B84D0010804D0010804D0010B04D001057
:10C60800F04F0010E64D0010E04F0010E64D00100E
:10C61800CA4F0010E64D0010E64D0010E64D001020
:10C62800E64D0010E64D0010E64D0010E64D0010F6
:10C63800D84D0010E64D0010E64D0010E64D0010F4
:10C64800E64D0010E64D0010D84D00108E50001039
:10C658003A4D00103A4D00103A4D00103A4D001076
:10C668003A4D00103A4D00103A4D00103A4D001066
:10C678003A4D00103A4D00103A4D00103A4D001056
:10C688003A4D00103A4D00103A4D00103A4D001046
:10C698003A4D00103A4D00103A4D00103A4D001036
:10C6A8003A4D00103A4D00103A4D00103A4D001026
:10C6B8003A4D00103A4D00103A4D00103A4D001016
:10C6C8003A4D00103A4D00103A4D00100450001039
:10C6D8005C500010045000103A4D00103A4D001004
:10C6E8003A4D00103A4D00103A4D00103A4D0010E6
:10C6F8003A4D00103A4D00103A4D00103A4D0010D6
:10C708003A4D00103A4D00103A4D00103A4D0010C5
:10C718003A4D00103A4D00109E5200103A4D00104C
:10C728003A4D00103A4D00103A4D00103A4D0010A5
:10C738003A4D00103A4D00103A4D00103A4D001095
:10C748009E520010A05000109E520010045000107D
:10C758005C50001004500010000000000000F03F82
:10C7680000000000000024400000000000005940C4
:10C778000000000000408F40000000000088C34017
:10C7880000000000006AF8400000000080842E418C
:10C7980000000000D01263410000000084D79741D8
:10C7A8000000000065CDCD410D0A0000000000002A
:10C7B800CD5D001000000000D15D0010DD5D0010AF
:10C7C800095E0010055E0010000000000A0000006D
:10C7D80000000306A6000800020002009C001400E6
:10C7E800030057494E555342000000000000000066
:10C7F8000000800004000100280044006500760065
:10C8080069006300650049006E00740065007200ED
:10C818006600610063006500470055004900440058
:10C8280000004E007B0062006300370033003900CF
:10C838003800630031002D003700330063006400C6
:10C848002D0034006300620037002D0039003800E5
:10C85800620038002D0039003100330061003800D3
:10C8680066006300610037006200660036007D00E4
:10C8780000000000050F2100011C100500DF60DD2D
:10C88800D88945C74C9CD2659D9E648A9F00000349
:10C8980006A60001000000000600525053B4F4A19F
:10C8A800C4B8001000000000D8B80010E8B80010A4
:10C8B8000C7C0220F0B80010FCB8001009025400EB
:10C8C800030100807D080B00020202000009040039
:10C8D80000010202000405240020010524010001D2
:10C8E8000424020605240600010705810308001038
:10C8F80009040100020A00000007050202400000C6
:10C90800070582024000000904020000FF0001053B
:10C9180012011002EF0201408A2E0A0000010102F2
:10C9280003010000DC690010446B0010946B0010D8
:10C938001C6B00102E6B00100C6B00107C6A001032
:10C94800286A00101C6A0010FE6E0010E46E0010C9
:10C95800B46C00101E6F0010B46C0010CC6E001088
:10C96800B86E0010B46C0010A46E0010AA6D001010
:10C97800B46C00108A7100107C7100107071001086
:10C98800B46C0010B46C00105A7100107C71001067
:10C99800B46C0010B46C0010B46C0010B46C0010CF
:10C9A800B46C0010B46C0010B46C0010107100105E
:10C9B800860D0020860D0020D00D0020F00D0020EF
:10C9C800340E0020460E00207C0D002000000000E0
:10C9D8001577001085770010B577001001780010E2
:10C9E800A57800108D7900100000000000000000FC
:10C9F8008D7A0010E97A0010057B00102D7B00105D
:10CA0800655E00104D7C001000000000170000005B
:10CA1800F4A600103AA700103AA700109CA700102F
:10CA280072A70010AAA700103AA700103AA7001092
:08CA38009CA7001072A700107A
:10CA400070C500107CC5001088C5001094C500108A
:10CA5000A0C50010ACC50010B8C50010A0C80010DB
:10CA600070B502680400EFF3108572B61368002BEE
:10CA7000FCD0BFF35F8F63685A1C0BD0002900D035
:10CA80000B6000202368BFF35F8F00221A6085F3DC
:10CA9000108870BD00F058FF60600120F2E7C046CA
:10CAA000F0B5C646160000B504001F000268EFF39B
:10CAB000108872B61368002BFCD0BFF35F8F6568D7
:10CAC0006B1C0ED02368BFF35F8F00221A6088F3BF
:10CAD000108800F039FFA8420FD1002080BCB84672
:10CAE000F0BD00F031FF23686060BFF35F8F00226C
:10CAF0001A6088F310880120F0E700F025FF8046D7
:10CB000006E032003B00200000F036FF0028E4D1B0
:10CB10002268EFF3108172B61368002BFCD0BFF3CC
:10CB20005F8F65680135ECD1434663602368BFF3CE
:10CB30005F8F00221A6081F310880120CEE7C04683
:10CB4000F8B50D00040000F02FFFFA2206000F00D8
:10CB5000002328000021920000F01EFF36184F41EC
:10CB6000002F02DA0126124F764200F0EDFE05009A
:10CB700006E032003B00200000F0FEFE002815D148
:10CB80002268EFF3108172B61368002BFCD0BFF35C
:10CB90005F8F63680133ECD165602368BFF35F8FFB
:10CBA00000221A6081F310880120F8BD0020FCE704
:10CBB000FFFFFF7F10B50268EFF3108172B61368B4
:10CBC000002BFCD0BFF35F8F01235B42436000F07A
:10CBD000DBFE10BD10B5084C2378002B0AD1802352
:10CBE000064807495B051A68C25004338B42FAD1E4
:10CBF0000123237010BDC046197D0220FC210010C6
:10CC00000001001010B5014B984710BDFD21002018
:10CC1000064B5A6802609A684260DA6882601A6954
:10CC2000C2605A6902619B6943617047000002401B
:10CC30000268064B5A6042689A608268DA60C2688D
:10CC40001A6102695A6142699A61704700000240A4
:10CC5000034B1A68C0239B009343024A136070473A
:10CC60000C8001400C900140054B1A6880239B000A
:10CC70005340C02292001340024A13607047C046DE
:10CC80000C8001400C9001400023F0B5DE46574671
:10CC90004E4645469A46E0B589B001900E00988A06
:10CCA00045491B8B14009847534681464349988A4F
:10CCB0001B8B9847534642490500988A1B8B98471F
:10CCC0008046FFF787FF02A8FFF7A2FFC847A847E3
:10CCD000FFF7CAFF251E22D00823C0219C46022050
:10CCE000490562468B6A1A4018423FD0631B002DEB
:10CCF0002FD1002A11D1002C11D0C0235B059B46F7
:10CD000002239A46063399465B464A4657469B6A33
:10CD10001A401F4242D0002AF6D0002C30D1FFF733
:10CD200097FFC047FFF76EFF02A8FFF781FF09B02A
:10CD3000F0BCBB46B246A946A046F0BD002C2FD1A0
:10CD4000C0225205926A914608224F463A40BF07D8
:10CD50002DD50D2B1BD9002AF0D1C0225205926A85
:10CD6000914608224F463A40BF07F2D4002A04D128
:10CD70002B002343002BB4D1D1E72B00002CF9D09A
:10CD80000B6E013C3370230001362B43F2E7019F09
:10CD9000013D3B7801370B660197E7E70025E5E7A2
:10CDA000C0235B051B6E013C3370013699E72B00F5
:10CDB000002ADFD1DCE7C0464946000045580000A4
:10CDC000464300000022154B10B59A60DA601A61E4
:10CDD0005A619A61DA611A625A629A62DA621A6375
:10CDE0005A639A63DA631A645A649A64DA641A6555
:10CDF0005A659A65DA651A665A669A66DA661A6735
:10CE00005A679A67DA67F03292000021044800F00E
:10CE100093FD044B044A1A6010BDC0460000105038
:10CE2000E8330020B037002080011050F0B54E46A6
:10CE30004546DE465746E0B5214B00249E6D012550
:10CE400085B0002E22D01F4B9A46012399461E4BD7
:10CE5000984601E0202C19D02A00230001342F002D
:10CE60003240E4B26D00002AF4D0524697654A463B
:10CE70005B085B0022409B185B01434418009B4603
:10CE800000F01EFC002808D1BE43E3D105B0F0BC81
:10CE9000BB46B246A946A046F0BD5B46E0219A7863
:10CEA000DB8A01A883600023C9000180012102718F
:10CEB000437100F025FC584600F0A0FBE4E7C046B3
:10CEC0000000115000301150A83300209823F0B515
:10CED000C646C84A00B5D55880232E009B021024B0
:10CEE00084B01E401D4274D0C34BC44C9A6AC44BDC
:10CEF00000261A603B23E35C022B00D14FE17B2329
:10CF0000E35C022B00D1F3E0BB23E35C022B00D1F6
:10CF1000FAE0FB23E35C022B00D101E13C23FF3369
:10CF2000E35C022B00D12DE17C23FF33E35C022B79
:10CF300000D10EE1BC23FF33E35C022B00D13FE1C3
:10CF4000FC23FF33E35C022B00D1F5E0AD4BE35C47
:10CF5000022B00D174E1AC4BE35C022B00D105E164
:10CF6000AA4BE35C022B00D175E1A94BE35C022BD9
:10CF700000D132E1A74BE35C022B00D1A0E1A64B2C
:10CF8000E35C022B00D171E1A44BE35C022B00D1E6
:10CF9000A1E1A34BE35C022B00D17FE1002E08D17D
:10CFA000A04B1B78002B04D180219F4A903389022B
:10CFB000D150C02269468F4B92009B6C80265B0546
:10CFC0008A805B0D012101A8029300F099FB974C28
:10CFD000B602EB0600D57FE080235B021D4231D014
:10CFE0001E43012302249846844FBB7E002B14D09D
:10CFF00000F0B2FC012800D972E0C0220021380004
:10D00000920100F001FB380000F0F8FA00F0A4FCF7
:10D01000012802D9844B5C661C664346FB702037AE
:10D02000012C22D1C0236A46DB009380804A02ABE8
:10D0300003CA03C3012101A800F062FB80227A4BDE
:10D0400092021A6580235B011D4210D18023DB010F
:10D050001D4223D180231B021D422FD1AE4200D09E
:10D06000C0E104B080BCB846F0BD0124BDE7002497
:10D070001E43604B1C60FFF7A5FE80236A465B00E1
:10D0800093801472012101A800F03AFB8022664BC4
:10D0900012031A658023DB011D42DBD01E4380236F
:10D0A0006A46DB009380012101A800F029FB1022D1
:10D0B0005D4B1A6580231B021D42CFD01E43A02367
:10D0C0006A46DB009380012101A800F019FB802251
:10D0D000554B12011A65C1E7FFF7A8FE26007BE752
:10D0E000544B444A1C66536E2340A342FBD184E751
:10D0F0007833E75C002F00D106E70233E25C002AB8
:10D1000000D00DE13E00FFE6B833E75C002F00D110
:10D11000FFE60233E25C002A00D0F9E03E00F8E6C8
:10D12000F833E75C002F00D1F8E60233E25C002A16
:10D1300000D041E13E00F1E6F933FF33E75C002F18
:10D1400000D103E70233E25C002A00D02BE13E006D
:10D15000FCE67933FF33E75C002F00D1EAE60233C7
:10D16000E25C002A00D015E13E00E3E6324BE75CCA
:10D17000002F00D1F4E60233E25C002A00D001E186
:10D180003E00EDE63933FF33E75C002F00D1CBE6FC
:10D190000233E25C002A00D0EBE03E00C4E6383304
:10D1A000E65C002E00D1AAE60233E25C002A00D140
:10D1B000A5E6200000222030E25400F04DFA9EE661
:10D1C000B933FF33E75C002F00D1B9E60233E25CEC
:10D1D000002A00D0C4E03E00B2E6184BE75C002F06
:10D1E00000D1C7E60233E25C002A00D0B0E03E0086
:10D1F000C0E6C0460000115000400540A8330020A2
:10D20000683300203B0200007B020000BB020000EC
:10D21000FB0200003B0300007B030000BB03000097
:10D22000FB030000177D02200030115010000200A7
:10D2300000001050002011507A020000FA02000095
:10D240006B4BE75C002F00D185E60233E25C002ADD
:10D2500076D13E007FE6674BE75C002F00D184E685
:10D260000233E25C002A63D13E007EE6624BE75C5B
:10D27000002F00D188E60233E25C002A00D0A3E050
:10D280005E4BE35C022B30D15D4BE35C002B27D17E
:10D290005C4BE35C022B00D08BE63E005A4BE35C18
:10D2A000002B00D17AE6FF239B00E25C002A00D12C
:10D2B0007FE60022E2541C3BE01800F0CDF978E64E
:10D2C000524BE75C002F00D159E60233E25C002AA2
:10D2D00016D13E0053E64A4BE35C002B00D158E6E2
:10D2E000EF239B00E25C002A75D1464BE35C022BE6
:10D2F00000D05EE6444BE35C002B00D159E6D2E758
:10D300000022E2541C3BE01800F0A6F93E0036E68D
:10D3100020000022A030E2543E0000F09DF9F8E524
:10D32000200000226030E2543E0000F095F9EBE569
:10D330000022E2541C3BE01800F08EF93E0014E697
:10D340000022E2541C3BE01800F086F93E0002E6A1
:10D350000022E2541C3BE01800F07EF93E0009E692
:10D3600020000022A130FF30E2543E0000F074F9AA
:10D37000E6E5200000222130FF30E2543E0000F0BC
:10D380006BF9D1E50022E2541C3BE01800F064F98F
:10D390003E00E5E5200000226130FF30E2543E000F
:10D3A00000F05AF9C6E520000022E130FF30E254D7
:10D3B0003E0000F051F9C9E520000022E030E254BF
:10D3C0003E0000F049F9A9E50022E2541C3BE018B8
:10D3D00000F042F954E70022E2541C3BE01800F050
:10D3E0003BF982E731000A48694000F0EDFAC04697
:10D3F0003A020000BA0200007A030000BB030000FA
:10D40000BA030000FB030000FA0300003A03000027
:10D4100004B90010F0B5C64600B50200838A008B3F
:10D420008C46011C984200D9191CD4788025200014
:10D43000461EB04189B2ED000D434003284301254B
:10D440006C405B1AD47054789BB29382002C31D11B
:10D450006446D568A4014E1E2D19B04614690029F2
:10D4600023D0062E32D92B0023439B072ED1631CD9
:10D47000EB1A022B2AD900238F08BF00E658EE5082
:10D4800004339F42FAD14346ED19DB1BE419B9423C
:10D4900009D026782E70002B05D066786E70012B8F
:10D4A00001D0A378AB701469938A64181461802248
:10D4B00012021043002B02D18023DB011843634684
:10D4C000002B00D0000480BCB846F0BD0023E65C11
:10D4D000EE5401339942FAD1E5E7C0468368F0B5CE
:10D4E0001A680400002900D0120C63789205900D90
:10D4F000002B08D1E38AC318E382238B834201D92E
:10D500000023A382F0BDE368890125695E18471EE8
:10D51000002822D0062F26D901315B18EB1A022BE6
:10D5200021D92B0033439B071DD10023120E9200FB
:10D53000F158E95004339A42FAD1BF1AAD18B6181F
:10D54000904209D032782A70002F05D072786A7024
:10D55000012F01D0B278AA702569E38A2D18C3186B
:10D56000E3822561C9E70022B35CAB5401329042EB
:10D57000FAD12569F1E7C04610B50400836800219F
:10D580001B68FFF7ABFF63681B685B0002D5238B4A
:10D59000834200D010BD01212000FFF79FFFF9E773
:10D5A000084A0300126C0020920703D49A78D2092B
:10D5B000012A00D07047D87E023843425841C0B299
:10D5C000F8E7C0460000115010B5FFF7E9FF00284A
:10D5D0000CD00749074B8C46074A9B6A1268634484
:10D5E0009B1A0020C6229A424041C0B210BDC046DC
:10D5F000E0FCFFFF004005406833002000238376F5
:10D60000436103617047C04610B58368002901D0AB
:10D610001C682140002A12D08024E40011432242D9
:10D620000DD01A6822420CD1084A0A401A60084AF2
:10D63000126C920703D40C23033BFDD2836819605C
:10D6400010BD8178034800F0BFF9C046FFFBFFFF23
:10D650000000115018B90010436870B500218025F2
:10D6600004001E68FFF7D6FE124B6D011A6C0543CD
:10D67000A37892070ED55B060ED00F4B1E40802379
:10D680009B05334362680021136020002A00FFF7E6
:10D69000BBFF70BDDB09F0D0A38A002BEDD00121C8
:10D6A0002000FFF7B7FEA023044ADB053240054304
:10D6B0001343E7E700001150FFFFFFAFFFFFFFDF5D
:10D6C00070B5857E0400002D14D0FFF755FFA38AA6
:10D6D000002B01D1280070BD2000FFF775FF002846
:10D6E00003D0012300252377F4E72000FFF7B4FFE0
:10D6F0000025EFE78178014800F066F938B900109D
:10D70000F0B5CE46474680B5437805000E0085B09B
:10D71000062B08D86C4A9B00D3589F466B4A137857
:10D720000133DBB213706A4B1C686269EFF310813E
:10D7300072B61368002BFCD0BFF35F8FA16120008D
:10D74000290000F011F96269A369BFF35F8F00211E
:10D75000116083F31088002804D105B0C0BCB9461D
:10D76000B046F0BD32006978287800F025F9F4E77A
:10D770000121584B1A788A431A701A7801318A436A
:10D780001A7000225A701A7802318A431A70CAE756
:10D790005149524F894652490024002388463A781D
:10D7A00012E043461B6861015B18002B06D0DB6961
:10D7B000002B03D06968287898473A780134E4B29E
:10D7C000511C2300A14217DBA242EAD89B1A5B013D
:10D7D0004B44ECE73F4B1A78D207BED504211A78A8
:10D7E0000A431A709FE73B4B1A78D207B5D504213C
:10D7F0001A788A431A7096E7364F3B785B072BD529
:10D8000004223B78002193433B706B460632981DFF
:10D8100000F092F82B7801AC2370052363702C4B39
:10D820001B6898465A69EFF3108172B61368002B93
:10D83000FCD0BFF35F8F434640469961210000F062
:10D8400093F843465A699B69BFF35F8F00211160CB
:10D8500083F31088002831D1FB78DB0700D47CE704
:10D860006B460A220021981D00F066F82B7801AC67
:10D870002370032363706B686360154B1D686A69CE
:10D88000EFF3108172B61368002BFCD0BFF35F8FEB
:10D89000A9612800210000F067F86A69AB69BFF34D
:10D8A0005F8F0021116083F31088002800D154E7B6
:10D8B00032006178207800F07FF84EE7320061781E
:10D8C000207800F079F8C7E7B8C90010187D022069
:10D8D000F81D0020A01D0020D4C90010167D0220D4
:10D8E000F01B002030B50400101E0AD00A000D18ED
:10D8F0000221E3681942FCD013780132A360AA42E6
:10D90000F7D1E3685B0704D50421A368E3681942F3
:10D91000FBD11021E3681942FCD1E3685B0704D511
:10D920000421A368E3681942FBD10123236230BDBF
:10D930007047C0460000000001B40248844601BCA4
:10D94000604700BF1940001001B40248844601BC82
:10D95000604700BF1188001001B40248844601BC32
:10D96000604700BF411D001001B40248844601BC5D
:10D97000604700BFDD82001001B40248844601BC4C
:10D98000604700BF6D89001001B40248844601BCA5
:10D99000604700BFA588001001B40248844601BC5E
:10D9A000604700BF753E001001B40248844601BCC8
:10D9B000604700BF692B001001B40248844601BCD7
:10D9C000604700BF7D68001001B40248844601BC76
:10D9D000604700BF4D1D00100883000014000000C8
:10D9E0000611000004540000032200000240000061
:10D9F0003500000090B900100B001000100000006E
:10DA00000000000000000100000000000000000015
:10DA10000000020000000000000000000000030001
:10DA200000000000000000000000FF0000000000F7
:10DA300001B5486801318E460047704609380149F2
:10DA4000884701BDB1210010000000000000000067
:10DA50000000000000000000000000009016002000
:10DA6000503300004C3300005433000052330000A8
:10DA70004D5300004D430000533400004334000078
:10DA800031600010E55F0010595F0010D15E00109A
:10DA90000000000000010000FC1D002010000C0030
:10DAA0000000000000000000000000000000000076
:10DAB00000000000FFFF00000080044000000000A4
:10DAC0000040044000000000FFFFFFFF00000200D4
:10DAD0000000000000000000301100203011002084
:10DAE0003811002038110020401100204011002082
:10DAF0004811002048110020501100205011002032
:10DB000058110020581100206011002060110020E1
:10DB10006811002068110020701100207011002091
:10DB20007811002078110020801100208011002041
:10DB300088110020881100209011002090110020F1
:10DB40009811002098110020A0110020A0110020A1
:10DB5000A8110020A8110020B0110020B011002051
:10DB6000B8110020B8110020C0110020C011002001
:10DB7000C8110020C8110020D0110020D0110020B1
:10DB8000D8110020D8110020E0110020E011002061
:10DB9000E8110020E8110020F0110020F011002011
:10DBA000F8110020F81100200012002000120020BF
:10DBB000081200200812002010120020101200206D
:10DBC000181200201812002020120020201200201D
:10DBD00028120020281200203012002030120020CD
:10DBE000381200203812002040120020401200207D
:10DBF000481200204812002050120020501200202D
:10DC000058120020581200206012002060120020DC
:10DC1000681200206812002070120020701200208C
:10DC2000781200207812002080120020801200203C
:10DC300088120020881200209012002090120020EC
:10DC40009812002098120020A0120020A01200209C
:10DC5000A8120020A8120020B0120020B01200204C
:10DC6000B8120020B8120020C0120020C0120020FC
:10DC7000C8120020C8120020D0120020D0120020AC
:10DC8000D8120020D8120020E0120020E01200205C
:10DC9000E8120020E8120020F0120020F01200200C
:10DCA000F8120020F81200200013002000130020BA
:10DCB0000813002008130020101300201013002068
:10DCC0001813002018130020201300202013002018
:10DCD00028130020281300203013002030130020C8
:10DCE0003813002038130020401300204013002078
:10DCF0004813002048130020501300205013002028
:10DD000058130020581300206013002060130020D7
:10DD10006813002068130020701300207013002087
:10DD20007813002078130020801300208013002037
:10DD300088130020881300209013002090130020E7
:10DD40009813002098130020A0130020A013002097
:10DD5000A8130020A8130020B0130020B013002047
:10DD6000B8130020B8130020C0130020C0130020F7
:10DD7000C8130020C8130020D0130020D0130020A7
:10DD8000D8130020D8130020E0130020E013002057
:10DD9000E8130020E8130020F0130020F013002007
:10DDA000F8130020F81300200014002000140020B5
:10DDB0000814002008140020101400201014002063
:10DDC0001814002018140020201400202014002013
:10DDD00028140020281400203014002030140020C3
:10DDE0003814002038140020401400204014002073
:10DDF0004814002048140020501400205014002023
:10DE000058140020581400206014002060140020D2
:10DE10006814002068140020701400207014002082
:10DE20007814002078140020801400208014002032
:10DE300088140020881400209014002090140020E2
:10DE40009814002098140020A0140020A014002092
:10DE5000A8140020A8140020B0140020B014002042
:10DE6000B8140020B8140020C0140020C0140020F2
:10DE7000C8140020C8140020D0140020D0140020A2
:10DE8000D8140020D8140020E0140020E014002052
:10DE9000E8140020E8140020F0140020F014002002
:10DEA000F8140020F81400200015002000150020B0
:10DEB000081500200815002010150020101500205E
:10DEC000181500201815002020150020201500200E
:10DED0002815002028150020401500200000000013
:10DEE00000000000B81A0020201B0020881B002022
:10DEF0000000000000000000000000000000000022
:10DF00000000000000000000000000000000000011
:10DF10000000000000000000000000000000000001
:10DF200000000000000000000000000000000000F1
:10DF300000000000000000000000000000000000E1
:10DF400000000000000000000000000000000000D1
:10DF500000000000000000000000000000000000C1
:10DF600000000000000000000000000000000000B1
:10DF700000000000000000000100000000000000A0
:10DF80000E33CDAB34126DE6ECDE05000B00000065
:10DF90000000000000000000000000000000000081
:10DFA0000000000000000000000000000000000071
:10DFB0000000000000000000000000000000000061
:10DFC0000000000000000000000000000000000051
:10DFD0000000000000000000000000000000000041
:10DFE0000000000000000000000000000000000031
:10DFF0000000000000000000000000000000000021
:10E000000000000000000000000000000000000010
:10E010000000000000000000000000000000000000
:10E0200000000000000000000000000000000000F0
:04000005100001E9FD
:00000001FF
