
/Users/elizabethgodsey/Desktop/rp2040project/b/rp2040project.elf:     file format elf32-littlearm

Sections:
Idx Name          Size      VMA       LMA       File off  Algn
  0 .boot2        00000100  10000000  10000000  00001000  2**0
                  CONTENTS, ALLOC, LOAD, READONLY, CODE
  1 .text         0000b538  10000100  10000100  00001100  2**4
                  CONTENTS, ALLOC, LOAD, READONLY, CODE
  2 .rodata       00001408  1000b638  1000b638  0000c638  2**3
                  CONTENTS, ALLOC, LOAD, READONLY, DATA
  3 .binary_info  00000020  1000ca40  1000ca40  0000da40  2**2
                  CONTENTS, ALLOC, LOAD, READONLY, DATA
  4 .ram_vector_table 000000c0  20000000  20000000  00010000  2**2
                  ALLOC
  5 .uninitialized_data 00000000  200000c0  200000c0  0000f690  2**0
                  CONTENTS
  6 .data         000015d0  200000c0  1000ca60  0000e0c0  2**4
                  CONTENTS, ALLOC, LOAD, READONLY, CODE
  7 .tdata        00000000  20001690  20001690  0000f690  2**0
                  CONTENTS, ALLOC, LOAD, DATA, THREAD_LOCAL
  8 .tbss         00000000  20001690  20001690  00000000  2**0
                  ALLOC, THREAD_LOCAL
  9 .bss          00026690  20001690  1000e030  0000f690  2**3
                  ALLOC
 10 .heap         00000800  20027d20  1000e030  0000fd20  2**2
                  ALLOC, READONLY
 11 .scratch_x    00000000  20040000  20040000  0000f690  2**0
                  CONTENTS
 12 .scratch_y    00000000  20041000  20041000  0000f690  2**0
                  CONTENTS
 13 .stack1_dummy 00000800  20040000  20040000  00010000  2**2
                  ALLOC
 14 .stack_dummy  00000800  20041000  20041000  00010000  2**5
                  ALLOC, READONLY
 15 .ARM.attributes 00000028  00000000  00000000  0000f690  2**0
                  CONTENTS, READONLY
 16 .comment      00000045  00000000  00000000  0000f6b8  2**0
                  CONTENTS, READONLY
 17 .debug_info   0004fb24  00000000  00000000  0000f6fd  2**0
                  CONTENTS, READONLY, DEBUGGING, OCTETS
 18 .debug_abbrev 0000cdd9  00000000  00000000  0005f221  2**0
                  CONTENTS, READONLY, DEBUGGING, OCTETS
 19 .debug_loclists 0002b865  00000000  00000000  0006bffa  2**0
                  CONTENTS, READONLY, DEBUGGING, OCTETS
 20 .debug_aranges 000020b8  00000000  00000000  00097860  2**3
                  CONTENTS, READONLY, DEBUGGING, OCTETS
 21 .debug_rnglists 000062f7  00000000  00000000  00099918  2**0
                  CONTENTS, READONLY, DEBUGGING, OCTETS
 22 .debug_line   00039f83  00000000  00000000  0009fc0f  2**0
                  CONTENTS, READONLY, DEBUGGING, OCTETS
 23 .debug_str    0000d013  00000000  00000000  000d9b92  2**0
                  CONTENTS, READONLY, DEBUGGING, OCTETS
 24 .debug_frame  00005124  00000000  00000000  000e6ba8  2**2
                  CONTENTS, READONLY, DEBUGGING, OCTETS
 25 .debug_line_str 00000354  00000000  00000000  000ebccc  2**0
                  CONTENTS, READONLY, DEBUGGING, OCTETS

/Users/elizabethgodsey/Desktop/rp2040project/b/rp2040project.elf:     file format elf32-littlearm


Disassembly of section .boot2:

10000000 <__boot2_start__>:
10000000:	4b32b500 	.word	0x4b32b500
10000004:	60582021 	.word	0x60582021
10000008:	21026898 	.word	0x21026898
1000000c:	60984388 	.word	0x60984388
10000010:	611860d8 	.word	0x611860d8
10000014:	4b2e6158 	.word	0x4b2e6158
10000018:	60992100 	.word	0x60992100
1000001c:	61592102 	.word	0x61592102
10000020:	22f02101 	.word	0x22f02101
10000024:	492b5099 	.word	0x492b5099
10000028:	21016019 	.word	0x21016019
1000002c:	20356099 	.word	0x20356099
10000030:	f844f000 	.word	0xf844f000
10000034:	42902202 	.word	0x42902202
10000038:	2106d014 	.word	0x2106d014
1000003c:	f0006619 	.word	0xf0006619
10000040:	6e19f834 	.word	0x6e19f834
10000044:	66192101 	.word	0x66192101
10000048:	66182000 	.word	0x66182000
1000004c:	f000661a 	.word	0xf000661a
10000050:	6e19f82c 	.word	0x6e19f82c
10000054:	6e196e19 	.word	0x6e196e19
10000058:	f0002005 	.word	0xf0002005
1000005c:	2101f82f 	.word	0x2101f82f
10000060:	d1f94208 	.word	0xd1f94208
10000064:	60992100 	.word	0x60992100
10000068:	6019491b 	.word	0x6019491b
1000006c:	60592100 	.word	0x60592100
10000070:	481b491a 	.word	0x481b491a
10000074:	21016001 	.word	0x21016001
10000078:	21eb6099 	.word	0x21eb6099
1000007c:	21a06619 	.word	0x21a06619
10000080:	f0006619 	.word	0xf0006619
10000084:	2100f812 	.word	0x2100f812
10000088:	49166099 	.word	0x49166099
1000008c:	60014814 	.word	0x60014814
10000090:	60992101 	.word	0x60992101
10000094:	2800bc01 	.word	0x2800bc01
10000098:	4700d000 	.word	0x4700d000
1000009c:	49134812 	.word	0x49134812
100000a0:	c8036008 	.word	0xc8036008
100000a4:	8808f380 	.word	0x8808f380
100000a8:	b5034708 	.word	0xb5034708
100000ac:	20046a99 	.word	0x20046a99
100000b0:	d0fb4201 	.word	0xd0fb4201
100000b4:	42012001 	.word	0x42012001
100000b8:	bd03d1f8 	.word	0xbd03d1f8
100000bc:	6618b502 	.word	0x6618b502
100000c0:	f7ff6618 	.word	0xf7ff6618
100000c4:	6e18fff2 	.word	0x6e18fff2
100000c8:	bd026e18 	.word	0xbd026e18
100000cc:	40020000 	.word	0x40020000
100000d0:	18000000 	.word	0x18000000
100000d4:	00070000 	.word	0x00070000
100000d8:	005f0300 	.word	0x005f0300
100000dc:	00002221 	.word	0x00002221
100000e0:	180000f4 	.word	0x180000f4
100000e4:	a0002022 	.word	0xa0002022
100000e8:	10000100 	.word	0x10000100
100000ec:	e000ed08 	.word	0xe000ed08
	...
100000fc:	7a4eb274 	.word	0x7a4eb274

Disassembly of section .text:

10000100 <__VECTOR_TABLE>:
10000100:	20042000 	.word	0x20042000
10000104:	100001f7 	.word	0x100001f7
10000108:	100001cb 	.word	0x100001cb
1000010c:	100001cd 	.word	0x100001cd
10000110:	100001c9 	.word	0x100001c9
10000114:	100001c9 	.word	0x100001c9
10000118:	100001c9 	.word	0x100001c9
1000011c:	100001c9 	.word	0x100001c9
10000120:	100001c9 	.word	0x100001c9
10000124:	100001c9 	.word	0x100001c9
10000128:	100001c9 	.word	0x100001c9
1000012c:	100086a5 	.word	0x100086a5
10000130:	100001c9 	.word	0x100001c9
10000134:	100001c9 	.word	0x100001c9
10000138:	100085c1 	.word	0x100085c1
1000013c:	1000871d 	.word	0x1000871d
10000140:	100001c1 	.word	0x100001c1
10000144:	100001c1 	.word	0x100001c1
10000148:	100001c1 	.word	0x100001c1
1000014c:	100001c1 	.word	0x100001c1
10000150:	100001c1 	.word	0x100001c1
10000154:	100001c1 	.word	0x100001c1
10000158:	100001c1 	.word	0x100001c1
1000015c:	100001c1 	.word	0x100001c1
10000160:	100001c1 	.word	0x100001c1
10000164:	100001c1 	.word	0x100001c1
10000168:	100001c1 	.word	0x100001c1
1000016c:	100001c1 	.word	0x100001c1
10000170:	100001c1 	.word	0x100001c1
10000174:	100001c1 	.word	0x100001c1
10000178:	100001c1 	.word	0x100001c1
1000017c:	100001c1 	.word	0x100001c1
10000180:	100001c1 	.word	0x100001c1
10000184:	100001c1 	.word	0x100001c1
10000188:	100001c1 	.word	0x100001c1
1000018c:	100001c1 	.word	0x100001c1
10000190:	100001c1 	.word	0x100001c1
10000194:	100001c1 	.word	0x100001c1
10000198:	100001c1 	.word	0x100001c1
1000019c:	100001c1 	.word	0x100001c1
100001a0:	100001c1 	.word	0x100001c1
100001a4:	100001c1 	.word	0x100001c1
100001a8:	100001c1 	.word	0x100001c1
100001ac:	100001c1 	.word	0x100001c1
100001b0:	100001c1 	.word	0x100001c1
100001b4:	100001c1 	.word	0x100001c1
100001b8:	100001c1 	.word	0x100001c1
100001bc:	100001c1 	.word	0x100001c1

100001c0 <__unhandled_user_irq>:
100001c0:	f3ef 8005 	mrs	r0, IPSR
100001c4:	3810      	subs	r0, #16

100001c6 <unhandled_user_irq_num_in_r0>:
100001c6:	be00      	bkpt	0x0000

100001c8 <isr_invalid>:
100001c8:	be00      	bkpt	0x0000

100001ca <isr_nmi>:
100001ca:	be00      	bkpt	0x0000

100001cc <isr_hardfault>:
100001cc:	be00      	bkpt	0x0000
100001ce:	be00      	bkpt	0x0000
100001d0:	be00      	bkpt	0x0000
100001d2:	be00      	bkpt	0x0000

100001d4 <__default_isrs_end>:
100001d4:	7188ebf2 	.word	0x7188ebf2
100001d8:	1000ca40 	.word	0x1000ca40
100001dc:	1000ca60 	.word	0x1000ca60
100001e0:	10000238 	.word	0x10000238
100001e4:	e71aa390 	.word	0xe71aa390

100001e8 <_entry_point>:
100001e8:	481e      	ldr	r0, [pc, #120]	@ (10000264 <data_cpy_table+0x2c>)

100001ea <_enter_vtable_in_r0>:
100001ea:	491f      	ldr	r1, [pc, #124]	@ (10000268 <data_cpy_table+0x30>)
100001ec:	6008      	str	r0, [r1, #0]
100001ee:	c806      	ldmia	r0!, {r1, r2}
100001f0:	f381 8808 	msr	MSP, r1
100001f4:	4710      	bx	r2

100001f6 <_reset_handler>:
100001f6:	481d      	ldr	r0, [pc, #116]	@ (1000026c <data_cpy_table+0x34>)
100001f8:	6800      	ldr	r0, [r0, #0]
100001fa:	2800      	cmp	r0, #0
100001fc:	d001      	beq.n	10000202 <hold_non_core0_in_bootrom+0x4>

100001fe <hold_non_core0_in_bootrom>:
100001fe:	4819      	ldr	r0, [pc, #100]	@ (10000264 <data_cpy_table+0x2c>)
10000200:	e7f3      	b.n	100001ea <_enter_vtable_in_r0>
10000202:	a40d      	add	r4, pc, #52	@ (adr r4, 10000238 <data_cpy_table>)
10000204:	cc0e      	ldmia	r4!, {r1, r2, r3}
10000206:	2900      	cmp	r1, #0
10000208:	d002      	beq.n	10000210 <hold_non_core0_in_bootrom+0x12>
1000020a:	f000 f812 	bl	10000232 <data_cpy>
1000020e:	e7f9      	b.n	10000204 <hold_non_core0_in_bootrom+0x6>
10000210:	4917      	ldr	r1, [pc, #92]	@ (10000270 <data_cpy_table+0x38>)
10000212:	4a18      	ldr	r2, [pc, #96]	@ (10000274 <data_cpy_table+0x3c>)
10000214:	2000      	movs	r0, #0
10000216:	e000      	b.n	1000021a <bss_fill_test>

10000218 <bss_fill_loop>:
10000218:	c101      	stmia	r1!, {r0}

1000021a <bss_fill_test>:
1000021a:	4291      	cmp	r1, r2
1000021c:	d1fc      	bne.n	10000218 <bss_fill_loop>

1000021e <platform_entry>:
1000021e:	4916      	ldr	r1, [pc, #88]	@ (10000278 <data_cpy_table+0x40>)
10000220:	4788      	blx	r1
10000222:	4916      	ldr	r1, [pc, #88]	@ (1000027c <data_cpy_table+0x44>)
10000224:	4788      	blx	r1
10000226:	4916      	ldr	r1, [pc, #88]	@ (10000280 <data_cpy_table+0x48>)
10000228:	4788      	blx	r1
1000022a:	be00      	bkpt	0x0000
1000022c:	e7fd      	b.n	1000022a <platform_entry+0xc>

1000022e <data_cpy_loop>:
1000022e:	c901      	ldmia	r1!, {r0}
10000230:	c201      	stmia	r2!, {r0}

10000232 <data_cpy>:
10000232:	429a      	cmp	r2, r3
10000234:	d3fb      	bcc.n	1000022e <data_cpy_loop>
10000236:	4770      	bx	lr

10000238 <data_cpy_table>:
10000238:	1000ca60 	.word	0x1000ca60
1000023c:	200000c0 	.word	0x200000c0
10000240:	20001690 	.word	0x20001690
10000244:	1000e030 	.word	0x1000e030
10000248:	20040000 	.word	0x20040000
1000024c:	20040000 	.word	0x20040000
10000250:	1000e030 	.word	0x1000e030
10000254:	20041000 	.word	0x20041000
10000258:	20041000 	.word	0x20041000
1000025c:	00000000 	.word	0x00000000
10000260:	4770      	bx	lr
10000262:	0000      	.short	0x0000
10000264:	00000000 	.word	0x00000000
10000268:	e000ed08 	.word	0xe000ed08
1000026c:	d0000000 	.word	0xd0000000
10000270:	20001690 	.word	0x20001690
10000274:	20027d20 	.word	0x20027d20
10000278:	10005995 	.word	0x10005995
1000027c:	1000068d 	.word	0x1000068d
10000280:	1000598d 	.word	0x1000598d

10000284 <_init>:
10000284:	b5f8      	push	{r3, r4, r5, r6, r7, lr}
10000286:	46c0      	nop			@ (mov r8, r8)

10000288 <register_tm_clones>:
10000288:	4806      	ldr	r0, [pc, #24]	@ (100002a4 <register_tm_clones+0x1c>)
1000028a:	4907      	ldr	r1, [pc, #28]	@ (100002a8 <register_tm_clones+0x20>)
1000028c:	1a09      	subs	r1, r1, r0
1000028e:	108b      	asrs	r3, r1, #2
10000290:	0fc9      	lsrs	r1, r1, #31
10000292:	18c9      	adds	r1, r1, r3
10000294:	b510      	push	{r4, lr}
10000296:	1049      	asrs	r1, r1, #1
10000298:	d003      	beq.n	100002a2 <register_tm_clones+0x1a>
1000029a:	4b04      	ldr	r3, [pc, #16]	@ (100002ac <register_tm_clones+0x24>)
1000029c:	2b00      	cmp	r3, #0
1000029e:	d000      	beq.n	100002a2 <register_tm_clones+0x1a>
100002a0:	4798      	blx	r3
100002a2:	bd10      	pop	{r4, pc}
100002a4:	20001690 	.word	0x20001690
100002a8:	20001690 	.word	0x20001690
100002ac:	00000000 	.word	0x00000000

100002b0 <frame_dummy>:
100002b0:	4b05      	ldr	r3, [pc, #20]	@ (100002c8 <frame_dummy+0x18>)
100002b2:	b510      	push	{r4, lr}
100002b4:	2b00      	cmp	r3, #0
100002b6:	d003      	beq.n	100002c0 <frame_dummy+0x10>
100002b8:	4904      	ldr	r1, [pc, #16]	@ (100002cc <frame_dummy+0x1c>)
100002ba:	4805      	ldr	r0, [pc, #20]	@ (100002d0 <frame_dummy+0x20>)
100002bc:	e000      	b.n	100002c0 <frame_dummy+0x10>
100002be:	bf00      	nop
100002c0:	f7ff ffe2 	bl	10000288 <register_tm_clones>
100002c4:	bd10      	pop	{r4, pc}
100002c6:	46c0      	nop			@ (mov r8, r8)
100002c8:	00000000 	.word	0x00000000
100002cc:	200037b4 	.word	0x200037b4
100002d0:	1000b638 	.word	0x1000b638

100002d4 <ImuTask>:
100002d4:	b530      	push	{r4, r5, lr}
100002d6:	b089      	sub	sp, #36	@ 0x24
100002d8:	f009 fe6c 	bl	10009fb4 <xTaskGetTickCount>
100002dc:	4c0b      	ldr	r4, [pc, #44]	@ (1000030c <ImuTask+0x38>)
100002de:	4d0c      	ldr	r5, [pc, #48]	@ (10000310 <ImuTask+0x3c>)
100002e0:	9001      	str	r0, [sp, #4]
100002e2:	e009      	b.n	100002f8 <ImuTask+0x24>
100002e4:	2300      	movs	r3, #0
100002e6:	2200      	movs	r2, #0
100002e8:	6820      	ldr	r0, [r4, #0]
100002ea:	a902      	add	r1, sp, #8
100002ec:	f008 fd5c 	bl	10008da8 <xQueueGenericSend>
100002f0:	2132      	movs	r1, #50	@ 0x32
100002f2:	a801      	add	r0, sp, #4
100002f4:	f009 fdc0 	bl	10009e78 <xTaskDelayUntil>
100002f8:	a802      	add	r0, sp, #8
100002fa:	f000 fa89 	bl	10000810 <IMU_data_exfil>
100002fe:	2800      	cmp	r0, #0
10000300:	d1f0      	bne.n	100002e4 <ImuTask+0x10>
10000302:	0028      	movs	r0, r5
10000304:	f005 fcd2 	bl	10005cac <__wrap_puts>
10000308:	e7f2      	b.n	100002f0 <ImuTask+0x1c>
1000030a:	46c0      	nop			@ (mov r8, r8)
1000030c:	20027c9c 	.word	0x20027c9c
10000310:	1000b638 	.word	0x1000b638

10000314 <ImuDisplayandLoggingTask>:
10000314:	b5f0      	push	{r4, r5, r6, r7, lr}
10000316:	46de      	mov	lr, fp
10000318:	4645      	mov	r5, r8
1000031a:	4657      	mov	r7, sl
1000031c:	464e      	mov	r6, r9
1000031e:	b5e0      	push	{r5, r6, r7, lr}
10000320:	2000      	movs	r0, #0
10000322:	b0a1      	sub	sp, #132	@ 0x84
10000324:	f000 fc06 	bl	10000b34 <LCD_1IN28_Init>
10000328:	2064      	movs	r0, #100	@ 0x64
1000032a:	f001 fc09 	bl	10001b40 <DEV_SET_PWM>
1000032e:	4b90      	ldr	r3, [pc, #576]	@ (10000570 <ImuDisplayandLoggingTask+0x25c>)
10000330:	22f0      	movs	r2, #240	@ 0xf0
10000332:	0018      	movs	r0, r3
10000334:	9305      	str	r3, [sp, #20]
10000336:	4b8f      	ldr	r3, [pc, #572]	@ (10000574 <ImuDisplayandLoggingTask+0x260>)
10000338:	21f0      	movs	r1, #240	@ 0xf0
1000033a:	9300      	str	r3, [sp, #0]
1000033c:	2300      	movs	r3, #0
1000033e:	f001 fac1 	bl	100018c4 <Paint_NewImage>
10000342:	2041      	movs	r0, #65	@ 0x41
10000344:	f001 faee 	bl	10001924 <Paint_SetScale>
10000348:	488b      	ldr	r0, [pc, #556]	@ (10000578 <ImuDisplayandLoggingTask+0x264>)
1000034a:	f001 fb17 	bl	1000197c <Paint_Clear>
1000034e:	4b8b      	ldr	r3, [pc, #556]	@ (1000057c <ImuDisplayandLoggingTask+0x268>)
10000350:	4d8b      	ldr	r5, [pc, #556]	@ (10000580 <ImuDisplayandLoggingTask+0x26c>)
10000352:	4699      	mov	r9, r3
10000354:	4b8b      	ldr	r3, [pc, #556]	@ (10000584 <ImuDisplayandLoggingTask+0x270>)
10000356:	ac1a      	add	r4, sp, #104	@ 0x68
10000358:	9309      	str	r3, [sp, #36]	@ 0x24
1000035a:	4b8b      	ldr	r3, [pc, #556]	@ (10000588 <ImuDisplayandLoggingTask+0x274>)
1000035c:	930a      	str	r3, [sp, #40]	@ 0x28
1000035e:	4b8b      	ldr	r3, [pc, #556]	@ (1000058c <ImuDisplayandLoggingTask+0x278>)
10000360:	930c      	str	r3, [sp, #48]	@ 0x30
10000362:	4b8b      	ldr	r3, [pc, #556]	@ (10000590 <ImuDisplayandLoggingTask+0x27c>)
10000364:	930d      	str	r3, [sp, #52]	@ 0x34
10000366:	4b8b      	ldr	r3, [pc, #556]	@ (10000594 <ImuDisplayandLoggingTask+0x280>)
10000368:	9310      	str	r3, [sp, #64]	@ 0x40
1000036a:	4b8b      	ldr	r3, [pc, #556]	@ (10000598 <ImuDisplayandLoggingTask+0x284>)
1000036c:	9311      	str	r3, [sp, #68]	@ 0x44
1000036e:	4b8b      	ldr	r3, [pc, #556]	@ (1000059c <ImuDisplayandLoggingTask+0x288>)
10000370:	9313      	str	r3, [sp, #76]	@ 0x4c
10000372:	4b8b      	ldr	r3, [pc, #556]	@ (100005a0 <ImuDisplayandLoggingTask+0x28c>)
10000374:	9315      	str	r3, [sp, #84]	@ 0x54
10000376:	4b8b      	ldr	r3, [pc, #556]	@ (100005a4 <ImuDisplayandLoggingTask+0x290>)
10000378:	9317      	str	r3, [sp, #92]	@ 0x5c
1000037a:	4b8b      	ldr	r3, [pc, #556]	@ (100005a8 <ImuDisplayandLoggingTask+0x294>)
1000037c:	930b      	str	r3, [sp, #44]	@ 0x2c
1000037e:	4b8b      	ldr	r3, [pc, #556]	@ (100005ac <ImuDisplayandLoggingTask+0x298>)
10000380:	930e      	str	r3, [sp, #56]	@ 0x38
10000382:	4b8b      	ldr	r3, [pc, #556]	@ (100005b0 <ImuDisplayandLoggingTask+0x29c>)
10000384:	930f      	str	r3, [sp, #60]	@ 0x3c
10000386:	4b8b      	ldr	r3, [pc, #556]	@ (100005b4 <ImuDisplayandLoggingTask+0x2a0>)
10000388:	9312      	str	r3, [sp, #72]	@ 0x48
1000038a:	4b8b      	ldr	r3, [pc, #556]	@ (100005b8 <ImuDisplayandLoggingTask+0x2a4>)
1000038c:	9314      	str	r3, [sp, #80]	@ 0x50
1000038e:	4b8b      	ldr	r3, [pc, #556]	@ (100005bc <ImuDisplayandLoggingTask+0x2a8>)
10000390:	9316      	str	r3, [sp, #88]	@ 0x58
10000392:	4b8b      	ldr	r3, [pc, #556]	@ (100005c0 <ImuDisplayandLoggingTask+0x2ac>)
10000394:	4698      	mov	r8, r3
10000396:	4b8b      	ldr	r3, [pc, #556]	@ (100005c4 <ImuDisplayandLoggingTask+0x2b0>)
10000398:	9306      	str	r3, [sp, #24]
1000039a:	4b8b      	ldr	r3, [pc, #556]	@ (100005c8 <ImuDisplayandLoggingTask+0x2b4>)
1000039c:	469b      	mov	fp, r3
1000039e:	4b8b      	ldr	r3, [pc, #556]	@ (100005cc <ImuDisplayandLoggingTask+0x2b8>)
100003a0:	9307      	str	r3, [sp, #28]
100003a2:	23fc      	movs	r3, #252	@ 0xfc
100003a4:	00db      	lsls	r3, r3, #3
100003a6:	469a      	mov	sl, r3
100003a8:	465b      	mov	r3, fp
100003aa:	46ab      	mov	fp, r5
100003ac:	9308      	str	r3, [sp, #32]
100003ae:	e02a      	b.n	10000406 <ImuDisplayandLoggingTask+0xf2>
100003b0:	4643      	mov	r3, r8
100003b2:	2200      	movs	r2, #0
100003b4:	6818      	ldr	r0, [r3, #0]
100003b6:	a919      	add	r1, sp, #100	@ 0x64
100003b8:	f008 ff14 	bl	100091e4 <xQueueReceive>
100003bc:	2801      	cmp	r0, #1
100003be:	d11c      	bne.n	100003fa <ImuDisplayandLoggingTask+0xe6>
100003c0:	9819      	ldr	r0, [sp, #100]	@ 0x64
100003c2:	f003 fdb7 	bl	10003f34 <__wrap___aeabi_f2d>
100003c6:	9d08      	ldr	r5, [sp, #32]
100003c8:	9000      	str	r0, [sp, #0]
100003ca:	9101      	str	r1, [sp, #4]
100003cc:	9a06      	ldr	r2, [sp, #24]
100003ce:	2140      	movs	r1, #64	@ 0x40
100003d0:	0028      	movs	r0, r5
100003d2:	f005 fa81 	bl	100058d8 <__wrap_snprintf>
100003d6:	4653      	mov	r3, sl
100003d8:	9301      	str	r3, [sp, #4]
100003da:	2300      	movs	r3, #0
100003dc:	002a      	movs	r2, r5
100003de:	21c3      	movs	r1, #195	@ 0xc3
100003e0:	205a      	movs	r0, #90	@ 0x5a
100003e2:	9300      	str	r3, [sp, #0]
100003e4:	465b      	mov	r3, fp
100003e6:	f001 fb35 	bl	10001a54 <Paint_DrawString_EN>
100003ea:	9819      	ldr	r0, [sp, #100]	@ 0x64
100003ec:	f003 fda2 	bl	10003f34 <__wrap___aeabi_f2d>
100003f0:	0002      	movs	r2, r0
100003f2:	000b      	movs	r3, r1
100003f4:	9807      	ldr	r0, [sp, #28]
100003f6:	f005 fcdd 	bl	10005db4 <__wrap_printf>
100003fa:	9805      	ldr	r0, [sp, #20]
100003fc:	f001 f93a 	bl	10001674 <LCD_1IN28_Display>
10000400:	2064      	movs	r0, #100	@ 0x64
10000402:	f009 fd93 	bl	10009f2c <vTaskDelay>
10000406:	2000      	movs	r0, #0
10000408:	f001 fa7c 	bl	10001904 <Paint_SetRotate>
1000040c:	20fc      	movs	r0, #252	@ 0xfc
1000040e:	00c0      	lsls	r0, r0, #3
10000410:	f001 fab4 	bl	1000197c <Paint_Clear>
10000414:	464b      	mov	r3, r9
10000416:	2200      	movs	r2, #0
10000418:	0021      	movs	r1, r4
1000041a:	6818      	ldr	r0, [r3, #0]
1000041c:	f008 fee2 	bl	100091e4 <xQueueReceive>
10000420:	2801      	cmp	r0, #1
10000422:	d1c5      	bne.n	100003b0 <ImuDisplayandLoggingTask+0x9c>
10000424:	6820      	ldr	r0, [r4, #0]
10000426:	f003 fd85 	bl	10003f34 <__wrap___aeabi_f2d>
1000042a:	9e0a      	ldr	r6, [sp, #40]	@ 0x28
1000042c:	9000      	str	r0, [sp, #0]
1000042e:	9101      	str	r1, [sp, #4]
10000430:	9a09      	ldr	r2, [sp, #36]	@ 0x24
10000432:	2110      	movs	r1, #16
10000434:	0030      	movs	r0, r6
10000436:	f005 fa4f 	bl	100058d8 <__wrap_snprintf>
1000043a:	2500      	movs	r5, #0
1000043c:	4653      	mov	r3, sl
1000043e:	0032      	movs	r2, r6
10000440:	9301      	str	r3, [sp, #4]
10000442:	2141      	movs	r1, #65	@ 0x41
10000444:	465b      	mov	r3, fp
10000446:	205a      	movs	r0, #90	@ 0x5a
10000448:	9500      	str	r5, [sp, #0]
1000044a:	f001 fb03 	bl	10001a54 <Paint_DrawString_EN>
1000044e:	6860      	ldr	r0, [r4, #4]
10000450:	f003 fd70 	bl	10003f34 <__wrap___aeabi_f2d>
10000454:	9e0d      	ldr	r6, [sp, #52]	@ 0x34
10000456:	9000      	str	r0, [sp, #0]
10000458:	9101      	str	r1, [sp, #4]
1000045a:	9a0c      	ldr	r2, [sp, #48]	@ 0x30
1000045c:	2110      	movs	r1, #16
1000045e:	0030      	movs	r0, r6
10000460:	f005 fa3a 	bl	100058d8 <__wrap_snprintf>
10000464:	4653      	mov	r3, sl
10000466:	0032      	movs	r2, r6
10000468:	9301      	str	r3, [sp, #4]
1000046a:	215a      	movs	r1, #90	@ 0x5a
1000046c:	465b      	mov	r3, fp
1000046e:	205a      	movs	r0, #90	@ 0x5a
10000470:	9500      	str	r5, [sp, #0]
10000472:	f001 faef 	bl	10001a54 <Paint_DrawString_EN>
10000476:	68a0      	ldr	r0, [r4, #8]
10000478:	f003 fd5c 	bl	10003f34 <__wrap___aeabi_f2d>
1000047c:	9e11      	ldr	r6, [sp, #68]	@ 0x44
1000047e:	9000      	str	r0, [sp, #0]
10000480:	9101      	str	r1, [sp, #4]
10000482:	9a10      	ldr	r2, [sp, #64]	@ 0x40
10000484:	2110      	movs	r1, #16
10000486:	0030      	movs	r0, r6
10000488:	f005 fa26 	bl	100058d8 <__wrap_snprintf>
1000048c:	4653      	mov	r3, sl
1000048e:	0032      	movs	r2, r6
10000490:	9301      	str	r3, [sp, #4]
10000492:	2169      	movs	r1, #105	@ 0x69
10000494:	465b      	mov	r3, fp
10000496:	205a      	movs	r0, #90	@ 0x5a
10000498:	9500      	str	r5, [sp, #0]
1000049a:	f001 fadb 	bl	10001a54 <Paint_DrawString_EN>
1000049e:	68e0      	ldr	r0, [r4, #12]
100004a0:	f003 fd48 	bl	10003f34 <__wrap___aeabi_f2d>
100004a4:	9e15      	ldr	r6, [sp, #84]	@ 0x54
100004a6:	9000      	str	r0, [sp, #0]
100004a8:	9101      	str	r1, [sp, #4]
100004aa:	9a13      	ldr	r2, [sp, #76]	@ 0x4c
100004ac:	2110      	movs	r1, #16
100004ae:	0030      	movs	r0, r6
100004b0:	f005 fa12 	bl	100058d8 <__wrap_snprintf>
100004b4:	4653      	mov	r3, sl
100004b6:	0032      	movs	r2, r6
100004b8:	9301      	str	r3, [sp, #4]
100004ba:	2182      	movs	r1, #130	@ 0x82
100004bc:	465b      	mov	r3, fp
100004be:	205a      	movs	r0, #90	@ 0x5a
100004c0:	9500      	str	r5, [sp, #0]
100004c2:	f001 fac7 	bl	10001a54 <Paint_DrawString_EN>
100004c6:	6920      	ldr	r0, [r4, #16]
100004c8:	f003 fd34 	bl	10003f34 <__wrap___aeabi_f2d>
100004cc:	9e0b      	ldr	r6, [sp, #44]	@ 0x2c
100004ce:	9000      	str	r0, [sp, #0]
100004d0:	9101      	str	r1, [sp, #4]
100004d2:	9a17      	ldr	r2, [sp, #92]	@ 0x5c
100004d4:	2110      	movs	r1, #16
100004d6:	0030      	movs	r0, r6
100004d8:	f005 f9fe 	bl	100058d8 <__wrap_snprintf>
100004dc:	4653      	mov	r3, sl
100004de:	0032      	movs	r2, r6
100004e0:	9301      	str	r3, [sp, #4]
100004e2:	219b      	movs	r1, #155	@ 0x9b
100004e4:	465b      	mov	r3, fp
100004e6:	205a      	movs	r0, #90	@ 0x5a
100004e8:	9500      	str	r5, [sp, #0]
100004ea:	f001 fab3 	bl	10001a54 <Paint_DrawString_EN>
100004ee:	6960      	ldr	r0, [r4, #20]
100004f0:	f003 fd20 	bl	10003f34 <__wrap___aeabi_f2d>
100004f4:	9e0f      	ldr	r6, [sp, #60]	@ 0x3c
100004f6:	9000      	str	r0, [sp, #0]
100004f8:	9101      	str	r1, [sp, #4]
100004fa:	9a0e      	ldr	r2, [sp, #56]	@ 0x38
100004fc:	2110      	movs	r1, #16
100004fe:	0030      	movs	r0, r6
10000500:	f005 f9ea 	bl	100058d8 <__wrap_snprintf>
10000504:	4653      	mov	r3, sl
10000506:	0032      	movs	r2, r6
10000508:	9301      	str	r3, [sp, #4]
1000050a:	21b4      	movs	r1, #180	@ 0xb4
1000050c:	465b      	mov	r3, fp
1000050e:	205a      	movs	r0, #90	@ 0x5a
10000510:	9500      	str	r5, [sp, #0]
10000512:	f001 fa9f 	bl	10001a54 <Paint_DrawString_EN>
10000516:	6820      	ldr	r0, [r4, #0]
10000518:	f003 fd0c 	bl	10003f34 <__wrap___aeabi_f2d>
1000051c:	0006      	movs	r6, r0
1000051e:	68a0      	ldr	r0, [r4, #8]
10000520:	000f      	movs	r7, r1
10000522:	f003 fd07 	bl	10003f34 <__wrap___aeabi_f2d>
10000526:	9002      	str	r0, [sp, #8]
10000528:	9103      	str	r1, [sp, #12]
1000052a:	6860      	ldr	r0, [r4, #4]
1000052c:	f003 fd02 	bl	10003f34 <__wrap___aeabi_f2d>
10000530:	0032      	movs	r2, r6
10000532:	003b      	movs	r3, r7
10000534:	9000      	str	r0, [sp, #0]
10000536:	9101      	str	r1, [sp, #4]
10000538:	9812      	ldr	r0, [sp, #72]	@ 0x48
1000053a:	f005 fc3b 	bl	10005db4 <__wrap_printf>
1000053e:	9814      	ldr	r0, [sp, #80]	@ 0x50
10000540:	f005 fbb4 	bl	10005cac <__wrap_puts>
10000544:	68e0      	ldr	r0, [r4, #12]
10000546:	f003 fcf5 	bl	10003f34 <__wrap___aeabi_f2d>
1000054a:	0006      	movs	r6, r0
1000054c:	6960      	ldr	r0, [r4, #20]
1000054e:	000f      	movs	r7, r1
10000550:	f003 fcf0 	bl	10003f34 <__wrap___aeabi_f2d>
10000554:	9002      	str	r0, [sp, #8]
10000556:	9103      	str	r1, [sp, #12]
10000558:	6920      	ldr	r0, [r4, #16]
1000055a:	f003 fceb 	bl	10003f34 <__wrap___aeabi_f2d>
1000055e:	0032      	movs	r2, r6
10000560:	9000      	str	r0, [sp, #0]
10000562:	9101      	str	r1, [sp, #4]
10000564:	003b      	movs	r3, r7
10000566:	9816      	ldr	r0, [sp, #88]	@ 0x58
10000568:	f005 fc24 	bl	10005db4 <__wrap_printf>
1000056c:	e720      	b.n	100003b0 <ImuDisplayandLoggingTask+0x9c>
1000056e:	46c0      	nop			@ (mov r8, r8)
10000570:	200039f8 	.word	0x200039f8
10000574:	0000ffff 	.word	0x0000ffff
10000578:	0000fc07 	.word	0x0000fc07
1000057c:	20027c9c 	.word	0x20027c9c
10000580:	20001054 	.word	0x20001054
10000584:	1000b648 	.word	0x1000b648
10000588:	200021cc 	.word	0x200021cc
1000058c:	1000b654 	.word	0x1000b654
10000590:	200021dc 	.word	0x200021dc
10000594:	1000b660 	.word	0x1000b660
10000598:	200021ec 	.word	0x200021ec
1000059c:	1000b66c 	.word	0x1000b66c
100005a0:	20003374 	.word	0x20003374
100005a4:	1000b678 	.word	0x1000b678
100005a8:	20003384 	.word	0x20003384
100005ac:	1000b684 	.word	0x1000b684
100005b0:	20003394 	.word	0x20003394
100005b4:	1000b690 	.word	0x1000b690
100005b8:	1000b6a8 	.word	0x1000b6a8
100005bc:	1000b6cc 	.word	0x1000b6cc
100005c0:	20027c3c 	.word	0x20027c3c
100005c4:	1000b6e4 	.word	0x1000b6e4
100005c8:	20002188 	.word	0x20002188
100005cc:	1000b6ec 	.word	0x1000b6ec

100005d0 <AdcParseTask>:
100005d0:	b5f0      	push	{r4, r5, r6, r7, lr}
100005d2:	464f      	mov	r7, r9
100005d4:	4646      	mov	r6, r8
100005d6:	46d6      	mov	lr, sl
100005d8:	4b25      	ldr	r3, [pc, #148]	@ (10000670 <AdcParseTask+0xa0>)
100005da:	b5c0      	push	{r6, r7, lr}
100005dc:	4698      	mov	r8, r3
100005de:	4b25      	ldr	r3, [pc, #148]	@ (10000674 <AdcParseTask+0xa4>)
100005e0:	4e25      	ldr	r6, [pc, #148]	@ (10000678 <AdcParseTask+0xa8>)
100005e2:	4699      	mov	r9, r3
100005e4:	4b25      	ldr	r3, [pc, #148]	@ (1000067c <AdcParseTask+0xac>)
100005e6:	0034      	movs	r4, r6
100005e8:	469a      	mov	sl, r3
100005ea:	4d25      	ldr	r5, [pc, #148]	@ (10000680 <AdcParseTask+0xb0>)
100005ec:	4f25      	ldr	r7, [pc, #148]	@ (10000684 <AdcParseTask+0xb4>)
100005ee:	b082      	sub	sp, #8
100005f0:	2201      	movs	r2, #1
100005f2:	2101      	movs	r1, #1
100005f4:	2000      	movs	r0, #0
100005f6:	4252      	negs	r2, r2
100005f8:	f009 ff78 	bl	1000a4ec <ulTaskGenericNotifyTake>
100005fc:	2800      	cmp	r0, #0
100005fe:	d0f7      	beq.n	100005f0 <AdcParseTask+0x20>
10000600:	782b      	ldrb	r3, [r5, #0]
10000602:	2b01      	cmp	r3, #1
10000604:	d020      	beq.n	10000648 <AdcParseTask+0x78>
10000606:	782b      	ldrb	r3, [r5, #0]
10000608:	2b00      	cmp	r3, #0
1000060a:	d1f1      	bne.n	100005f0 <AdcParseTask+0x20>
1000060c:	7829      	ldrb	r1, [r5, #0]
1000060e:	4640      	mov	r0, r8
10000610:	b2c9      	uxtb	r1, r1
10000612:	f005 fbcf 	bl	10005db4 <__wrap_printf>
10000616:	4650      	mov	r0, sl
10000618:	491b      	ldr	r1, [pc, #108]	@ (10000688 <AdcParseTask+0xb8>)
1000061a:	f005 fbcb 	bl	10005db4 <__wrap_printf>
1000061e:	2000      	movs	r0, #0
10000620:	4b19      	ldr	r3, [pc, #100]	@ (10000688 <AdcParseTask+0xb8>)
10000622:	881a      	ldrh	r2, [r3, #0]
10000624:	3302      	adds	r3, #2
10000626:	1880      	adds	r0, r0, r2
10000628:	429c      	cmp	r4, r3
1000062a:	d1fa      	bne.n	10000622 <AdcParseTask+0x52>
1000062c:	f003 fc60 	bl	10003ef0 <__wrap___aeabi_i2f>
10000630:	21ea      	movs	r1, #234	@ 0xea
10000632:	0589      	lsls	r1, r1, #22
10000634:	f003 fc55 	bl	10003ee2 <__wrap___aeabi_fmul>
10000638:	2300      	movs	r3, #0
1000063a:	9001      	str	r0, [sp, #4]
1000063c:	2200      	movs	r2, #0
1000063e:	6838      	ldr	r0, [r7, #0]
10000640:	a901      	add	r1, sp, #4
10000642:	f008 fbb1 	bl	10008da8 <xQueueGenericSend>
10000646:	e7d3      	b.n	100005f0 <AdcParseTask+0x20>
10000648:	7829      	ldrb	r1, [r5, #0]
1000064a:	4640      	mov	r0, r8
1000064c:	b2c9      	uxtb	r1, r1
1000064e:	f005 fbb1 	bl	10005db4 <__wrap_printf>
10000652:	0031      	movs	r1, r6
10000654:	4648      	mov	r0, r9
10000656:	f005 fbad 	bl	10005db4 <__wrap_printf>
1000065a:	2280      	movs	r2, #128	@ 0x80
1000065c:	0033      	movs	r3, r6
1000065e:	2000      	movs	r0, #0
10000660:	0112      	lsls	r2, r2, #4
10000662:	18b1      	adds	r1, r6, r2
10000664:	881a      	ldrh	r2, [r3, #0]
10000666:	3302      	adds	r3, #2
10000668:	1880      	adds	r0, r0, r2
1000066a:	4299      	cmp	r1, r3
1000066c:	d1fa      	bne.n	10000664 <AdcParseTask+0x94>
1000066e:	e7dd      	b.n	1000062c <AdcParseTask+0x5c>
10000670:	1000b6fc 	.word	0x1000b6fc
10000674:	1000b710 	.word	0x1000b710
10000678:	20002b5c 	.word	0x20002b5c
1000067c:	1000b720 	.word	0x1000b720
10000680:	20027d1f 	.word	0x20027d1f
10000684:	20027c3c 	.word	0x20027c3c
10000688:	2000235c 	.word	0x2000235c

1000068c <main>:
1000068c:	b510      	push	{r4, lr}
1000068e:	b082      	sub	sp, #8
10000690:	f005 fabe 	bl	10005c10 <stdio_init_all>
10000694:	e002      	b.n	1000069c <main+0x10>
10000696:	2064      	movs	r0, #100	@ 0x64
10000698:	f002 f952 	bl	10002940 <sleep_ms>
1000069c:	f005 fe20 	bl	100062e0 <stdio_usb_connected>
100006a0:	2800      	cmp	r0, #0
100006a2:	d0f8      	beq.n	10000696 <main+0xa>
100006a4:	4821      	ldr	r0, [pc, #132]	@ (1000072c <main+0xa0>)
100006a6:	f005 fb01 	bl	10005cac <__wrap_puts>
100006aa:	20fa      	movs	r0, #250	@ 0xfa
100006ac:	00c0      	lsls	r0, r0, #3
100006ae:	f002 f947 	bl	10002940 <sleep_ms>
100006b2:	f000 f853 	bl	1000075c <configure_i2c_peripheral>
100006b6:	481e      	ldr	r0, [pc, #120]	@ (10000730 <main+0xa4>)
100006b8:	f005 faf8 	bl	10005cac <__wrap_puts>
100006bc:	f001 fa64 	bl	10001b88 <DEV_Module_Init>
100006c0:	481c      	ldr	r0, [pc, #112]	@ (10000734 <main+0xa8>)
100006c2:	f005 faf3 	bl	10005cac <__wrap_puts>
100006c6:	f000 f9a5 	bl	10000a14 <init_adc>
100006ca:	2200      	movs	r2, #0
100006cc:	2118      	movs	r1, #24
100006ce:	2010      	movs	r0, #16
100006d0:	f008 fb1c 	bl	10008d0c <xQueueGenericCreate>
100006d4:	4b18      	ldr	r3, [pc, #96]	@ (10000738 <main+0xac>)
100006d6:	2200      	movs	r2, #0
100006d8:	6018      	str	r0, [r3, #0]
100006da:	2104      	movs	r1, #4
100006dc:	2010      	movs	r0, #16
100006de:	f008 fb15 	bl	10008d0c <xQueueGenericCreate>
100006e2:	4b16      	ldr	r3, [pc, #88]	@ (1000073c <main+0xb0>)
100006e4:	2400      	movs	r4, #0
100006e6:	6018      	str	r0, [r3, #0]
100006e8:	2280      	movs	r2, #128	@ 0x80
100006ea:	2303      	movs	r3, #3
100006ec:	4914      	ldr	r1, [pc, #80]	@ (10000740 <main+0xb4>)
100006ee:	9300      	str	r3, [sp, #0]
100006f0:	0052      	lsls	r2, r2, #1
100006f2:	2300      	movs	r3, #0
100006f4:	4813      	ldr	r0, [pc, #76]	@ (10000744 <main+0xb8>)
100006f6:	9401      	str	r4, [sp, #4]
100006f8:	f009 fa9c 	bl	10009c34 <xTaskCreate>
100006fc:	4b12      	ldr	r3, [pc, #72]	@ (10000748 <main+0xbc>)
100006fe:	22b5      	movs	r2, #181	@ 0xb5
10000700:	9301      	str	r3, [sp, #4]
10000702:	2301      	movs	r3, #1
10000704:	4911      	ldr	r1, [pc, #68]	@ (1000074c <main+0xc0>)
10000706:	9300      	str	r3, [sp, #0]
10000708:	0092      	lsls	r2, r2, #2
1000070a:	2300      	movs	r3, #0
1000070c:	4810      	ldr	r0, [pc, #64]	@ (10000750 <main+0xc4>)
1000070e:	f009 fa91 	bl	10009c34 <xTaskCreate>
10000712:	2302      	movs	r3, #2
10000714:	22c0      	movs	r2, #192	@ 0xc0
10000716:	490f      	ldr	r1, [pc, #60]	@ (10000754 <main+0xc8>)
10000718:	9300      	str	r3, [sp, #0]
1000071a:	0112      	lsls	r2, r2, #4
1000071c:	2300      	movs	r3, #0
1000071e:	480e      	ldr	r0, [pc, #56]	@ (10000758 <main+0xcc>)
10000720:	9401      	str	r4, [sp, #4]
10000722:	f009 fa87 	bl	10009c34 <xTaskCreate>
10000726:	f009 fa97 	bl	10009c58 <vTaskStartScheduler>
1000072a:	e7fe      	b.n	1000072a <main+0x9e>
1000072c:	1000b730 	.word	0x1000b730
10000730:	1000b738 	.word	0x1000b738
10000734:	1000b758 	.word	0x1000b758
10000738:	20027c9c 	.word	0x20027c9c
1000073c:	20027c3c 	.word	0x20027c3c
10000740:	1000b778 	.word	0x1000b778
10000744:	100002d5 	.word	0x100002d5
10000748:	200021c8 	.word	0x200021c8
1000074c:	1000b784 	.word	0x1000b784
10000750:	100005d1 	.word	0x100005d1
10000754:	1000b798 	.word	0x1000b798
10000758:	10000315 	.word	0x10000315

1000075c <configure_i2c_peripheral>:
1000075c:	b530      	push	{r4, r5, lr}
1000075e:	2500      	movs	r5, #0
10000760:	4c23      	ldr	r4, [pc, #140]	@ (100007f0 <configure_i2c_peripheral+0x94>)
10000762:	b083      	sub	sp, #12
10000764:	0020      	movs	r0, r4
10000766:	4923      	ldr	r1, [pc, #140]	@ (100007f4 <configure_i2c_peripheral+0x98>)
10000768:	f00a fbdc 	bl	1000af24 <i2c_init>
1000076c:	2103      	movs	r1, #3
1000076e:	2006      	movs	r0, #6
10000770:	f001 fa84 	bl	10001c7c <gpio_set_function>
10000774:	2103      	movs	r1, #3
10000776:	2007      	movs	r0, #7
10000778:	f001 fa80 	bl	10001c7c <gpio_set_function>
1000077c:	2200      	movs	r2, #0
1000077e:	2101      	movs	r1, #1
10000780:	2006      	movs	r0, #6
10000782:	f001 fa95 	bl	10001cb0 <gpio_set_pulls>
10000786:	2200      	movs	r2, #0
10000788:	2101      	movs	r1, #1
1000078a:	2007      	movs	r0, #7
1000078c:	f001 fa90 	bl	10001cb0 <gpio_set_pulls>
10000790:	2302      	movs	r3, #2
10000792:	216b      	movs	r1, #107	@ 0x6b
10000794:	0020      	movs	r0, r4
10000796:	4a18      	ldr	r2, [pc, #96]	@ (100007f8 <configure_i2c_peripheral+0x9c>)
10000798:	9500      	str	r5, [sp, #0]
1000079a:	f00a fbeb 	bl	1000af74 <i2c_write_blocking>
1000079e:	2302      	movs	r3, #2
100007a0:	216b      	movs	r1, #107	@ 0x6b
100007a2:	0020      	movs	r0, r4
100007a4:	4a15      	ldr	r2, [pc, #84]	@ (100007fc <configure_i2c_peripheral+0xa0>)
100007a6:	9500      	str	r5, [sp, #0]
100007a8:	f00a fbe4 	bl	1000af74 <i2c_write_blocking>
100007ac:	2302      	movs	r3, #2
100007ae:	216b      	movs	r1, #107	@ 0x6b
100007b0:	0020      	movs	r0, r4
100007b2:	4a13      	ldr	r2, [pc, #76]	@ (10000800 <configure_i2c_peripheral+0xa4>)
100007b4:	9500      	str	r5, [sp, #0]
100007b6:	f00a fbdd 	bl	1000af74 <i2c_write_blocking>
100007ba:	2302      	movs	r3, #2
100007bc:	216b      	movs	r1, #107	@ 0x6b
100007be:	0020      	movs	r0, r4
100007c0:	4a10      	ldr	r2, [pc, #64]	@ (10000804 <configure_i2c_peripheral+0xa8>)
100007c2:	9500      	str	r5, [sp, #0]
100007c4:	f00a fbd6 	bl	1000af74 <i2c_write_blocking>
100007c8:	2302      	movs	r3, #2
100007ca:	216b      	movs	r1, #107	@ 0x6b
100007cc:	0020      	movs	r0, r4
100007ce:	4a0e      	ldr	r2, [pc, #56]	@ (10000808 <configure_i2c_peripheral+0xac>)
100007d0:	9500      	str	r5, [sp, #0]
100007d2:	f00a fbcf 	bl	1000af74 <i2c_write_blocking>
100007d6:	2302      	movs	r3, #2
100007d8:	216b      	movs	r1, #107	@ 0x6b
100007da:	4a0c      	ldr	r2, [pc, #48]	@ (1000080c <configure_i2c_peripheral+0xb0>)
100007dc:	0020      	movs	r0, r4
100007de:	9500      	str	r5, [sp, #0]
100007e0:	f00a fbc8 	bl	1000af74 <i2c_write_blocking>
100007e4:	20fa      	movs	r0, #250	@ 0xfa
100007e6:	0040      	lsls	r0, r0, #1
100007e8:	f002 f8aa 	bl	10002940 <sleep_ms>
100007ec:	b003      	add	sp, #12
100007ee:	bd30      	pop	{r4, r5, pc}
100007f0:	20001118 	.word	0x20001118
100007f4:	000186a0 	.word	0x000186a0
100007f8:	2000104c 	.word	0x2000104c
100007fc:	20001048 	.word	0x20001048
10000800:	20001044 	.word	0x20001044
10000804:	20001040 	.word	0x20001040
10000808:	20001038 	.word	0x20001038
1000080c:	2000103c 	.word	0x2000103c

10000810 <IMU_data_exfil>:
10000810:	b5f0      	push	{r4, r5, r6, r7, lr}
10000812:	46d6      	mov	lr, sl
10000814:	464f      	mov	r7, r9
10000816:	4646      	mov	r6, r8
10000818:	b5c0      	push	{r6, r7, lr}
1000081a:	4b45      	ldr	r3, [pc, #276]	@ (10000930 <IMU_data_exfil+0x120>)
1000081c:	b084      	sub	sp, #16
1000081e:	781b      	ldrb	r3, [r3, #0]
10000820:	aa02      	add	r2, sp, #8
10000822:	7013      	strb	r3, [r2, #0]
10000824:	2301      	movs	r3, #1
10000826:	4c43      	ldr	r4, [pc, #268]	@ (10000934 <IMU_data_exfil+0x124>)
10000828:	0005      	movs	r5, r0
1000082a:	216b      	movs	r1, #107	@ 0x6b
1000082c:	0020      	movs	r0, r4
1000082e:	9300      	str	r3, [sp, #0]
10000830:	f00a fba0 	bl	1000af74 <i2c_write_blocking>
10000834:	2801      	cmp	r0, #1
10000836:	d006      	beq.n	10000846 <IMU_data_exfil+0x36>
10000838:	2000      	movs	r0, #0
1000083a:	b004      	add	sp, #16
1000083c:	bce0      	pop	{r5, r6, r7}
1000083e:	46ba      	mov	sl, r7
10000840:	46b1      	mov	r9, r6
10000842:	46a8      	mov	r8, r5
10000844:	bdf0      	pop	{r4, r5, r6, r7, pc}
10000846:	2600      	movs	r6, #0
10000848:	220e      	movs	r2, #14
1000084a:	2301      	movs	r3, #1
1000084c:	216b      	movs	r1, #107	@ 0x6b
1000084e:	0020      	movs	r0, r4
10000850:	9600      	str	r6, [sp, #0]
10000852:	446a      	add	r2, sp
10000854:	f00a fb98 	bl	1000af88 <i2c_read_blocking>
10000858:	2801      	cmp	r0, #1
1000085a:	d1ed      	bne.n	10000838 <IMU_data_exfil+0x28>
1000085c:	466b      	mov	r3, sp
1000085e:	7b9b      	ldrb	r3, [r3, #14]
10000860:	4218      	tst	r0, r3
10000862:	d0e9      	beq.n	10000838 <IMU_data_exfil+0x28>
10000864:	4b34      	ldr	r3, [pc, #208]	@ (10000938 <IMU_data_exfil+0x128>)
10000866:	aa03      	add	r2, sp, #12
10000868:	781b      	ldrb	r3, [r3, #0]
1000086a:	216b      	movs	r1, #107	@ 0x6b
1000086c:	7013      	strb	r3, [r2, #0]
1000086e:	9000      	str	r0, [sp, #0]
10000870:	2301      	movs	r3, #1
10000872:	0020      	movs	r0, r4
10000874:	f00a fb7e 	bl	1000af74 <i2c_write_blocking>
10000878:	2801      	cmp	r0, #1
1000087a:	d1dd      	bne.n	10000838 <IMU_data_exfil+0x28>
1000087c:	220f      	movs	r2, #15
1000087e:	2301      	movs	r3, #1
10000880:	216b      	movs	r1, #107	@ 0x6b
10000882:	0020      	movs	r0, r4
10000884:	9600      	str	r6, [sp, #0]
10000886:	446a      	add	r2, sp
10000888:	f00a fb7e 	bl	1000af88 <i2c_read_blocking>
1000088c:	2801      	cmp	r0, #1
1000088e:	d1d3      	bne.n	10000838 <IMU_data_exfil+0x28>
10000890:	9000      	str	r0, [sp, #0]
10000892:	2301      	movs	r3, #1
10000894:	216b      	movs	r1, #107	@ 0x6b
10000896:	0020      	movs	r0, r4
10000898:	4a28      	ldr	r2, [pc, #160]	@ (1000093c <IMU_data_exfil+0x12c>)
1000089a:	f00a fb6b 	bl	1000af74 <i2c_write_blocking>
1000089e:	3001      	adds	r0, #1
100008a0:	d0ca      	beq.n	10000838 <IMU_data_exfil+0x28>
100008a2:	4f27      	ldr	r7, [pc, #156]	@ (10000940 <IMU_data_exfil+0x130>)
100008a4:	2310      	movs	r3, #16
100008a6:	003a      	movs	r2, r7
100008a8:	216b      	movs	r1, #107	@ 0x6b
100008aa:	0020      	movs	r0, r4
100008ac:	9600      	str	r6, [sp, #0]
100008ae:	f00a fb6b 	bl	1000af88 <i2c_read_blocking>
100008b2:	3001      	adds	r0, #1
100008b4:	d0c0      	beq.n	10000838 <IMU_data_exfil+0x28>
100008b6:	2202      	movs	r2, #2
100008b8:	5ebb      	ldrsh	r3, [r7, r2]
100008ba:	469a      	mov	sl, r3
100008bc:	2204      	movs	r2, #4
100008be:	5ebb      	ldrsh	r3, [r7, r2]
100008c0:	4699      	mov	r9, r3
100008c2:	2206      	movs	r2, #6
100008c4:	5ebb      	ldrsh	r3, [r7, r2]
100008c6:	4698      	mov	r8, r3
100008c8:	2300      	movs	r3, #0
100008ca:	5ef8      	ldrsh	r0, [r7, r3]
100008cc:	f003 fb10 	bl	10003ef0 <__wrap___aeabi_i2f>
100008d0:	21e6      	movs	r1, #230	@ 0xe6
100008d2:	0589      	lsls	r1, r1, #22
100008d4:	f003 fb05 	bl	10003ee2 <__wrap___aeabi_fmul>
100008d8:	2308      	movs	r3, #8
100008da:	5efe      	ldrsh	r6, [r7, r3]
100008dc:	230a      	movs	r3, #10
100008de:	5efc      	ldrsh	r4, [r7, r3]
100008e0:	6028      	str	r0, [r5, #0]
100008e2:	4650      	mov	r0, sl
100008e4:	f003 fb04 	bl	10003ef0 <__wrap___aeabi_i2f>
100008e8:	21e6      	movs	r1, #230	@ 0xe6
100008ea:	0589      	lsls	r1, r1, #22
100008ec:	f003 faf9 	bl	10003ee2 <__wrap___aeabi_fmul>
100008f0:	6068      	str	r0, [r5, #4]
100008f2:	4648      	mov	r0, r9
100008f4:	f003 fafc 	bl	10003ef0 <__wrap___aeabi_i2f>
100008f8:	21e6      	movs	r1, #230	@ 0xe6
100008fa:	0589      	lsls	r1, r1, #22
100008fc:	f003 faf1 	bl	10003ee2 <__wrap___aeabi_fmul>
10000900:	60a8      	str	r0, [r5, #8]
10000902:	4640      	mov	r0, r8
10000904:	f003 faf4 	bl	10003ef0 <__wrap___aeabi_i2f>
10000908:	490e      	ldr	r1, [pc, #56]	@ (10000944 <IMU_data_exfil+0x134>)
1000090a:	f003 fad6 	bl	10003eba <__wrap___aeabi_fdiv>
1000090e:	60e8      	str	r0, [r5, #12]
10000910:	0030      	movs	r0, r6
10000912:	f003 faed 	bl	10003ef0 <__wrap___aeabi_i2f>
10000916:	490b      	ldr	r1, [pc, #44]	@ (10000944 <IMU_data_exfil+0x134>)
10000918:	f003 facf 	bl	10003eba <__wrap___aeabi_fdiv>
1000091c:	6128      	str	r0, [r5, #16]
1000091e:	0020      	movs	r0, r4
10000920:	f003 fae6 	bl	10003ef0 <__wrap___aeabi_i2f>
10000924:	4907      	ldr	r1, [pc, #28]	@ (10000944 <IMU_data_exfil+0x134>)
10000926:	f003 fac8 	bl	10003eba <__wrap___aeabi_fdiv>
1000092a:	6168      	str	r0, [r5, #20]
1000092c:	2001      	movs	r0, #1
1000092e:	e784      	b.n	1000083a <IMU_data_exfil+0x2a>
10000930:	1000b7a8 	.word	0x1000b7a8
10000934:	20001118 	.word	0x20001118
10000938:	1000b7ac 	.word	0x1000b7ac
1000093c:	20001050 	.word	0x20001050
10000940:	200039e8 	.word	0x200039e8
10000944:	4283126f 	.word	0x4283126f

10000948 <BufferTriggerADC>:
10000948:	b5f0      	push	{r4, r5, r6, r7, lr}
1000094a:	2401      	movs	r4, #1
1000094c:	0021      	movs	r1, r4
1000094e:	4647      	mov	r7, r8
10000950:	46ce      	mov	lr, r9
10000952:	4b28      	ldr	r3, [pc, #160]	@ (100009f4 <BufferTriggerADC+0xac>)
10000954:	2200      	movs	r2, #0
10000956:	25a0      	movs	r5, #160	@ 0xa0
10000958:	681b      	ldr	r3, [r3, #0]
1000095a:	b580      	push	{r7, lr}
1000095c:	4099      	lsls	r1, r3
1000095e:	4f26      	ldr	r7, [pc, #152]	@ (100009f8 <BufferTriggerADC+0xb0>)
10000960:	b083      	sub	sp, #12
10000962:	9201      	str	r2, [sp, #4]
10000964:	05ed      	lsls	r5, r5, #23
10000966:	59e8      	ldr	r0, [r5, r7]
10000968:	4201      	tst	r1, r0
1000096a:	d12a      	bne.n	100009c2 <BufferTriggerADC+0x7a>
1000096c:	4b23      	ldr	r3, [pc, #140]	@ (100009fc <BufferTriggerADC+0xb4>)
1000096e:	59ea      	ldr	r2, [r5, r7]
10000970:	681b      	ldr	r3, [r3, #0]
10000972:	409c      	lsls	r4, r3
10000974:	4214      	tst	r4, r2
10000976:	d104      	bne.n	10000982 <BufferTriggerADC+0x3a>
10000978:	b003      	add	sp, #12
1000097a:	bcc0      	pop	{r6, r7}
1000097c:	46b9      	mov	r9, r7
1000097e:	46b0      	mov	r8, r6
10000980:	bdf0      	pop	{r4, r5, r6, r7, pc}
10000982:	4a1f      	ldr	r2, [pc, #124]	@ (10000a00 <BufferTriggerADC+0xb8>)
10000984:	4e1f      	ldr	r6, [pc, #124]	@ (10000a04 <BufferTriggerADC+0xbc>)
10000986:	4690      	mov	r8, r2
10000988:	aa01      	add	r2, sp, #4
1000098a:	4691      	mov	r9, r2
1000098c:	21a0      	movs	r1, #160	@ 0xa0
1000098e:	4a1a      	ldr	r2, [pc, #104]	@ (100009f8 <BufferTriggerADC+0xb0>)
10000990:	05c9      	lsls	r1, r1, #23
10000992:	508c      	str	r4, [r1, r2]
10000994:	2201      	movs	r2, #1
10000996:	4641      	mov	r1, r8
10000998:	700a      	strb	r2, [r1, #0]
1000099a:	22a0      	movs	r2, #160	@ 0xa0
1000099c:	05d2      	lsls	r2, r2, #23
1000099e:	4694      	mov	ip, r2
100009a0:	019b      	lsls	r3, r3, #6
100009a2:	4a19      	ldr	r2, [pc, #100]	@ (10000a08 <BufferTriggerADC+0xc0>)
100009a4:	4463      	add	r3, ip
100009a6:	605a      	str	r2, [r3, #4]
100009a8:	2100      	movs	r1, #0
100009aa:	464a      	mov	r2, r9
100009ac:	6830      	ldr	r0, [r6, #0]
100009ae:	f009 fdf5 	bl	1000a59c <vTaskGenericNotifyGiveFromISR>
100009b2:	9b01      	ldr	r3, [sp, #4]
100009b4:	2b00      	cmp	r3, #0
100009b6:	d0df      	beq.n	10000978 <BufferTriggerADC+0x30>
100009b8:	2280      	movs	r2, #128	@ 0x80
100009ba:	4b14      	ldr	r3, [pc, #80]	@ (10000a0c <BufferTriggerADC+0xc4>)
100009bc:	0552      	lsls	r2, r2, #21
100009be:	601a      	str	r2, [r3, #0]
100009c0:	e7da      	b.n	10000978 <BufferTriggerADC+0x30>
100009c2:	46ac      	mov	ip, r5
100009c4:	51e9      	str	r1, [r5, r7]
100009c6:	490e      	ldr	r1, [pc, #56]	@ (10000a00 <BufferTriggerADC+0xb8>)
100009c8:	019b      	lsls	r3, r3, #6
100009ca:	700a      	strb	r2, [r1, #0]
100009cc:	4a10      	ldr	r2, [pc, #64]	@ (10000a10 <BufferTriggerADC+0xc8>)
100009ce:	4463      	add	r3, ip
100009d0:	4e0c      	ldr	r6, [pc, #48]	@ (10000a04 <BufferTriggerADC+0xbc>)
100009d2:	605a      	str	r2, [r3, #4]
100009d4:	ab01      	add	r3, sp, #4
100009d6:	001a      	movs	r2, r3
100009d8:	4688      	mov	r8, r1
100009da:	6830      	ldr	r0, [r6, #0]
100009dc:	2100      	movs	r1, #0
100009de:	4699      	mov	r9, r3
100009e0:	f009 fddc 	bl	1000a59c <vTaskGenericNotifyGiveFromISR>
100009e4:	4b05      	ldr	r3, [pc, #20]	@ (100009fc <BufferTriggerADC+0xb4>)
100009e6:	59ea      	ldr	r2, [r5, r7]
100009e8:	681b      	ldr	r3, [r3, #0]
100009ea:	409c      	lsls	r4, r3
100009ec:	4214      	tst	r4, r2
100009ee:	d0e0      	beq.n	100009b2 <BufferTriggerADC+0x6a>
100009f0:	e7cc      	b.n	1000098c <BufferTriggerADC+0x44>
100009f2:	46c0      	nop			@ (mov r8, r8)
100009f4:	2000335c 	.word	0x2000335c
100009f8:	0000040c 	.word	0x0000040c
100009fc:	20003360 	.word	0x20003360
10000a00:	20027d1f 	.word	0x20027d1f
10000a04:	200021c8 	.word	0x200021c8
10000a08:	20002b5c 	.word	0x20002b5c
10000a0c:	e000ed04 	.word	0xe000ed04
10000a10:	2000235c 	.word	0x2000235c

10000a14 <init_adc>:
10000a14:	b5f0      	push	{r4, r5, r6, r7, lr}
10000a16:	46c6      	mov	lr, r8
10000a18:	b500      	push	{lr}
10000a1a:	f00a fb5d 	bl	1000b0d8 <adc_init>
10000a1e:	211f      	movs	r1, #31
10000a20:	201a      	movs	r0, #26
10000a22:	f001 f92b 	bl	10001c7c <gpio_set_function>
10000a26:	2200      	movs	r2, #0
10000a28:	2100      	movs	r1, #0
10000a2a:	201a      	movs	r0, #26
10000a2c:	f001 f940 	bl	10001cb0 <gpio_set_pulls>
10000a30:	2100      	movs	r1, #0
10000a32:	201a      	movs	r0, #26
10000a34:	f001 f950 	bl	10001cd8 <gpio_set_input_enabled>
10000a38:	21e0      	movs	r1, #224	@ 0xe0
10000a3a:	4a2f      	ldr	r2, [pc, #188]	@ (10000af8 <init_adc+0xe4>)
10000a3c:	01c9      	lsls	r1, r1, #7
10000a3e:	6813      	ldr	r3, [r2, #0]
10000a40:	2001      	movs	r0, #1
10000a42:	400b      	ands	r3, r1
10000a44:	492d      	ldr	r1, [pc, #180]	@ (10000afc <init_adc+0xe8>)
10000a46:	4f2e      	ldr	r7, [pc, #184]	@ (10000b00 <init_adc+0xec>)
10000a48:	600b      	str	r3, [r1, #0]
10000a4a:	4b2e      	ldr	r3, [pc, #184]	@ (10000b04 <init_adc+0xf0>)
10000a4c:	6819      	ldr	r1, [r3, #0]
10000a4e:	4b2e      	ldr	r3, [pc, #184]	@ (10000b08 <init_adc+0xf4>)
10000a50:	404b      	eors	r3, r1
10000a52:	492e      	ldr	r1, [pc, #184]	@ (10000b0c <init_adc+0xf8>)
10000a54:	400b      	ands	r3, r1
10000a56:	492e      	ldr	r1, [pc, #184]	@ (10000b10 <init_adc+0xfc>)
10000a58:	600b      	str	r3, [r1, #0]
10000a5a:	2396      	movs	r3, #150	@ 0x96
10000a5c:	035b      	lsls	r3, r3, #13
10000a5e:	6113      	str	r3, [r2, #16]
10000a60:	f00a fb56 	bl	1000b110 <dma_claim_unused_channel>
10000a64:	4c2b      	ldr	r4, [pc, #172]	@ (10000b14 <init_adc+0x100>)
10000a66:	6020      	str	r0, [r4, #0]
10000a68:	2001      	movs	r0, #1
10000a6a:	f00a fb51 	bl	1000b110 <dma_claim_unused_channel>
10000a6e:	6826      	ldr	r6, [r4, #0]
10000a70:	4b29      	ldr	r3, [pc, #164]	@ (10000b18 <init_adc+0x104>)
10000a72:	02f5      	lsls	r5, r6, #11
10000a74:	002a      	movs	r2, r5
10000a76:	6018      	str	r0, [r3, #0]
10000a78:	403a      	ands	r2, r7
10000a7a:	02c3      	lsls	r3, r0, #11
10000a7c:	431a      	orrs	r2, r3
10000a7e:	403b      	ands	r3, r7
10000a80:	432b      	orrs	r3, r5
10000a82:	25a0      	movs	r5, #160	@ 0xa0
10000a84:	05ed      	lsls	r5, r5, #23
10000a86:	46ac      	mov	ip, r5
10000a88:	2780      	movs	r7, #128	@ 0x80
10000a8a:	4924      	ldr	r1, [pc, #144]	@ (10000b1c <init_adc+0x108>)
10000a8c:	4d24      	ldr	r5, [pc, #144]	@ (10000b20 <init_adc+0x10c>)
10000a8e:	430a      	orrs	r2, r1
10000a90:	4319      	orrs	r1, r3
10000a92:	01b3      	lsls	r3, r6, #6
10000a94:	4463      	add	r3, ip
10000a96:	601d      	str	r5, [r3, #0]
10000a98:	46ac      	mov	ip, r5
10000a9a:	4d22      	ldr	r5, [pc, #136]	@ (10000b24 <init_adc+0x110>)
10000a9c:	00ff      	lsls	r7, r7, #3
10000a9e:	605d      	str	r5, [r3, #4]
10000aa0:	609f      	str	r7, [r3, #8]
10000aa2:	611a      	str	r2, [r3, #16]
10000aa4:	22a0      	movs	r2, #160	@ 0xa0
10000aa6:	05d2      	lsls	r2, r2, #23
10000aa8:	4690      	mov	r8, r2
10000aaa:	4662      	mov	r2, ip
10000aac:	0183      	lsls	r3, r0, #6
10000aae:	4443      	add	r3, r8
10000ab0:	601a      	str	r2, [r3, #0]
10000ab2:	2280      	movs	r2, #128	@ 0x80
10000ab4:	0112      	lsls	r2, r2, #4
10000ab6:	4694      	mov	ip, r2
10000ab8:	4465      	add	r5, ip
10000aba:	605d      	str	r5, [r3, #4]
10000abc:	2501      	movs	r5, #1
10000abe:	002a      	movs	r2, r5
10000ac0:	40b2      	lsls	r2, r6
10000ac2:	609f      	str	r7, [r3, #8]
10000ac4:	6119      	str	r1, [r3, #16]
10000ac6:	4b18      	ldr	r3, [pc, #96]	@ (10000b28 <init_adc+0x114>)
10000ac8:	4918      	ldr	r1, [pc, #96]	@ (10000b2c <init_adc+0x118>)
10000aca:	601a      	str	r2, [r3, #0]
10000acc:	002a      	movs	r2, r5
10000ace:	4082      	lsls	r2, r0
10000ad0:	200b      	movs	r0, #11
10000ad2:	601a      	str	r2, [r3, #0]
10000ad4:	f001 fa34 	bl	10001f40 <irq_set_exclusive_handler>
10000ad8:	2101      	movs	r1, #1
10000ada:	200b      	movs	r0, #11
10000adc:	f001 f9f8 	bl	10001ed0 <irq_set_enabled>
10000ae0:	6823      	ldr	r3, [r4, #0]
10000ae2:	4642      	mov	r2, r8
10000ae4:	409d      	lsls	r5, r3
10000ae6:	2386      	movs	r3, #134	@ 0x86
10000ae8:	00db      	lsls	r3, r3, #3
10000aea:	50d5      	str	r5, [r2, r3]
10000aec:	2208      	movs	r2, #8
10000aee:	4b10      	ldr	r3, [pc, #64]	@ (10000b30 <init_adc+0x11c>)
10000af0:	601a      	str	r2, [r3, #0]
10000af2:	bc80      	pop	{r7}
10000af4:	46b8      	mov	r8, r7
10000af6:	bdf0      	pop	{r4, r5, r6, r7, pc}
10000af8:	4004c000 	.word	0x4004c000
10000afc:	4004d000 	.word	0x4004d000
10000b00:	ff0007fd 	.word	0xff0007fd
10000b04:	4004c008 	.word	0x4004c008
10000b08:	01000009 	.word	0x01000009
10000b0c:	0f00000f 	.word	0x0f00000f
10000b10:	4004d008 	.word	0x4004d008
10000b14:	2000335c 	.word	0x2000335c
10000b18:	20003360 	.word	0x20003360
10000b1c:	00120025 	.word	0x00120025
10000b20:	4004c00c 	.word	0x4004c00c
10000b24:	2000235c 	.word	0x2000235c
10000b28:	50002404 	.word	0x50002404
10000b2c:	10000949 	.word	0x10000949
10000b30:	4004e000 	.word	0x4004e000

10000b34 <LCD_1IN28_Init>:
10000b34:	b510      	push	{r4, lr}
10000b36:	0004      	movs	r4, r0
10000b38:	2101      	movs	r1, #1
10000b3a:	200c      	movs	r0, #12
10000b3c:	f000 ffde 	bl	10001afc <DEV_Digital_Write>
10000b40:	2064      	movs	r0, #100	@ 0x64
10000b42:	f001 f81d 	bl	10001b80 <DEV_Delay_ms>
10000b46:	2100      	movs	r1, #0
10000b48:	200c      	movs	r0, #12
10000b4a:	f000 ffd7 	bl	10001afc <DEV_Digital_Write>
10000b4e:	2064      	movs	r0, #100	@ 0x64
10000b50:	f001 f816 	bl	10001b80 <DEV_Delay_ms>
10000b54:	2101      	movs	r1, #1
10000b56:	200c      	movs	r0, #12
10000b58:	f000 ffd0 	bl	10001afc <DEV_Digital_Write>
10000b5c:	2100      	movs	r1, #0
10000b5e:	2009      	movs	r0, #9
10000b60:	f000 ffcc 	bl	10001afc <DEV_Digital_Write>
10000b64:	2064      	movs	r0, #100	@ 0x64
10000b66:	f001 f80b 	bl	10001b80 <DEV_Delay_ms>
10000b6a:	4bfe      	ldr	r3, [pc, #1016]	@ (10000f64 <LCD_1IN28_Init+0x430>)
10000b6c:	2100      	movs	r1, #0
10000b6e:	711c      	strb	r4, [r3, #4]
10000b70:	1e62      	subs	r2, r4, #1
10000b72:	4194      	sbcs	r4, r2
10000b74:	225f      	movs	r2, #95	@ 0x5f
10000b76:	4264      	negs	r4, r4
10000b78:	4394      	bics	r4, r2
10000b7a:	4afb      	ldr	r2, [pc, #1004]	@ (10000f68 <LCD_1IN28_Init+0x434>)
10000b7c:	2008      	movs	r0, #8
10000b7e:	601a      	str	r2, [r3, #0]
10000b80:	f000 ffbc 	bl	10001afc <DEV_Digital_Write>
10000b84:	2036      	movs	r0, #54	@ 0x36
10000b86:	f000 ffc3 	bl	10001b10 <DEV_SPI_WriteByte>
10000b8a:	34c8      	adds	r4, #200	@ 0xc8
10000b8c:	2101      	movs	r1, #1
10000b8e:	2008      	movs	r0, #8
10000b90:	f000 ffb4 	bl	10001afc <DEV_Digital_Write>
10000b94:	0020      	movs	r0, r4
10000b96:	f000 ffbb 	bl	10001b10 <DEV_SPI_WriteByte>
10000b9a:	2100      	movs	r1, #0
10000b9c:	2008      	movs	r0, #8
10000b9e:	f000 ffad 	bl	10001afc <DEV_Digital_Write>
10000ba2:	20ef      	movs	r0, #239	@ 0xef
10000ba4:	f000 ffb4 	bl	10001b10 <DEV_SPI_WriteByte>
10000ba8:	2100      	movs	r1, #0
10000baa:	2008      	movs	r0, #8
10000bac:	f000 ffa6 	bl	10001afc <DEV_Digital_Write>
10000bb0:	20eb      	movs	r0, #235	@ 0xeb
10000bb2:	f000 ffad 	bl	10001b10 <DEV_SPI_WriteByte>
10000bb6:	2101      	movs	r1, #1
10000bb8:	2008      	movs	r0, #8
10000bba:	f000 ff9f 	bl	10001afc <DEV_Digital_Write>
10000bbe:	2014      	movs	r0, #20
10000bc0:	f000 ffa6 	bl	10001b10 <DEV_SPI_WriteByte>
10000bc4:	2100      	movs	r1, #0
10000bc6:	2008      	movs	r0, #8
10000bc8:	f000 ff98 	bl	10001afc <DEV_Digital_Write>
10000bcc:	20fe      	movs	r0, #254	@ 0xfe
10000bce:	f000 ff9f 	bl	10001b10 <DEV_SPI_WriteByte>
10000bd2:	2100      	movs	r1, #0
10000bd4:	2008      	movs	r0, #8
10000bd6:	f000 ff91 	bl	10001afc <DEV_Digital_Write>
10000bda:	20ef      	movs	r0, #239	@ 0xef
10000bdc:	f000 ff98 	bl	10001b10 <DEV_SPI_WriteByte>
10000be0:	2100      	movs	r1, #0
10000be2:	2008      	movs	r0, #8
10000be4:	f000 ff8a 	bl	10001afc <DEV_Digital_Write>
10000be8:	20eb      	movs	r0, #235	@ 0xeb
10000bea:	f000 ff91 	bl	10001b10 <DEV_SPI_WriteByte>
10000bee:	2101      	movs	r1, #1
10000bf0:	2008      	movs	r0, #8
10000bf2:	f000 ff83 	bl	10001afc <DEV_Digital_Write>
10000bf6:	2014      	movs	r0, #20
10000bf8:	f000 ff8a 	bl	10001b10 <DEV_SPI_WriteByte>
10000bfc:	2100      	movs	r1, #0
10000bfe:	2008      	movs	r0, #8
10000c00:	f000 ff7c 	bl	10001afc <DEV_Digital_Write>
10000c04:	2084      	movs	r0, #132	@ 0x84
10000c06:	f000 ff83 	bl	10001b10 <DEV_SPI_WriteByte>
10000c0a:	2101      	movs	r1, #1
10000c0c:	2008      	movs	r0, #8
10000c0e:	f000 ff75 	bl	10001afc <DEV_Digital_Write>
10000c12:	2040      	movs	r0, #64	@ 0x40
10000c14:	f000 ff7c 	bl	10001b10 <DEV_SPI_WriteByte>
10000c18:	2100      	movs	r1, #0
10000c1a:	2008      	movs	r0, #8
10000c1c:	f000 ff6e 	bl	10001afc <DEV_Digital_Write>
10000c20:	2085      	movs	r0, #133	@ 0x85
10000c22:	f000 ff75 	bl	10001b10 <DEV_SPI_WriteByte>
10000c26:	2101      	movs	r1, #1
10000c28:	2008      	movs	r0, #8
10000c2a:	f000 ff67 	bl	10001afc <DEV_Digital_Write>
10000c2e:	20ff      	movs	r0, #255	@ 0xff
10000c30:	f000 ff6e 	bl	10001b10 <DEV_SPI_WriteByte>
10000c34:	2100      	movs	r1, #0
10000c36:	2008      	movs	r0, #8
10000c38:	f000 ff60 	bl	10001afc <DEV_Digital_Write>
10000c3c:	2086      	movs	r0, #134	@ 0x86
10000c3e:	f000 ff67 	bl	10001b10 <DEV_SPI_WriteByte>
10000c42:	2101      	movs	r1, #1
10000c44:	2008      	movs	r0, #8
10000c46:	f000 ff59 	bl	10001afc <DEV_Digital_Write>
10000c4a:	20ff      	movs	r0, #255	@ 0xff
10000c4c:	f000 ff60 	bl	10001b10 <DEV_SPI_WriteByte>
10000c50:	2100      	movs	r1, #0
10000c52:	2008      	movs	r0, #8
10000c54:	f000 ff52 	bl	10001afc <DEV_Digital_Write>
10000c58:	2087      	movs	r0, #135	@ 0x87
10000c5a:	f000 ff59 	bl	10001b10 <DEV_SPI_WriteByte>
10000c5e:	2101      	movs	r1, #1
10000c60:	2008      	movs	r0, #8
10000c62:	f000 ff4b 	bl	10001afc <DEV_Digital_Write>
10000c66:	20ff      	movs	r0, #255	@ 0xff
10000c68:	f000 ff52 	bl	10001b10 <DEV_SPI_WriteByte>
10000c6c:	2100      	movs	r1, #0
10000c6e:	2008      	movs	r0, #8
10000c70:	f000 ff44 	bl	10001afc <DEV_Digital_Write>
10000c74:	2088      	movs	r0, #136	@ 0x88
10000c76:	f000 ff4b 	bl	10001b10 <DEV_SPI_WriteByte>
10000c7a:	2101      	movs	r1, #1
10000c7c:	2008      	movs	r0, #8
10000c7e:	f000 ff3d 	bl	10001afc <DEV_Digital_Write>
10000c82:	200a      	movs	r0, #10
10000c84:	f000 ff44 	bl	10001b10 <DEV_SPI_WriteByte>
10000c88:	2100      	movs	r1, #0
10000c8a:	2008      	movs	r0, #8
10000c8c:	f000 ff36 	bl	10001afc <DEV_Digital_Write>
10000c90:	2089      	movs	r0, #137	@ 0x89
10000c92:	f000 ff3d 	bl	10001b10 <DEV_SPI_WriteByte>
10000c96:	2101      	movs	r1, #1
10000c98:	2008      	movs	r0, #8
10000c9a:	f000 ff2f 	bl	10001afc <DEV_Digital_Write>
10000c9e:	2021      	movs	r0, #33	@ 0x21
10000ca0:	f000 ff36 	bl	10001b10 <DEV_SPI_WriteByte>
10000ca4:	2100      	movs	r1, #0
10000ca6:	2008      	movs	r0, #8
10000ca8:	f000 ff28 	bl	10001afc <DEV_Digital_Write>
10000cac:	208a      	movs	r0, #138	@ 0x8a
10000cae:	f000 ff2f 	bl	10001b10 <DEV_SPI_WriteByte>
10000cb2:	2101      	movs	r1, #1
10000cb4:	2008      	movs	r0, #8
10000cb6:	f000 ff21 	bl	10001afc <DEV_Digital_Write>
10000cba:	2000      	movs	r0, #0
10000cbc:	f000 ff28 	bl	10001b10 <DEV_SPI_WriteByte>
10000cc0:	2100      	movs	r1, #0
10000cc2:	2008      	movs	r0, #8
10000cc4:	f000 ff1a 	bl	10001afc <DEV_Digital_Write>
10000cc8:	208b      	movs	r0, #139	@ 0x8b
10000cca:	f000 ff21 	bl	10001b10 <DEV_SPI_WriteByte>
10000cce:	2101      	movs	r1, #1
10000cd0:	2008      	movs	r0, #8
10000cd2:	f000 ff13 	bl	10001afc <DEV_Digital_Write>
10000cd6:	2080      	movs	r0, #128	@ 0x80
10000cd8:	f000 ff1a 	bl	10001b10 <DEV_SPI_WriteByte>
10000cdc:	2100      	movs	r1, #0
10000cde:	2008      	movs	r0, #8
10000ce0:	f000 ff0c 	bl	10001afc <DEV_Digital_Write>
10000ce4:	208c      	movs	r0, #140	@ 0x8c
10000ce6:	f000 ff13 	bl	10001b10 <DEV_SPI_WriteByte>
10000cea:	2101      	movs	r1, #1
10000cec:	2008      	movs	r0, #8
10000cee:	f000 ff05 	bl	10001afc <DEV_Digital_Write>
10000cf2:	2001      	movs	r0, #1
10000cf4:	f000 ff0c 	bl	10001b10 <DEV_SPI_WriteByte>
10000cf8:	2100      	movs	r1, #0
10000cfa:	2008      	movs	r0, #8
10000cfc:	f000 fefe 	bl	10001afc <DEV_Digital_Write>
10000d00:	208d      	movs	r0, #141	@ 0x8d
10000d02:	f000 ff05 	bl	10001b10 <DEV_SPI_WriteByte>
10000d06:	2101      	movs	r1, #1
10000d08:	2008      	movs	r0, #8
10000d0a:	f000 fef7 	bl	10001afc <DEV_Digital_Write>
10000d0e:	2001      	movs	r0, #1
10000d10:	f000 fefe 	bl	10001b10 <DEV_SPI_WriteByte>
10000d14:	2100      	movs	r1, #0
10000d16:	2008      	movs	r0, #8
10000d18:	f000 fef0 	bl	10001afc <DEV_Digital_Write>
10000d1c:	208e      	movs	r0, #142	@ 0x8e
10000d1e:	f000 fef7 	bl	10001b10 <DEV_SPI_WriteByte>
10000d22:	2101      	movs	r1, #1
10000d24:	2008      	movs	r0, #8
10000d26:	f000 fee9 	bl	10001afc <DEV_Digital_Write>
10000d2a:	20ff      	movs	r0, #255	@ 0xff
10000d2c:	f000 fef0 	bl	10001b10 <DEV_SPI_WriteByte>
10000d30:	2100      	movs	r1, #0
10000d32:	2008      	movs	r0, #8
10000d34:	f000 fee2 	bl	10001afc <DEV_Digital_Write>
10000d38:	208f      	movs	r0, #143	@ 0x8f
10000d3a:	f000 fee9 	bl	10001b10 <DEV_SPI_WriteByte>
10000d3e:	2101      	movs	r1, #1
10000d40:	2008      	movs	r0, #8
10000d42:	f000 fedb 	bl	10001afc <DEV_Digital_Write>
10000d46:	20ff      	movs	r0, #255	@ 0xff
10000d48:	f000 fee2 	bl	10001b10 <DEV_SPI_WriteByte>
10000d4c:	2100      	movs	r1, #0
10000d4e:	2008      	movs	r0, #8
10000d50:	f000 fed4 	bl	10001afc <DEV_Digital_Write>
10000d54:	20b6      	movs	r0, #182	@ 0xb6
10000d56:	f000 fedb 	bl	10001b10 <DEV_SPI_WriteByte>
10000d5a:	2101      	movs	r1, #1
10000d5c:	2008      	movs	r0, #8
10000d5e:	f000 fecd 	bl	10001afc <DEV_Digital_Write>
10000d62:	2000      	movs	r0, #0
10000d64:	f000 fed4 	bl	10001b10 <DEV_SPI_WriteByte>
10000d68:	2101      	movs	r1, #1
10000d6a:	2008      	movs	r0, #8
10000d6c:	f000 fec6 	bl	10001afc <DEV_Digital_Write>
10000d70:	2020      	movs	r0, #32
10000d72:	f000 fecd 	bl	10001b10 <DEV_SPI_WriteByte>
10000d76:	2100      	movs	r1, #0
10000d78:	2008      	movs	r0, #8
10000d7a:	f000 febf 	bl	10001afc <DEV_Digital_Write>
10000d7e:	2036      	movs	r0, #54	@ 0x36
10000d80:	f000 fec6 	bl	10001b10 <DEV_SPI_WriteByte>
10000d84:	2101      	movs	r1, #1
10000d86:	2008      	movs	r0, #8
10000d88:	f000 feb8 	bl	10001afc <DEV_Digital_Write>
10000d8c:	2008      	movs	r0, #8
10000d8e:	f000 febf 	bl	10001b10 <DEV_SPI_WriteByte>
10000d92:	2100      	movs	r1, #0
10000d94:	2008      	movs	r0, #8
10000d96:	f000 feb1 	bl	10001afc <DEV_Digital_Write>
10000d9a:	203a      	movs	r0, #58	@ 0x3a
10000d9c:	f000 feb8 	bl	10001b10 <DEV_SPI_WriteByte>
10000da0:	2101      	movs	r1, #1
10000da2:	2008      	movs	r0, #8
10000da4:	f000 feaa 	bl	10001afc <DEV_Digital_Write>
10000da8:	2005      	movs	r0, #5
10000daa:	f000 feb1 	bl	10001b10 <DEV_SPI_WriteByte>
10000dae:	2100      	movs	r1, #0
10000db0:	2008      	movs	r0, #8
10000db2:	f000 fea3 	bl	10001afc <DEV_Digital_Write>
10000db6:	2090      	movs	r0, #144	@ 0x90
10000db8:	f000 feaa 	bl	10001b10 <DEV_SPI_WriteByte>
10000dbc:	2101      	movs	r1, #1
10000dbe:	2008      	movs	r0, #8
10000dc0:	f000 fe9c 	bl	10001afc <DEV_Digital_Write>
10000dc4:	2008      	movs	r0, #8
10000dc6:	f000 fea3 	bl	10001b10 <DEV_SPI_WriteByte>
10000dca:	2101      	movs	r1, #1
10000dcc:	2008      	movs	r0, #8
10000dce:	f000 fe95 	bl	10001afc <DEV_Digital_Write>
10000dd2:	2008      	movs	r0, #8
10000dd4:	f000 fe9c 	bl	10001b10 <DEV_SPI_WriteByte>
10000dd8:	2101      	movs	r1, #1
10000dda:	2008      	movs	r0, #8
10000ddc:	f000 fe8e 	bl	10001afc <DEV_Digital_Write>
10000de0:	2008      	movs	r0, #8
10000de2:	f000 fe95 	bl	10001b10 <DEV_SPI_WriteByte>
10000de6:	2101      	movs	r1, #1
10000de8:	2008      	movs	r0, #8
10000dea:	f000 fe87 	bl	10001afc <DEV_Digital_Write>
10000dee:	2008      	movs	r0, #8
10000df0:	f000 fe8e 	bl	10001b10 <DEV_SPI_WriteByte>
10000df4:	2100      	movs	r1, #0
10000df6:	2008      	movs	r0, #8
10000df8:	f000 fe80 	bl	10001afc <DEV_Digital_Write>
10000dfc:	20bd      	movs	r0, #189	@ 0xbd
10000dfe:	f000 fe87 	bl	10001b10 <DEV_SPI_WriteByte>
10000e02:	2101      	movs	r1, #1
10000e04:	2008      	movs	r0, #8
10000e06:	f000 fe79 	bl	10001afc <DEV_Digital_Write>
10000e0a:	2006      	movs	r0, #6
10000e0c:	f000 fe80 	bl	10001b10 <DEV_SPI_WriteByte>
10000e10:	2100      	movs	r1, #0
10000e12:	2008      	movs	r0, #8
10000e14:	f000 fe72 	bl	10001afc <DEV_Digital_Write>
10000e18:	20bc      	movs	r0, #188	@ 0xbc
10000e1a:	f000 fe79 	bl	10001b10 <DEV_SPI_WriteByte>
10000e1e:	2101      	movs	r1, #1
10000e20:	2008      	movs	r0, #8
10000e22:	f000 fe6b 	bl	10001afc <DEV_Digital_Write>
10000e26:	2000      	movs	r0, #0
10000e28:	f000 fe72 	bl	10001b10 <DEV_SPI_WriteByte>
10000e2c:	2100      	movs	r1, #0
10000e2e:	2008      	movs	r0, #8
10000e30:	f000 fe64 	bl	10001afc <DEV_Digital_Write>
10000e34:	20ff      	movs	r0, #255	@ 0xff
10000e36:	f000 fe6b 	bl	10001b10 <DEV_SPI_WriteByte>
10000e3a:	2101      	movs	r1, #1
10000e3c:	2008      	movs	r0, #8
10000e3e:	f000 fe5d 	bl	10001afc <DEV_Digital_Write>
10000e42:	2060      	movs	r0, #96	@ 0x60
10000e44:	f000 fe64 	bl	10001b10 <DEV_SPI_WriteByte>
10000e48:	2101      	movs	r1, #1
10000e4a:	2008      	movs	r0, #8
10000e4c:	f000 fe56 	bl	10001afc <DEV_Digital_Write>
10000e50:	2001      	movs	r0, #1
10000e52:	f000 fe5d 	bl	10001b10 <DEV_SPI_WriteByte>
10000e56:	2101      	movs	r1, #1
10000e58:	2008      	movs	r0, #8
10000e5a:	f000 fe4f 	bl	10001afc <DEV_Digital_Write>
10000e5e:	2004      	movs	r0, #4
10000e60:	f000 fe56 	bl	10001b10 <DEV_SPI_WriteByte>
10000e64:	2100      	movs	r1, #0
10000e66:	2008      	movs	r0, #8
10000e68:	f000 fe48 	bl	10001afc <DEV_Digital_Write>
10000e6c:	20c3      	movs	r0, #195	@ 0xc3
10000e6e:	f000 fe4f 	bl	10001b10 <DEV_SPI_WriteByte>
10000e72:	2101      	movs	r1, #1
10000e74:	2008      	movs	r0, #8
10000e76:	f000 fe41 	bl	10001afc <DEV_Digital_Write>
10000e7a:	2013      	movs	r0, #19
10000e7c:	f000 fe48 	bl	10001b10 <DEV_SPI_WriteByte>
10000e80:	2100      	movs	r1, #0
10000e82:	2008      	movs	r0, #8
10000e84:	f000 fe3a 	bl	10001afc <DEV_Digital_Write>
10000e88:	20c4      	movs	r0, #196	@ 0xc4
10000e8a:	f000 fe41 	bl	10001b10 <DEV_SPI_WriteByte>
10000e8e:	2101      	movs	r1, #1
10000e90:	2008      	movs	r0, #8
10000e92:	f000 fe33 	bl	10001afc <DEV_Digital_Write>
10000e96:	2013      	movs	r0, #19
10000e98:	f000 fe3a 	bl	10001b10 <DEV_SPI_WriteByte>
10000e9c:	2100      	movs	r1, #0
10000e9e:	2008      	movs	r0, #8
10000ea0:	f000 fe2c 	bl	10001afc <DEV_Digital_Write>
10000ea4:	20c9      	movs	r0, #201	@ 0xc9
10000ea6:	f000 fe33 	bl	10001b10 <DEV_SPI_WriteByte>
10000eaa:	2101      	movs	r1, #1
10000eac:	2008      	movs	r0, #8
10000eae:	f000 fe25 	bl	10001afc <DEV_Digital_Write>
10000eb2:	2022      	movs	r0, #34	@ 0x22
10000eb4:	f000 fe2c 	bl	10001b10 <DEV_SPI_WriteByte>
10000eb8:	2100      	movs	r1, #0
10000eba:	2008      	movs	r0, #8
10000ebc:	f000 fe1e 	bl	10001afc <DEV_Digital_Write>
10000ec0:	20be      	movs	r0, #190	@ 0xbe
10000ec2:	f000 fe25 	bl	10001b10 <DEV_SPI_WriteByte>
10000ec6:	2101      	movs	r1, #1
10000ec8:	2008      	movs	r0, #8
10000eca:	f000 fe17 	bl	10001afc <DEV_Digital_Write>
10000ece:	2011      	movs	r0, #17
10000ed0:	f000 fe1e 	bl	10001b10 <DEV_SPI_WriteByte>
10000ed4:	2100      	movs	r1, #0
10000ed6:	2008      	movs	r0, #8
10000ed8:	f000 fe10 	bl	10001afc <DEV_Digital_Write>
10000edc:	20e1      	movs	r0, #225	@ 0xe1
10000ede:	f000 fe17 	bl	10001b10 <DEV_SPI_WriteByte>
10000ee2:	2101      	movs	r1, #1
10000ee4:	2008      	movs	r0, #8
10000ee6:	f000 fe09 	bl	10001afc <DEV_Digital_Write>
10000eea:	2010      	movs	r0, #16
10000eec:	f000 fe10 	bl	10001b10 <DEV_SPI_WriteByte>
10000ef0:	2101      	movs	r1, #1
10000ef2:	2008      	movs	r0, #8
10000ef4:	f000 fe02 	bl	10001afc <DEV_Digital_Write>
10000ef8:	200e      	movs	r0, #14
10000efa:	f000 fe09 	bl	10001b10 <DEV_SPI_WriteByte>
10000efe:	2100      	movs	r1, #0
10000f00:	2008      	movs	r0, #8
10000f02:	f000 fdfb 	bl	10001afc <DEV_Digital_Write>
10000f06:	20df      	movs	r0, #223	@ 0xdf
10000f08:	f000 fe02 	bl	10001b10 <DEV_SPI_WriteByte>
10000f0c:	2101      	movs	r1, #1
10000f0e:	2008      	movs	r0, #8
10000f10:	f000 fdf4 	bl	10001afc <DEV_Digital_Write>
10000f14:	2021      	movs	r0, #33	@ 0x21
10000f16:	f000 fdfb 	bl	10001b10 <DEV_SPI_WriteByte>
10000f1a:	2101      	movs	r1, #1
10000f1c:	2008      	movs	r0, #8
10000f1e:	f000 fded 	bl	10001afc <DEV_Digital_Write>
10000f22:	200c      	movs	r0, #12
10000f24:	f000 fdf4 	bl	10001b10 <DEV_SPI_WriteByte>
10000f28:	2101      	movs	r1, #1
10000f2a:	2008      	movs	r0, #8
10000f2c:	f000 fde6 	bl	10001afc <DEV_Digital_Write>
10000f30:	2002      	movs	r0, #2
10000f32:	f000 fded 	bl	10001b10 <DEV_SPI_WriteByte>
10000f36:	2100      	movs	r1, #0
10000f38:	2008      	movs	r0, #8
10000f3a:	f000 fddf 	bl	10001afc <DEV_Digital_Write>
10000f3e:	20f0      	movs	r0, #240	@ 0xf0
10000f40:	f000 fde6 	bl	10001b10 <DEV_SPI_WriteByte>
10000f44:	2101      	movs	r1, #1
10000f46:	2008      	movs	r0, #8
10000f48:	f000 fdd8 	bl	10001afc <DEV_Digital_Write>
10000f4c:	2045      	movs	r0, #69	@ 0x45
10000f4e:	f000 fddf 	bl	10001b10 <DEV_SPI_WriteByte>
10000f52:	2101      	movs	r1, #1
10000f54:	2008      	movs	r0, #8
10000f56:	f000 fdd1 	bl	10001afc <DEV_Digital_Write>
10000f5a:	2009      	movs	r0, #9
10000f5c:	f000 fdd8 	bl	10001b10 <DEV_SPI_WriteByte>
10000f60:	2101      	movs	r1, #1
10000f62:	e003      	b.n	10000f6c <LCD_1IN28_Init+0x438>
10000f64:	20001a68 	.word	0x20001a68
10000f68:	00f000f0 	.word	0x00f000f0
10000f6c:	2008      	movs	r0, #8
10000f6e:	f000 fdc5 	bl	10001afc <DEV_Digital_Write>
10000f72:	2008      	movs	r0, #8
10000f74:	f000 fdcc 	bl	10001b10 <DEV_SPI_WriteByte>
10000f78:	2101      	movs	r1, #1
10000f7a:	2008      	movs	r0, #8
10000f7c:	f000 fdbe 	bl	10001afc <DEV_Digital_Write>
10000f80:	2008      	movs	r0, #8
10000f82:	f000 fdc5 	bl	10001b10 <DEV_SPI_WriteByte>
10000f86:	2101      	movs	r1, #1
10000f88:	2008      	movs	r0, #8
10000f8a:	f000 fdb7 	bl	10001afc <DEV_Digital_Write>
10000f8e:	2026      	movs	r0, #38	@ 0x26
10000f90:	f000 fdbe 	bl	10001b10 <DEV_SPI_WriteByte>
10000f94:	2101      	movs	r1, #1
10000f96:	2008      	movs	r0, #8
10000f98:	f000 fdb0 	bl	10001afc <DEV_Digital_Write>
10000f9c:	202a      	movs	r0, #42	@ 0x2a
10000f9e:	f000 fdb7 	bl	10001b10 <DEV_SPI_WriteByte>
10000fa2:	2100      	movs	r1, #0
10000fa4:	2008      	movs	r0, #8
10000fa6:	f000 fda9 	bl	10001afc <DEV_Digital_Write>
10000faa:	20f1      	movs	r0, #241	@ 0xf1
10000fac:	f000 fdb0 	bl	10001b10 <DEV_SPI_WriteByte>
10000fb0:	2101      	movs	r1, #1
10000fb2:	2008      	movs	r0, #8
10000fb4:	f000 fda2 	bl	10001afc <DEV_Digital_Write>
10000fb8:	2043      	movs	r0, #67	@ 0x43
10000fba:	f000 fda9 	bl	10001b10 <DEV_SPI_WriteByte>
10000fbe:	2101      	movs	r1, #1
10000fc0:	2008      	movs	r0, #8
10000fc2:	f000 fd9b 	bl	10001afc <DEV_Digital_Write>
10000fc6:	2070      	movs	r0, #112	@ 0x70
10000fc8:	f000 fda2 	bl	10001b10 <DEV_SPI_WriteByte>
10000fcc:	2101      	movs	r1, #1
10000fce:	2008      	movs	r0, #8
10000fd0:	f000 fd94 	bl	10001afc <DEV_Digital_Write>
10000fd4:	2072      	movs	r0, #114	@ 0x72
10000fd6:	f000 fd9b 	bl	10001b10 <DEV_SPI_WriteByte>
10000fda:	2101      	movs	r1, #1
10000fdc:	2008      	movs	r0, #8
10000fde:	f000 fd8d 	bl	10001afc <DEV_Digital_Write>
10000fe2:	2036      	movs	r0, #54	@ 0x36
10000fe4:	f000 fd94 	bl	10001b10 <DEV_SPI_WriteByte>
10000fe8:	2101      	movs	r1, #1
10000fea:	2008      	movs	r0, #8
10000fec:	f000 fd86 	bl	10001afc <DEV_Digital_Write>
10000ff0:	2037      	movs	r0, #55	@ 0x37
10000ff2:	f000 fd8d 	bl	10001b10 <DEV_SPI_WriteByte>
10000ff6:	2101      	movs	r1, #1
10000ff8:	2008      	movs	r0, #8
10000ffa:	f000 fd7f 	bl	10001afc <DEV_Digital_Write>
10000ffe:	206f      	movs	r0, #111	@ 0x6f
10001000:	f000 fd86 	bl	10001b10 <DEV_SPI_WriteByte>
10001004:	2100      	movs	r1, #0
10001006:	2008      	movs	r0, #8
10001008:	f000 fd78 	bl	10001afc <DEV_Digital_Write>
1000100c:	20f2      	movs	r0, #242	@ 0xf2
1000100e:	f000 fd7f 	bl	10001b10 <DEV_SPI_WriteByte>
10001012:	2101      	movs	r1, #1
10001014:	2008      	movs	r0, #8
10001016:	f000 fd71 	bl	10001afc <DEV_Digital_Write>
1000101a:	2045      	movs	r0, #69	@ 0x45
1000101c:	f000 fd78 	bl	10001b10 <DEV_SPI_WriteByte>
10001020:	2101      	movs	r1, #1
10001022:	2008      	movs	r0, #8
10001024:	f000 fd6a 	bl	10001afc <DEV_Digital_Write>
10001028:	2009      	movs	r0, #9
1000102a:	f000 fd71 	bl	10001b10 <DEV_SPI_WriteByte>
1000102e:	2101      	movs	r1, #1
10001030:	2008      	movs	r0, #8
10001032:	f000 fd63 	bl	10001afc <DEV_Digital_Write>
10001036:	2008      	movs	r0, #8
10001038:	f000 fd6a 	bl	10001b10 <DEV_SPI_WriteByte>
1000103c:	2101      	movs	r1, #1
1000103e:	2008      	movs	r0, #8
10001040:	f000 fd5c 	bl	10001afc <DEV_Digital_Write>
10001044:	2008      	movs	r0, #8
10001046:	f000 fd63 	bl	10001b10 <DEV_SPI_WriteByte>
1000104a:	2101      	movs	r1, #1
1000104c:	2008      	movs	r0, #8
1000104e:	f000 fd55 	bl	10001afc <DEV_Digital_Write>
10001052:	2026      	movs	r0, #38	@ 0x26
10001054:	f000 fd5c 	bl	10001b10 <DEV_SPI_WriteByte>
10001058:	2101      	movs	r1, #1
1000105a:	2008      	movs	r0, #8
1000105c:	f000 fd4e 	bl	10001afc <DEV_Digital_Write>
10001060:	202a      	movs	r0, #42	@ 0x2a
10001062:	f000 fd55 	bl	10001b10 <DEV_SPI_WriteByte>
10001066:	2100      	movs	r1, #0
10001068:	2008      	movs	r0, #8
1000106a:	f000 fd47 	bl	10001afc <DEV_Digital_Write>
1000106e:	20f3      	movs	r0, #243	@ 0xf3
10001070:	f000 fd4e 	bl	10001b10 <DEV_SPI_WriteByte>
10001074:	2101      	movs	r1, #1
10001076:	2008      	movs	r0, #8
10001078:	f000 fd40 	bl	10001afc <DEV_Digital_Write>
1000107c:	2043      	movs	r0, #67	@ 0x43
1000107e:	f000 fd47 	bl	10001b10 <DEV_SPI_WriteByte>
10001082:	2101      	movs	r1, #1
10001084:	2008      	movs	r0, #8
10001086:	f000 fd39 	bl	10001afc <DEV_Digital_Write>
1000108a:	2070      	movs	r0, #112	@ 0x70
1000108c:	f000 fd40 	bl	10001b10 <DEV_SPI_WriteByte>
10001090:	2101      	movs	r1, #1
10001092:	2008      	movs	r0, #8
10001094:	f000 fd32 	bl	10001afc <DEV_Digital_Write>
10001098:	2072      	movs	r0, #114	@ 0x72
1000109a:	f000 fd39 	bl	10001b10 <DEV_SPI_WriteByte>
1000109e:	2101      	movs	r1, #1
100010a0:	2008      	movs	r0, #8
100010a2:	f000 fd2b 	bl	10001afc <DEV_Digital_Write>
100010a6:	2036      	movs	r0, #54	@ 0x36
100010a8:	f000 fd32 	bl	10001b10 <DEV_SPI_WriteByte>
100010ac:	2101      	movs	r1, #1
100010ae:	2008      	movs	r0, #8
100010b0:	f000 fd24 	bl	10001afc <DEV_Digital_Write>
100010b4:	2037      	movs	r0, #55	@ 0x37
100010b6:	f000 fd2b 	bl	10001b10 <DEV_SPI_WriteByte>
100010ba:	2101      	movs	r1, #1
100010bc:	2008      	movs	r0, #8
100010be:	f000 fd1d 	bl	10001afc <DEV_Digital_Write>
100010c2:	206f      	movs	r0, #111	@ 0x6f
100010c4:	f000 fd24 	bl	10001b10 <DEV_SPI_WriteByte>
100010c8:	2100      	movs	r1, #0
100010ca:	2008      	movs	r0, #8
100010cc:	f000 fd16 	bl	10001afc <DEV_Digital_Write>
100010d0:	20ed      	movs	r0, #237	@ 0xed
100010d2:	f000 fd1d 	bl	10001b10 <DEV_SPI_WriteByte>
100010d6:	2101      	movs	r1, #1
100010d8:	2008      	movs	r0, #8
100010da:	f000 fd0f 	bl	10001afc <DEV_Digital_Write>
100010de:	201b      	movs	r0, #27
100010e0:	f000 fd16 	bl	10001b10 <DEV_SPI_WriteByte>
100010e4:	2101      	movs	r1, #1
100010e6:	2008      	movs	r0, #8
100010e8:	f000 fd08 	bl	10001afc <DEV_Digital_Write>
100010ec:	200b      	movs	r0, #11
100010ee:	f000 fd0f 	bl	10001b10 <DEV_SPI_WriteByte>
100010f2:	2100      	movs	r1, #0
100010f4:	2008      	movs	r0, #8
100010f6:	f000 fd01 	bl	10001afc <DEV_Digital_Write>
100010fa:	20ae      	movs	r0, #174	@ 0xae
100010fc:	f000 fd08 	bl	10001b10 <DEV_SPI_WriteByte>
10001100:	2101      	movs	r1, #1
10001102:	2008      	movs	r0, #8
10001104:	f000 fcfa 	bl	10001afc <DEV_Digital_Write>
10001108:	2077      	movs	r0, #119	@ 0x77
1000110a:	f000 fd01 	bl	10001b10 <DEV_SPI_WriteByte>
1000110e:	2100      	movs	r1, #0
10001110:	2008      	movs	r0, #8
10001112:	f000 fcf3 	bl	10001afc <DEV_Digital_Write>
10001116:	20cd      	movs	r0, #205	@ 0xcd
10001118:	f000 fcfa 	bl	10001b10 <DEV_SPI_WriteByte>
1000111c:	2101      	movs	r1, #1
1000111e:	2008      	movs	r0, #8
10001120:	f000 fcec 	bl	10001afc <DEV_Digital_Write>
10001124:	2063      	movs	r0, #99	@ 0x63
10001126:	f000 fcf3 	bl	10001b10 <DEV_SPI_WriteByte>
1000112a:	2100      	movs	r1, #0
1000112c:	2008      	movs	r0, #8
1000112e:	f000 fce5 	bl	10001afc <DEV_Digital_Write>
10001132:	2070      	movs	r0, #112	@ 0x70
10001134:	f000 fcec 	bl	10001b10 <DEV_SPI_WriteByte>
10001138:	2101      	movs	r1, #1
1000113a:	2008      	movs	r0, #8
1000113c:	f000 fcde 	bl	10001afc <DEV_Digital_Write>
10001140:	2007      	movs	r0, #7
10001142:	f000 fce5 	bl	10001b10 <DEV_SPI_WriteByte>
10001146:	2101      	movs	r1, #1
10001148:	2008      	movs	r0, #8
1000114a:	f000 fcd7 	bl	10001afc <DEV_Digital_Write>
1000114e:	2007      	movs	r0, #7
10001150:	f000 fcde 	bl	10001b10 <DEV_SPI_WriteByte>
10001154:	2101      	movs	r1, #1
10001156:	2008      	movs	r0, #8
10001158:	f000 fcd0 	bl	10001afc <DEV_Digital_Write>
1000115c:	2004      	movs	r0, #4
1000115e:	f000 fcd7 	bl	10001b10 <DEV_SPI_WriteByte>
10001162:	2101      	movs	r1, #1
10001164:	2008      	movs	r0, #8
10001166:	f000 fcc9 	bl	10001afc <DEV_Digital_Write>
1000116a:	200e      	movs	r0, #14
1000116c:	f000 fcd0 	bl	10001b10 <DEV_SPI_WriteByte>
10001170:	2101      	movs	r1, #1
10001172:	2008      	movs	r0, #8
10001174:	f000 fcc2 	bl	10001afc <DEV_Digital_Write>
10001178:	200f      	movs	r0, #15
1000117a:	f000 fcc9 	bl	10001b10 <DEV_SPI_WriteByte>
1000117e:	2101      	movs	r1, #1
10001180:	2008      	movs	r0, #8
10001182:	f000 fcbb 	bl	10001afc <DEV_Digital_Write>
10001186:	2009      	movs	r0, #9
10001188:	f000 fcc2 	bl	10001b10 <DEV_SPI_WriteByte>
1000118c:	2101      	movs	r1, #1
1000118e:	2008      	movs	r0, #8
10001190:	f000 fcb4 	bl	10001afc <DEV_Digital_Write>
10001194:	2007      	movs	r0, #7
10001196:	f000 fcbb 	bl	10001b10 <DEV_SPI_WriteByte>
1000119a:	2101      	movs	r1, #1
1000119c:	2008      	movs	r0, #8
1000119e:	f000 fcad 	bl	10001afc <DEV_Digital_Write>
100011a2:	2008      	movs	r0, #8
100011a4:	f000 fcb4 	bl	10001b10 <DEV_SPI_WriteByte>
100011a8:	2101      	movs	r1, #1
100011aa:	2008      	movs	r0, #8
100011ac:	f000 fca6 	bl	10001afc <DEV_Digital_Write>
100011b0:	2003      	movs	r0, #3
100011b2:	f000 fcad 	bl	10001b10 <DEV_SPI_WriteByte>
100011b6:	2100      	movs	r1, #0
100011b8:	2008      	movs	r0, #8
100011ba:	f000 fc9f 	bl	10001afc <DEV_Digital_Write>
100011be:	20e8      	movs	r0, #232	@ 0xe8
100011c0:	f000 fca6 	bl	10001b10 <DEV_SPI_WriteByte>
100011c4:	2101      	movs	r1, #1
100011c6:	2008      	movs	r0, #8
100011c8:	f000 fc98 	bl	10001afc <DEV_Digital_Write>
100011cc:	2034      	movs	r0, #52	@ 0x34
100011ce:	f000 fc9f 	bl	10001b10 <DEV_SPI_WriteByte>
100011d2:	2100      	movs	r1, #0
100011d4:	2008      	movs	r0, #8
100011d6:	f000 fc91 	bl	10001afc <DEV_Digital_Write>
100011da:	2062      	movs	r0, #98	@ 0x62
100011dc:	f000 fc98 	bl	10001b10 <DEV_SPI_WriteByte>
100011e0:	2101      	movs	r1, #1
100011e2:	2008      	movs	r0, #8
100011e4:	f000 fc8a 	bl	10001afc <DEV_Digital_Write>
100011e8:	2018      	movs	r0, #24
100011ea:	f000 fc91 	bl	10001b10 <DEV_SPI_WriteByte>
100011ee:	2101      	movs	r1, #1
100011f0:	2008      	movs	r0, #8
100011f2:	f000 fc83 	bl	10001afc <DEV_Digital_Write>
100011f6:	200d      	movs	r0, #13
100011f8:	f000 fc8a 	bl	10001b10 <DEV_SPI_WriteByte>
100011fc:	2101      	movs	r1, #1
100011fe:	2008      	movs	r0, #8
10001200:	f000 fc7c 	bl	10001afc <DEV_Digital_Write>
10001204:	2071      	movs	r0, #113	@ 0x71
10001206:	f000 fc83 	bl	10001b10 <DEV_SPI_WriteByte>
1000120a:	2101      	movs	r1, #1
1000120c:	2008      	movs	r0, #8
1000120e:	f000 fc75 	bl	10001afc <DEV_Digital_Write>
10001212:	20ed      	movs	r0, #237	@ 0xed
10001214:	f000 fc7c 	bl	10001b10 <DEV_SPI_WriteByte>
10001218:	2101      	movs	r1, #1
1000121a:	2008      	movs	r0, #8
1000121c:	f000 fc6e 	bl	10001afc <DEV_Digital_Write>
10001220:	2070      	movs	r0, #112	@ 0x70
10001222:	f000 fc75 	bl	10001b10 <DEV_SPI_WriteByte>
10001226:	2101      	movs	r1, #1
10001228:	2008      	movs	r0, #8
1000122a:	f000 fc67 	bl	10001afc <DEV_Digital_Write>
1000122e:	2070      	movs	r0, #112	@ 0x70
10001230:	f000 fc6e 	bl	10001b10 <DEV_SPI_WriteByte>
10001234:	2101      	movs	r1, #1
10001236:	2008      	movs	r0, #8
10001238:	f000 fc60 	bl	10001afc <DEV_Digital_Write>
1000123c:	2018      	movs	r0, #24
1000123e:	f000 fc67 	bl	10001b10 <DEV_SPI_WriteByte>
10001242:	2101      	movs	r1, #1
10001244:	2008      	movs	r0, #8
10001246:	f000 fc59 	bl	10001afc <DEV_Digital_Write>
1000124a:	200f      	movs	r0, #15
1000124c:	f000 fc60 	bl	10001b10 <DEV_SPI_WriteByte>
10001250:	2101      	movs	r1, #1
10001252:	2008      	movs	r0, #8
10001254:	f000 fc52 	bl	10001afc <DEV_Digital_Write>
10001258:	2071      	movs	r0, #113	@ 0x71
1000125a:	f000 fc59 	bl	10001b10 <DEV_SPI_WriteByte>
1000125e:	2101      	movs	r1, #1
10001260:	2008      	movs	r0, #8
10001262:	f000 fc4b 	bl	10001afc <DEV_Digital_Write>
10001266:	20ef      	movs	r0, #239	@ 0xef
10001268:	f000 fc52 	bl	10001b10 <DEV_SPI_WriteByte>
1000126c:	2101      	movs	r1, #1
1000126e:	2008      	movs	r0, #8
10001270:	f000 fc44 	bl	10001afc <DEV_Digital_Write>
10001274:	2070      	movs	r0, #112	@ 0x70
10001276:	f000 fc4b 	bl	10001b10 <DEV_SPI_WriteByte>
1000127a:	2101      	movs	r1, #1
1000127c:	2008      	movs	r0, #8
1000127e:	f000 fc3d 	bl	10001afc <DEV_Digital_Write>
10001282:	2070      	movs	r0, #112	@ 0x70
10001284:	f000 fc44 	bl	10001b10 <DEV_SPI_WriteByte>
10001288:	2100      	movs	r1, #0
1000128a:	2008      	movs	r0, #8
1000128c:	f000 fc36 	bl	10001afc <DEV_Digital_Write>
10001290:	2063      	movs	r0, #99	@ 0x63
10001292:	f000 fc3d 	bl	10001b10 <DEV_SPI_WriteByte>
10001296:	2101      	movs	r1, #1
10001298:	2008      	movs	r0, #8
1000129a:	f000 fc2f 	bl	10001afc <DEV_Digital_Write>
1000129e:	2018      	movs	r0, #24
100012a0:	f000 fc36 	bl	10001b10 <DEV_SPI_WriteByte>
100012a4:	2101      	movs	r1, #1
100012a6:	2008      	movs	r0, #8
100012a8:	f000 fc28 	bl	10001afc <DEV_Digital_Write>
100012ac:	2011      	movs	r0, #17
100012ae:	f000 fc2f 	bl	10001b10 <DEV_SPI_WriteByte>
100012b2:	2101      	movs	r1, #1
100012b4:	2008      	movs	r0, #8
100012b6:	f000 fc21 	bl	10001afc <DEV_Digital_Write>
100012ba:	2071      	movs	r0, #113	@ 0x71
100012bc:	f000 fc28 	bl	10001b10 <DEV_SPI_WriteByte>
100012c0:	2101      	movs	r1, #1
100012c2:	2008      	movs	r0, #8
100012c4:	f000 fc1a 	bl	10001afc <DEV_Digital_Write>
100012c8:	20f1      	movs	r0, #241	@ 0xf1
100012ca:	f000 fc21 	bl	10001b10 <DEV_SPI_WriteByte>
100012ce:	2101      	movs	r1, #1
100012d0:	2008      	movs	r0, #8
100012d2:	f000 fc13 	bl	10001afc <DEV_Digital_Write>
100012d6:	2070      	movs	r0, #112	@ 0x70
100012d8:	f000 fc1a 	bl	10001b10 <DEV_SPI_WriteByte>
100012dc:	2101      	movs	r1, #1
100012de:	2008      	movs	r0, #8
100012e0:	f000 fc0c 	bl	10001afc <DEV_Digital_Write>
100012e4:	2070      	movs	r0, #112	@ 0x70
100012e6:	f000 fc13 	bl	10001b10 <DEV_SPI_WriteByte>
100012ea:	2101      	movs	r1, #1
100012ec:	2008      	movs	r0, #8
100012ee:	f000 fc05 	bl	10001afc <DEV_Digital_Write>
100012f2:	2018      	movs	r0, #24
100012f4:	f000 fc0c 	bl	10001b10 <DEV_SPI_WriteByte>
100012f8:	2101      	movs	r1, #1
100012fa:	2008      	movs	r0, #8
100012fc:	f000 fbfe 	bl	10001afc <DEV_Digital_Write>
10001300:	2013      	movs	r0, #19
10001302:	f000 fc05 	bl	10001b10 <DEV_SPI_WriteByte>
10001306:	2101      	movs	r1, #1
10001308:	2008      	movs	r0, #8
1000130a:	f000 fbf7 	bl	10001afc <DEV_Digital_Write>
1000130e:	2071      	movs	r0, #113	@ 0x71
10001310:	f000 fbfe 	bl	10001b10 <DEV_SPI_WriteByte>
10001314:	2101      	movs	r1, #1
10001316:	2008      	movs	r0, #8
10001318:	f000 fbf0 	bl	10001afc <DEV_Digital_Write>
1000131c:	20f3      	movs	r0, #243	@ 0xf3
1000131e:	f000 fbf7 	bl	10001b10 <DEV_SPI_WriteByte>
10001322:	2101      	movs	r1, #1
10001324:	2008      	movs	r0, #8
10001326:	f000 fbe9 	bl	10001afc <DEV_Digital_Write>
1000132a:	2070      	movs	r0, #112	@ 0x70
1000132c:	f000 fbf0 	bl	10001b10 <DEV_SPI_WriteByte>
10001330:	2101      	movs	r1, #1
10001332:	2008      	movs	r0, #8
10001334:	f000 fbe2 	bl	10001afc <DEV_Digital_Write>
10001338:	2070      	movs	r0, #112	@ 0x70
1000133a:	f000 fbe9 	bl	10001b10 <DEV_SPI_WriteByte>
1000133e:	2100      	movs	r1, #0
10001340:	2008      	movs	r0, #8
10001342:	f000 fbdb 	bl	10001afc <DEV_Digital_Write>
10001346:	2064      	movs	r0, #100	@ 0x64
10001348:	f000 fbe2 	bl	10001b10 <DEV_SPI_WriteByte>
1000134c:	2101      	movs	r1, #1
1000134e:	2008      	movs	r0, #8
10001350:	f000 fbd4 	bl	10001afc <DEV_Digital_Write>
10001354:	2028      	movs	r0, #40	@ 0x28
10001356:	f000 fbdb 	bl	10001b10 <DEV_SPI_WriteByte>
1000135a:	2101      	movs	r1, #1
1000135c:	2008      	movs	r0, #8
1000135e:	f000 fbcd 	bl	10001afc <DEV_Digital_Write>
10001362:	2029      	movs	r0, #41	@ 0x29
10001364:	f000 fbd4 	bl	10001b10 <DEV_SPI_WriteByte>
10001368:	2101      	movs	r1, #1
1000136a:	2008      	movs	r0, #8
1000136c:	f000 fbc6 	bl	10001afc <DEV_Digital_Write>
10001370:	20f1      	movs	r0, #241	@ 0xf1
10001372:	f000 fbcd 	bl	10001b10 <DEV_SPI_WriteByte>
10001376:	2101      	movs	r1, #1
10001378:	2008      	movs	r0, #8
1000137a:	f000 fbbf 	bl	10001afc <DEV_Digital_Write>
1000137e:	2001      	movs	r0, #1
10001380:	f000 fbc6 	bl	10001b10 <DEV_SPI_WriteByte>
10001384:	2101      	movs	r1, #1
10001386:	2008      	movs	r0, #8
10001388:	f000 fbb8 	bl	10001afc <DEV_Digital_Write>
1000138c:	20f1      	movs	r0, #241	@ 0xf1
1000138e:	f000 fbbf 	bl	10001b10 <DEV_SPI_WriteByte>
10001392:	2101      	movs	r1, #1
10001394:	2008      	movs	r0, #8
10001396:	f000 fbb1 	bl	10001afc <DEV_Digital_Write>
1000139a:	2000      	movs	r0, #0
1000139c:	f000 fbb8 	bl	10001b10 <DEV_SPI_WriteByte>
100013a0:	2101      	movs	r1, #1
100013a2:	2008      	movs	r0, #8
100013a4:	f000 fbaa 	bl	10001afc <DEV_Digital_Write>
100013a8:	2007      	movs	r0, #7
100013aa:	f000 fbb1 	bl	10001b10 <DEV_SPI_WriteByte>
100013ae:	2100      	movs	r1, #0
100013b0:	2008      	movs	r0, #8
100013b2:	f000 fba3 	bl	10001afc <DEV_Digital_Write>
100013b6:	2066      	movs	r0, #102	@ 0x66
100013b8:	f000 fbaa 	bl	10001b10 <DEV_SPI_WriteByte>
100013bc:	2101      	movs	r1, #1
100013be:	2008      	movs	r0, #8
100013c0:	f000 fb9c 	bl	10001afc <DEV_Digital_Write>
100013c4:	203c      	movs	r0, #60	@ 0x3c
100013c6:	f000 fba3 	bl	10001b10 <DEV_SPI_WriteByte>
100013ca:	2101      	movs	r1, #1
100013cc:	2008      	movs	r0, #8
100013ce:	f000 fb95 	bl	10001afc <DEV_Digital_Write>
100013d2:	2000      	movs	r0, #0
100013d4:	f000 fb9c 	bl	10001b10 <DEV_SPI_WriteByte>
100013d8:	2101      	movs	r1, #1
100013da:	2008      	movs	r0, #8
100013dc:	f000 fb8e 	bl	10001afc <DEV_Digital_Write>
100013e0:	20cd      	movs	r0, #205	@ 0xcd
100013e2:	f000 fb95 	bl	10001b10 <DEV_SPI_WriteByte>
100013e6:	2101      	movs	r1, #1
100013e8:	2008      	movs	r0, #8
100013ea:	f000 fb87 	bl	10001afc <DEV_Digital_Write>
100013ee:	2067      	movs	r0, #103	@ 0x67
100013f0:	f000 fb8e 	bl	10001b10 <DEV_SPI_WriteByte>
100013f4:	2101      	movs	r1, #1
100013f6:	2008      	movs	r0, #8
100013f8:	f000 fb80 	bl	10001afc <DEV_Digital_Write>
100013fc:	2045      	movs	r0, #69	@ 0x45
100013fe:	f000 fb87 	bl	10001b10 <DEV_SPI_WriteByte>
10001402:	2101      	movs	r1, #1
10001404:	2008      	movs	r0, #8
10001406:	f000 fb79 	bl	10001afc <DEV_Digital_Write>
1000140a:	2045      	movs	r0, #69	@ 0x45
1000140c:	f000 fb80 	bl	10001b10 <DEV_SPI_WriteByte>
10001410:	2101      	movs	r1, #1
10001412:	2008      	movs	r0, #8
10001414:	f000 fb72 	bl	10001afc <DEV_Digital_Write>
10001418:	2010      	movs	r0, #16
1000141a:	f000 fb79 	bl	10001b10 <DEV_SPI_WriteByte>
1000141e:	2101      	movs	r1, #1
10001420:	2008      	movs	r0, #8
10001422:	f000 fb6b 	bl	10001afc <DEV_Digital_Write>
10001426:	2000      	movs	r0, #0
10001428:	f000 fb72 	bl	10001b10 <DEV_SPI_WriteByte>
1000142c:	2101      	movs	r1, #1
1000142e:	2008      	movs	r0, #8
10001430:	f000 fb64 	bl	10001afc <DEV_Digital_Write>
10001434:	2000      	movs	r0, #0
10001436:	f000 fb6b 	bl	10001b10 <DEV_SPI_WriteByte>
1000143a:	2101      	movs	r1, #1
1000143c:	2008      	movs	r0, #8
1000143e:	f000 fb5d 	bl	10001afc <DEV_Digital_Write>
10001442:	2000      	movs	r0, #0
10001444:	f000 fb64 	bl	10001b10 <DEV_SPI_WriteByte>
10001448:	2100      	movs	r1, #0
1000144a:	2008      	movs	r0, #8
1000144c:	f000 fb56 	bl	10001afc <DEV_Digital_Write>
10001450:	2067      	movs	r0, #103	@ 0x67
10001452:	f000 fb5d 	bl	10001b10 <DEV_SPI_WriteByte>
10001456:	2101      	movs	r1, #1
10001458:	2008      	movs	r0, #8
1000145a:	f000 fb4f 	bl	10001afc <DEV_Digital_Write>
1000145e:	2000      	movs	r0, #0
10001460:	f000 fb56 	bl	10001b10 <DEV_SPI_WriteByte>
10001464:	2101      	movs	r1, #1
10001466:	2008      	movs	r0, #8
10001468:	f000 fb48 	bl	10001afc <DEV_Digital_Write>
1000146c:	203c      	movs	r0, #60	@ 0x3c
1000146e:	f000 fb4f 	bl	10001b10 <DEV_SPI_WriteByte>
10001472:	2101      	movs	r1, #1
10001474:	2008      	movs	r0, #8
10001476:	f000 fb41 	bl	10001afc <DEV_Digital_Write>
1000147a:	2000      	movs	r0, #0
1000147c:	f000 fb48 	bl	10001b10 <DEV_SPI_WriteByte>
10001480:	2101      	movs	r1, #1
10001482:	2008      	movs	r0, #8
10001484:	f000 fb3a 	bl	10001afc <DEV_Digital_Write>
10001488:	2000      	movs	r0, #0
1000148a:	f000 fb41 	bl	10001b10 <DEV_SPI_WriteByte>
1000148e:	2101      	movs	r1, #1
10001490:	2008      	movs	r0, #8
10001492:	f000 fb33 	bl	10001afc <DEV_Digital_Write>
10001496:	2000      	movs	r0, #0
10001498:	f000 fb3a 	bl	10001b10 <DEV_SPI_WriteByte>
1000149c:	2101      	movs	r1, #1
1000149e:	2008      	movs	r0, #8
100014a0:	f000 fb2c 	bl	10001afc <DEV_Digital_Write>
100014a4:	2001      	movs	r0, #1
100014a6:	f000 fb33 	bl	10001b10 <DEV_SPI_WriteByte>
100014aa:	2101      	movs	r1, #1
100014ac:	2008      	movs	r0, #8
100014ae:	f000 fb25 	bl	10001afc <DEV_Digital_Write>
100014b2:	2054      	movs	r0, #84	@ 0x54
100014b4:	f000 fb2c 	bl	10001b10 <DEV_SPI_WriteByte>
100014b8:	2101      	movs	r1, #1
100014ba:	2008      	movs	r0, #8
100014bc:	f000 fb1e 	bl	10001afc <DEV_Digital_Write>
100014c0:	2010      	movs	r0, #16
100014c2:	f000 fb25 	bl	10001b10 <DEV_SPI_WriteByte>
100014c6:	2101      	movs	r1, #1
100014c8:	2008      	movs	r0, #8
100014ca:	f000 fb17 	bl	10001afc <DEV_Digital_Write>
100014ce:	2032      	movs	r0, #50	@ 0x32
100014d0:	f000 fb1e 	bl	10001b10 <DEV_SPI_WriteByte>
100014d4:	2101      	movs	r1, #1
100014d6:	2008      	movs	r0, #8
100014d8:	f000 fb10 	bl	10001afc <DEV_Digital_Write>
100014dc:	2098      	movs	r0, #152	@ 0x98
100014de:	f000 fb17 	bl	10001b10 <DEV_SPI_WriteByte>
100014e2:	2100      	movs	r1, #0
100014e4:	2008      	movs	r0, #8
100014e6:	f000 fb09 	bl	10001afc <DEV_Digital_Write>
100014ea:	2074      	movs	r0, #116	@ 0x74
100014ec:	f000 fb10 	bl	10001b10 <DEV_SPI_WriteByte>
100014f0:	2101      	movs	r1, #1
100014f2:	2008      	movs	r0, #8
100014f4:	f000 fb02 	bl	10001afc <DEV_Digital_Write>
100014f8:	2010      	movs	r0, #16
100014fa:	f000 fb09 	bl	10001b10 <DEV_SPI_WriteByte>
100014fe:	2101      	movs	r1, #1
10001500:	2008      	movs	r0, #8
10001502:	f000 fafb 	bl	10001afc <DEV_Digital_Write>
10001506:	2085      	movs	r0, #133	@ 0x85
10001508:	f000 fb02 	bl	10001b10 <DEV_SPI_WriteByte>
1000150c:	2101      	movs	r1, #1
1000150e:	2008      	movs	r0, #8
10001510:	f000 faf4 	bl	10001afc <DEV_Digital_Write>
10001514:	2080      	movs	r0, #128	@ 0x80
10001516:	f000 fafb 	bl	10001b10 <DEV_SPI_WriteByte>
1000151a:	2101      	movs	r1, #1
1000151c:	2008      	movs	r0, #8
1000151e:	f000 faed 	bl	10001afc <DEV_Digital_Write>
10001522:	2000      	movs	r0, #0
10001524:	f000 faf4 	bl	10001b10 <DEV_SPI_WriteByte>
10001528:	2101      	movs	r1, #1
1000152a:	2008      	movs	r0, #8
1000152c:	f000 fae6 	bl	10001afc <DEV_Digital_Write>
10001530:	2000      	movs	r0, #0
10001532:	f000 faed 	bl	10001b10 <DEV_SPI_WriteByte>
10001536:	2101      	movs	r1, #1
10001538:	2008      	movs	r0, #8
1000153a:	f000 fadf 	bl	10001afc <DEV_Digital_Write>
1000153e:	204e      	movs	r0, #78	@ 0x4e
10001540:	f000 fae6 	bl	10001b10 <DEV_SPI_WriteByte>
10001544:	2101      	movs	r1, #1
10001546:	2008      	movs	r0, #8
10001548:	f000 fad8 	bl	10001afc <DEV_Digital_Write>
1000154c:	2000      	movs	r0, #0
1000154e:	f000 fadf 	bl	10001b10 <DEV_SPI_WriteByte>
10001552:	2100      	movs	r1, #0
10001554:	2008      	movs	r0, #8
10001556:	f000 fad1 	bl	10001afc <DEV_Digital_Write>
1000155a:	2098      	movs	r0, #152	@ 0x98
1000155c:	f000 fad8 	bl	10001b10 <DEV_SPI_WriteByte>
10001560:	2101      	movs	r1, #1
10001562:	2008      	movs	r0, #8
10001564:	f000 faca 	bl	10001afc <DEV_Digital_Write>
10001568:	203e      	movs	r0, #62	@ 0x3e
1000156a:	f000 fad1 	bl	10001b10 <DEV_SPI_WriteByte>
1000156e:	2101      	movs	r1, #1
10001570:	2008      	movs	r0, #8
10001572:	f000 fac3 	bl	10001afc <DEV_Digital_Write>
10001576:	2007      	movs	r0, #7
10001578:	f000 faca 	bl	10001b10 <DEV_SPI_WriteByte>
1000157c:	2100      	movs	r1, #0
1000157e:	2008      	movs	r0, #8
10001580:	f000 fabc 	bl	10001afc <DEV_Digital_Write>
10001584:	2035      	movs	r0, #53	@ 0x35
10001586:	f000 fac3 	bl	10001b10 <DEV_SPI_WriteByte>
1000158a:	2100      	movs	r1, #0
1000158c:	2008      	movs	r0, #8
1000158e:	f000 fab5 	bl	10001afc <DEV_Digital_Write>
10001592:	2021      	movs	r0, #33	@ 0x21
10001594:	f000 fabc 	bl	10001b10 <DEV_SPI_WriteByte>
10001598:	2100      	movs	r1, #0
1000159a:	2008      	movs	r0, #8
1000159c:	f000 faae 	bl	10001afc <DEV_Digital_Write>
100015a0:	2011      	movs	r0, #17
100015a2:	f000 fab5 	bl	10001b10 <DEV_SPI_WriteByte>
100015a6:	2078      	movs	r0, #120	@ 0x78
100015a8:	f000 faea 	bl	10001b80 <DEV_Delay_ms>
100015ac:	2100      	movs	r1, #0
100015ae:	2008      	movs	r0, #8
100015b0:	f000 faa4 	bl	10001afc <DEV_Digital_Write>
100015b4:	2029      	movs	r0, #41	@ 0x29
100015b6:	f000 faab 	bl	10001b10 <DEV_SPI_WriteByte>
100015ba:	2014      	movs	r0, #20
100015bc:	f000 fae0 	bl	10001b80 <DEV_Delay_ms>
100015c0:	bd10      	pop	{r4, pc}
100015c2:	46c0      	nop			@ (mov r8, r8)

100015c4 <LCD_1IN28_SetWindows>:
100015c4:	b5f8      	push	{r3, r4, r5, r6, r7, lr}
100015c6:	0014      	movs	r4, r2
100015c8:	0007      	movs	r7, r0
100015ca:	000e      	movs	r6, r1
100015cc:	001d      	movs	r5, r3
100015ce:	2100      	movs	r1, #0
100015d0:	2008      	movs	r0, #8
100015d2:	f000 fa93 	bl	10001afc <DEV_Digital_Write>
100015d6:	202a      	movs	r0, #42	@ 0x2a
100015d8:	f000 fa9a 	bl	10001b10 <DEV_SPI_WriteByte>
100015dc:	2101      	movs	r1, #1
100015de:	2008      	movs	r0, #8
100015e0:	f000 fa8c 	bl	10001afc <DEV_Digital_Write>
100015e4:	2000      	movs	r0, #0
100015e6:	f000 fa93 	bl	10001b10 <DEV_SPI_WriteByte>
100015ea:	3c01      	subs	r4, #1
100015ec:	2101      	movs	r1, #1
100015ee:	2008      	movs	r0, #8
100015f0:	f000 fa84 	bl	10001afc <DEV_Digital_Write>
100015f4:	b2f8      	uxtb	r0, r7
100015f6:	1227      	asrs	r7, r4, #8
100015f8:	f000 fa8a 	bl	10001b10 <DEV_SPI_WriteByte>
100015fc:	b2ff      	uxtb	r7, r7
100015fe:	2101      	movs	r1, #1
10001600:	2008      	movs	r0, #8
10001602:	f000 fa7b 	bl	10001afc <DEV_Digital_Write>
10001606:	0038      	movs	r0, r7
10001608:	f000 fa82 	bl	10001b10 <DEV_SPI_WriteByte>
1000160c:	2101      	movs	r1, #1
1000160e:	2008      	movs	r0, #8
10001610:	f000 fa74 	bl	10001afc <DEV_Digital_Write>
10001614:	b2e0      	uxtb	r0, r4
10001616:	f000 fa7b 	bl	10001b10 <DEV_SPI_WriteByte>
1000161a:	2100      	movs	r1, #0
1000161c:	2008      	movs	r0, #8
1000161e:	f000 fa6d 	bl	10001afc <DEV_Digital_Write>
10001622:	202b      	movs	r0, #43	@ 0x2b
10001624:	f000 fa74 	bl	10001b10 <DEV_SPI_WriteByte>
10001628:	2101      	movs	r1, #1
1000162a:	2008      	movs	r0, #8
1000162c:	f000 fa66 	bl	10001afc <DEV_Digital_Write>
10001630:	2000      	movs	r0, #0
10001632:	f000 fa6d 	bl	10001b10 <DEV_SPI_WriteByte>
10001636:	2101      	movs	r1, #1
10001638:	2008      	movs	r0, #8
1000163a:	f000 fa5f 	bl	10001afc <DEV_Digital_Write>
1000163e:	b2f0      	uxtb	r0, r6
10001640:	f000 fa66 	bl	10001b10 <DEV_SPI_WriteByte>
10001644:	2101      	movs	r1, #1
10001646:	2008      	movs	r0, #8
10001648:	f000 fa58 	bl	10001afc <DEV_Digital_Write>
1000164c:	0038      	movs	r0, r7
1000164e:	f000 fa5f 	bl	10001b10 <DEV_SPI_WriteByte>
10001652:	3d01      	subs	r5, #1
10001654:	2101      	movs	r1, #1
10001656:	2008      	movs	r0, #8
10001658:	f000 fa50 	bl	10001afc <DEV_Digital_Write>
1000165c:	b2e8      	uxtb	r0, r5
1000165e:	f000 fa57 	bl	10001b10 <DEV_SPI_WriteByte>
10001662:	2100      	movs	r1, #0
10001664:	2008      	movs	r0, #8
10001666:	f000 fa49 	bl	10001afc <DEV_Digital_Write>
1000166a:	202c      	movs	r0, #44	@ 0x2c
1000166c:	f000 fa50 	bl	10001b10 <DEV_SPI_WriteByte>
10001670:	bdf8      	pop	{r3, r4, r5, r6, r7, pc}
10001672:	46c0      	nop			@ (mov r8, r8)

10001674 <LCD_1IN28_Display>:
10001674:	b570      	push	{r4, r5, r6, lr}
10001676:	23f0      	movs	r3, #240	@ 0xf0
10001678:	0004      	movs	r4, r0
1000167a:	22f0      	movs	r2, #240	@ 0xf0
1000167c:	2100      	movs	r1, #0
1000167e:	2000      	movs	r0, #0
10001680:	f7ff ffa0 	bl	100015c4 <LCD_1IN28_SetWindows>
10001684:	2101      	movs	r1, #1
10001686:	2008      	movs	r0, #8
10001688:	f000 fa38 	bl	10001afc <DEV_Digital_Write>
1000168c:	23e1      	movs	r3, #225	@ 0xe1
1000168e:	025b      	lsls	r3, r3, #9
10001690:	18e5      	adds	r5, r4, r3
10001692:	21f0      	movs	r1, #240	@ 0xf0
10001694:	0020      	movs	r0, r4
10001696:	34e1      	adds	r4, #225	@ 0xe1
10001698:	0049      	lsls	r1, r1, #1
1000169a:	34ff      	adds	r4, #255	@ 0xff
1000169c:	f000 fa46 	bl	10001b2c <DEV_SPI_Write_nByte>
100016a0:	42ac      	cmp	r4, r5
100016a2:	d1f6      	bne.n	10001692 <LCD_1IN28_Display+0x1e>
100016a4:	bd70      	pop	{r4, r5, r6, pc}
100016a6:	46c0      	nop			@ (mov r8, r8)

100016a8 <Paint_SetPixel.part.0>:
100016a8:	b570      	push	{r4, r5, r6, lr}
100016aa:	4b46      	ldr	r3, [pc, #280]	@ (100017c4 <Paint_SetPixel.part.0+0x11c>)
100016ac:	89dc      	ldrh	r4, [r3, #14]
100016ae:	2cb4      	cmp	r4, #180	@ 0xb4
100016b0:	d03d      	beq.n	1000172e <Paint_SetPixel.part.0+0x86>
100016b2:	d832      	bhi.n	1000171a <Paint_SetPixel.part.0+0x72>
100016b4:	2c00      	cmp	r4, #0
100016b6:	d006      	beq.n	100016c6 <Paint_SetPixel.part.0+0x1e>
100016b8:	2c5a      	cmp	r4, #90	@ 0x5a
100016ba:	d11c      	bne.n	100016f6 <Paint_SetPixel.part.0+0x4e>
100016bc:	891c      	ldrh	r4, [r3, #8]
100016be:	3c01      	subs	r4, #1
100016c0:	1a64      	subs	r4, r4, r1
100016c2:	0001      	movs	r1, r0
100016c4:	b2a0      	uxth	r0, r4
100016c6:	8a1c      	ldrh	r4, [r3, #16]
100016c8:	2c02      	cmp	r4, #2
100016ca:	d020      	beq.n	1000170e <Paint_SetPixel.part.0+0x66>
100016cc:	d814      	bhi.n	100016f8 <Paint_SetPixel.part.0+0x50>
100016ce:	2c00      	cmp	r4, #0
100016d0:	d021      	beq.n	10001716 <Paint_SetPixel.part.0+0x6e>
100016d2:	891c      	ldrh	r4, [r3, #8]
100016d4:	1e65      	subs	r5, r4, #1
100016d6:	1a28      	subs	r0, r5, r0
100016d8:	b280      	uxth	r0, r0
100016da:	4284      	cmp	r4, r0
100016dc:	d30b      	bcc.n	100016f6 <Paint_SetPixel.part.0+0x4e>
100016de:	895c      	ldrh	r4, [r3, #10]
100016e0:	428c      	cmp	r4, r1
100016e2:	d308      	bcc.n	100016f6 <Paint_SetPixel.part.0+0x4e>
100016e4:	8adc      	ldrh	r4, [r3, #22]
100016e6:	2c02      	cmp	r4, #2
100016e8:	d02a      	beq.n	10001740 <Paint_SetPixel.part.0+0x98>
100016ea:	2c04      	cmp	r4, #4
100016ec:	d036      	beq.n	1000175c <Paint_SetPixel.part.0+0xb4>
100016ee:	2c10      	cmp	r4, #16
100016f0:	d053      	beq.n	1000179a <Paint_SetPixel.part.0+0xf2>
100016f2:	2c41      	cmp	r4, #65	@ 0x41
100016f4:	d046      	beq.n	10001784 <Paint_SetPixel.part.0+0xdc>
100016f6:	bd70      	pop	{r4, r5, r6, pc}
100016f8:	2c03      	cmp	r4, #3
100016fa:	d1fc      	bne.n	100016f6 <Paint_SetPixel.part.0+0x4e>
100016fc:	891c      	ldrh	r4, [r3, #8]
100016fe:	1e65      	subs	r5, r4, #1
10001700:	1a28      	subs	r0, r5, r0
10001702:	895d      	ldrh	r5, [r3, #10]
10001704:	b280      	uxth	r0, r0
10001706:	3d01      	subs	r5, #1
10001708:	1a69      	subs	r1, r5, r1
1000170a:	b289      	uxth	r1, r1
1000170c:	e7e5      	b.n	100016da <Paint_SetPixel.part.0+0x32>
1000170e:	895c      	ldrh	r4, [r3, #10]
10001710:	3c01      	subs	r4, #1
10001712:	1a61      	subs	r1, r4, r1
10001714:	b289      	uxth	r1, r1
10001716:	891c      	ldrh	r4, [r3, #8]
10001718:	e7df      	b.n	100016da <Paint_SetPixel.part.0+0x32>
1000171a:	2587      	movs	r5, #135	@ 0x87
1000171c:	006d      	lsls	r5, r5, #1
1000171e:	42ac      	cmp	r4, r5
10001720:	d1e9      	bne.n	100016f6 <Paint_SetPixel.part.0+0x4e>
10001722:	895c      	ldrh	r4, [r3, #10]
10001724:	3c01      	subs	r4, #1
10001726:	1a24      	subs	r4, r4, r0
10001728:	0008      	movs	r0, r1
1000172a:	b2a1      	uxth	r1, r4
1000172c:	e7cb      	b.n	100016c6 <Paint_SetPixel.part.0+0x1e>
1000172e:	891c      	ldrh	r4, [r3, #8]
10001730:	3c01      	subs	r4, #1
10001732:	1a20      	subs	r0, r4, r0
10001734:	895c      	ldrh	r4, [r3, #10]
10001736:	b280      	uxth	r0, r0
10001738:	3c01      	subs	r4, #1
1000173a:	1a61      	subs	r1, r4, r1
1000173c:	b289      	uxth	r1, r1
1000173e:	e7c2      	b.n	100016c6 <Paint_SetPixel.part.0+0x1e>
10001740:	8a5a      	ldrh	r2, [r3, #18]
10001742:	681c      	ldr	r4, [r3, #0]
10001744:	434a      	muls	r2, r1
10001746:	08c1      	lsrs	r1, r0, #3
10001748:	b289      	uxth	r1, r1
1000174a:	1852      	adds	r2, r2, r1
1000174c:	2107      	movs	r1, #7
1000174e:	2380      	movs	r3, #128	@ 0x80
10001750:	4001      	ands	r1, r0
10001752:	410b      	asrs	r3, r1
10001754:	5ca1      	ldrb	r1, [r4, r2]
10001756:	430b      	orrs	r3, r1
10001758:	54a3      	strb	r3, [r4, r2]
1000175a:	e7cc      	b.n	100016f6 <Paint_SetPixel.part.0+0x4e>
1000175c:	8a5c      	ldrh	r4, [r3, #18]
1000175e:	681d      	ldr	r5, [r3, #0]
10001760:	2303      	movs	r3, #3
10001762:	26c1      	movs	r6, #193	@ 0xc1
10001764:	4361      	muls	r1, r4
10001766:	0884      	lsrs	r4, r0, #2
10001768:	4018      	ands	r0, r3
1000176a:	0040      	lsls	r0, r0, #1
1000176c:	4276      	negs	r6, r6
1000176e:	4013      	ands	r3, r2
10001770:	4106      	asrs	r6, r0
10001772:	019b      	lsls	r3, r3, #6
10001774:	4103      	asrs	r3, r0
10001776:	b2a4      	uxth	r4, r4
10001778:	1909      	adds	r1, r1, r4
1000177a:	5c6c      	ldrb	r4, [r5, r1]
1000177c:	4034      	ands	r4, r6
1000177e:	4323      	orrs	r3, r4
10001780:	546b      	strb	r3, [r5, r1]
10001782:	e7b8      	b.n	100016f6 <Paint_SetPixel.part.0+0x4e>
10001784:	8a5c      	ldrh	r4, [r3, #18]
10001786:	0040      	lsls	r0, r0, #1
10001788:	4361      	muls	r1, r4
1000178a:	1809      	adds	r1, r1, r0
1000178c:	6818      	ldr	r0, [r3, #0]
1000178e:	0a14      	lsrs	r4, r2, #8
10001790:	5444      	strb	r4, [r0, r1]
10001792:	681b      	ldr	r3, [r3, #0]
10001794:	185b      	adds	r3, r3, r1
10001796:	705a      	strb	r2, [r3, #1]
10001798:	e7ad      	b.n	100016f6 <Paint_SetPixel.part.0+0x4e>
1000179a:	8a5c      	ldrh	r4, [r3, #18]
1000179c:	681d      	ldr	r5, [r3, #0]
1000179e:	4361      	muls	r1, r4
100017a0:	0844      	lsrs	r4, r0, #1
100017a2:	2301      	movs	r3, #1
100017a4:	b2a4      	uxth	r4, r4
100017a6:	1909      	adds	r1, r1, r4
100017a8:	24f1      	movs	r4, #241	@ 0xf1
100017aa:	4018      	ands	r0, r3
100017ac:	0080      	lsls	r0, r0, #2
100017ae:	4264      	negs	r4, r4
100017b0:	4104      	asrs	r4, r0
100017b2:	5c6b      	ldrb	r3, [r5, r1]
100017b4:	401c      	ands	r4, r3
100017b6:	230f      	movs	r3, #15
100017b8:	4013      	ands	r3, r2
100017ba:	011b      	lsls	r3, r3, #4
100017bc:	4103      	asrs	r3, r0
100017be:	4323      	orrs	r3, r4
100017c0:	546b      	strb	r3, [r5, r1]
100017c2:	e798      	b.n	100016f6 <Paint_SetPixel.part.0+0x4e>
100017c4:	20001a70 	.word	0x20001a70

100017c8 <Paint_DrawChar.part.0>:
100017c8:	b5f0      	push	{r4, r5, r6, r7, lr}
100017ca:	4645      	mov	r5, r8
100017cc:	4657      	mov	r7, sl
100017ce:	464e      	mov	r6, r9
100017d0:	46de      	mov	lr, fp
100017d2:	4699      	mov	r9, r3
100017d4:	b5e0      	push	{r5, r6, r7, lr}
100017d6:	b087      	sub	sp, #28
100017d8:	9101      	str	r1, [sp, #4]
100017da:	a910      	add	r1, sp, #64	@ 0x40
100017dc:	880b      	ldrh	r3, [r1, #0]
100017de:	a911      	add	r1, sp, #68	@ 0x44
100017e0:	9302      	str	r3, [sp, #8]
100017e2:	880b      	ldrh	r3, [r1, #0]
100017e4:	9005      	str	r0, [sp, #20]
100017e6:	9303      	str	r3, [sp, #12]
100017e8:	464b      	mov	r3, r9
100017ea:	8899      	ldrh	r1, [r3, #4]
100017ec:	88d8      	ldrh	r0, [r3, #6]
100017ee:	2307      	movs	r3, #7
100017f0:	400b      	ands	r3, r1
100017f2:	1e5d      	subs	r5, r3, #1
100017f4:	41ab      	sbcs	r3, r5
100017f6:	3a20      	subs	r2, #32
100017f8:	4342      	muls	r2, r0
100017fa:	08cd      	lsrs	r5, r1, #3
100017fc:	195b      	adds	r3, r3, r5
100017fe:	435a      	muls	r2, r3
10001800:	464b      	mov	r3, r9
10001802:	681f      	ldr	r7, [r3, #0]
10001804:	2300      	movs	r3, #0
10001806:	18bf      	adds	r7, r7, r2
10001808:	9304      	str	r3, [sp, #16]
1000180a:	2800      	cmp	r0, #0
1000180c:	d051      	beq.n	100018b2 <Paint_DrawChar.part.0+0xea>
1000180e:	4b2c      	ldr	r3, [pc, #176]	@ (100018c0 <Paint_DrawChar.part.0+0xf8>)
10001810:	4698      	mov	r8, r3
10001812:	2900      	cmp	r1, #0
10001814:	d04d      	beq.n	100018b2 <Paint_DrawChar.part.0+0xea>
10001816:	2307      	movs	r3, #7
10001818:	469a      	mov	sl, r3
1000181a:	2380      	movs	r3, #128	@ 0x80
1000181c:	2500      	movs	r5, #0
1000181e:	469b      	mov	fp, r3
10001820:	9e05      	ldr	r6, [sp, #20]
10001822:	e017      	b.n	10001854 <Paint_DrawChar.part.0+0x8c>
10001824:	429e      	cmp	r6, r3
10001826:	d80b      	bhi.n	10001840 <Paint_DrawChar.part.0+0x78>
10001828:	4643      	mov	r3, r8
1000182a:	9801      	ldr	r0, [sp, #4]
1000182c:	88db      	ldrh	r3, [r3, #6]
1000182e:	4283      	cmp	r3, r0
10001830:	d306      	bcc.n	10001840 <Paint_DrawChar.part.0+0x78>
10001832:	9a03      	ldr	r2, [sp, #12]
10001834:	0001      	movs	r1, r0
10001836:	0030      	movs	r0, r6
10001838:	f7ff ff36 	bl	100016a8 <Paint_SetPixel.part.0>
1000183c:	464b      	mov	r3, r9
1000183e:	8899      	ldrh	r1, [r3, #4]
10001840:	3c07      	subs	r4, #7
10001842:	4263      	negs	r3, r4
10001844:	415c      	adcs	r4, r3
10001846:	3501      	adds	r5, #1
10001848:	3601      	adds	r6, #1
1000184a:	b2ad      	uxth	r5, r5
1000184c:	193f      	adds	r7, r7, r4
1000184e:	b2b6      	uxth	r6, r6
10001850:	428d      	cmp	r5, r1
10001852:	d211      	bcs.n	10001878 <Paint_DrawChar.part.0+0xb0>
10001854:	4654      	mov	r4, sl
10001856:	4658      	mov	r0, fp
10001858:	402c      	ands	r4, r5
1000185a:	4643      	mov	r3, r8
1000185c:	4120      	asrs	r0, r4
1000185e:	783a      	ldrb	r2, [r7, #0]
10001860:	889b      	ldrh	r3, [r3, #4]
10001862:	4210      	tst	r0, r2
10001864:	d1de      	bne.n	10001824 <Paint_DrawChar.part.0+0x5c>
10001866:	429e      	cmp	r6, r3
10001868:	d8ea      	bhi.n	10001840 <Paint_DrawChar.part.0+0x78>
1000186a:	4643      	mov	r3, r8
1000186c:	9801      	ldr	r0, [sp, #4]
1000186e:	88db      	ldrh	r3, [r3, #6]
10001870:	4283      	cmp	r3, r0
10001872:	d3e5      	bcc.n	10001840 <Paint_DrawChar.part.0+0x78>
10001874:	9a02      	ldr	r2, [sp, #8]
10001876:	e7dd      	b.n	10001834 <Paint_DrawChar.part.0+0x6c>
10001878:	464b      	mov	r3, r9
1000187a:	4652      	mov	r2, sl
1000187c:	88db      	ldrh	r3, [r3, #6]
1000187e:	420a      	tst	r2, r1
10001880:	d00b      	beq.n	1000189a <Paint_DrawChar.part.0+0xd2>
10001882:	9a04      	ldr	r2, [sp, #16]
10001884:	3701      	adds	r7, #1
10001886:	3201      	adds	r2, #1
10001888:	b292      	uxth	r2, r2
1000188a:	9204      	str	r2, [sp, #16]
1000188c:	429a      	cmp	r2, r3
1000188e:	d210      	bcs.n	100018b2 <Paint_DrawChar.part.0+0xea>
10001890:	9c01      	ldr	r4, [sp, #4]
10001892:	3401      	adds	r4, #1
10001894:	b2a3      	uxth	r3, r4
10001896:	9301      	str	r3, [sp, #4]
10001898:	e7bf      	b.n	1000181a <Paint_DrawChar.part.0+0x52>
1000189a:	9a04      	ldr	r2, [sp, #16]
1000189c:	3201      	adds	r2, #1
1000189e:	b292      	uxth	r2, r2
100018a0:	9204      	str	r2, [sp, #16]
100018a2:	429a      	cmp	r2, r3
100018a4:	d205      	bcs.n	100018b2 <Paint_DrawChar.part.0+0xea>
100018a6:	9c01      	ldr	r4, [sp, #4]
100018a8:	3401      	adds	r4, #1
100018aa:	b2a3      	uxth	r3, r4
100018ac:	9301      	str	r3, [sp, #4]
100018ae:	2900      	cmp	r1, #0
100018b0:	d1b1      	bne.n	10001816 <Paint_DrawChar.part.0+0x4e>
100018b2:	b007      	add	sp, #28
100018b4:	bcf0      	pop	{r4, r5, r6, r7}
100018b6:	46bb      	mov	fp, r7
100018b8:	46b2      	mov	sl, r6
100018ba:	46a9      	mov	r9, r5
100018bc:	46a0      	mov	r8, r4
100018be:	bdf0      	pop	{r4, r5, r6, r7, pc}
100018c0:	20001a70 	.word	0x20001a70

100018c4 <Paint_NewImage>:
100018c4:	b530      	push	{r4, r5, lr}
100018c6:	466c      	mov	r4, sp
100018c8:	89a5      	ldrh	r5, [r4, #12]
100018ca:	4c0d      	ldr	r4, [pc, #52]	@ (10001900 <Paint_NewImage+0x3c>)
100018cc:	6020      	str	r0, [r4, #0]
100018ce:	2002      	movs	r0, #2
100018d0:	8121      	strh	r1, [r4, #8]
100018d2:	82e0      	strh	r0, [r4, #22]
100018d4:	8162      	strh	r2, [r4, #10]
100018d6:	81a5      	strh	r5, [r4, #12]
100018d8:	08c8      	lsrs	r0, r1, #3
100018da:	074d      	lsls	r5, r1, #29
100018dc:	d000      	beq.n	100018e0 <Paint_NewImage+0x1c>
100018de:	3001      	adds	r0, #1
100018e0:	8260      	strh	r0, [r4, #18]
100018e2:	2000      	movs	r0, #0
100018e4:	82a2      	strh	r2, [r4, #20]
100018e6:	81e3      	strh	r3, [r4, #14]
100018e8:	8220      	strh	r0, [r4, #16]
100018ea:	2b00      	cmp	r3, #0
100018ec:	d004      	beq.n	100018f8 <Paint_NewImage+0x34>
100018ee:	2bb4      	cmp	r3, #180	@ 0xb4
100018f0:	d002      	beq.n	100018f8 <Paint_NewImage+0x34>
100018f2:	000b      	movs	r3, r1
100018f4:	0011      	movs	r1, r2
100018f6:	001a      	movs	r2, r3
100018f8:	80e2      	strh	r2, [r4, #6]
100018fa:	80a1      	strh	r1, [r4, #4]
100018fc:	bd30      	pop	{r4, r5, pc}
100018fe:	46c0      	nop			@ (mov r8, r8)
10001900:	20001a70 	.word	0x20001a70

10001904 <Paint_SetRotate>:
10001904:	2800      	cmp	r0, #0
10001906:	d007      	beq.n	10001918 <Paint_SetRotate+0x14>
10001908:	285a      	cmp	r0, #90	@ 0x5a
1000190a:	d005      	beq.n	10001918 <Paint_SetRotate+0x14>
1000190c:	28b4      	cmp	r0, #180	@ 0xb4
1000190e:	d003      	beq.n	10001918 <Paint_SetRotate+0x14>
10001910:	2387      	movs	r3, #135	@ 0x87
10001912:	005b      	lsls	r3, r3, #1
10001914:	4298      	cmp	r0, r3
10001916:	d101      	bne.n	1000191c <Paint_SetRotate+0x18>
10001918:	4b01      	ldr	r3, [pc, #4]	@ (10001920 <Paint_SetRotate+0x1c>)
1000191a:	81d8      	strh	r0, [r3, #14]
1000191c:	4770      	bx	lr
1000191e:	46c0      	nop			@ (mov r8, r8)
10001920:	20001a70 	.word	0x20001a70

10001924 <Paint_SetScale>:
10001924:	2802      	cmp	r0, #2
10001926:	d00e      	beq.n	10001946 <Paint_SetScale+0x22>
10001928:	2804      	cmp	r0, #4
1000192a:	d004      	beq.n	10001936 <Paint_SetScale+0x12>
1000192c:	2810      	cmp	r0, #16
1000192e:	d019      	beq.n	10001964 <Paint_SetScale+0x40>
10001930:	2841      	cmp	r0, #65	@ 0x41
10001932:	d011      	beq.n	10001958 <Paint_SetScale+0x34>
10001934:	4770      	bx	lr
10001936:	4b10      	ldr	r3, [pc, #64]	@ (10001978 <Paint_SetScale+0x54>)
10001938:	891a      	ldrh	r2, [r3, #8]
1000193a:	82d8      	strh	r0, [r3, #22]
1000193c:	0891      	lsrs	r1, r2, #2
1000193e:	0792      	lsls	r2, r2, #30
10001940:	d107      	bne.n	10001952 <Paint_SetScale+0x2e>
10001942:	8259      	strh	r1, [r3, #18]
10001944:	e7f6      	b.n	10001934 <Paint_SetScale+0x10>
10001946:	4b0c      	ldr	r3, [pc, #48]	@ (10001978 <Paint_SetScale+0x54>)
10001948:	891a      	ldrh	r2, [r3, #8]
1000194a:	82d8      	strh	r0, [r3, #22]
1000194c:	08d1      	lsrs	r1, r2, #3
1000194e:	0752      	lsls	r2, r2, #29
10001950:	d0f7      	beq.n	10001942 <Paint_SetScale+0x1e>
10001952:	3101      	adds	r1, #1
10001954:	8259      	strh	r1, [r3, #18]
10001956:	e7ed      	b.n	10001934 <Paint_SetScale+0x10>
10001958:	4b07      	ldr	r3, [pc, #28]	@ (10001978 <Paint_SetScale+0x54>)
1000195a:	891a      	ldrh	r2, [r3, #8]
1000195c:	82d8      	strh	r0, [r3, #22]
1000195e:	0052      	lsls	r2, r2, #1
10001960:	825a      	strh	r2, [r3, #18]
10001962:	e7e7      	b.n	10001934 <Paint_SetScale+0x10>
10001964:	2301      	movs	r3, #1
10001966:	4904      	ldr	r1, [pc, #16]	@ (10001978 <Paint_SetScale+0x54>)
10001968:	890a      	ldrh	r2, [r1, #8]
1000196a:	82c8      	strh	r0, [r1, #22]
1000196c:	4013      	ands	r3, r2
1000196e:	0852      	lsrs	r2, r2, #1
10001970:	189b      	adds	r3, r3, r2
10001972:	824b      	strh	r3, [r1, #18]
10001974:	e7de      	b.n	10001934 <Paint_SetScale+0x10>
10001976:	46c0      	nop			@ (mov r8, r8)
10001978:	20001a70 	.word	0x20001a70

1000197c <Paint_Clear>:
1000197c:	b5f0      	push	{r4, r5, r6, r7, lr}
1000197e:	4c33      	ldr	r4, [pc, #204]	@ (10001a4c <Paint_Clear+0xd0>)
10001980:	4b33      	ldr	r3, [pc, #204]	@ (10001a50 <Paint_Clear+0xd4>)
10001982:	8ae1      	ldrh	r1, [r4, #22]
10001984:	1e8a      	subs	r2, r1, #2
10001986:	0016      	movs	r6, r2
10001988:	401e      	ands	r6, r3
1000198a:	421a      	tst	r2, r3
1000198c:	d004      	beq.n	10001998 <Paint_Clear+0x1c>
1000198e:	2910      	cmp	r1, #16
10001990:	d01b      	beq.n	100019ca <Paint_Clear+0x4e>
10001992:	2941      	cmp	r1, #65	@ 0x41
10001994:	d039      	beq.n	10001a0a <Paint_Clear+0x8e>
10001996:	bdf0      	pop	{r4, r5, r6, r7, pc}
10001998:	8aa3      	ldrh	r3, [r4, #20]
1000199a:	2b00      	cmp	r3, #0
1000199c:	d0fb      	beq.n	10001996 <Paint_Clear+0x1a>
1000199e:	2500      	movs	r5, #0
100019a0:	8a63      	ldrh	r3, [r4, #18]
100019a2:	b2c0      	uxtb	r0, r0
100019a4:	2b00      	cmp	r3, #0
100019a6:	d0f6      	beq.n	10001996 <Paint_Clear+0x1a>
100019a8:	2200      	movs	r2, #0
100019aa:	436b      	muls	r3, r5
100019ac:	6821      	ldr	r1, [r4, #0]
100019ae:	1889      	adds	r1, r1, r2
100019b0:	54c8      	strb	r0, [r1, r3]
100019b2:	3201      	adds	r2, #1
100019b4:	8a63      	ldrh	r3, [r4, #18]
100019b6:	b291      	uxth	r1, r2
100019b8:	428b      	cmp	r3, r1
100019ba:	d8f6      	bhi.n	100019aa <Paint_Clear+0x2e>
100019bc:	3601      	adds	r6, #1
100019be:	8aa2      	ldrh	r2, [r4, #20]
100019c0:	b2b6      	uxth	r6, r6
100019c2:	42b2      	cmp	r2, r6
100019c4:	d9e7      	bls.n	10001996 <Paint_Clear+0x1a>
100019c6:	3501      	adds	r5, #1
100019c8:	e7ec      	b.n	100019a4 <Paint_Clear+0x28>
100019ca:	8aa3      	ldrh	r3, [r4, #20]
100019cc:	2b00      	cmp	r3, #0
100019ce:	d0e2      	beq.n	10001996 <Paint_Clear+0x1a>
100019d0:	2200      	movs	r2, #0
100019d2:	2600      	movs	r6, #0
100019d4:	4694      	mov	ip, r2
100019d6:	270f      	movs	r7, #15
100019d8:	8a63      	ldrh	r3, [r4, #18]
100019da:	2b00      	cmp	r3, #0
100019dc:	d0db      	beq.n	10001996 <Paint_Clear+0x1a>
100019de:	2200      	movs	r2, #0
100019e0:	4373      	muls	r3, r6
100019e2:	6821      	ldr	r1, [r4, #0]
100019e4:	4038      	ands	r0, r7
100019e6:	0105      	lsls	r5, r0, #4
100019e8:	1889      	adds	r1, r1, r2
100019ea:	1945      	adds	r5, r0, r5
100019ec:	54cd      	strb	r5, [r1, r3]
100019ee:	3201      	adds	r2, #1
100019f0:	8a63      	ldrh	r3, [r4, #18]
100019f2:	b291      	uxth	r1, r2
100019f4:	428b      	cmp	r3, r1
100019f6:	d8f3      	bhi.n	100019e0 <Paint_Clear+0x64>
100019f8:	4662      	mov	r2, ip
100019fa:	3201      	adds	r2, #1
100019fc:	b292      	uxth	r2, r2
100019fe:	4694      	mov	ip, r2
10001a00:	8aa2      	ldrh	r2, [r4, #20]
10001a02:	4562      	cmp	r2, ip
10001a04:	d9c7      	bls.n	10001996 <Paint_Clear+0x1a>
10001a06:	3601      	adds	r6, #1
10001a08:	e7e7      	b.n	100019da <Paint_Clear+0x5e>
10001a0a:	8aa3      	ldrh	r3, [r4, #20]
10001a0c:	2b00      	cmp	r3, #0
10001a0e:	d0c2      	beq.n	10001996 <Paint_Clear+0x1a>
10001a10:	2500      	movs	r5, #0
10001a12:	2700      	movs	r7, #0
10001a14:	8923      	ldrh	r3, [r4, #8]
10001a16:	0a06      	lsrs	r6, r0, #8
10001a18:	b2c0      	uxtb	r0, r0
10001a1a:	2b00      	cmp	r3, #0
10001a1c:	d0bb      	beq.n	10001996 <Paint_Clear+0x1a>
10001a1e:	2200      	movs	r2, #0
10001a20:	8a63      	ldrh	r3, [r4, #18]
10001a22:	0051      	lsls	r1, r2, #1
10001a24:	436b      	muls	r3, r5
10001a26:	185b      	adds	r3, r3, r1
10001a28:	6821      	ldr	r1, [r4, #0]
10001a2a:	3201      	adds	r2, #1
10001a2c:	54ce      	strb	r6, [r1, r3]
10001a2e:	6821      	ldr	r1, [r4, #0]
10001a30:	18cb      	adds	r3, r1, r3
10001a32:	7058      	strb	r0, [r3, #1]
10001a34:	8923      	ldrh	r3, [r4, #8]
10001a36:	b291      	uxth	r1, r2
10001a38:	428b      	cmp	r3, r1
10001a3a:	d8f1      	bhi.n	10001a20 <Paint_Clear+0xa4>
10001a3c:	3701      	adds	r7, #1
10001a3e:	8aa2      	ldrh	r2, [r4, #20]
10001a40:	b2bf      	uxth	r7, r7
10001a42:	42ba      	cmp	r2, r7
10001a44:	d9a7      	bls.n	10001996 <Paint_Clear+0x1a>
10001a46:	3501      	adds	r5, #1
10001a48:	e7e7      	b.n	10001a1a <Paint_Clear+0x9e>
10001a4a:	46c0      	nop			@ (mov r8, r8)
10001a4c:	20001a70 	.word	0x20001a70
10001a50:	0000fffd 	.word	0x0000fffd

10001a54 <Paint_DrawString_EN>:
10001a54:	b5f0      	push	{r4, r5, r6, r7, lr}
10001a56:	4657      	mov	r7, sl
10001a58:	46de      	mov	lr, fp
10001a5a:	464e      	mov	r6, r9
10001a5c:	4645      	mov	r5, r8
10001a5e:	b5e0      	push	{r5, r6, r7, lr}
10001a60:	b087      	sub	sp, #28
10001a62:	4698      	mov	r8, r3
10001a64:	ab10      	add	r3, sp, #64	@ 0x40
10001a66:	881b      	ldrh	r3, [r3, #0]
10001a68:	468b      	mov	fp, r1
10001a6a:	9304      	str	r3, [sp, #16]
10001a6c:	ab11      	add	r3, sp, #68	@ 0x44
10001a6e:	881b      	ldrh	r3, [r3, #0]
10001a70:	4682      	mov	sl, r0
10001a72:	9305      	str	r3, [sp, #20]
10001a74:	4b20      	ldr	r3, [pc, #128]	@ (10001af8 <Paint_DrawString_EN+0xa4>)
10001a76:	0017      	movs	r7, r2
10001a78:	8899      	ldrh	r1, [r3, #4]
10001a7a:	4699      	mov	r9, r3
10001a7c:	4281      	cmp	r1, r0
10001a7e:	d333      	bcc.n	10001ae8 <Paint_DrawString_EN+0x94>
10001a80:	88d8      	ldrh	r0, [r3, #6]
10001a82:	4558      	cmp	r0, fp
10001a84:	d330      	bcc.n	10001ae8 <Paint_DrawString_EN+0x94>
10001a86:	7812      	ldrb	r2, [r2, #0]
10001a88:	2a00      	cmp	r2, #0
10001a8a:	d02d      	beq.n	10001ae8 <Paint_DrawString_EN+0x94>
10001a8c:	4643      	mov	r3, r8
10001a8e:	465d      	mov	r5, fp
10001a90:	889b      	ldrh	r3, [r3, #4]
10001a92:	4654      	mov	r4, sl
10001a94:	9703      	str	r7, [sp, #12]
10001a96:	e003      	b.n	10001aa0 <Paint_DrawString_EN+0x4c>
10001a98:	4649      	mov	r1, r9
10001a9a:	4648      	mov	r0, r9
10001a9c:	8889      	ldrh	r1, [r1, #4]
10001a9e:	88c0      	ldrh	r0, [r0, #6]
10001aa0:	4646      	mov	r6, r8
10001aa2:	18e7      	adds	r7, r4, r3
10001aa4:	88f6      	ldrh	r6, [r6, #6]
10001aa6:	428f      	cmp	r7, r1
10001aa8:	dd02      	ble.n	10001ab0 <Paint_DrawString_EN+0x5c>
10001aaa:	4654      	mov	r4, sl
10001aac:	19ad      	adds	r5, r5, r6
10001aae:	b2ad      	uxth	r5, r5
10001ab0:	19ae      	adds	r6, r5, r6
10001ab2:	4286      	cmp	r6, r0
10001ab4:	dd01      	ble.n	10001aba <Paint_DrawString_EN+0x66>
10001ab6:	465d      	mov	r5, fp
10001ab8:	4654      	mov	r4, sl
10001aba:	428c      	cmp	r4, r1
10001abc:	d80c      	bhi.n	10001ad8 <Paint_DrawString_EN+0x84>
10001abe:	4285      	cmp	r5, r0
10001ac0:	d80a      	bhi.n	10001ad8 <Paint_DrawString_EN+0x84>
10001ac2:	9b04      	ldr	r3, [sp, #16]
10001ac4:	0029      	movs	r1, r5
10001ac6:	9301      	str	r3, [sp, #4]
10001ac8:	9b05      	ldr	r3, [sp, #20]
10001aca:	0020      	movs	r0, r4
10001acc:	9300      	str	r3, [sp, #0]
10001ace:	4643      	mov	r3, r8
10001ad0:	f7ff fe7a 	bl	100017c8 <Paint_DrawChar.part.0>
10001ad4:	4643      	mov	r3, r8
10001ad6:	889b      	ldrh	r3, [r3, #4]
10001ad8:	9a03      	ldr	r2, [sp, #12]
10001ada:	18e4      	adds	r4, r4, r3
10001adc:	3201      	adds	r2, #1
10001ade:	9203      	str	r2, [sp, #12]
10001ae0:	7812      	ldrb	r2, [r2, #0]
10001ae2:	b2a4      	uxth	r4, r4
10001ae4:	2a00      	cmp	r2, #0
10001ae6:	d1d7      	bne.n	10001a98 <Paint_DrawString_EN+0x44>
10001ae8:	b007      	add	sp, #28
10001aea:	bcf0      	pop	{r4, r5, r6, r7}
10001aec:	46bb      	mov	fp, r7
10001aee:	46b2      	mov	sl, r6
10001af0:	46a9      	mov	r9, r5
10001af2:	46a0      	mov	r8, r4
10001af4:	bdf0      	pop	{r4, r5, r6, r7, pc}
10001af6:	46c0      	nop			@ (mov r8, r8)
10001af8:	20001a70 	.word	0x20001a70

10001afc <DEV_Digital_Write>:
10001afc:	2301      	movs	r3, #1
10001afe:	22d0      	movs	r2, #208	@ 0xd0
10001b00:	4083      	lsls	r3, r0
10001b02:	0612      	lsls	r2, r2, #24
10001b04:	2900      	cmp	r1, #0
10001b06:	d001      	beq.n	10001b0c <DEV_Digital_Write+0x10>
10001b08:	6153      	str	r3, [r2, #20]
10001b0a:	4770      	bx	lr
10001b0c:	6193      	str	r3, [r2, #24]
10001b0e:	e7fc      	b.n	10001b0a <DEV_Digital_Write+0xe>

10001b10 <DEV_SPI_WriteByte>:
10001b10:	b500      	push	{lr}
10001b12:	b083      	sub	sp, #12
10001b14:	466b      	mov	r3, sp
10001b16:	2201      	movs	r2, #1
10001b18:	1dd9      	adds	r1, r3, #7
10001b1a:	7008      	strb	r0, [r1, #0]
10001b1c:	4802      	ldr	r0, [pc, #8]	@ (10001b28 <DEV_SPI_WriteByte+0x18>)
10001b1e:	f009 fd3f 	bl	1000b5a0 <__spi_write_blocking_veneer>
10001b22:	b003      	add	sp, #12
10001b24:	bd00      	pop	{pc}
10001b26:	46c0      	nop			@ (mov r8, r8)
10001b28:	40040000 	.word	0x40040000

10001b2c <DEV_SPI_Write_nByte>:
10001b2c:	b510      	push	{r4, lr}
10001b2e:	000a      	movs	r2, r1
10001b30:	0001      	movs	r1, r0
10001b32:	4802      	ldr	r0, [pc, #8]	@ (10001b3c <DEV_SPI_Write_nByte+0x10>)
10001b34:	f009 fd34 	bl	1000b5a0 <__spi_write_blocking_veneer>
10001b38:	bd10      	pop	{r4, pc}
10001b3a:	46c0      	nop			@ (mov r8, r8)
10001b3c:	40040000 	.word	0x40040000

10001b40 <DEV_SET_PWM>:
10001b40:	b510      	push	{r4, lr}
10001b42:	2864      	cmp	r0, #100	@ 0x64
10001b44:	d810      	bhi.n	10001b68 <DEV_SET_PWM+0x28>
10001b46:	4b0a      	ldr	r3, [pc, #40]	@ (10001b70 <DEV_SET_PWM+0x30>)
10001b48:	0400      	lsls	r0, r0, #16
10001b4a:	681a      	ldr	r2, [r3, #0]
10001b4c:	0093      	lsls	r3, r2, #2
10001b4e:	189b      	adds	r3, r3, r2
10001b50:	4a08      	ldr	r2, [pc, #32]	@ (10001b74 <DEV_SET_PWM+0x34>)
10001b52:	009b      	lsls	r3, r3, #2
10001b54:	189a      	adds	r2, r3, r2
10001b56:	6812      	ldr	r2, [r2, #0]
10001b58:	4050      	eors	r0, r2
10001b5a:	4a07      	ldr	r2, [pc, #28]	@ (10001b78 <DEV_SET_PWM+0x38>)
10001b5c:	0c00      	lsrs	r0, r0, #16
10001b5e:	4694      	mov	ip, r2
10001b60:	0400      	lsls	r0, r0, #16
10001b62:	4463      	add	r3, ip
10001b64:	6018      	str	r0, [r3, #0]
10001b66:	bd10      	pop	{r4, pc}
10001b68:	4804      	ldr	r0, [pc, #16]	@ (10001b7c <DEV_SET_PWM+0x3c>)
10001b6a:	f004 f89f 	bl	10005cac <__wrap_puts>
10001b6e:	e7fa      	b.n	10001b66 <DEV_SET_PWM+0x26>
10001b70:	2001fc00 	.word	0x2001fc00
10001b74:	4005000c 	.word	0x4005000c
10001b78:	4005100c 	.word	0x4005100c
10001b7c:	1000b7b0 	.word	0x1000b7b0

10001b80 <DEV_Delay_ms>:
10001b80:	b510      	push	{r4, lr}
10001b82:	f000 fedd 	bl	10002940 <sleep_ms>
10001b86:	bd10      	pop	{r4, pc}

10001b88 <DEV_Module_Init>:
10001b88:	b570      	push	{r4, r5, r6, lr}
10001b8a:	f004 f841 	bl	10005c10 <stdio_init_all>
10001b8e:	200c      	movs	r0, #12
10001b90:	f000 f8b6 	bl	10001d00 <gpio_init>
10001b94:	24d0      	movs	r4, #208	@ 0xd0
10001b96:	2380      	movs	r3, #128	@ 0x80
10001b98:	2580      	movs	r5, #128	@ 0x80
10001b9a:	2680      	movs	r6, #128	@ 0x80
10001b9c:	0624      	lsls	r4, r4, #24
10001b9e:	015b      	lsls	r3, r3, #5
10001ba0:	6263      	str	r3, [r4, #36]	@ 0x24
10001ba2:	006d      	lsls	r5, r5, #1
10001ba4:	2008      	movs	r0, #8
10001ba6:	f000 f8ab 	bl	10001d00 <gpio_init>
10001baa:	00b6      	lsls	r6, r6, #2
10001bac:	6265      	str	r5, [r4, #36]	@ 0x24
10001bae:	2009      	movs	r0, #9
10001bb0:	f000 f8a6 	bl	10001d00 <gpio_init>
10001bb4:	2019      	movs	r0, #25
10001bb6:	6266      	str	r6, [r4, #36]	@ 0x24
10001bb8:	f000 f8a2 	bl	10001d00 <gpio_init>
10001bbc:	2380      	movs	r3, #128	@ 0x80
10001bbe:	049b      	lsls	r3, r3, #18
10001bc0:	6263      	str	r3, [r4, #36]	@ 0x24
10001bc2:	6166      	str	r6, [r4, #20]
10001bc4:	61a5      	str	r5, [r4, #24]
10001bc6:	6163      	str	r3, [r4, #20]
10001bc8:	f009 fa86 	bl	1000b0d8 <adc_init>
10001bcc:	211f      	movs	r1, #31
10001bce:	201d      	movs	r0, #29
10001bd0:	f000 f854 	bl	10001c7c <gpio_set_function>
10001bd4:	2200      	movs	r2, #0
10001bd6:	2100      	movs	r1, #0
10001bd8:	201d      	movs	r0, #29
10001bda:	f000 f869 	bl	10001cb0 <gpio_set_pulls>
10001bde:	2100      	movs	r1, #0
10001be0:	201d      	movs	r0, #29
10001be2:	f000 f879 	bl	10001cd8 <gpio_set_input_enabled>
10001be6:	4b1a      	ldr	r3, [pc, #104]	@ (10001c50 <DEV_Module_Init+0xc8>)
10001be8:	2104      	movs	r1, #4
10001bea:	681a      	ldr	r2, [r3, #0]
10001bec:	23c0      	movs	r3, #192	@ 0xc0
10001bee:	019b      	lsls	r3, r3, #6
10001bf0:	4053      	eors	r3, r2
10001bf2:	22e0      	movs	r2, #224	@ 0xe0
10001bf4:	01d2      	lsls	r2, r2, #7
10001bf6:	4013      	ands	r3, r2
10001bf8:	4a16      	ldr	r2, [pc, #88]	@ (10001c54 <DEV_Module_Init+0xcc>)
10001bfa:	2019      	movs	r0, #25
10001bfc:	6013      	str	r3, [r2, #0]
10001bfe:	f000 f83d 	bl	10001c7c <gpio_set_function>
10001c02:	2204      	movs	r2, #4
10001c04:	4b14      	ldr	r3, [pc, #80]	@ (10001c58 <DEV_Module_Init+0xd0>)
10001c06:	4915      	ldr	r1, [pc, #84]	@ (10001c5c <DEV_Module_Init+0xd4>)
10001c08:	601a      	str	r2, [r3, #0]
10001c0a:	2364      	movs	r3, #100	@ 0x64
10001c0c:	4a14      	ldr	r2, [pc, #80]	@ (10001c60 <DEV_Module_Init+0xd8>)
10001c0e:	4815      	ldr	r0, [pc, #84]	@ (10001c64 <DEV_Module_Init+0xdc>)
10001c10:	6613      	str	r3, [r2, #96]	@ 0x60
10001c12:	4b15      	ldr	r3, [pc, #84]	@ (10001c68 <DEV_Module_Init+0xe0>)
10001c14:	681b      	ldr	r3, [r3, #0]
10001c16:	0c1b      	lsrs	r3, r3, #16
10001c18:	041b      	lsls	r3, r3, #16
10001c1a:	600b      	str	r3, [r1, #0]
10001c1c:	23c8      	movs	r3, #200	@ 0xc8
10001c1e:	009b      	lsls	r3, r3, #2
10001c20:	6553      	str	r3, [r2, #84]	@ 0x54
10001c22:	4b12      	ldr	r3, [pc, #72]	@ (10001c6c <DEV_Module_Init+0xe4>)
10001c24:	4912      	ldr	r1, [pc, #72]	@ (10001c70 <DEV_Module_Init+0xe8>)
10001c26:	681a      	ldr	r2, [r3, #0]
10001c28:	2301      	movs	r3, #1
10001c2a:	4393      	bics	r3, r2
10001c2c:	4a11      	ldr	r2, [pc, #68]	@ (10001c74 <DEV_Module_Init+0xec>)
10001c2e:	6013      	str	r3, [r2, #0]
10001c30:	f009 f9b4 	bl	1000af9c <spi_init>
10001c34:	2101      	movs	r1, #1
10001c36:	200a      	movs	r0, #10
10001c38:	f000 f820 	bl	10001c7c <gpio_set_function>
10001c3c:	2101      	movs	r1, #1
10001c3e:	200b      	movs	r0, #11
10001c40:	f000 f81c 	bl	10001c7c <gpio_set_function>
10001c44:	480c      	ldr	r0, [pc, #48]	@ (10001c78 <DEV_Module_Init+0xf0>)
10001c46:	f004 f831 	bl	10005cac <__wrap_puts>
10001c4a:	2000      	movs	r0, #0
10001c4c:	bd70      	pop	{r4, r5, r6, pc}
10001c4e:	46c0      	nop			@ (mov r8, r8)
10001c50:	4004c000 	.word	0x4004c000
10001c54:	4004d000 	.word	0x4004d000
10001c58:	2001fc00 	.word	0x2001fc00
10001c5c:	4005105c 	.word	0x4005105c
10001c60:	40050000 	.word	0x40050000
10001c64:	40040000 	.word	0x40040000
10001c68:	4005005c 	.word	0x4005005c
10001c6c:	40050050 	.word	0x40050050
10001c70:	05f5e100 	.word	0x05f5e100
10001c74:	40051050 	.word	0x40051050
10001c78:	1000b7c4 	.word	0x1000b7c4

10001c7c <gpio_set_function>:
10001c7c:	4a09      	ldr	r2, [pc, #36]	@ (10001ca4 <gpio_set_function+0x28>)
10001c7e:	0083      	lsls	r3, r0, #2
10001c80:	189a      	adds	r2, r3, r2
10001c82:	b510      	push	{r4, lr}
10001c84:	6814      	ldr	r4, [r2, #0]
10001c86:	2240      	movs	r2, #64	@ 0x40
10001c88:	4054      	eors	r4, r2
10001c8a:	3280      	adds	r2, #128	@ 0x80
10001c8c:	4022      	ands	r2, r4
10001c8e:	4c06      	ldr	r4, [pc, #24]	@ (10001ca8 <gpio_set_function+0x2c>)
10001c90:	00c0      	lsls	r0, r0, #3
10001c92:	46a4      	mov	ip, r4
10001c94:	4463      	add	r3, ip
10001c96:	601a      	str	r2, [r3, #0]
10001c98:	4b04      	ldr	r3, [pc, #16]	@ (10001cac <gpio_set_function+0x30>)
10001c9a:	469c      	mov	ip, r3
10001c9c:	4460      	add	r0, ip
10001c9e:	6041      	str	r1, [r0, #4]
10001ca0:	bd10      	pop	{r4, pc}
10001ca2:	46c0      	nop			@ (mov r8, r8)
10001ca4:	4001c004 	.word	0x4001c004
10001ca8:	4001d004 	.word	0x4001d004
10001cac:	40014000 	.word	0x40014000

10001cb0 <gpio_set_pulls>:
10001cb0:	4b07      	ldr	r3, [pc, #28]	@ (10001cd0 <gpio_set_pulls+0x20>)
10001cb2:	0080      	lsls	r0, r0, #2
10001cb4:	18c3      	adds	r3, r0, r3
10001cb6:	681b      	ldr	r3, [r3, #0]
10001cb8:	00c9      	lsls	r1, r1, #3
10001cba:	0092      	lsls	r2, r2, #2
10001cbc:	430a      	orrs	r2, r1
10001cbe:	405a      	eors	r2, r3
10001cc0:	230c      	movs	r3, #12
10001cc2:	4013      	ands	r3, r2
10001cc4:	4a03      	ldr	r2, [pc, #12]	@ (10001cd4 <gpio_set_pulls+0x24>)
10001cc6:	4694      	mov	ip, r2
10001cc8:	4460      	add	r0, ip
10001cca:	6003      	str	r3, [r0, #0]
10001ccc:	4770      	bx	lr
10001cce:	46c0      	nop			@ (mov r8, r8)
10001cd0:	4001c004 	.word	0x4001c004
10001cd4:	4001d004 	.word	0x4001d004

10001cd8 <gpio_set_input_enabled>:
10001cd8:	0080      	lsls	r0, r0, #2
10001cda:	2900      	cmp	r1, #0
10001cdc:	d005      	beq.n	10001cea <gpio_set_input_enabled+0x12>
10001cde:	4b06      	ldr	r3, [pc, #24]	@ (10001cf8 <gpio_set_input_enabled+0x20>)
10001ce0:	469c      	mov	ip, r3
10001ce2:	2340      	movs	r3, #64	@ 0x40
10001ce4:	4460      	add	r0, ip
10001ce6:	6003      	str	r3, [r0, #0]
10001ce8:	4770      	bx	lr
10001cea:	4b04      	ldr	r3, [pc, #16]	@ (10001cfc <gpio_set_input_enabled+0x24>)
10001cec:	469c      	mov	ip, r3
10001cee:	2340      	movs	r3, #64	@ 0x40
10001cf0:	4460      	add	r0, ip
10001cf2:	6003      	str	r3, [r0, #0]
10001cf4:	e7f8      	b.n	10001ce8 <gpio_set_input_enabled+0x10>
10001cf6:	46c0      	nop			@ (mov r8, r8)
10001cf8:	4001e004 	.word	0x4001e004
10001cfc:	4001f004 	.word	0x4001f004

10001d00 <gpio_init>:
10001d00:	2301      	movs	r3, #1
10001d02:	22d0      	movs	r2, #208	@ 0xd0
10001d04:	4083      	lsls	r3, r0
10001d06:	0612      	lsls	r2, r2, #24
10001d08:	6293      	str	r3, [r2, #40]	@ 0x28
10001d0a:	6193      	str	r3, [r2, #24]
10001d0c:	4a09      	ldr	r2, [pc, #36]	@ (10001d34 <gpio_init+0x34>)
10001d0e:	0083      	lsls	r3, r0, #2
10001d10:	189a      	adds	r2, r3, r2
10001d12:	6811      	ldr	r1, [r2, #0]
10001d14:	2240      	movs	r2, #64	@ 0x40
10001d16:	4051      	eors	r1, r2
10001d18:	3280      	adds	r2, #128	@ 0x80
10001d1a:	400a      	ands	r2, r1
10001d1c:	4906      	ldr	r1, [pc, #24]	@ (10001d38 <gpio_init+0x38>)
10001d1e:	00c0      	lsls	r0, r0, #3
10001d20:	468c      	mov	ip, r1
10001d22:	4463      	add	r3, ip
10001d24:	601a      	str	r2, [r3, #0]
10001d26:	4b05      	ldr	r3, [pc, #20]	@ (10001d3c <gpio_init+0x3c>)
10001d28:	469c      	mov	ip, r3
10001d2a:	2305      	movs	r3, #5
10001d2c:	4460      	add	r0, ip
10001d2e:	6043      	str	r3, [r0, #4]
10001d30:	4770      	bx	lr
10001d32:	46c0      	nop			@ (mov r8, r8)
10001d34:	4001c004 	.word	0x4001c004
10001d38:	4001d004 	.word	0x4001d004
10001d3c:	40014000 	.word	0x40014000

10001d40 <rp2040_chip_version>:
10001d40:	2380      	movs	r3, #128	@ 0x80
10001d42:	05db      	lsls	r3, r3, #23
10001d44:	6818      	ldr	r0, [r3, #0]
10001d46:	0f00      	lsrs	r0, r0, #28
10001d48:	4770      	bx	lr
10001d4a:	46c0      	nop			@ (mov r8, r8)

10001d4c <panic>:
10001d4c:	b40f      	push	{r0, r1, r2, r3}
10001d4e:	b500      	push	{lr}
10001d50:	4808      	ldr	r0, [pc, #32]	@ (10001d74 <panic+0x28>)
10001d52:	b083      	sub	sp, #12
10001d54:	f003 ffaa 	bl	10005cac <__wrap_puts>
10001d58:	9b04      	ldr	r3, [sp, #16]
10001d5a:	2b00      	cmp	r3, #0
10001d5c:	d007      	beq.n	10001d6e <panic+0x22>
10001d5e:	a905      	add	r1, sp, #20
10001d60:	0018      	movs	r0, r3
10001d62:	9101      	str	r1, [sp, #4]
10001d64:	f003 fdde 	bl	10005924 <weak_raw_vprintf>
10001d68:	4803      	ldr	r0, [pc, #12]	@ (10001d78 <panic+0x2c>)
10001d6a:	f003 ff9f 	bl	10005cac <__wrap_puts>
10001d6e:	2001      	movs	r0, #1
10001d70:	f003 fdf0 	bl	10005954 <_exit>
10001d74:	1000b7dc 	.word	0x1000b7dc
10001d78:	1000b7ec 	.word	0x1000b7ec

10001d7c <panic_unsupported>:
10001d7c:	b510      	push	{r4, lr}
10001d7e:	4801      	ldr	r0, [pc, #4]	@ (10001d84 <panic_unsupported+0x8>)
10001d80:	f7ff ffe4 	bl	10001d4c <panic>
10001d84:	1000b7f0 	.word	0x1000b7f0

10001d88 <hw_claim_or_assert>:
10001d88:	b570      	push	{r4, r5, r6, lr}
10001d8a:	f3ef 8c10 	mrs	ip, PRIMASK
10001d8e:	b672      	cpsid	i
10001d90:	4d0d      	ldr	r5, [pc, #52]	@ (10001dc8 <hw_claim_or_assert+0x40>)
10001d92:	682b      	ldr	r3, [r5, #0]
10001d94:	2b00      	cmp	r3, #0
10001d96:	d0fc      	beq.n	10001d92 <hw_claim_or_assert+0xa>
10001d98:	f3bf 8f5f 	dmb	sy
10001d9c:	2407      	movs	r4, #7
10001d9e:	08cb      	lsrs	r3, r1, #3
10001da0:	18c6      	adds	r6, r0, r3
10001da2:	5cc0      	ldrb	r0, [r0, r3]
10001da4:	2301      	movs	r3, #1
10001da6:	400c      	ands	r4, r1
10001da8:	40a3      	lsls	r3, r4
10001daa:	001c      	movs	r4, r3
10001dac:	4004      	ands	r4, r0
10001dae:	4203      	tst	r3, r0
10001db0:	d107      	bne.n	10001dc2 <hw_claim_or_assert+0x3a>
10001db2:	4318      	orrs	r0, r3
10001db4:	7030      	strb	r0, [r6, #0]
10001db6:	f3bf 8f5f 	dmb	sy
10001dba:	602c      	str	r4, [r5, #0]
10001dbc:	f38c 8810 	msr	PRIMASK, ip
10001dc0:	bd70      	pop	{r4, r5, r6, pc}
10001dc2:	0010      	movs	r0, r2
10001dc4:	f7ff ffc2 	bl	10001d4c <panic>
10001dc8:	d000012c 	.word	0xd000012c

10001dcc <hw_claim_unused_from_range>:
10001dcc:	b5f8      	push	{r3, r4, r5, r6, r7, lr}
10001dce:	4647      	mov	r7, r8
10001dd0:	46ce      	mov	lr, r9
10001dd2:	4688      	mov	r8, r1
10001dd4:	b580      	push	{r7, lr}
10001dd6:	f3ef 8c10 	mrs	ip, PRIMASK
10001dda:	b672      	cpsid	i
10001ddc:	4d1c      	ldr	r5, [pc, #112]	@ (10001e50 <hw_claim_unused_from_range+0x84>)
10001dde:	682c      	ldr	r4, [r5, #0]
10001de0:	2c00      	cmp	r4, #0
10001de2:	d0fc      	beq.n	10001dde <hw_claim_unused_from_range+0x12>
10001de4:	f3bf 8f5f 	dmb	sy
10001de8:	429a      	cmp	r2, r3
10001dea:	d822      	bhi.n	10001e32 <hw_claim_unused_from_range+0x66>
10001dec:	2107      	movs	r1, #7
10001dee:	2601      	movs	r6, #1
10001df0:	4689      	mov	r9, r1
10001df2:	e002      	b.n	10001dfa <hw_claim_unused_from_range+0x2e>
10001df4:	3201      	adds	r2, #1
10001df6:	4293      	cmp	r3, r2
10001df8:	d318      	bcc.n	10001e2c <hw_claim_unused_from_range+0x60>
10001dfa:	464d      	mov	r5, r9
10001dfc:	0037      	movs	r7, r6
10001dfe:	4015      	ands	r5, r2
10001e00:	40af      	lsls	r7, r5
10001e02:	08d4      	lsrs	r4, r2, #3
10001e04:	1901      	adds	r1, r0, r4
10001e06:	5d04      	ldrb	r4, [r0, r4]
10001e08:	4227      	tst	r7, r4
10001e0a:	d1f3      	bne.n	10001df4 <hw_claim_unused_from_range+0x28>
10001e0c:	0010      	movs	r0, r2
10001e0e:	433c      	orrs	r4, r7
10001e10:	700c      	strb	r4, [r1, #0]
10001e12:	f3bf 8f5f 	dmb	sy
10001e16:	2200      	movs	r2, #0
10001e18:	4b0d      	ldr	r3, [pc, #52]	@ (10001e50 <hw_claim_unused_from_range+0x84>)
10001e1a:	601a      	str	r2, [r3, #0]
10001e1c:	f38c 8810 	msr	PRIMASK, ip
10001e20:	2800      	cmp	r0, #0
10001e22:	db0e      	blt.n	10001e42 <hw_claim_unused_from_range+0x76>
10001e24:	bcc0      	pop	{r6, r7}
10001e26:	46b9      	mov	r9, r7
10001e28:	46b0      	mov	r8, r6
10001e2a:	bdf8      	pop	{r3, r4, r5, r6, r7, pc}
10001e2c:	2001      	movs	r0, #1
10001e2e:	4240      	negs	r0, r0
10001e30:	e7ef      	b.n	10001e12 <hw_claim_unused_from_range+0x46>
10001e32:	f3bf 8f5f 	dmb	sy
10001e36:	2300      	movs	r3, #0
10001e38:	602b      	str	r3, [r5, #0]
10001e3a:	f38c 8810 	msr	PRIMASK, ip
10001e3e:	2001      	movs	r0, #1
10001e40:	4240      	negs	r0, r0
10001e42:	4643      	mov	r3, r8
10001e44:	2b00      	cmp	r3, #0
10001e46:	d0ed      	beq.n	10001e24 <hw_claim_unused_from_range+0x58>
10001e48:	9808      	ldr	r0, [sp, #32]
10001e4a:	f7ff ff7f 	bl	10001d4c <panic>
10001e4e:	46c0      	nop			@ (mov r8, r8)
10001e50:	d000012c 	.word	0xd000012c

10001e54 <next_striped_spin_lock_num>:
10001e54:	4a04      	ldr	r2, [pc, #16]	@ (10001e68 <next_striped_spin_lock_num+0x14>)
10001e56:	7810      	ldrb	r0, [r2, #0]
10001e58:	1c43      	adds	r3, r0, #1
10001e5a:	b2db      	uxtb	r3, r3
10001e5c:	2b17      	cmp	r3, #23
10001e5e:	d900      	bls.n	10001e62 <next_striped_spin_lock_num+0xe>
10001e60:	2310      	movs	r3, #16
10001e62:	7013      	strb	r3, [r2, #0]
10001e64:	4770      	bx	lr
10001e66:	46c0      	nop			@ (mov r8, r8)
10001e68:	2000105c 	.word	0x2000105c

10001e6c <spin_lock_claim_unused>:
10001e6c:	b510      	push	{r4, lr}
10001e6e:	4b06      	ldr	r3, [pc, #24]	@ (10001e88 <spin_lock_claim_unused+0x1c>)
10001e70:	4c06      	ldr	r4, [pc, #24]	@ (10001e8c <spin_lock_claim_unused+0x20>)
10001e72:	b082      	sub	sp, #8
10001e74:	0001      	movs	r1, r0
10001e76:	9300      	str	r3, [sp, #0]
10001e78:	2218      	movs	r2, #24
10001e7a:	231f      	movs	r3, #31
10001e7c:	0020      	movs	r0, r4
10001e7e:	f7ff ffa5 	bl	10001dcc <hw_claim_unused_from_range>
10001e82:	b002      	add	sp, #8
10001e84:	bd10      	pop	{r4, pc}
10001e86:	46c0      	nop			@ (mov r8, r8)
10001e88:	1000b800 	.word	0x1000b800
10001e8c:	20002304 	.word	0x20002304

10001e90 <spin_locks_reset>:
10001e90:	2100      	movs	r1, #0
10001e92:	4b04      	ldr	r3, [pc, #16]	@ (10001ea4 <spin_locks_reset+0x14>)
10001e94:	4a04      	ldr	r2, [pc, #16]	@ (10001ea8 <spin_locks_reset+0x18>)
10001e96:	f3bf 8f5f 	dmb	sy
10001e9a:	c302      	stmia	r3!, {r1}
10001e9c:	4293      	cmp	r3, r2
10001e9e:	d1fa      	bne.n	10001e96 <spin_locks_reset+0x6>
10001ea0:	4770      	bx	lr
10001ea2:	46c0      	nop			@ (mov r8, r8)
10001ea4:	d0000100 	.word	0xd0000100
10001ea8:	d0000180 	.word	0xd0000180

10001eac <runtime_init_per_core_irq_priorities>:
10001eac:	4b05      	ldr	r3, [pc, #20]	@ (10001ec4 <runtime_init_per_core_irq_priorities+0x18>)
10001eae:	4a06      	ldr	r2, [pc, #24]	@ (10001ec8 <runtime_init_per_core_irq_priorities+0x1c>)
10001eb0:	6013      	str	r3, [r2, #0]
10001eb2:	4a06      	ldr	r2, [pc, #24]	@ (10001ecc <runtime_init_per_core_irq_priorities+0x20>)
10001eb4:	6013      	str	r3, [r2, #0]
10001eb6:	6053      	str	r3, [r2, #4]
10001eb8:	6093      	str	r3, [r2, #8]
10001eba:	60d3      	str	r3, [r2, #12]
10001ebc:	6113      	str	r3, [r2, #16]
10001ebe:	6153      	str	r3, [r2, #20]
10001ec0:	6193      	str	r3, [r2, #24]
10001ec2:	4770      	bx	lr
10001ec4:	80808080 	.word	0x80808080
10001ec8:	e000e400 	.word	0xe000e400
10001ecc:	e000e404 	.word	0xe000e404

10001ed0 <irq_set_enabled>:
10001ed0:	231f      	movs	r3, #31
10001ed2:	4018      	ands	r0, r3
10001ed4:	3b1e      	subs	r3, #30
10001ed6:	4083      	lsls	r3, r0
10001ed8:	2900      	cmp	r1, #0
10001eda:	d005      	beq.n	10001ee8 <irq_set_enabled+0x18>
10001edc:	21c0      	movs	r1, #192	@ 0xc0
10001ede:	4a04      	ldr	r2, [pc, #16]	@ (10001ef0 <irq_set_enabled+0x20>)
10001ee0:	0049      	lsls	r1, r1, #1
10001ee2:	5053      	str	r3, [r2, r1]
10001ee4:	6013      	str	r3, [r2, #0]
10001ee6:	4770      	bx	lr
10001ee8:	2280      	movs	r2, #128	@ 0x80
10001eea:	4901      	ldr	r1, [pc, #4]	@ (10001ef0 <irq_set_enabled+0x20>)
10001eec:	508b      	str	r3, [r1, r2]
10001eee:	e7fa      	b.n	10001ee6 <irq_set_enabled+0x16>
10001ef0:	e000e100 	.word	0xe000e100

10001ef4 <irq_is_enabled>:
10001ef4:	2201      	movs	r2, #1
10001ef6:	4082      	lsls	r2, r0
10001ef8:	4b03      	ldr	r3, [pc, #12]	@ (10001f08 <irq_is_enabled+0x14>)
10001efa:	681b      	ldr	r3, [r3, #0]
10001efc:	4013      	ands	r3, r2
10001efe:	1e5a      	subs	r2, r3, #1
10001f00:	4193      	sbcs	r3, r2
10001f02:	b2d8      	uxtb	r0, r3
10001f04:	4770      	bx	lr
10001f06:	46c0      	nop			@ (mov r8, r8)
10001f08:	e000e100 	.word	0xe000e100

10001f0c <irq_set_pending>:
10001f0c:	2301      	movs	r3, #1
10001f0e:	4083      	lsls	r3, r0
10001f10:	4a01      	ldr	r2, [pc, #4]	@ (10001f18 <irq_set_pending+0xc>)
10001f12:	6013      	str	r3, [r2, #0]
10001f14:	4770      	bx	lr
10001f16:	46c0      	nop			@ (mov r8, r8)
10001f18:	e000e200 	.word	0xe000e200

10001f1c <irq_has_shared_handler>:
10001f1c:	4b06      	ldr	r3, [pc, #24]	@ (10001f38 <irq_has_shared_handler+0x1c>)
10001f1e:	3010      	adds	r0, #16
10001f20:	689b      	ldr	r3, [r3, #8]
10001f22:	0080      	lsls	r0, r0, #2
10001f24:	58c3      	ldr	r3, [r0, r3]
10001f26:	4a05      	ldr	r2, [pc, #20]	@ (10001f3c <irq_has_shared_handler+0x20>)
10001f28:	2000      	movs	r0, #0
10001f2a:	1a9b      	subs	r3, r3, r2
10001f2c:	222f      	movs	r2, #47	@ 0x2f
10001f2e:	429a      	cmp	r2, r3
10001f30:	4140      	adcs	r0, r0
10001f32:	b2c0      	uxtb	r0, r0
10001f34:	4770      	bx	lr
10001f36:	46c0      	nop			@ (mov r8, r8)
10001f38:	e000ed00 	.word	0xe000ed00
10001f3c:	20001060 	.word	0x20001060

10001f40 <irq_set_exclusive_handler>:
10001f40:	b570      	push	{r4, r5, r6, lr}
10001f42:	000d      	movs	r5, r1
10001f44:	f3ef 8610 	mrs	r6, PRIMASK
10001f48:	b672      	cpsid	i
10001f4a:	4a0f      	ldr	r2, [pc, #60]	@ (10001f88 <irq_set_exclusive_handler+0x48>)
10001f4c:	6813      	ldr	r3, [r2, #0]
10001f4e:	2b00      	cmp	r3, #0
10001f50:	d0fc      	beq.n	10001f4c <irq_set_exclusive_handler+0xc>
10001f52:	f3bf 8f5f 	dmb	sy
10001f56:	4b0d      	ldr	r3, [pc, #52]	@ (10001f8c <irq_set_exclusive_handler+0x4c>)
10001f58:	3010      	adds	r0, #16
10001f5a:	689b      	ldr	r3, [r3, #8]
10001f5c:	0084      	lsls	r4, r0, #2
10001f5e:	591b      	ldr	r3, [r3, r4]
10001f60:	4a0b      	ldr	r2, [pc, #44]	@ (10001f90 <irq_set_exclusive_handler+0x50>)
10001f62:	4293      	cmp	r3, r2
10001f64:	d003      	beq.n	10001f6e <irq_set_exclusive_handler+0x2e>
10001f66:	429d      	cmp	r5, r3
10001f68:	d001      	beq.n	10001f6e <irq_set_exclusive_handler+0x2e>
10001f6a:	f001 f80d 	bl	10002f88 <hard_assertion_failure>
10001f6e:	4b07      	ldr	r3, [pc, #28]	@ (10001f8c <irq_set_exclusive_handler+0x4c>)
10001f70:	689b      	ldr	r3, [r3, #8]
10001f72:	511d      	str	r5, [r3, r4]
10001f74:	f3bf 8f5f 	dmb	sy
10001f78:	f3bf 8f5f 	dmb	sy
10001f7c:	2200      	movs	r2, #0
10001f7e:	4b02      	ldr	r3, [pc, #8]	@ (10001f88 <irq_set_exclusive_handler+0x48>)
10001f80:	601a      	str	r2, [r3, #0]
10001f82:	f386 8810 	msr	PRIMASK, r6
10001f86:	bd70      	pop	{r4, r5, r6, pc}
10001f88:	d0000124 	.word	0xd0000124
10001f8c:	e000ed00 	.word	0xe000ed00
10001f90:	100001c1 	.word	0x100001c1

10001f94 <irq_add_shared_handler>:
10001f94:	b5f0      	push	{r4, r5, r6, r7, lr}
10001f96:	4657      	mov	r7, sl
10001f98:	464e      	mov	r6, r9
10001f9a:	46de      	mov	lr, fp
10001f9c:	4645      	mov	r5, r8
10001f9e:	b5e0      	push	{r5, r6, r7, lr}
10001fa0:	b085      	sub	sp, #20
10001fa2:	0006      	movs	r6, r0
10001fa4:	9100      	str	r1, [sp, #0]
10001fa6:	0017      	movs	r7, r2
10001fa8:	f3ef 8b10 	mrs	fp, PRIMASK
10001fac:	b672      	cpsid	i
10001fae:	4a6a      	ldr	r2, [pc, #424]	@ (10002158 <irq_add_shared_handler+0x1c4>)
10001fb0:	6813      	ldr	r3, [r2, #0]
10001fb2:	2b00      	cmp	r3, #0
10001fb4:	d0fc      	beq.n	10001fb0 <irq_add_shared_handler+0x1c>
10001fb6:	f3bf 8f5f 	dmb	sy
10001fba:	2500      	movs	r5, #0
10001fbc:	4b67      	ldr	r3, [pc, #412]	@ (1000215c <irq_add_shared_handler+0x1c8>)
10001fbe:	575d      	ldrsb	r5, [r3, r5]
10001fc0:	469a      	mov	sl, r3
10001fc2:	2d00      	cmp	r5, #0
10001fc4:	da00      	bge.n	10001fc8 <irq_add_shared_handler+0x34>
10001fc6:	e0a9      	b.n	1000211c <irq_add_shared_handler+0x188>
10001fc8:	006b      	lsls	r3, r5, #1
10001fca:	4c65      	ldr	r4, [pc, #404]	@ (10002160 <irq_add_shared_handler+0x1cc>)
10001fcc:	9301      	str	r3, [sp, #4]
10001fce:	195b      	adds	r3, r3, r5
10001fd0:	009b      	lsls	r3, r3, #2
10001fd2:	4698      	mov	r8, r3
10001fd4:	46a1      	mov	r9, r4
10001fd6:	44c1      	add	r9, r8
10001fd8:	464b      	mov	r3, r9
10001fda:	4652      	mov	r2, sl
10001fdc:	799b      	ldrb	r3, [r3, #6]
10001fde:	3610      	adds	r6, #16
10001fe0:	7013      	strb	r3, [r2, #0]
10001fe2:	4b60      	ldr	r3, [pc, #384]	@ (10002164 <irq_add_shared_handler+0x1d0>)
10001fe4:	00b6      	lsls	r6, r6, #2
10001fe6:	689b      	ldr	r3, [r3, #8]
10001fe8:	5999      	ldr	r1, [r3, r6]
10001fea:	1b0b      	subs	r3, r1, r4
10001fec:	2b2f      	cmp	r3, #47	@ 0x2f
10001fee:	d933      	bls.n	10002058 <irq_add_shared_handler+0xc4>
10001ff0:	4b5d      	ldr	r3, [pc, #372]	@ (10002168 <irq_add_shared_handler+0x1d4>)
10001ff2:	4299      	cmp	r1, r3
10001ff4:	d000      	beq.n	10001ff8 <irq_add_shared_handler+0x64>
10001ff6:	e0ac      	b.n	10002152 <irq_add_shared_handler+0x1be>
10001ff8:	9b01      	ldr	r3, [sp, #4]
10001ffa:	4642      	mov	r2, r8
10001ffc:	469c      	mov	ip, r3
10001ffe:	4b5b      	ldr	r3, [pc, #364]	@ (1000216c <irq_add_shared_handler+0x1d8>)
10002000:	4465      	add	r5, ip
10002002:	00ad      	lsls	r5, r5, #2
10002004:	5363      	strh	r3, [r4, r5]
10002006:	4b5a      	ldr	r3, [pc, #360]	@ (10002170 <irq_add_shared_handler+0x1dc>)
10002008:	3202      	adds	r2, #2
1000200a:	18a2      	adds	r2, r4, r2
1000200c:	3b04      	subs	r3, #4
1000200e:	1a9b      	subs	r3, r3, r2
10002010:	051b      	lsls	r3, r3, #20
10002012:	4a58      	ldr	r2, [pc, #352]	@ (10002174 <irq_add_shared_handler+0x1e0>)
10002014:	0d5b      	lsrs	r3, r3, #21
10002016:	1965      	adds	r5, r4, r5
10002018:	4313      	orrs	r3, r2
1000201a:	806b      	strh	r3, [r5, #2]
1000201c:	4b56      	ldr	r3, [pc, #344]	@ (10002178 <irq_add_shared_handler+0x1e4>)
1000201e:	2101      	movs	r1, #1
10002020:	80ab      	strh	r3, [r5, #4]
10002022:	23ff      	movs	r3, #255	@ 0xff
10002024:	71ab      	strb	r3, [r5, #6]
10002026:	9b00      	ldr	r3, [sp, #0]
10002028:	71ef      	strb	r7, [r5, #7]
1000202a:	60ab      	str	r3, [r5, #8]
1000202c:	464b      	mov	r3, r9
1000202e:	430b      	orrs	r3, r1
10002030:	0019      	movs	r1, r3
10002032:	4b4c      	ldr	r3, [pc, #304]	@ (10002164 <irq_add_shared_handler+0x1d0>)
10002034:	689b      	ldr	r3, [r3, #8]
10002036:	5199      	str	r1, [r3, r6]
10002038:	f3bf 8f5f 	dmb	sy
1000203c:	f3bf 8f5f 	dmb	sy
10002040:	2200      	movs	r2, #0
10002042:	4b45      	ldr	r3, [pc, #276]	@ (10002158 <irq_add_shared_handler+0x1c4>)
10002044:	601a      	str	r2, [r3, #0]
10002046:	f38b 8810 	msr	PRIMASK, fp
1000204a:	b005      	add	sp, #20
1000204c:	bcf0      	pop	{r4, r5, r6, r7}
1000204e:	46bb      	mov	fp, r7
10002050:	46b2      	mov	sl, r6
10002052:	46a9      	mov	r9, r5
10002054:	46a0      	mov	r8, r4
10002056:	bdf0      	pop	{r4, r5, r6, r7, pc}
10002058:	2001      	movs	r0, #1
1000205a:	000a      	movs	r2, r1
1000205c:	4382      	bics	r2, r0
1000205e:	79d3      	ldrb	r3, [r2, #7]
10002060:	468c      	mov	ip, r1
10002062:	42bb      	cmp	r3, r7
10002064:	d831      	bhi.n	100020ca <irq_add_shared_handler+0x136>
10002066:	4645      	mov	r5, r8
10002068:	0013      	movs	r3, r2
1000206a:	4944      	ldr	r1, [pc, #272]	@ (1000217c <irq_add_shared_handler+0x1e8>)
1000206c:	1b1b      	subs	r3, r3, r4
1000206e:	415b      	adcs	r3, r3
10002070:	4359      	muls	r1, r3
10002072:	0d09      	lsrs	r1, r1, #20
10002074:	4b3d      	ldr	r3, [pc, #244]	@ (1000216c <irq_add_shared_handler+0x1d8>)
10002076:	5363      	strh	r3, [r4, r5]
10002078:	4b3d      	ldr	r3, [pc, #244]	@ (10002170 <irq_add_shared_handler+0x1dc>)
1000207a:	3502      	adds	r5, #2
1000207c:	1965      	adds	r5, r4, r5
1000207e:	3b04      	subs	r3, #4
10002080:	1b5b      	subs	r3, r3, r5
10002082:	051b      	lsls	r3, r3, #20
10002084:	4d3b      	ldr	r5, [pc, #236]	@ (10002174 <irq_add_shared_handler+0x1e0>)
10002086:	0d5b      	lsrs	r3, r3, #21
10002088:	432b      	orrs	r3, r5
1000208a:	46aa      	mov	sl, r5
1000208c:	464d      	mov	r5, r9
1000208e:	806b      	strh	r3, [r5, #2]
10002090:	2504      	movs	r5, #4
10002092:	46ac      	mov	ip, r5
10002094:	4655      	mov	r5, sl
10002096:	44e0      	add	r8, ip
10002098:	1f13      	subs	r3, r2, #4
1000209a:	4444      	add	r4, r8
1000209c:	1b1b      	subs	r3, r3, r4
1000209e:	051b      	lsls	r3, r3, #20
100020a0:	0d5b      	lsrs	r3, r3, #21
100020a2:	431d      	orrs	r5, r3
100020a4:	464b      	mov	r3, r9
100020a6:	7199      	strb	r1, [r3, #6]
100020a8:	9900      	ldr	r1, [sp, #0]
100020aa:	809d      	strh	r5, [r3, #4]
100020ac:	6099      	str	r1, [r3, #8]
100020ae:	4649      	mov	r1, r9
100020b0:	71df      	strb	r7, [r3, #7]
100020b2:	4b33      	ldr	r3, [pc, #204]	@ (10002180 <irq_add_shared_handler+0x1ec>)
100020b4:	4301      	orrs	r1, r0
100020b6:	6013      	str	r3, [r2, #0]
100020b8:	e7bb      	b.n	10002032 <irq_add_shared_handler+0x9e>
100020ba:	0058      	lsls	r0, r3, #1
100020bc:	18c0      	adds	r0, r0, r3
100020be:	0080      	lsls	r0, r0, #2
100020c0:	1820      	adds	r0, r4, r0
100020c2:	79c1      	ldrb	r1, [r0, #7]
100020c4:	42b9      	cmp	r1, r7
100020c6:	d92f      	bls.n	10002128 <irq_add_shared_handler+0x194>
100020c8:	0002      	movs	r2, r0
100020ca:	2306      	movs	r3, #6
100020cc:	56d3      	ldrsb	r3, [r2, r3]
100020ce:	2b00      	cmp	r3, #0
100020d0:	daf3      	bge.n	100020ba <irq_add_shared_handler+0x126>
100020d2:	9302      	str	r3, [sp, #8]
100020d4:	4b2b      	ldr	r3, [pc, #172]	@ (10002184 <irq_add_shared_handler+0x1f0>)
100020d6:	4661      	mov	r1, ip
100020d8:	9303      	str	r3, [sp, #12]
100020da:	1d13      	adds	r3, r2, #4
100020dc:	469a      	mov	sl, r3
100020de:	2304      	movs	r3, #4
100020e0:	425b      	negs	r3, r3
100020e2:	469c      	mov	ip, r3
100020e4:	44e1      	add	r9, ip
100020e6:	4650      	mov	r0, sl
100020e8:	464b      	mov	r3, r9
100020ea:	1a1b      	subs	r3, r3, r0
100020ec:	051b      	lsls	r3, r3, #20
100020ee:	0d5b      	lsrs	r3, r3, #21
100020f0:	469c      	mov	ip, r3
100020f2:	4b20      	ldr	r3, [pc, #128]	@ (10002174 <irq_add_shared_handler+0x1e0>)
100020f4:	7195      	strb	r5, [r2, #6]
100020f6:	4698      	mov	r8, r3
100020f8:	4663      	mov	r3, ip
100020fa:	4640      	mov	r0, r8
100020fc:	4303      	orrs	r3, r0
100020fe:	8093      	strh	r3, [r2, #4]
10002100:	9b01      	ldr	r3, [sp, #4]
10002102:	195a      	adds	r2, r3, r5
10002104:	0092      	lsls	r2, r2, #2
10002106:	9b03      	ldr	r3, [sp, #12]
10002108:	18a4      	adds	r4, r4, r2
1000210a:	80a3      	strh	r3, [r4, #4]
1000210c:	9b02      	ldr	r3, [sp, #8]
1000210e:	4a1c      	ldr	r2, [pc, #112]	@ (10002180 <irq_add_shared_handler+0x1ec>)
10002110:	71a3      	strb	r3, [r4, #6]
10002112:	9b00      	ldr	r3, [sp, #0]
10002114:	6022      	str	r2, [r4, #0]
10002116:	71e7      	strb	r7, [r4, #7]
10002118:	60a3      	str	r3, [r4, #8]
1000211a:	e78a      	b.n	10002032 <irq_add_shared_handler+0x9e>
1000211c:	f000 ff34 	bl	10002f88 <hard_assertion_failure>
10002120:	2500      	movs	r5, #0
10002122:	4653      	mov	r3, sl
10002124:	575d      	ldrsb	r5, [r3, r5]
10002126:	e74f      	b.n	10001fc8 <irq_add_shared_handler+0x34>
10002128:	8890      	ldrh	r0, [r2, #4]
1000212a:	9302      	str	r3, [sp, #8]
1000212c:	0540      	lsls	r0, r0, #21
1000212e:	1d13      	adds	r3, r2, #4
10002130:	469a      	mov	sl, r3
10002132:	1503      	asrs	r3, r0, #20
10002134:	4661      	mov	r1, ip
10002136:	469c      	mov	ip, r3
10002138:	4640      	mov	r0, r8
1000213a:	44d4      	add	ip, sl
1000213c:	4663      	mov	r3, ip
1000213e:	3004      	adds	r0, #4
10002140:	1820      	adds	r0, r4, r0
10002142:	1a18      	subs	r0, r3, r0
10002144:	23e0      	movs	r3, #224	@ 0xe0
10002146:	0500      	lsls	r0, r0, #20
10002148:	0d40      	lsrs	r0, r0, #21
1000214a:	021b      	lsls	r3, r3, #8
1000214c:	4318      	orrs	r0, r3
1000214e:	9003      	str	r0, [sp, #12]
10002150:	e7c5      	b.n	100020de <irq_add_shared_handler+0x14a>
10002152:	f000 ff19 	bl	10002f88 <hard_assertion_failure>
10002156:	e74f      	b.n	10001ff8 <irq_add_shared_handler+0x64>
10002158:	d0000124 	.word	0xd0000124
1000215c:	20027d1a 	.word	0x20027d1a
10002160:	20001060 	.word	0x20001060
10002164:	e000ed00 	.word	0xe000ed00
10002168:	100001c1 	.word	0x100001c1
1000216c:	ffffa100 	.word	0xffffa100
10002170:	20001090 	.word	0x20001090
10002174:	ffffe000 	.word	0xffffe000
10002178:	ffffbd01 	.word	0xffffbd01
1000217c:	0000aaaa 	.word	0x0000aaaa
10002180:	47804801 	.word	0x47804801
10002184:	0000bd01 	.word	0x0000bd01

10002188 <irq_set_priority>:
10002188:	b510      	push	{r4, lr}
1000218a:	0883      	lsrs	r3, r0, #2
1000218c:	0004      	movs	r4, r0
1000218e:	2003      	movs	r0, #3
10002190:	4020      	ands	r0, r4
10002192:	24ff      	movs	r4, #255	@ 0xff
10002194:	4a05      	ldr	r2, [pc, #20]	@ (100021ac <irq_set_priority+0x24>)
10002196:	00c0      	lsls	r0, r0, #3
10002198:	4694      	mov	ip, r2
1000219a:	4084      	lsls	r4, r0
1000219c:	4081      	lsls	r1, r0
1000219e:	009b      	lsls	r3, r3, #2
100021a0:	4463      	add	r3, ip
100021a2:	681a      	ldr	r2, [r3, #0]
100021a4:	43a2      	bics	r2, r4
100021a6:	430a      	orrs	r2, r1
100021a8:	601a      	str	r2, [r3, #0]
100021aa:	bd10      	pop	{r4, pc}
100021ac:	e000e400 	.word	0xe000e400

100021b0 <irq_add_tail_to_free_list>:
100021b0:	b570      	push	{r4, r5, r6, lr}
100021b2:	2401      	movs	r4, #1
100021b4:	4304      	orrs	r4, r0
100021b6:	f3ef 8105 	mrs	r1, IPSR
100021ba:	f3ef 8c10 	mrs	ip, PRIMASK
100021be:	b672      	cpsid	i
100021c0:	4a21      	ldr	r2, [pc, #132]	@ (10002248 <irq_add_tail_to_free_list+0x98>)
100021c2:	6813      	ldr	r3, [r2, #0]
100021c4:	2b00      	cmp	r3, #0
100021c6:	d0fc      	beq.n	100021c2 <irq_add_tail_to_free_list+0x12>
100021c8:	f3bf 8f5f 	dmb	sy
100021cc:	4b1f      	ldr	r3, [pc, #124]	@ (1000224c <irq_add_tail_to_free_list+0x9c>)
100021ce:	0005      	movs	r5, r0
100021d0:	4a1f      	ldr	r2, [pc, #124]	@ (10002250 <irq_add_tail_to_free_list+0xa0>)
100021d2:	1aed      	subs	r5, r5, r3
100021d4:	416d      	adcs	r5, r5
100021d6:	436a      	muls	r2, r5
100021d8:	0d12      	lsrs	r2, r2, #20
100021da:	4d1e      	ldr	r5, [pc, #120]	@ (10002254 <irq_add_tail_to_free_list+0xa4>)
100021dc:	0089      	lsls	r1, r1, #2
100021de:	68ae      	ldr	r6, [r5, #8]
100021e0:	b252      	sxtb	r2, r2
100021e2:	5876      	ldr	r6, [r6, r1]
100021e4:	42a6      	cmp	r6, r4
100021e6:	d01c      	beq.n	10002222 <irq_add_tail_to_free_list+0x72>
100021e8:	2106      	movs	r1, #6
100021ea:	5659      	ldrsb	r1, [r3, r1]
100021ec:	4291      	cmp	r1, r2
100021ee:	d01c      	beq.n	1000222a <irq_add_tail_to_free_list+0x7a>
100021f0:	2112      	movs	r1, #18
100021f2:	5659      	ldrsb	r1, [r3, r1]
100021f4:	4291      	cmp	r1, r2
100021f6:	d022      	beq.n	1000223e <irq_add_tail_to_free_list+0x8e>
100021f8:	211e      	movs	r1, #30
100021fa:	5659      	ldrsb	r1, [r3, r1]
100021fc:	4291      	cmp	r1, r2
100021fe:	d020      	beq.n	10002242 <irq_add_tail_to_free_list+0x92>
10002200:	212a      	movs	r1, #42	@ 0x2a
10002202:	5659      	ldrsb	r1, [r3, r1]
10002204:	2403      	movs	r4, #3
10002206:	4291      	cmp	r1, r2
10002208:	d010      	beq.n	1000222c <irq_add_tail_to_free_list+0x7c>
1000220a:	4b13      	ldr	r3, [pc, #76]	@ (10002258 <irq_add_tail_to_free_list+0xa8>)
1000220c:	7819      	ldrb	r1, [r3, #0]
1000220e:	701a      	strb	r2, [r3, #0]
10002210:	7181      	strb	r1, [r0, #6]
10002212:	f3bf 8f5f 	dmb	sy
10002216:	2200      	movs	r2, #0
10002218:	4b0b      	ldr	r3, [pc, #44]	@ (10002248 <irq_add_tail_to_free_list+0x98>)
1000221a:	601a      	str	r2, [r3, #0]
1000221c:	f38c 8810 	msr	PRIMASK, ip
10002220:	bd70      	pop	{r4, r5, r6, pc}
10002222:	68ab      	ldr	r3, [r5, #8]
10002224:	4c0d      	ldr	r4, [pc, #52]	@ (1000225c <irq_add_tail_to_free_list+0xac>)
10002226:	505c      	str	r4, [r3, r1]
10002228:	e7ef      	b.n	1000220a <irq_add_tail_to_free_list+0x5a>
1000222a:	2400      	movs	r4, #0
1000222c:	0061      	lsls	r1, r4, #1
1000222e:	1909      	adds	r1, r1, r4
10002230:	0089      	lsls	r1, r1, #2
10002232:	185b      	adds	r3, r3, r1
10002234:	21ff      	movs	r1, #255	@ 0xff
10002236:	7199      	strb	r1, [r3, #6]
10002238:	4909      	ldr	r1, [pc, #36]	@ (10002260 <irq_add_tail_to_free_list+0xb0>)
1000223a:	8099      	strh	r1, [r3, #4]
1000223c:	e7e5      	b.n	1000220a <irq_add_tail_to_free_list+0x5a>
1000223e:	2401      	movs	r4, #1
10002240:	e7f4      	b.n	1000222c <irq_add_tail_to_free_list+0x7c>
10002242:	2402      	movs	r4, #2
10002244:	e7f2      	b.n	1000222c <irq_add_tail_to_free_list+0x7c>
10002246:	46c0      	nop			@ (mov r8, r8)
10002248:	d0000124 	.word	0xd0000124
1000224c:	20001060 	.word	0x20001060
10002250:	0000aaaa 	.word	0x0000aaaa
10002254:	e000ed00 	.word	0xe000ed00
10002258:	20027d1a 	.word	0x20027d1a
1000225c:	100001c1 	.word	0x100001c1
10002260:	ffffbd01 	.word	0xffffbd01

10002264 <user_irq_claim_unused>:
10002264:	b510      	push	{r4, lr}
10002266:	4b08      	ldr	r3, [pc, #32]	@ (10002288 <user_irq_claim_unused+0x24>)
10002268:	4c08      	ldr	r4, [pc, #32]	@ (1000228c <user_irq_claim_unused+0x28>)
1000226a:	b082      	sub	sp, #8
1000226c:	0001      	movs	r1, r0
1000226e:	9300      	str	r3, [sp, #0]
10002270:	2200      	movs	r2, #0
10002272:	2305      	movs	r3, #5
10002274:	0020      	movs	r0, r4
10002276:	f7ff fda9 	bl	10001dcc <hw_claim_unused_from_range>
1000227a:	2800      	cmp	r0, #0
1000227c:	db01      	blt.n	10002282 <user_irq_claim_unused+0x1e>
1000227e:	231f      	movs	r3, #31
10002280:	1a18      	subs	r0, r3, r0
10002282:	b002      	add	sp, #8
10002284:	bd10      	pop	{r4, pc}
10002286:	46c0      	nop			@ (mov r8, r8)
10002288:	1000b81c 	.word	0x1000b81c
1000228c:	20027d1e 	.word	0x20027d1e

10002290 <lock_init>:
10002290:	4b02      	ldr	r3, [pc, #8]	@ (1000229c <lock_init+0xc>)
10002292:	469c      	mov	ip, r3
10002294:	4461      	add	r1, ip
10002296:	0089      	lsls	r1, r1, #2
10002298:	6001      	str	r1, [r0, #0]
1000229a:	4770      	bx	lr
1000229c:	34000040 	.word	0x34000040

100022a0 <runtime_init_mutex>:
100022a0:	b5f8      	push	{r3, r4, r5, r6, r7, lr}
100022a2:	4c12      	ldr	r4, [pc, #72]	@ (100022ec <runtime_init_mutex+0x4c>)
100022a4:	4d12      	ldr	r5, [pc, #72]	@ (100022f0 <runtime_init_mutex+0x50>)
100022a6:	42ac      	cmp	r4, r5
100022a8:	d212      	bcs.n	100022d0 <runtime_init_mutex+0x30>
100022aa:	2601      	movs	r6, #1
100022ac:	2700      	movs	r7, #0
100022ae:	4276      	negs	r6, r6
100022b0:	6823      	ldr	r3, [r4, #0]
100022b2:	2b00      	cmp	r3, #0
100022b4:	d00d      	beq.n	100022d2 <runtime_init_mutex+0x32>
100022b6:	f7ff fdcd 	bl	10001e54 <next_striped_spin_lock_num>
100022ba:	0001      	movs	r1, r0
100022bc:	0020      	movs	r0, r4
100022be:	f7ff ffe7 	bl	10002290 <lock_init>
100022c2:	6066      	str	r6, [r4, #4]
100022c4:	7227      	strb	r7, [r4, #8]
100022c6:	f3bf 8f5f 	dmb	sy
100022ca:	340c      	adds	r4, #12
100022cc:	42ac      	cmp	r4, r5
100022ce:	d3ef      	bcc.n	100022b0 <runtime_init_mutex+0x10>
100022d0:	bdf8      	pop	{r3, r4, r5, r6, r7, pc}
100022d2:	f7ff fdbf 	bl	10001e54 <next_striped_spin_lock_num>
100022d6:	0001      	movs	r1, r0
100022d8:	0020      	movs	r0, r4
100022da:	f7ff ffd9 	bl	10002290 <lock_init>
100022de:	6066      	str	r6, [r4, #4]
100022e0:	f3bf 8f5f 	dmb	sy
100022e4:	3408      	adds	r4, #8
100022e6:	42ac      	cmp	r4, r5
100022e8:	d3e2      	bcc.n	100022b0 <runtime_init_mutex+0x10>
100022ea:	e7f1      	b.n	100022d0 <runtime_init_mutex+0x30>
100022ec:	20001680 	.word	0x20001680
100022f0:	20001690 	.word	0x20001690

100022f4 <mutex_init>:
100022f4:	b510      	push	{r4, lr}
100022f6:	0004      	movs	r4, r0
100022f8:	f7ff fdac 	bl	10001e54 <next_striped_spin_lock_num>
100022fc:	0001      	movs	r1, r0
100022fe:	0020      	movs	r0, r4
10002300:	f7ff ffc6 	bl	10002290 <lock_init>
10002304:	2301      	movs	r3, #1
10002306:	425b      	negs	r3, r3
10002308:	6063      	str	r3, [r4, #4]
1000230a:	f3bf 8f5f 	dmb	sy
1000230e:	bd10      	pop	{r4, pc}

10002310 <critical_section_init>:
10002310:	b510      	push	{r4, lr}
10002312:	0004      	movs	r4, r0
10002314:	2001      	movs	r0, #1
10002316:	f7ff fda9 	bl	10001e6c <spin_lock_claim_unused>
1000231a:	4b03      	ldr	r3, [pc, #12]	@ (10002328 <critical_section_init+0x18>)
1000231c:	18c3      	adds	r3, r0, r3
1000231e:	009b      	lsls	r3, r3, #2
10002320:	6023      	str	r3, [r4, #0]
10002322:	f3bf 8f5f 	dmb	sy
10002326:	bd10      	pop	{r4, pc}
10002328:	34000040 	.word	0x34000040

1000232c <critical_section_init_with_lock_num>:
1000232c:	4b03      	ldr	r3, [pc, #12]	@ (1000233c <critical_section_init_with_lock_num+0x10>)
1000232e:	469c      	mov	ip, r3
10002330:	4461      	add	r1, ip
10002332:	0089      	lsls	r1, r1, #2
10002334:	6001      	str	r1, [r0, #0]
10002336:	f3bf 8f5f 	dmb	sy
1000233a:	4770      	bx	lr
1000233c:	34000040 	.word	0x34000040

10002340 <alarm_pool_irq_handler>:
10002340:	b5f0      	push	{r4, r5, r6, r7, lr}
10002342:	46de      	mov	lr, fp
10002344:	4657      	mov	r7, sl
10002346:	464e      	mov	r6, r9
10002348:	4645      	mov	r5, r8
1000234a:	b5e0      	push	{r5, r6, r7, lr}
1000234c:	b087      	sub	sp, #28
1000234e:	f3ef 8305 	mrs	r3, IPSR
10002352:	2203      	movs	r2, #3
10002354:	2501      	movs	r5, #1
10002356:	401a      	ands	r2, r3
10002358:	4095      	lsls	r5, r2
1000235a:	0091      	lsls	r1, r2, #2
1000235c:	4688      	mov	r8, r1
1000235e:	46a9      	mov	r9, r5
10002360:	4bb3      	ldr	r3, [pc, #716]	@ (10002630 <alarm_pool_irq_handler+0x2f0>)
10002362:	9203      	str	r2, [sp, #12]
10002364:	585c      	ldr	r4, [r3, r1]
10002366:	4bb3      	ldr	r3, [pc, #716]	@ (10002634 <alarm_pool_irq_handler+0x2f4>)
10002368:	601d      	str	r5, [r3, #0]
1000236a:	4bb3      	ldr	r3, [pc, #716]	@ (10002638 <alarm_pool_irq_handler+0x2f8>)
1000236c:	9304      	str	r3, [sp, #16]
1000236e:	464b      	mov	r3, r9
10002370:	48b2      	ldr	r0, [pc, #712]	@ (1000263c <alarm_pool_irq_handler+0x2fc>)
10002372:	6343      	str	r3, [r0, #52]	@ 0x34
10002374:	2308      	movs	r3, #8
10002376:	5ee5      	ldrsh	r5, [r4, r3]
10002378:	2d00      	cmp	r5, #0
1000237a:	da37      	bge.n	100023ec <alarm_pool_irq_handler+0xac>
1000237c:	88a3      	ldrh	r3, [r4, #4]
1000237e:	b21b      	sxth	r3, r3
10002380:	2b00      	cmp	r3, #0
10002382:	db00      	blt.n	10002386 <alarm_pool_irq_handler+0x46>
10002384:	e0ad      	b.n	100024e2 <alarm_pool_irq_handler+0x1a2>
10002386:	79a3      	ldrb	r3, [r4, #6]
10002388:	2b00      	cmp	r3, #0
1000238a:	d000      	beq.n	1000238e <alarm_pool_irq_handler+0x4e>
1000238c:	e0ee      	b.n	1000256c <alarm_pool_irq_handler+0x22c>
1000238e:	2308      	movs	r3, #8
10002390:	5ee0      	ldrsh	r0, [r4, r3]
10002392:	2800      	cmp	r0, #0
10002394:	db20      	blt.n	100023d8 <alarm_pool_irq_handler+0x98>
10002396:	0043      	lsls	r3, r0, #1
10002398:	6962      	ldr	r2, [r4, #20]
1000239a:	181b      	adds	r3, r3, r0
1000239c:	00db      	lsls	r3, r3, #3
1000239e:	18d3      	adds	r3, r2, r3
100023a0:	689e      	ldr	r6, [r3, #8]
100023a2:	68dd      	ldr	r5, [r3, #12]
100023a4:	1c73      	adds	r3, r6, #1
100023a6:	d100      	bne.n	100023aa <alarm_pool_irq_handler+0x6a>
100023a8:	e111      	b.n	100025ce <alarm_pool_irq_handler+0x28e>
100023aa:	48a4      	ldr	r0, [pc, #656]	@ (1000263c <alarm_pool_irq_handler+0x2fc>)
100023ac:	0001      	movs	r1, r0
100023ae:	4441      	add	r1, r8
100023b0:	6a82      	ldr	r2, [r0, #40]	@ 0x28
100023b2:	690b      	ldr	r3, [r1, #16]
100023b4:	1ab7      	subs	r7, r6, r2
100023b6:	1a9b      	subs	r3, r3, r2
100023b8:	429f      	cmp	r7, r3
100023ba:	d315      	bcc.n	100023e8 <alarm_pool_irq_handler+0xa8>
100023bc:	2301      	movs	r3, #1
100023be:	6a02      	ldr	r2, [r0, #32]
100023c0:	9803      	ldr	r0, [sp, #12]
100023c2:	4083      	lsls	r3, r0
100023c4:	421a      	tst	r2, r3
100023c6:	d00f      	beq.n	100023e8 <alarm_pool_irq_handler+0xa8>
100023c8:	489c      	ldr	r0, [pc, #624]	@ (1000263c <alarm_pool_irq_handler+0x2fc>)
100023ca:	f000 fbc5 	bl	10002b58 <timer_time_us_64>
100023ce:	428d      	cmp	r5, r1
100023d0:	dc02      	bgt.n	100023d8 <alarm_pool_irq_handler+0x98>
100023d2:	d1cc      	bne.n	1000236e <alarm_pool_irq_handler+0x2e>
100023d4:	4286      	cmp	r6, r0
100023d6:	d9ca      	bls.n	1000236e <alarm_pool_irq_handler+0x2e>
100023d8:	bf40      	sev
100023da:	b007      	add	sp, #28
100023dc:	bcf0      	pop	{r4, r5, r6, r7}
100023de:	46bb      	mov	fp, r7
100023e0:	46b2      	mov	sl, r6
100023e2:	46a9      	mov	r9, r5
100023e4:	46a0      	mov	r8, r4
100023e6:	bdf0      	pop	{r4, r5, r6, r7, pc}
100023e8:	610e      	str	r6, [r1, #16]
100023ea:	e7ed      	b.n	100023c8 <alarm_pool_irq_handler+0x88>
100023ec:	6962      	ldr	r2, [r4, #20]
100023ee:	006b      	lsls	r3, r5, #1
100023f0:	4692      	mov	sl, r2
100023f2:	195b      	adds	r3, r3, r5
100023f4:	00db      	lsls	r3, r3, #3
100023f6:	449a      	add	sl, r3
100023f8:	4653      	mov	r3, sl
100023fa:	689e      	ldr	r6, [r3, #8]
100023fc:	68df      	ldr	r7, [r3, #12]
100023fe:	f000 fbab 	bl	10002b58 <timer_time_us_64>
10002402:	428f      	cmp	r7, r1
10002404:	dcba      	bgt.n	1000237c <alarm_pool_irq_handler+0x3c>
10002406:	d100      	bne.n	1000240a <alarm_pool_irq_handler+0xca>
10002408:	e103      	b.n	10002612 <alarm_pool_irq_handler+0x2d2>
1000240a:	2f00      	cmp	r7, #0
1000240c:	da00      	bge.n	10002410 <alarm_pool_irq_handler+0xd0>
1000240e:	e0e8      	b.n	100025e2 <alarm_pool_irq_handler+0x2a2>
10002410:	4652      	mov	r2, sl
10002412:	4653      	mov	r3, sl
10002414:	6952      	ldr	r2, [r2, #20]
10002416:	691b      	ldr	r3, [r3, #16]
10002418:	4693      	mov	fp, r2
1000241a:	9a04      	ldr	r2, [sp, #16]
1000241c:	4293      	cmp	r3, r2
1000241e:	d100      	bne.n	10002422 <alarm_pool_irq_handler+0xe2>
10002420:	e0d9      	b.n	100025d6 <alarm_pool_irq_handler+0x296>
10002422:	4652      	mov	r2, sl
10002424:	2108      	movs	r1, #8
10002426:	5e60      	ldrsh	r0, [r4, r1]
10002428:	8852      	ldrh	r2, [r2, #2]
1000242a:	0400      	lsls	r0, r0, #16
1000242c:	4659      	mov	r1, fp
1000242e:	4310      	orrs	r0, r2
10002430:	4798      	blx	r3
10002432:	9000      	str	r0, [sp, #0]
10002434:	9101      	str	r1, [sp, #4]
10002436:	9900      	ldr	r1, [sp, #0]
10002438:	9a01      	ldr	r2, [sp, #4]
1000243a:	000b      	movs	r3, r1
1000243c:	0010      	movs	r0, r2
1000243e:	4313      	orrs	r3, r2
10002440:	d100      	bne.n	10002444 <alarm_pool_irq_handler+0x104>
10002442:	e0ce      	b.n	100025e2 <alarm_pool_irq_handler+0x2a2>
10002444:	0013      	movs	r3, r2
10002446:	000a      	movs	r2, r1
10002448:	1ab6      	subs	r6, r6, r2
1000244a:	419f      	sbcs	r7, r3
1000244c:	2800      	cmp	r0, #0
1000244e:	db06      	blt.n	1000245e <alarm_pool_irq_handler+0x11e>
10002450:	487a      	ldr	r0, [pc, #488]	@ (1000263c <alarm_pool_irq_handler+0x2fc>)
10002452:	f000 fb81 	bl	10002b58 <timer_time_us_64>
10002456:	9e00      	ldr	r6, [sp, #0]
10002458:	9f01      	ldr	r7, [sp, #4]
1000245a:	1836      	adds	r6, r6, r0
1000245c:	414f      	adcs	r7, r1
1000245e:	4653      	mov	r3, sl
10002460:	609e      	str	r6, [r3, #8]
10002462:	60df      	str	r7, [r3, #12]
10002464:	2200      	movs	r2, #0
10002466:	5e9a      	ldrsh	r2, [r3, r2]
10002468:	2a00      	cmp	r2, #0
1000246a:	da00      	bge.n	1000246e <alarm_pool_irq_handler+0x12e>
1000246c:	e786      	b.n	1000237c <alarm_pool_irq_handler+0x3c>
1000246e:	0053      	lsls	r3, r2, #1
10002470:	1899      	adds	r1, r3, r2
10002472:	6960      	ldr	r0, [r4, #20]
10002474:	00c9      	lsls	r1, r1, #3
10002476:	1841      	adds	r1, r0, r1
10002478:	9302      	str	r3, [sp, #8]
1000247a:	688b      	ldr	r3, [r1, #8]
1000247c:	68c9      	ldr	r1, [r1, #12]
1000247e:	469b      	mov	fp, r3
10002480:	42b9      	cmp	r1, r7
10002482:	dd00      	ble.n	10002486 <alarm_pool_irq_handler+0x146>
10002484:	e77a      	b.n	1000237c <alarm_pool_irq_handler+0x3c>
10002486:	d102      	bne.n	1000248e <alarm_pool_irq_handler+0x14e>
10002488:	42b3      	cmp	r3, r6
1000248a:	d900      	bls.n	1000248e <alarm_pool_irq_handler+0x14e>
1000248c:	e776      	b.n	1000237c <alarm_pool_irq_handler+0x3c>
1000248e:	2308      	movs	r3, #8
10002490:	469c      	mov	ip, r3
10002492:	44a4      	add	ip, r4
10002494:	9505      	str	r5, [sp, #20]
10002496:	4665      	mov	r5, ip
10002498:	8122      	strh	r2, [r4, #8]
1000249a:	46a4      	mov	ip, r4
1000249c:	9b02      	ldr	r3, [sp, #8]
1000249e:	002c      	movs	r4, r5
100024a0:	e006      	b.n	100024b0 <alarm_pool_irq_handler+0x170>
100024a2:	0053      	lsls	r3, r2, #1
100024a4:	1899      	adds	r1, r3, r2
100024a6:	00c9      	lsls	r1, r1, #3
100024a8:	1841      	adds	r1, r0, r1
100024aa:	688d      	ldr	r5, [r1, #8]
100024ac:	68c9      	ldr	r1, [r1, #12]
100024ae:	46ab      	mov	fp, r5
100024b0:	189b      	adds	r3, r3, r2
100024b2:	00db      	lsls	r3, r3, #3
100024b4:	18c3      	adds	r3, r0, r3
100024b6:	42b9      	cmp	r1, r7
100024b8:	dc06      	bgt.n	100024c8 <alarm_pool_irq_handler+0x188>
100024ba:	d100      	bne.n	100024be <alarm_pool_irq_handler+0x17e>
100024bc:	e0b3      	b.n	10002626 <alarm_pool_irq_handler+0x2e6>
100024be:	001c      	movs	r4, r3
100024c0:	2300      	movs	r3, #0
100024c2:	5ee2      	ldrsh	r2, [r4, r3]
100024c4:	2a00      	cmp	r2, #0
100024c6:	daec      	bge.n	100024a2 <alarm_pool_irq_handler+0x162>
100024c8:	0023      	movs	r3, r4
100024ca:	4664      	mov	r4, ip
100024cc:	469c      	mov	ip, r3
100024ce:	4653      	mov	r3, sl
100024d0:	801a      	strh	r2, [r3, #0]
100024d2:	4663      	mov	r3, ip
100024d4:	9d05      	ldr	r5, [sp, #20]
100024d6:	801d      	strh	r5, [r3, #0]
100024d8:	88a3      	ldrh	r3, [r4, #4]
100024da:	b21b      	sxth	r3, r3
100024dc:	2b00      	cmp	r3, #0
100024de:	da00      	bge.n	100024e2 <alarm_pool_irq_handler+0x1a2>
100024e0:	e751      	b.n	10002386 <alarm_pool_irq_handler+0x46>
100024e2:	6922      	ldr	r2, [r4, #16]
100024e4:	f3ef 8110 	mrs	r1, PRIMASK
100024e8:	b672      	cpsid	i
100024ea:	6813      	ldr	r3, [r2, #0]
100024ec:	2b00      	cmp	r3, #0
100024ee:	d0fc      	beq.n	100024ea <alarm_pool_irq_handler+0x1aa>
100024f0:	f3bf 8f5f 	dmb	sy
100024f4:	2301      	movs	r3, #1
100024f6:	88a7      	ldrh	r7, [r4, #4]
100024f8:	425b      	negs	r3, r3
100024fa:	80a3      	strh	r3, [r4, #4]
100024fc:	b23f      	sxth	r7, r7
100024fe:	6923      	ldr	r3, [r4, #16]
10002500:	f3bf 8f5f 	dmb	sy
10002504:	2200      	movs	r2, #0
10002506:	601a      	str	r2, [r3, #0]
10002508:	f381 8810 	msr	PRIMASK, r1
1000250c:	2f00      	cmp	r7, #0
1000250e:	da00      	bge.n	10002512 <alarm_pool_irq_handler+0x1d2>
10002510:	e739      	b.n	10002386 <alarm_pool_irq_handler+0x46>
10002512:	0023      	movs	r3, r4
10002514:	3308      	adds	r3, #8
10002516:	0022      	movs	r2, r4
10002518:	469a      	mov	sl, r3
1000251a:	6966      	ldr	r6, [r4, #20]
1000251c:	007b      	lsls	r3, r7, #1
1000251e:	19db      	adds	r3, r3, r7
10002520:	00db      	lsls	r3, r3, #3
10002522:	18f3      	adds	r3, r6, r3
10002524:	6899      	ldr	r1, [r3, #8]
10002526:	4650      	mov	r0, sl
10002528:	468c      	mov	ip, r1
1000252a:	2408      	movs	r4, #8
1000252c:	5f11      	ldrsh	r1, [r2, r4]
1000252e:	68dd      	ldr	r5, [r3, #12]
10002530:	2900      	cmp	r1, #0
10002532:	db10      	blt.n	10002556 <alarm_pool_irq_handler+0x216>
10002534:	9302      	str	r3, [sp, #8]
10002536:	e006      	b.n	10002546 <alarm_pool_irq_handler+0x206>
10002538:	42ab      	cmp	r3, r5
1000253a:	d044      	beq.n	100025c6 <alarm_pool_irq_handler+0x286>
1000253c:	2300      	movs	r3, #0
1000253e:	5ee1      	ldrsh	r1, [r4, r3]
10002540:	0020      	movs	r0, r4
10002542:	2900      	cmp	r1, #0
10002544:	db06      	blt.n	10002554 <alarm_pool_irq_handler+0x214>
10002546:	004c      	lsls	r4, r1, #1
10002548:	1864      	adds	r4, r4, r1
1000254a:	00e4      	lsls	r4, r4, #3
1000254c:	1934      	adds	r4, r6, r4
1000254e:	68e3      	ldr	r3, [r4, #12]
10002550:	42ab      	cmp	r3, r5
10002552:	ddf1      	ble.n	10002538 <alarm_pool_irq_handler+0x1f8>
10002554:	9b02      	ldr	r3, [sp, #8]
10002556:	8007      	strh	r7, [r0, #0]
10002558:	2000      	movs	r0, #0
1000255a:	5e1f      	ldrsh	r7, [r3, r0]
1000255c:	8019      	strh	r1, [r3, #0]
1000255e:	2f00      	cmp	r7, #0
10002560:	dadc      	bge.n	1000251c <alarm_pool_irq_handler+0x1dc>
10002562:	0014      	movs	r4, r2
10002564:	79a3      	ldrb	r3, [r4, #6]
10002566:	2b00      	cmp	r3, #0
10002568:	d100      	bne.n	1000256c <alarm_pool_irq_handler+0x22c>
1000256a:	e710      	b.n	1000238e <alarm_pool_irq_handler+0x4e>
1000256c:	2300      	movs	r3, #0
1000256e:	71a3      	strb	r3, [r4, #6]
10002570:	0026      	movs	r6, r4
10002572:	2308      	movs	r3, #8
10002574:	5ee1      	ldrsh	r1, [r4, r3]
10002576:	3608      	adds	r6, #8
10002578:	1c4b      	adds	r3, r1, #1
1000257a:	d100      	bne.n	1000257e <alarm_pool_irq_handler+0x23e>
1000257c:	e72c      	b.n	100023d8 <alarm_pool_irq_handler+0x98>
1000257e:	0008      	movs	r0, r1
10002580:	46a2      	mov	sl, r4
10002582:	6965      	ldr	r5, [r4, #20]
10002584:	e002      	b.n	1000258c <alarm_pool_irq_handler+0x24c>
10002586:	003e      	movs	r6, r7
10002588:	1c4b      	adds	r3, r1, #1
1000258a:	d01a      	beq.n	100025c2 <alarm_pool_irq_handler+0x282>
1000258c:	004b      	lsls	r3, r1, #1
1000258e:	185b      	adds	r3, r3, r1
10002590:	00db      	lsls	r3, r3, #3
10002592:	18ef      	adds	r7, r5, r3
10002594:	000a      	movs	r2, r1
10002596:	468c      	mov	ip, r1
10002598:	5ee9      	ldrsh	r1, [r5, r3]
1000259a:	887b      	ldrh	r3, [r7, #2]
1000259c:	b21b      	sxth	r3, r3
1000259e:	2b00      	cmp	r3, #0
100025a0:	daf1      	bge.n	10002586 <alarm_pool_irq_handler+0x246>
100025a2:	2301      	movs	r3, #1
100025a4:	425b      	negs	r3, r3
100025a6:	17dc      	asrs	r4, r3, #31
100025a8:	60bb      	str	r3, [r7, #8]
100025aa:	60fc      	str	r4, [r7, #12]
100025ac:	4282      	cmp	r2, r0
100025ae:	d005      	beq.n	100025bc <alarm_pool_irq_handler+0x27c>
100025b0:	4653      	mov	r3, sl
100025b2:	8031      	strh	r1, [r6, #0]
100025b4:	891b      	ldrh	r3, [r3, #8]
100025b6:	803b      	strh	r3, [r7, #0]
100025b8:	4653      	mov	r3, sl
100025ba:	811a      	strh	r2, [r3, #8]
100025bc:	4660      	mov	r0, ip
100025be:	1c4b      	adds	r3, r1, #1
100025c0:	d1e4      	bne.n	1000258c <alarm_pool_irq_handler+0x24c>
100025c2:	4654      	mov	r4, sl
100025c4:	e6e5      	b.n	10002392 <alarm_pool_irq_handler+0x52>
100025c6:	68a3      	ldr	r3, [r4, #8]
100025c8:	4563      	cmp	r3, ip
100025ca:	d9b7      	bls.n	1000253c <alarm_pool_irq_handler+0x1fc>
100025cc:	e7c2      	b.n	10002554 <alarm_pool_irq_handler+0x214>
100025ce:	1c6b      	adds	r3, r5, #1
100025d0:	d000      	beq.n	100025d4 <alarm_pool_irq_handler+0x294>
100025d2:	e6ea      	b.n	100023aa <alarm_pool_irq_handler+0x6a>
100025d4:	e6f8      	b.n	100023c8 <alarm_pool_irq_handler+0x88>
100025d6:	465b      	mov	r3, fp
100025d8:	4658      	mov	r0, fp
100025da:	691b      	ldr	r3, [r3, #16]
100025dc:	4798      	blx	r3
100025de:	2800      	cmp	r0, #0
100025e0:	d11b      	bne.n	1000261a <alarm_pool_irq_handler+0x2da>
100025e2:	4653      	mov	r3, sl
100025e4:	881b      	ldrh	r3, [r3, #0]
100025e6:	6922      	ldr	r2, [r4, #16]
100025e8:	8123      	strh	r3, [r4, #8]
100025ea:	f3ef 8310 	mrs	r3, PRIMASK
100025ee:	b672      	cpsid	i
100025f0:	6811      	ldr	r1, [r2, #0]
100025f2:	2900      	cmp	r1, #0
100025f4:	d0fc      	beq.n	100025f0 <alarm_pool_irq_handler+0x2b0>
100025f6:	f3bf 8f5f 	dmb	sy
100025fa:	4651      	mov	r1, sl
100025fc:	8862      	ldrh	r2, [r4, #2]
100025fe:	800a      	strh	r2, [r1, #0]
10002600:	6922      	ldr	r2, [r4, #16]
10002602:	8065      	strh	r5, [r4, #2]
10002604:	f3bf 8f5f 	dmb	sy
10002608:	2100      	movs	r1, #0
1000260a:	6011      	str	r1, [r2, #0]
1000260c:	f383 8810 	msr	PRIMASK, r3
10002610:	e6b4      	b.n	1000237c <alarm_pool_irq_handler+0x3c>
10002612:	4286      	cmp	r6, r0
10002614:	d800      	bhi.n	10002618 <alarm_pool_irq_handler+0x2d8>
10002616:	e6f8      	b.n	1000240a <alarm_pool_irq_handler+0xca>
10002618:	e6b0      	b.n	1000237c <alarm_pool_irq_handler+0x3c>
1000261a:	465b      	mov	r3, fp
1000261c:	681a      	ldr	r2, [r3, #0]
1000261e:	685b      	ldr	r3, [r3, #4]
10002620:	9200      	str	r2, [sp, #0]
10002622:	9301      	str	r3, [sp, #4]
10002624:	e707      	b.n	10002436 <alarm_pool_irq_handler+0xf6>
10002626:	45b3      	cmp	fp, r6
10002628:	d800      	bhi.n	1000262c <alarm_pool_irq_handler+0x2ec>
1000262a:	e748      	b.n	100024be <alarm_pool_irq_handler+0x17e>
1000262c:	e74c      	b.n	100024c8 <alarm_pool_irq_handler+0x188>
1000262e:	46c0      	nop			@ (mov r8, r8)
10002630:	200037d4 	.word	0x200037d4
10002634:	4005703c 	.word	0x4005703c
10002638:	10002341 	.word	0x10002341
1000263c:	40054000 	.word	0x40054000

10002640 <sleep_until_callback>:
10002640:	4807      	ldr	r0, [pc, #28]	@ (10002660 <sleep_until_callback+0x20>)
10002642:	b510      	push	{r4, lr}
10002644:	6802      	ldr	r2, [r0, #0]
10002646:	f3ef 8110 	mrs	r1, PRIMASK
1000264a:	b672      	cpsid	i
1000264c:	6813      	ldr	r3, [r2, #0]
1000264e:	2b00      	cmp	r3, #0
10002650:	d0fc      	beq.n	1000264c <sleep_until_callback+0xc>
10002652:	f3bf 8f5f 	dmb	sy
10002656:	f006 f925 	bl	100088a4 <vPortLockInternalSpinUnlockWithNotify>
1000265a:	2000      	movs	r0, #0
1000265c:	2100      	movs	r1, #0
1000265e:	bd10      	pop	{r4, pc}
10002660:	2001fbfc 	.word	0x2001fbfc

10002664 <runtime_init_default_alarm_pool>:
10002664:	b570      	push	{r4, r5, r6, lr}
10002666:	4c2e      	ldr	r4, [pc, #184]	@ (10002720 <runtime_init_default_alarm_pool+0xbc>)
10002668:	6925      	ldr	r5, [r4, #16]
1000266a:	2d00      	cmp	r5, #0
1000266c:	d004      	beq.n	10002678 <runtime_init_default_alarm_pool+0x14>
1000266e:	210a      	movs	r1, #10
10002670:	482c      	ldr	r0, [pc, #176]	@ (10002724 <runtime_init_default_alarm_pool+0xc0>)
10002672:	f7ff fe0d 	bl	10002290 <lock_init>
10002676:	bd70      	pop	{r4, r5, r6, pc}
10002678:	4e2b      	ldr	r6, [pc, #172]	@ (10002728 <runtime_init_default_alarm_pool+0xc4>)
1000267a:	2103      	movs	r1, #3
1000267c:	0030      	movs	r0, r6
1000267e:	f000 fa61 	bl	10002b44 <timer_hardware_alarm_claim>
10002682:	60e6      	str	r6, [r4, #12]
10002684:	f7ff fbe6 	bl	10001e54 <next_striped_spin_lock_num>
10002688:	4b28      	ldr	r3, [pc, #160]	@ (1000272c <runtime_init_default_alarm_pool+0xc8>)
1000268a:	2203      	movs	r2, #3
1000268c:	469c      	mov	ip, r3
1000268e:	23d0      	movs	r3, #208	@ 0xd0
10002690:	7022      	strb	r2, [r4, #0]
10002692:	061b      	lsls	r3, r3, #24
10002694:	681b      	ldr	r3, [r3, #0]
10002696:	2101      	movs	r1, #1
10002698:	7063      	strb	r3, [r4, #1]
1000269a:	4b25      	ldr	r3, [pc, #148]	@ (10002730 <runtime_init_default_alarm_pool+0xcc>)
1000269c:	4460      	add	r0, ip
1000269e:	60a3      	str	r3, [r4, #8]
100026a0:	230f      	movs	r3, #15
100026a2:	0080      	lsls	r0, r0, #2
100026a4:	6120      	str	r0, [r4, #16]
100026a6:	2002      	movs	r0, #2
100026a8:	8063      	strh	r3, [r4, #2]
100026aa:	6963      	ldr	r3, [r4, #20]
100026ac:	4249      	negs	r1, r1
100026ae:	80a1      	strh	r1, [r4, #4]
100026b0:	8019      	strh	r1, [r3, #0]
100026b2:	3102      	adds	r1, #2
100026b4:	8619      	strh	r1, [r3, #48]	@ 0x30
100026b6:	3147      	adds	r1, #71	@ 0x47
100026b8:	831d      	strh	r5, [r3, #24]
100026ba:	5258      	strh	r0, [r3, r1]
100026bc:	3118      	adds	r1, #24
100026be:	525a      	strh	r2, [r3, r1]
100026c0:	3275      	adds	r2, #117	@ 0x75
100026c2:	395c      	subs	r1, #92	@ 0x5c
100026c4:	5299      	strh	r1, [r3, r2]
100026c6:	3218      	adds	r2, #24
100026c8:	3101      	adds	r1, #1
100026ca:	5299      	strh	r1, [r3, r2]
100026cc:	3218      	adds	r2, #24
100026ce:	3101      	adds	r1, #1
100026d0:	5299      	strh	r1, [r3, r2]
100026d2:	3218      	adds	r2, #24
100026d4:	3101      	adds	r1, #1
100026d6:	5299      	strh	r1, [r3, r2]
100026d8:	3508      	adds	r5, #8
100026da:	3218      	adds	r2, #24
100026dc:	529d      	strh	r5, [r3, r2]
100026de:	3102      	adds	r1, #2
100026e0:	3218      	adds	r2, #24
100026e2:	5299      	strh	r1, [r3, r2]
100026e4:	3218      	adds	r2, #24
100026e6:	3101      	adds	r1, #1
100026e8:	5299      	strh	r1, [r3, r2]
100026ea:	3218      	adds	r2, #24
100026ec:	3101      	adds	r1, #1
100026ee:	5299      	strh	r1, [r3, r2]
100026f0:	3218      	adds	r2, #24
100026f2:	3101      	adds	r1, #1
100026f4:	5299      	strh	r1, [r3, r2]
100026f6:	3218      	adds	r2, #24
100026f8:	3101      	adds	r1, #1
100026fa:	5299      	strh	r1, [r3, r2]
100026fc:	3218      	adds	r2, #24
100026fe:	3101      	adds	r1, #1
10002700:	5299      	strh	r1, [r3, r2]
10002702:	4b0c      	ldr	r3, [pc, #48]	@ (10002734 <runtime_init_default_alarm_pool+0xd0>)
10002704:	490c      	ldr	r1, [pc, #48]	@ (10002738 <runtime_init_default_alarm_pool+0xd4>)
10002706:	60dc      	str	r4, [r3, #12]
10002708:	3001      	adds	r0, #1
1000270a:	6235      	str	r5, [r6, #32]
1000270c:	f7ff fc18 	bl	10001f40 <irq_set_exclusive_handler>
10002710:	2101      	movs	r1, #1
10002712:	2003      	movs	r0, #3
10002714:	f7ff fbdc 	bl	10001ed0 <irq_set_enabled>
10002718:	4b08      	ldr	r3, [pc, #32]	@ (1000273c <runtime_init_default_alarm_pool+0xd8>)
1000271a:	601d      	str	r5, [r3, #0]
1000271c:	e7a7      	b.n	1000266e <runtime_init_default_alarm_pool+0xa>
1000271e:	46c0      	nop			@ (mov r8, r8)
10002720:	200010a8 	.word	0x200010a8
10002724:	2001fbfc 	.word	0x2001fbfc
10002728:	40054000 	.word	0x40054000
1000272c:	34000040 	.word	0x34000040
10002730:	0010ffff 	.word	0x0010ffff
10002734:	200037d4 	.word	0x200037d4
10002738:	10002341 	.word	0x10002341
1000273c:	40056038 	.word	0x40056038

10002740 <alarm_pool_get_default>:
10002740:	4800      	ldr	r0, [pc, #0]	@ (10002744 <alarm_pool_get_default+0x4>)
10002742:	4770      	bx	lr
10002744:	200010a8 	.word	0x200010a8

10002748 <alarm_pool_add_alarm_at>:
10002748:	b5f8      	push	{r3, r4, r5, r6, r7, lr}
1000274a:	001f      	movs	r7, r3
1000274c:	ab08      	add	r3, sp, #32
1000274e:	781b      	ldrb	r3, [r3, #0]
10002750:	0004      	movs	r4, r0
10002752:	0016      	movs	r6, r2
10002754:	2b00      	cmp	r3, #0
10002756:	d108      	bne.n	1000276a <alarm_pool_add_alarm_at+0x22>
10002758:	f000 fa06 	bl	10002b68 <time_us_64>
1000275c:	0032      	movs	r2, r6
1000275e:	003b      	movs	r3, r7
10002760:	1a12      	subs	r2, r2, r0
10002762:	418b      	sbcs	r3, r1
10002764:	2b00      	cmp	r3, #0
10002766:	da00      	bge.n	1000276a <alarm_pool_add_alarm_at+0x22>
10002768:	e052      	b.n	10002810 <alarm_pool_add_alarm_at+0xc8>
1000276a:	6922      	ldr	r2, [r4, #16]
1000276c:	f3ef 8010 	mrs	r0, PRIMASK
10002770:	b672      	cpsid	i
10002772:	6813      	ldr	r3, [r2, #0]
10002774:	2b00      	cmp	r3, #0
10002776:	d0fc      	beq.n	10002772 <alarm_pool_add_alarm_at+0x2a>
10002778:	f3bf 8f5f 	dmb	sy
1000277c:	2302      	movs	r3, #2
1000277e:	5ee1      	ldrsh	r1, [r4, r3]
10002780:	6963      	ldr	r3, [r4, #20]
10002782:	004a      	lsls	r2, r1, #1
10002784:	1852      	adds	r2, r2, r1
10002786:	00d2      	lsls	r2, r2, #3
10002788:	189b      	adds	r3, r3, r2
1000278a:	6922      	ldr	r2, [r4, #16]
1000278c:	2900      	cmp	r1, #0
1000278e:	db36      	blt.n	100027fe <alarm_pool_add_alarm_at+0xb6>
10002790:	881d      	ldrh	r5, [r3, #0]
10002792:	8065      	strh	r5, [r4, #2]
10002794:	f3bf 8f5f 	dmb	sy
10002798:	2500      	movs	r5, #0
1000279a:	6015      	str	r5, [r2, #0]
1000279c:	f380 8810 	msr	PRIMASK, r0
100027a0:	9a06      	ldr	r2, [sp, #24]
100027a2:	609e      	str	r6, [r3, #8]
100027a4:	60df      	str	r7, [r3, #12]
100027a6:	611a      	str	r2, [r3, #16]
100027a8:	9a07      	ldr	r2, [sp, #28]
100027aa:	615a      	str	r2, [r3, #20]
100027ac:	885a      	ldrh	r2, [r3, #2]
100027ae:	3201      	adds	r2, #1
100027b0:	0452      	lsls	r2, r2, #17
100027b2:	0c52      	lsrs	r2, r2, #17
100027b4:	1c10      	adds	r0, r2, #0
100027b6:	2a00      	cmp	r2, #0
100027b8:	d01f      	beq.n	100027fa <alarm_pool_add_alarm_at+0xb2>
100027ba:	b282      	uxth	r2, r0
100027bc:	8058      	strh	r0, [r3, #2]
100027be:	0408      	lsls	r0, r1, #16
100027c0:	4310      	orrs	r0, r2
100027c2:	6926      	ldr	r6, [r4, #16]
100027c4:	f3ef 8710 	mrs	r7, PRIMASK
100027c8:	b672      	cpsid	i
100027ca:	6832      	ldr	r2, [r6, #0]
100027cc:	2a00      	cmp	r2, #0
100027ce:	d0fc      	beq.n	100027ca <alarm_pool_add_alarm_at+0x82>
100027d0:	f3bf 8f5f 	dmb	sy
100027d4:	88a2      	ldrh	r2, [r4, #4]
100027d6:	801a      	strh	r2, [r3, #0]
100027d8:	80a1      	strh	r1, [r4, #4]
100027da:	6923      	ldr	r3, [r4, #16]
100027dc:	f3bf 8f5f 	dmb	sy
100027e0:	2200      	movs	r2, #0
100027e2:	601a      	str	r2, [r3, #0]
100027e4:	f387 8810 	msr	PRIMASK, r7
100027e8:	490a      	ldr	r1, [pc, #40]	@ (10002814 <alarm_pool_add_alarm_at+0xcc>)
100027ea:	7823      	ldrb	r3, [r4, #0]
100027ec:	468c      	mov	ip, r1
100027ee:	3201      	adds	r2, #1
100027f0:	409a      	lsls	r2, r3
100027f2:	68e3      	ldr	r3, [r4, #12]
100027f4:	4463      	add	r3, ip
100027f6:	601a      	str	r2, [r3, #0]
100027f8:	bdf8      	pop	{r3, r4, r5, r6, r7, pc}
100027fa:	2001      	movs	r0, #1
100027fc:	e7dd      	b.n	100027ba <alarm_pool_add_alarm_at+0x72>
100027fe:	f3bf 8f5f 	dmb	sy
10002802:	2300      	movs	r3, #0
10002804:	6013      	str	r3, [r2, #0]
10002806:	f380 8810 	msr	PRIMASK, r0
1000280a:	2001      	movs	r0, #1
1000280c:	4240      	negs	r0, r0
1000280e:	e7f3      	b.n	100027f8 <alarm_pool_add_alarm_at+0xb0>
10002810:	2000      	movs	r0, #0
10002812:	e7f1      	b.n	100027f8 <alarm_pool_add_alarm_at+0xb0>
10002814:	0000203c 	.word	0x0000203c

10002818 <alarm_pool_add_alarm_at_force_in_context>:
10002818:	b570      	push	{r4, r5, r6, lr}
1000281a:	0001      	movs	r1, r0
1000281c:	6904      	ldr	r4, [r0, #16]
1000281e:	f3ef 8c10 	mrs	ip, PRIMASK
10002822:	b672      	cpsid	i
10002824:	6820      	ldr	r0, [r4, #0]
10002826:	2800      	cmp	r0, #0
10002828:	d0fc      	beq.n	10002824 <alarm_pool_add_alarm_at_force_in_context+0xc>
1000282a:	f3bf 8f5f 	dmb	sy
1000282e:	2002      	movs	r0, #2
10002830:	5e0d      	ldrsh	r5, [r1, r0]
10002832:	694c      	ldr	r4, [r1, #20]
10002834:	0068      	lsls	r0, r5, #1
10002836:	1940      	adds	r0, r0, r5
10002838:	00c0      	lsls	r0, r0, #3
1000283a:	1824      	adds	r4, r4, r0
1000283c:	6908      	ldr	r0, [r1, #16]
1000283e:	2d00      	cmp	r5, #0
10002840:	db36      	blt.n	100028b0 <alarm_pool_add_alarm_at_force_in_context+0x98>
10002842:	8826      	ldrh	r6, [r4, #0]
10002844:	804e      	strh	r6, [r1, #2]
10002846:	f3bf 8f5f 	dmb	sy
1000284a:	2600      	movs	r6, #0
1000284c:	6006      	str	r6, [r0, #0]
1000284e:	f38c 8810 	msr	PRIMASK, ip
10002852:	60e3      	str	r3, [r4, #12]
10002854:	8863      	ldrh	r3, [r4, #2]
10002856:	9804      	ldr	r0, [sp, #16]
10002858:	3301      	adds	r3, #1
1000285a:	6120      	str	r0, [r4, #16]
1000285c:	045b      	lsls	r3, r3, #17
1000285e:	9805      	ldr	r0, [sp, #20]
10002860:	0c5b      	lsrs	r3, r3, #17
10002862:	60a2      	str	r2, [r4, #8]
10002864:	6160      	str	r0, [r4, #20]
10002866:	1c1a      	adds	r2, r3, #0
10002868:	2b00      	cmp	r3, #0
1000286a:	d01f      	beq.n	100028ac <alarm_pool_add_alarm_at_force_in_context+0x94>
1000286c:	b293      	uxth	r3, r2
1000286e:	0428      	lsls	r0, r5, #16
10002870:	8062      	strh	r2, [r4, #2]
10002872:	4318      	orrs	r0, r3
10002874:	690a      	ldr	r2, [r1, #16]
10002876:	f3ef 8c10 	mrs	ip, PRIMASK
1000287a:	b672      	cpsid	i
1000287c:	6813      	ldr	r3, [r2, #0]
1000287e:	2b00      	cmp	r3, #0
10002880:	d0fc      	beq.n	1000287c <alarm_pool_add_alarm_at_force_in_context+0x64>
10002882:	f3bf 8f5f 	dmb	sy
10002886:	888b      	ldrh	r3, [r1, #4]
10002888:	8023      	strh	r3, [r4, #0]
1000288a:	808d      	strh	r5, [r1, #4]
1000288c:	690b      	ldr	r3, [r1, #16]
1000288e:	f3bf 8f5f 	dmb	sy
10002892:	2200      	movs	r2, #0
10002894:	601a      	str	r2, [r3, #0]
10002896:	f38c 8810 	msr	PRIMASK, ip
1000289a:	780b      	ldrb	r3, [r1, #0]
1000289c:	3201      	adds	r2, #1
1000289e:	409a      	lsls	r2, r3
100028a0:	68cb      	ldr	r3, [r1, #12]
100028a2:	4908      	ldr	r1, [pc, #32]	@ (100028c4 <alarm_pool_add_alarm_at_force_in_context+0xac>)
100028a4:	468c      	mov	ip, r1
100028a6:	4463      	add	r3, ip
100028a8:	601a      	str	r2, [r3, #0]
100028aa:	bd70      	pop	{r4, r5, r6, pc}
100028ac:	2201      	movs	r2, #1
100028ae:	e7dd      	b.n	1000286c <alarm_pool_add_alarm_at_force_in_context+0x54>
100028b0:	f3bf 8f5f 	dmb	sy
100028b4:	2300      	movs	r3, #0
100028b6:	6003      	str	r3, [r0, #0]
100028b8:	f38c 8810 	msr	PRIMASK, ip
100028bc:	2001      	movs	r0, #1
100028be:	4240      	negs	r0, r0
100028c0:	e7f3      	b.n	100028aa <alarm_pool_add_alarm_at_force_in_context+0x92>
100028c2:	46c0      	nop			@ (mov r8, r8)
100028c4:	0000203c 	.word	0x0000203c

100028c8 <alarm_pool_cancel_alarm>:
100028c8:	b510      	push	{r4, lr}
100028ca:	8943      	ldrh	r3, [r0, #10]
100028cc:	140a      	asrs	r2, r1, #16
100028ce:	4293      	cmp	r3, r2
100028d0:	dd1a      	ble.n	10002908 <alarm_pool_cancel_alarm+0x40>
100028d2:	0053      	lsls	r3, r2, #1
100028d4:	189b      	adds	r3, r3, r2
100028d6:	6942      	ldr	r2, [r0, #20]
100028d8:	00db      	lsls	r3, r3, #3
100028da:	18d3      	adds	r3, r2, r3
100028dc:	6904      	ldr	r4, [r0, #16]
100028de:	f3ef 8c10 	mrs	ip, PRIMASK
100028e2:	b672      	cpsid	i
100028e4:	6822      	ldr	r2, [r4, #0]
100028e6:	2a00      	cmp	r2, #0
100028e8:	d0fc      	beq.n	100028e4 <alarm_pool_cancel_alarm+0x1c>
100028ea:	f3bf 8f5f 	dmb	sy
100028ee:	885a      	ldrh	r2, [r3, #2]
100028f0:	0409      	lsls	r1, r1, #16
100028f2:	b294      	uxth	r4, r2
100028f4:	0c09      	lsrs	r1, r1, #16
100028f6:	428a      	cmp	r2, r1
100028f8:	d008      	beq.n	1000290c <alarm_pool_cancel_alarm+0x44>
100028fa:	6903      	ldr	r3, [r0, #16]
100028fc:	f3bf 8f5f 	dmb	sy
10002900:	2200      	movs	r2, #0
10002902:	601a      	str	r2, [r3, #0]
10002904:	f38c 8810 	msr	PRIMASK, ip
10002908:	2000      	movs	r0, #0
1000290a:	bd10      	pop	{r4, pc}
1000290c:	2280      	movs	r2, #128	@ 0x80
1000290e:	0212      	lsls	r2, r2, #8
10002910:	4314      	orrs	r4, r2
10002912:	805c      	strh	r4, [r3, #2]
10002914:	2301      	movs	r3, #1
10002916:	6902      	ldr	r2, [r0, #16]
10002918:	7183      	strb	r3, [r0, #6]
1000291a:	f3bf 8f5f 	dmb	sy
1000291e:	2100      	movs	r1, #0
10002920:	6011      	str	r1, [r2, #0]
10002922:	f38c 8810 	msr	PRIMASK, ip
10002926:	4904      	ldr	r1, [pc, #16]	@ (10002938 <alarm_pool_cancel_alarm+0x70>)
10002928:	7802      	ldrb	r2, [r0, #0]
1000292a:	468c      	mov	ip, r1
1000292c:	4093      	lsls	r3, r2
1000292e:	68c2      	ldr	r2, [r0, #12]
10002930:	2001      	movs	r0, #1
10002932:	4462      	add	r2, ip
10002934:	6013      	str	r3, [r2, #0]
10002936:	e7e8      	b.n	1000290a <alarm_pool_cancel_alarm+0x42>
10002938:	0000203c 	.word	0x0000203c

1000293c <alarm_pool_core_num>:
1000293c:	7840      	ldrb	r0, [r0, #1]
1000293e:	4770      	bx	lr

10002940 <sleep_ms>:
10002940:	b5f0      	push	{r4, r5, r6, r7, lr}
10002942:	46ce      	mov	lr, r9
10002944:	4647      	mov	r7, r8
10002946:	b580      	push	{r7, lr}
10002948:	b083      	sub	sp, #12
1000294a:	0004      	movs	r4, r0
1000294c:	f000 f90c 	bl	10002b68 <time_us_64>
10002950:	22fa      	movs	r2, #250	@ 0xfa
10002952:	0006      	movs	r6, r0
10002954:	000f      	movs	r7, r1
10002956:	0020      	movs	r0, r4
10002958:	2300      	movs	r3, #0
1000295a:	2100      	movs	r1, #0
1000295c:	0092      	lsls	r2, r2, #2
1000295e:	f001 fa89 	bl	10003e74 <__wrap___aeabi_lmul>
10002962:	1980      	adds	r0, r0, r6
10002964:	4179      	adcs	r1, r7
10002966:	0004      	movs	r4, r0
10002968:	1e0d      	subs	r5, r1, #0
1000296a:	da02      	bge.n	10002972 <sleep_ms+0x32>
1000296c:	2401      	movs	r4, #1
1000296e:	4d2d      	ldr	r5, [pc, #180]	@ (10002a24 <sleep_ms+0xe4>)
10002970:	4264      	negs	r4, r4
10002972:	2696      	movs	r6, #150	@ 0x96
10002974:	4276      	negs	r6, r6
10002976:	17f7      	asrs	r7, r6, #31
10002978:	1936      	adds	r6, r6, r4
1000297a:	416f      	adcs	r7, r5
1000297c:	42af      	cmp	r7, r5
1000297e:	d815      	bhi.n	100029ac <sleep_ms+0x6c>
10002980:	d012      	beq.n	100029a8 <sleep_ms+0x68>
10002982:	f000 f8f1 	bl	10002b68 <time_us_64>
10002986:	0032      	movs	r2, r6
10002988:	003b      	movs	r3, r7
1000298a:	1a12      	subs	r2, r2, r0
1000298c:	418b      	sbcs	r3, r1
1000298e:	2b00      	cmp	r3, #0
10002990:	dc18      	bgt.n	100029c4 <sleep_ms+0x84>
10002992:	2b00      	cmp	r3, #0
10002994:	d043      	beq.n	10002a1e <sleep_ms+0xde>
10002996:	0020      	movs	r0, r4
10002998:	0029      	movs	r1, r5
1000299a:	f000 f8ef 	bl	10002b7c <busy_wait_until>
1000299e:	b003      	add	sp, #12
100029a0:	bcc0      	pop	{r6, r7}
100029a2:	46b9      	mov	r9, r7
100029a4:	46b0      	mov	r8, r6
100029a6:	bdf0      	pop	{r4, r5, r6, r7, pc}
100029a8:	42a6      	cmp	r6, r4
100029aa:	d9ea      	bls.n	10002982 <sleep_ms+0x42>
100029ac:	2200      	movs	r2, #0
100029ae:	2300      	movs	r3, #0
100029b0:	0016      	movs	r6, r2
100029b2:	001f      	movs	r7, r3
100029b4:	f000 f8d8 	bl	10002b68 <time_us_64>
100029b8:	0032      	movs	r2, r6
100029ba:	003b      	movs	r3, r7
100029bc:	1a12      	subs	r2, r2, r0
100029be:	418b      	sbcs	r3, r1
100029c0:	2b00      	cmp	r3, #0
100029c2:	dde6      	ble.n	10002992 <sleep_ms+0x52>
100029c4:	f000 f8d0 	bl	10002b68 <time_us_64>
100029c8:	0032      	movs	r2, r6
100029ca:	003b      	movs	r3, r7
100029cc:	1a12      	subs	r2, r2, r0
100029ce:	418b      	sbcs	r3, r1
100029d0:	2b00      	cmp	r3, #0
100029d2:	db0a      	blt.n	100029ea <sleep_ms+0xaa>
100029d4:	2300      	movs	r3, #0
100029d6:	9301      	str	r3, [sp, #4]
100029d8:	4b13      	ldr	r3, [pc, #76]	@ (10002a28 <sleep_ms+0xe8>)
100029da:	0032      	movs	r2, r6
100029dc:	9300      	str	r3, [sp, #0]
100029de:	4813      	ldr	r0, [pc, #76]	@ (10002a2c <sleep_ms+0xec>)
100029e0:	003b      	movs	r3, r7
100029e2:	f7ff ff19 	bl	10002818 <alarm_pool_add_alarm_at_force_in_context>
100029e6:	3001      	adds	r0, #1
100029e8:	d0d5      	beq.n	10002996 <sleep_ms+0x56>
100029ea:	4b11      	ldr	r3, [pc, #68]	@ (10002a30 <sleep_ms+0xf0>)
100029ec:	46b1      	mov	r9, r6
100029ee:	4698      	mov	r8, r3
100029f0:	4e10      	ldr	r6, [pc, #64]	@ (10002a34 <sleep_ms+0xf4>)
100029f2:	6a73      	ldr	r3, [r6, #36]	@ 0x24
100029f4:	429f      	cmp	r7, r3
100029f6:	d804      	bhi.n	10002a02 <sleep_ms+0xc2>
100029f8:	6ab2      	ldr	r2, [r6, #40]	@ 0x28
100029fa:	454a      	cmp	r2, r9
100029fc:	d2cb      	bcs.n	10002996 <sleep_ms+0x56>
100029fe:	429f      	cmp	r7, r3
10002a00:	d1c9      	bne.n	10002996 <sleep_ms+0x56>
10002a02:	4643      	mov	r3, r8
10002a04:	681a      	ldr	r2, [r3, #0]
10002a06:	f3ef 8110 	mrs	r1, PRIMASK
10002a0a:	b672      	cpsid	i
10002a0c:	6813      	ldr	r3, [r2, #0]
10002a0e:	2b00      	cmp	r3, #0
10002a10:	d0fc      	beq.n	10002a0c <sleep_ms+0xcc>
10002a12:	f3bf 8f5f 	dmb	sy
10002a16:	4640      	mov	r0, r8
10002a18:	f005 ff10 	bl	1000883c <vPortLockInternalSpinUnlockWithWait>
10002a1c:	e7e9      	b.n	100029f2 <sleep_ms+0xb2>
10002a1e:	2a00      	cmp	r2, #0
10002a20:	d0b9      	beq.n	10002996 <sleep_ms+0x56>
10002a22:	e7cf      	b.n	100029c4 <sleep_ms+0x84>
10002a24:	7fffffff 	.word	0x7fffffff
10002a28:	10002641 	.word	0x10002641
10002a2c:	200010a8 	.word	0x200010a8
10002a30:	2001fbfc 	.word	0x2001fbfc
10002a34:	40054000 	.word	0x40054000

10002a38 <best_effort_wfe_or_timeout>:
10002a38:	b5f0      	push	{r4, r5, r6, r7, lr}
10002a3a:	4657      	mov	r7, sl
10002a3c:	464e      	mov	r6, r9
10002a3e:	46de      	mov	lr, fp
10002a40:	4645      	mov	r5, r8
10002a42:	b5e0      	push	{r5, r6, r7, lr}
10002a44:	0006      	movs	r6, r0
10002a46:	000f      	movs	r7, r1
10002a48:	b085      	sub	sp, #20
10002a4a:	f3ef 8305 	mrs	r3, IPSR
10002a4e:	4699      	mov	r9, r3
10002a50:	468b      	mov	fp, r1
10002a52:	2b00      	cmp	r3, #0
10002a54:	d012      	beq.n	10002a7c <best_effort_wfe_or_timeout+0x44>
10002a56:	4938      	ldr	r1, [pc, #224]	@ (10002b38 <best_effort_wfe_or_timeout+0x100>)
10002a58:	2000      	movs	r0, #0
10002a5a:	6a4b      	ldr	r3, [r1, #36]	@ 0x24
10002a5c:	42bb      	cmp	r3, r7
10002a5e:	d306      	bcc.n	10002a6e <best_effort_wfe_or_timeout+0x36>
10002a60:	6a8a      	ldr	r2, [r1, #40]	@ 0x28
10002a62:	1bdb      	subs	r3, r3, r7
10002a64:	1e59      	subs	r1, r3, #1
10002a66:	418b      	sbcs	r3, r1
10002a68:	42b2      	cmp	r2, r6
10002a6a:	4140      	adcs	r0, r0
10002a6c:	4318      	orrs	r0, r3
10002a6e:	b005      	add	sp, #20
10002a70:	bcf0      	pop	{r4, r5, r6, r7}
10002a72:	46bb      	mov	fp, r7
10002a74:	46b2      	mov	sl, r6
10002a76:	46a9      	mov	r9, r5
10002a78:	46a0      	mov	r8, r4
10002a7a:	bdf0      	pop	{r4, r5, r6, r7, pc}
10002a7c:	4b2f      	ldr	r3, [pc, #188]	@ (10002b3c <best_effort_wfe_or_timeout+0x104>)
10002a7e:	469a      	mov	sl, r3
10002a80:	68db      	ldr	r3, [r3, #12]
10002a82:	4698      	mov	r8, r3
10002a84:	4653      	mov	r3, sl
10002a86:	781b      	ldrb	r3, [r3, #0]
10002a88:	4640      	mov	r0, r8
10002a8a:	9303      	str	r3, [sp, #12]
10002a8c:	f000 f864 	bl	10002b58 <timer_time_us_64>
10002a90:	4642      	mov	r2, r8
10002a92:	9b03      	ldr	r3, [sp, #12]
10002a94:	0004      	movs	r4, r0
10002a96:	3304      	adds	r3, #4
10002a98:	009b      	lsls	r3, r3, #2
10002a9a:	589b      	ldr	r3, [r3, r2]
10002a9c:	000d      	movs	r5, r1
10002a9e:	1a1b      	subs	r3, r3, r0
10002aa0:	0039      	movs	r1, r7
10002aa2:	0030      	movs	r0, r6
10002aa4:	1b00      	subs	r0, r0, r4
10002aa6:	41a9      	sbcs	r1, r5
10002aa8:	4589      	cmp	r9, r1
10002aaa:	dc10      	bgt.n	10002ace <best_effort_wfe_or_timeout+0x96>
10002aac:	d00d      	beq.n	10002aca <best_effort_wfe_or_timeout+0x92>
10002aae:	bf20      	wfe
10002ab0:	4a21      	ldr	r2, [pc, #132]	@ (10002b38 <best_effort_wfe_or_timeout+0x100>)
10002ab2:	2000      	movs	r0, #0
10002ab4:	6a53      	ldr	r3, [r2, #36]	@ 0x24
10002ab6:	455b      	cmp	r3, fp
10002ab8:	d3d9      	bcc.n	10002a6e <best_effort_wfe_or_timeout+0x36>
10002aba:	6a92      	ldr	r2, [r2, #40]	@ 0x28
10002abc:	1bdb      	subs	r3, r3, r7
10002abe:	1e59      	subs	r1, r3, #1
10002ac0:	418b      	sbcs	r3, r1
10002ac2:	42b2      	cmp	r2, r6
10002ac4:	4140      	adcs	r0, r0
10002ac6:	4318      	orrs	r0, r3
10002ac8:	e7d1      	b.n	10002a6e <best_effort_wfe_or_timeout+0x36>
10002aca:	4283      	cmp	r3, r0
10002acc:	d9ef      	bls.n	10002aae <best_effort_wfe_or_timeout+0x76>
10002ace:	f000 f84b 	bl	10002b68 <time_us_64>
10002ad2:	0032      	movs	r2, r6
10002ad4:	003b      	movs	r3, r7
10002ad6:	1a12      	subs	r2, r2, r0
10002ad8:	418b      	sbcs	r3, r1
10002ada:	2b00      	cmp	r3, #0
10002adc:	db1a      	blt.n	10002b14 <best_effort_wfe_or_timeout+0xdc>
10002ade:	2300      	movs	r3, #0
10002ae0:	9301      	str	r3, [sp, #4]
10002ae2:	4b17      	ldr	r3, [pc, #92]	@ (10002b40 <best_effort_wfe_or_timeout+0x108>)
10002ae4:	0032      	movs	r2, r6
10002ae6:	9300      	str	r3, [sp, #0]
10002ae8:	4650      	mov	r0, sl
10002aea:	003b      	movs	r3, r7
10002aec:	f7ff fe94 	bl	10002818 <alarm_pool_add_alarm_at_force_in_context>
10002af0:	1e01      	subs	r1, r0, #0
10002af2:	dd0f      	ble.n	10002b14 <best_effort_wfe_or_timeout+0xdc>
10002af4:	4b10      	ldr	r3, [pc, #64]	@ (10002b38 <best_effort_wfe_or_timeout+0x100>)
10002af6:	6a5a      	ldr	r2, [r3, #36]	@ 0x24
10002af8:	455a      	cmp	r2, fp
10002afa:	d31b      	bcc.n	10002b34 <best_effort_wfe_or_timeout+0xfc>
10002afc:	6a9b      	ldr	r3, [r3, #40]	@ 0x28
10002afe:	42b3      	cmp	r3, r6
10002b00:	d316      	bcc.n	10002b30 <best_effort_wfe_or_timeout+0xf8>
10002b02:	4650      	mov	r0, sl
10002b04:	f7ff fee0 	bl	100028c8 <alarm_pool_cancel_alarm>
10002b08:	4a0b      	ldr	r2, [pc, #44]	@ (10002b38 <best_effort_wfe_or_timeout+0x100>)
10002b0a:	2000      	movs	r0, #0
10002b0c:	6a53      	ldr	r3, [r2, #36]	@ 0x24
10002b0e:	455b      	cmp	r3, fp
10002b10:	d3ad      	bcc.n	10002a6e <best_effort_wfe_or_timeout+0x36>
10002b12:	e7d2      	b.n	10002aba <best_effort_wfe_or_timeout+0x82>
10002b14:	4a08      	ldr	r2, [pc, #32]	@ (10002b38 <best_effort_wfe_or_timeout+0x100>)
10002b16:	2000      	movs	r0, #0
10002b18:	6a53      	ldr	r3, [r2, #36]	@ 0x24
10002b1a:	455b      	cmp	r3, fp
10002b1c:	d3a7      	bcc.n	10002a6e <best_effort_wfe_or_timeout+0x36>
10002b1e:	2000      	movs	r0, #0
10002b20:	6a92      	ldr	r2, [r2, #40]	@ 0x28
10002b22:	1bdb      	subs	r3, r3, r7
10002b24:	42b2      	cmp	r2, r6
10002b26:	4140      	adcs	r0, r0
10002b28:	1e5a      	subs	r2, r3, #1
10002b2a:	4193      	sbcs	r3, r2
10002b2c:	4318      	orrs	r0, r3
10002b2e:	e79e      	b.n	10002a6e <best_effort_wfe_or_timeout+0x36>
10002b30:	455a      	cmp	r2, fp
10002b32:	d1e6      	bne.n	10002b02 <best_effort_wfe_or_timeout+0xca>
10002b34:	bf20      	wfe
10002b36:	e7e4      	b.n	10002b02 <best_effort_wfe_or_timeout+0xca>
10002b38:	40054000 	.word	0x40054000
10002b3c:	200010a8 	.word	0x200010a8
10002b40:	10002641 	.word	0x10002641

10002b44 <timer_hardware_alarm_claim>:
10002b44:	b510      	push	{r4, lr}
10002b46:	4a02      	ldr	r2, [pc, #8]	@ (10002b50 <timer_hardware_alarm_claim+0xc>)
10002b48:	4802      	ldr	r0, [pc, #8]	@ (10002b54 <timer_hardware_alarm_claim+0x10>)
10002b4a:	f7ff f91d 	bl	10001d88 <hw_claim_or_assert>
10002b4e:	bd10      	pop	{r4, pc}
10002b50:	1000b838 	.word	0x1000b838
10002b54:	20002308 	.word	0x20002308

10002b58 <timer_time_us_64>:
10002b58:	0003      	movs	r3, r0
10002b5a:	6a41      	ldr	r1, [r0, #36]	@ 0x24
10002b5c:	000a      	movs	r2, r1
10002b5e:	6a98      	ldr	r0, [r3, #40]	@ 0x28
10002b60:	6a59      	ldr	r1, [r3, #36]	@ 0x24
10002b62:	428a      	cmp	r2, r1
10002b64:	d1fa      	bne.n	10002b5c <timer_time_us_64+0x4>
10002b66:	4770      	bx	lr

10002b68 <time_us_64>:
10002b68:	4b03      	ldr	r3, [pc, #12]	@ (10002b78 <time_us_64+0x10>)
10002b6a:	6a59      	ldr	r1, [r3, #36]	@ 0x24
10002b6c:	000a      	movs	r2, r1
10002b6e:	6a98      	ldr	r0, [r3, #40]	@ 0x28
10002b70:	6a59      	ldr	r1, [r3, #36]	@ 0x24
10002b72:	4291      	cmp	r1, r2
10002b74:	d1fa      	bne.n	10002b6c <time_us_64+0x4>
10002b76:	4770      	bx	lr
10002b78:	40054000 	.word	0x40054000

10002b7c <busy_wait_until>:
10002b7c:	4a06      	ldr	r2, [pc, #24]	@ (10002b98 <busy_wait_until+0x1c>)
10002b7e:	6a53      	ldr	r3, [r2, #36]	@ 0x24
10002b80:	4299      	cmp	r1, r3
10002b82:	d8fc      	bhi.n	10002b7e <busy_wait_until+0x2>
10002b84:	d107      	bne.n	10002b96 <busy_wait_until+0x1a>
10002b86:	4b04      	ldr	r3, [pc, #16]	@ (10002b98 <busy_wait_until+0x1c>)
10002b88:	e002      	b.n	10002b90 <busy_wait_until+0x14>
10002b8a:	6a5a      	ldr	r2, [r3, #36]	@ 0x24
10002b8c:	4291      	cmp	r1, r2
10002b8e:	d102      	bne.n	10002b96 <busy_wait_until+0x1a>
10002b90:	6a9a      	ldr	r2, [r3, #40]	@ 0x28
10002b92:	4290      	cmp	r0, r2
10002b94:	d8f9      	bhi.n	10002b8a <busy_wait_until+0xe>
10002b96:	4770      	bx	lr
10002b98:	40054000 	.word	0x40054000

10002b9c <clock_configure_int_divider>:
10002b9c:	b5f8      	push	{r3, r4, r5, r6, r7, lr}
10002b9e:	46de      	mov	lr, fp
10002ba0:	464e      	mov	r6, r9
10002ba2:	4657      	mov	r7, sl
10002ba4:	4645      	mov	r5, r8
10002ba6:	b5e0      	push	{r5, r6, r7, lr}
10002ba8:	468b      	mov	fp, r1
10002baa:	0005      	movs	r5, r0
10002bac:	990a      	ldr	r1, [sp, #40]	@ 0x28
10002bae:	0018      	movs	r0, r3
10002bb0:	0016      	movs	r6, r2
10002bb2:	f000 fb3b 	bl	1000322c <__wrap___aeabi_uidiv>
10002bb6:	9b0a      	ldr	r3, [sp, #40]	@ 0x28
10002bb8:	006c      	lsls	r4, r5, #1
10002bba:	021f      	lsls	r7, r3, #8
10002bbc:	4b32      	ldr	r3, [pc, #200]	@ (10002c88 <clock_configure_int_divider+0xec>)
10002bbe:	1964      	adds	r4, r4, r5
10002bc0:	469c      	mov	ip, r3
10002bc2:	00a4      	lsls	r4, r4, #2
10002bc4:	4464      	add	r4, ip
10002bc6:	6863      	ldr	r3, [r4, #4]
10002bc8:	4681      	mov	r9, r0
10002bca:	429f      	cmp	r7, r3
10002bcc:	d900      	bls.n	10002bd0 <clock_configure_int_divider+0x34>
10002bce:	6067      	str	r7, [r4, #4]
10002bd0:	1f2b      	subs	r3, r5, #4
10002bd2:	b2db      	uxtb	r3, r3
10002bd4:	4698      	mov	r8, r3
10002bd6:	2b01      	cmp	r3, #1
10002bd8:	d930      	bls.n	10002c3c <clock_configure_int_divider+0xa0>
10002bda:	23c0      	movs	r3, #192	@ 0xc0
10002bdc:	2280      	movs	r2, #128	@ 0x80
10002bde:	019b      	lsls	r3, r3, #6
10002be0:	18e3      	adds	r3, r4, r3
10002be2:	0112      	lsls	r2, r2, #4
10002be4:	601a      	str	r2, [r3, #0]
10002be6:	4b29      	ldr	r3, [pc, #164]	@ (10002c8c <clock_configure_int_divider+0xf0>)
10002be8:	00ad      	lsls	r5, r5, #2
10002bea:	5959      	ldr	r1, [r3, r5]
10002bec:	469a      	mov	sl, r3
10002bee:	2900      	cmp	r1, #0
10002bf0:	d11b      	bne.n	10002c2a <clock_configure_int_divider+0x8e>
10002bf2:	0173      	lsls	r3, r6, #5
10002bf4:	26e0      	movs	r6, #224	@ 0xe0
10002bf6:	6822      	ldr	r2, [r4, #0]
10002bf8:	4053      	eors	r3, r2
10002bfa:	401e      	ands	r6, r3
10002bfc:	2380      	movs	r3, #128	@ 0x80
10002bfe:	4642      	mov	r2, r8
10002c00:	015b      	lsls	r3, r3, #5
10002c02:	18e3      	adds	r3, r4, r3
10002c04:	601e      	str	r6, [r3, #0]
10002c06:	2a01      	cmp	r2, #1
10002c08:	d930      	bls.n	10002c6c <clock_configure_int_divider+0xd0>
10002c0a:	2380      	movs	r3, #128	@ 0x80
10002c0c:	2280      	movs	r2, #128	@ 0x80
10002c0e:	019b      	lsls	r3, r3, #6
10002c10:	18e3      	adds	r3, r4, r3
10002c12:	0112      	lsls	r2, r2, #4
10002c14:	601a      	str	r2, [r3, #0]
10002c16:	4653      	mov	r3, sl
10002c18:	464a      	mov	r2, r9
10002c1a:	6067      	str	r7, [r4, #4]
10002c1c:	515a      	str	r2, [r3, r5]
10002c1e:	bcf0      	pop	{r4, r5, r6, r7}
10002c20:	46bb      	mov	fp, r7
10002c22:	46b2      	mov	sl, r6
10002c24:	46a9      	mov	r9, r5
10002c26:	46a0      	mov	r8, r4
10002c28:	bdf8      	pop	{r3, r4, r5, r6, r7, pc}
10002c2a:	6958      	ldr	r0, [r3, #20]
10002c2c:	f000 fafe 	bl	1000322c <__wrap___aeabi_uidiv>
10002c30:	3001      	adds	r0, #1
10002c32:	0043      	lsls	r3, r0, #1
10002c34:	181b      	adds	r3, r3, r0
10002c36:	3b03      	subs	r3, #3
10002c38:	d2fd      	bcs.n	10002c36 <clock_configure_int_divider+0x9a>
10002c3a:	e7da      	b.n	10002bf2 <clock_configure_int_divider+0x56>
10002c3c:	465b      	mov	r3, fp
10002c3e:	2b01      	cmp	r3, #1
10002c40:	d1cb      	bne.n	10002bda <clock_configure_int_divider+0x3e>
10002c42:	23c0      	movs	r3, #192	@ 0xc0
10002c44:	2203      	movs	r2, #3
10002c46:	019b      	lsls	r3, r3, #6
10002c48:	18e3      	adds	r3, r4, r3
10002c4a:	601a      	str	r2, [r3, #0]
10002c4c:	3a02      	subs	r2, #2
10002c4e:	68a3      	ldr	r3, [r4, #8]
10002c50:	421a      	tst	r2, r3
10002c52:	d0fc      	beq.n	10002c4e <clock_configure_int_divider+0xb2>
10002c54:	0173      	lsls	r3, r6, #5
10002c56:	26e0      	movs	r6, #224	@ 0xe0
10002c58:	6822      	ldr	r2, [r4, #0]
10002c5a:	00ad      	lsls	r5, r5, #2
10002c5c:	4053      	eors	r3, r2
10002c5e:	401e      	ands	r6, r3
10002c60:	2380      	movs	r3, #128	@ 0x80
10002c62:	4a0a      	ldr	r2, [pc, #40]	@ (10002c8c <clock_configure_int_divider+0xf0>)
10002c64:	015b      	lsls	r3, r3, #5
10002c66:	4692      	mov	sl, r2
10002c68:	18e3      	adds	r3, r4, r3
10002c6a:	601e      	str	r6, [r3, #0]
10002c6c:	465a      	mov	r2, fp
10002c6e:	6821      	ldr	r1, [r4, #0]
10002c70:	4051      	eors	r1, r2
10002c72:	2203      	movs	r2, #3
10002c74:	400a      	ands	r2, r1
10002c76:	601a      	str	r2, [r3, #0]
10002c78:	2201      	movs	r2, #1
10002c7a:	465b      	mov	r3, fp
10002c7c:	409a      	lsls	r2, r3
10002c7e:	68a3      	ldr	r3, [r4, #8]
10002c80:	421a      	tst	r2, r3
10002c82:	d0fc      	beq.n	10002c7e <clock_configure_int_divider+0xe2>
10002c84:	e7c1      	b.n	10002c0a <clock_configure_int_divider+0x6e>
10002c86:	46c0      	nop			@ (mov r8, r8)
10002c88:	40008000 	.word	0x40008000
10002c8c:	2000230c 	.word	0x2000230c

10002c90 <clock_configure_undivided>:
10002c90:	b5f0      	push	{r4, r5, r6, r7, lr}
10002c92:	4646      	mov	r6, r8
10002c94:	464f      	mov	r7, r9
10002c96:	46d6      	mov	lr, sl
10002c98:	b5c0      	push	{r6, r7, lr}
10002c9a:	001f      	movs	r7, r3
10002c9c:	4b34      	ldr	r3, [pc, #208]	@ (10002d70 <clock_configure_undivided+0xe0>)
10002c9e:	0044      	lsls	r4, r0, #1
10002ca0:	469c      	mov	ip, r3
10002ca2:	1824      	adds	r4, r4, r0
10002ca4:	00a4      	lsls	r4, r4, #2
10002ca6:	4464      	add	r4, ip
10002ca8:	6863      	ldr	r3, [r4, #4]
10002caa:	4688      	mov	r8, r1
10002cac:	0016      	movs	r6, r2
10002cae:	2bff      	cmp	r3, #255	@ 0xff
10002cb0:	d802      	bhi.n	10002cb8 <clock_configure_undivided+0x28>
10002cb2:	2380      	movs	r3, #128	@ 0x80
10002cb4:	005b      	lsls	r3, r3, #1
10002cb6:	6063      	str	r3, [r4, #4]
10002cb8:	1f03      	subs	r3, r0, #4
10002cba:	b2db      	uxtb	r3, r3
10002cbc:	469a      	mov	sl, r3
10002cbe:	2b01      	cmp	r3, #1
10002cc0:	d930      	bls.n	10002d24 <clock_configure_undivided+0x94>
10002cc2:	23c0      	movs	r3, #192	@ 0xc0
10002cc4:	2280      	movs	r2, #128	@ 0x80
10002cc6:	019b      	lsls	r3, r3, #6
10002cc8:	18e3      	adds	r3, r4, r3
10002cca:	0112      	lsls	r2, r2, #4
10002ccc:	601a      	str	r2, [r3, #0]
10002cce:	4b29      	ldr	r3, [pc, #164]	@ (10002d74 <clock_configure_undivided+0xe4>)
10002cd0:	0085      	lsls	r5, r0, #2
10002cd2:	5959      	ldr	r1, [r3, r5]
10002cd4:	4699      	mov	r9, r3
10002cd6:	2900      	cmp	r1, #0
10002cd8:	d11b      	bne.n	10002d12 <clock_configure_undivided+0x82>
10002cda:	0173      	lsls	r3, r6, #5
10002cdc:	26e0      	movs	r6, #224	@ 0xe0
10002cde:	6822      	ldr	r2, [r4, #0]
10002ce0:	4053      	eors	r3, r2
10002ce2:	401e      	ands	r6, r3
10002ce4:	2380      	movs	r3, #128	@ 0x80
10002ce6:	4652      	mov	r2, sl
10002ce8:	015b      	lsls	r3, r3, #5
10002cea:	18e3      	adds	r3, r4, r3
10002cec:	601e      	str	r6, [r3, #0]
10002cee:	2a01      	cmp	r2, #1
10002cf0:	d930      	bls.n	10002d54 <clock_configure_undivided+0xc4>
10002cf2:	2380      	movs	r3, #128	@ 0x80
10002cf4:	2280      	movs	r2, #128	@ 0x80
10002cf6:	019b      	lsls	r3, r3, #6
10002cf8:	18e3      	adds	r3, r4, r3
10002cfa:	0112      	lsls	r2, r2, #4
10002cfc:	601a      	str	r2, [r3, #0]
10002cfe:	2380      	movs	r3, #128	@ 0x80
10002d00:	005b      	lsls	r3, r3, #1
10002d02:	6063      	str	r3, [r4, #4]
10002d04:	464b      	mov	r3, r9
10002d06:	515f      	str	r7, [r3, r5]
10002d08:	bce0      	pop	{r5, r6, r7}
10002d0a:	46ba      	mov	sl, r7
10002d0c:	46b1      	mov	r9, r6
10002d0e:	46a8      	mov	r8, r5
10002d10:	bdf0      	pop	{r4, r5, r6, r7, pc}
10002d12:	6958      	ldr	r0, [r3, #20]
10002d14:	f000 fa8a 	bl	1000322c <__wrap___aeabi_uidiv>
10002d18:	3001      	adds	r0, #1
10002d1a:	0043      	lsls	r3, r0, #1
10002d1c:	181b      	adds	r3, r3, r0
10002d1e:	3b03      	subs	r3, #3
10002d20:	d2fd      	bcs.n	10002d1e <clock_configure_undivided+0x8e>
10002d22:	e7da      	b.n	10002cda <clock_configure_undivided+0x4a>
10002d24:	4643      	mov	r3, r8
10002d26:	2b01      	cmp	r3, #1
10002d28:	d1cb      	bne.n	10002cc2 <clock_configure_undivided+0x32>
10002d2a:	23c0      	movs	r3, #192	@ 0xc0
10002d2c:	2203      	movs	r2, #3
10002d2e:	019b      	lsls	r3, r3, #6
10002d30:	18e3      	adds	r3, r4, r3
10002d32:	601a      	str	r2, [r3, #0]
10002d34:	3a02      	subs	r2, #2
10002d36:	68a3      	ldr	r3, [r4, #8]
10002d38:	421a      	tst	r2, r3
10002d3a:	d0fc      	beq.n	10002d36 <clock_configure_undivided+0xa6>
10002d3c:	0173      	lsls	r3, r6, #5
10002d3e:	26e0      	movs	r6, #224	@ 0xe0
10002d40:	6822      	ldr	r2, [r4, #0]
10002d42:	0085      	lsls	r5, r0, #2
10002d44:	4053      	eors	r3, r2
10002d46:	401e      	ands	r6, r3
10002d48:	2380      	movs	r3, #128	@ 0x80
10002d4a:	4a0a      	ldr	r2, [pc, #40]	@ (10002d74 <clock_configure_undivided+0xe4>)
10002d4c:	015b      	lsls	r3, r3, #5
10002d4e:	4691      	mov	r9, r2
10002d50:	18e3      	adds	r3, r4, r3
10002d52:	601e      	str	r6, [r3, #0]
10002d54:	4642      	mov	r2, r8
10002d56:	6821      	ldr	r1, [r4, #0]
10002d58:	4051      	eors	r1, r2
10002d5a:	2203      	movs	r2, #3
10002d5c:	400a      	ands	r2, r1
10002d5e:	601a      	str	r2, [r3, #0]
10002d60:	2301      	movs	r3, #1
10002d62:	4642      	mov	r2, r8
10002d64:	4093      	lsls	r3, r2
10002d66:	68a2      	ldr	r2, [r4, #8]
10002d68:	4213      	tst	r3, r2
10002d6a:	d0fc      	beq.n	10002d66 <clock_configure_undivided+0xd6>
10002d6c:	e7c1      	b.n	10002cf2 <clock_configure_undivided+0x62>
10002d6e:	46c0      	nop			@ (mov r8, r8)
10002d70:	40008000 	.word	0x40008000
10002d74:	2000230c 	.word	0x2000230c

10002d78 <clock_get_hz>:
10002d78:	4b01      	ldr	r3, [pc, #4]	@ (10002d80 <clock_get_hz+0x8>)
10002d7a:	0080      	lsls	r0, r0, #2
10002d7c:	58c0      	ldr	r0, [r0, r3]
10002d7e:	4770      	bx	lr
10002d80:	2000230c 	.word	0x2000230c

10002d84 <pll_init>:
10002d84:	b5f8      	push	{r3, r4, r5, r6, r7, lr}
10002d86:	0004      	movs	r4, r0
10002d88:	4821      	ldr	r0, [pc, #132]	@ (10002e10 <pll_init+0x8c>)
10002d8a:	001e      	movs	r6, r3
10002d8c:	0017      	movs	r7, r2
10002d8e:	000d      	movs	r5, r1
10002d90:	f000 fa4c 	bl	1000322c <__wrap___aeabi_uidiv>
10002d94:	0001      	movs	r1, r0
10002d96:	0038      	movs	r0, r7
10002d98:	f000 fa48 	bl	1000322c <__wrap___aeabi_uidiv>
10002d9c:	9b06      	ldr	r3, [sp, #24]
10002d9e:	0436      	lsls	r6, r6, #16
10002da0:	031b      	lsls	r3, r3, #12
10002da2:	431e      	orrs	r6, r3
10002da4:	6823      	ldr	r3, [r4, #0]
10002da6:	2b00      	cmp	r3, #0
10002da8:	db20      	blt.n	10002dec <pll_init+0x68>
10002daa:	4b1a      	ldr	r3, [pc, #104]	@ (10002e14 <pll_init+0x90>)
10002dac:	491a      	ldr	r1, [pc, #104]	@ (10002e18 <pll_init+0x94>)
10002dae:	18e3      	adds	r3, r4, r3
10002db0:	1e5a      	subs	r2, r3, #1
10002db2:	4193      	sbcs	r3, r2
10002db4:	2280      	movs	r2, #128	@ 0x80
10002db6:	0192      	lsls	r2, r2, #6
10002db8:	4694      	mov	ip, r2
10002dba:	425b      	negs	r3, r3
10002dbc:	0b1b      	lsrs	r3, r3, #12
10002dbe:	4a17      	ldr	r2, [pc, #92]	@ (10002e1c <pll_init+0x98>)
10002dc0:	031b      	lsls	r3, r3, #12
10002dc2:	4463      	add	r3, ip
10002dc4:	6013      	str	r3, [r2, #0]
10002dc6:	4a16      	ldr	r2, [pc, #88]	@ (10002e20 <pll_init+0x9c>)
10002dc8:	6013      	str	r3, [r2, #0]
10002dca:	001f      	movs	r7, r3
10002dcc:	680a      	ldr	r2, [r1, #0]
10002dce:	4397      	bics	r7, r2
10002dd0:	d1fb      	bne.n	10002dca <pll_init+0x46>
10002dd2:	4b14      	ldr	r3, [pc, #80]	@ (10002e24 <pll_init+0xa0>)
10002dd4:	6025      	str	r5, [r4, #0]
10002dd6:	18e2      	adds	r2, r4, r3
10002dd8:	2321      	movs	r3, #33	@ 0x21
10002dda:	60a0      	str	r0, [r4, #8]
10002ddc:	6013      	str	r3, [r2, #0]
10002dde:	6823      	ldr	r3, [r4, #0]
10002de0:	2b00      	cmp	r3, #0
10002de2:	dafc      	bge.n	10002dde <pll_init+0x5a>
10002de4:	2308      	movs	r3, #8
10002de6:	60e6      	str	r6, [r4, #12]
10002de8:	6013      	str	r3, [r2, #0]
10002dea:	bdf8      	pop	{r3, r4, r5, r6, r7, pc}
10002dec:	233f      	movs	r3, #63	@ 0x3f
10002dee:	6822      	ldr	r2, [r4, #0]
10002df0:	4013      	ands	r3, r2
10002df2:	42ab      	cmp	r3, r5
10002df4:	d1d9      	bne.n	10002daa <pll_init+0x26>
10002df6:	68a3      	ldr	r3, [r4, #8]
10002df8:	051b      	lsls	r3, r3, #20
10002dfa:	0d1b      	lsrs	r3, r3, #20
10002dfc:	4283      	cmp	r3, r0
10002dfe:	d1d4      	bne.n	10002daa <pll_init+0x26>
10002e00:	22ee      	movs	r2, #238	@ 0xee
10002e02:	68e3      	ldr	r3, [r4, #12]
10002e04:	02d2      	lsls	r2, r2, #11
10002e06:	4013      	ands	r3, r2
10002e08:	42b3      	cmp	r3, r6
10002e0a:	d1ce      	bne.n	10002daa <pll_init+0x26>
10002e0c:	e7ed      	b.n	10002dea <pll_init+0x66>
10002e0e:	46c0      	nop			@ (mov r8, r8)
10002e10:	00b71b00 	.word	0x00b71b00
10002e14:	bffd4000 	.word	0xbffd4000
10002e18:	4000c008 	.word	0x4000c008
10002e1c:	4000e000 	.word	0x4000e000
10002e20:	4000f000 	.word	0x4000f000
10002e24:	00003004 	.word	0x00003004

10002e28 <watchdog_reboot>:
10002e28:	b510      	push	{r4, lr}
10002e2a:	2480      	movs	r4, #128	@ 0x80
10002e2c:	4b1c      	ldr	r3, [pc, #112]	@ (10002ea0 <watchdog_reboot+0x78>)
10002e2e:	05e4      	lsls	r4, r4, #23
10002e30:	601c      	str	r4, [r3, #0]
10002e32:	2800      	cmp	r0, #0
10002e34:	d01a      	beq.n	10002e6c <watchdog_reboot+0x44>
10002e36:	2301      	movs	r3, #1
10002e38:	4c1a      	ldr	r4, [pc, #104]	@ (10002ea4 <watchdog_reboot+0x7c>)
10002e3a:	4318      	orrs	r0, r3
10002e3c:	4b1a      	ldr	r3, [pc, #104]	@ (10002ea8 <watchdog_reboot+0x80>)
10002e3e:	61dc      	str	r4, [r3, #28]
10002e40:	4c1a      	ldr	r4, [pc, #104]	@ (10002eac <watchdog_reboot+0x84>)
10002e42:	4044      	eors	r4, r0
10002e44:	621c      	str	r4, [r3, #32]
10002e46:	6259      	str	r1, [r3, #36]	@ 0x24
10002e48:	6298      	str	r0, [r3, #40]	@ 0x28
10002e4a:	2180      	movs	r1, #128	@ 0x80
10002e4c:	4b14      	ldr	r3, [pc, #80]	@ (10002ea0 <watchdog_reboot+0x78>)
10002e4e:	05c9      	lsls	r1, r1, #23
10002e50:	6019      	str	r1, [r3, #0]
10002e52:	4817      	ldr	r0, [pc, #92]	@ (10002eb0 <watchdog_reboot+0x88>)
10002e54:	4917      	ldr	r1, [pc, #92]	@ (10002eb4 <watchdog_reboot+0x8c>)
10002e56:	6008      	str	r0, [r1, #0]
10002e58:	21e0      	movs	r1, #224	@ 0xe0
10002e5a:	04c9      	lsls	r1, r1, #19
10002e5c:	6019      	str	r1, [r3, #0]
10002e5e:	2a00      	cmp	r2, #0
10002e60:	d107      	bne.n	10002e72 <watchdog_reboot+0x4a>
10002e62:	2280      	movs	r2, #128	@ 0x80
10002e64:	4b14      	ldr	r3, [pc, #80]	@ (10002eb8 <watchdog_reboot+0x90>)
10002e66:	0612      	lsls	r2, r2, #24
10002e68:	601a      	str	r2, [r3, #0]
10002e6a:	bd10      	pop	{r4, pc}
10002e6c:	4b0e      	ldr	r3, [pc, #56]	@ (10002ea8 <watchdog_reboot+0x80>)
10002e6e:	61d8      	str	r0, [r3, #28]
10002e70:	e7eb      	b.n	10002e4a <watchdog_reboot+0x22>
10002e72:	0153      	lsls	r3, r2, #5
10002e74:	1a9b      	subs	r3, r3, r2
10002e76:	009b      	lsls	r3, r3, #2
10002e78:	189a      	adds	r2, r3, r2
10002e7a:	2380      	movs	r3, #128	@ 0x80
10002e7c:	0112      	lsls	r2, r2, #4
10002e7e:	045b      	lsls	r3, r3, #17
10002e80:	429a      	cmp	r2, r3
10002e82:	d209      	bcs.n	10002e98 <watchdog_reboot+0x70>
10002e84:	0013      	movs	r3, r2
10002e86:	490d      	ldr	r1, [pc, #52]	@ (10002ebc <watchdog_reboot+0x94>)
10002e88:	600b      	str	r3, [r1, #0]
10002e8a:	4b07      	ldr	r3, [pc, #28]	@ (10002ea8 <watchdog_reboot+0x80>)
10002e8c:	605a      	str	r2, [r3, #4]
10002e8e:	2280      	movs	r2, #128	@ 0x80
10002e90:	4b09      	ldr	r3, [pc, #36]	@ (10002eb8 <watchdog_reboot+0x90>)
10002e92:	05d2      	lsls	r2, r2, #23
10002e94:	601a      	str	r2, [r3, #0]
10002e96:	e7e8      	b.n	10002e6a <watchdog_reboot+0x42>
10002e98:	4b09      	ldr	r3, [pc, #36]	@ (10002ec0 <watchdog_reboot+0x98>)
10002e9a:	001a      	movs	r2, r3
10002e9c:	e7f3      	b.n	10002e86 <watchdog_reboot+0x5e>
10002e9e:	46c0      	nop			@ (mov r8, r8)
10002ea0:	4005b000 	.word	0x4005b000
10002ea4:	b007c0d3 	.word	0xb007c0d3
10002ea8:	40058000 	.word	0x40058000
10002eac:	4ff83f2d 	.word	0x4ff83f2d
10002eb0:	0001fffc 	.word	0x0001fffc
10002eb4:	40012008 	.word	0x40012008
10002eb8:	4005a000 	.word	0x4005a000
10002ebc:	200037ac 	.word	0x200037ac
10002ec0:	00ffffff 	.word	0x00ffffff

10002ec4 <tick_start>:
10002ec4:	2380      	movs	r3, #128	@ 0x80
10002ec6:	4a02      	ldr	r2, [pc, #8]	@ (10002ed0 <tick_start+0xc>)
10002ec8:	009b      	lsls	r3, r3, #2
10002eca:	430b      	orrs	r3, r1
10002ecc:	62d3      	str	r3, [r2, #44]	@ 0x2c
10002ece:	4770      	bx	lr
10002ed0:	40058000 	.word	0x40058000

10002ed4 <rom_func_lookup>:
10002ed4:	2300      	movs	r3, #0
10002ed6:	b510      	push	{r4, lr}
10002ed8:	0001      	movs	r1, r0
10002eda:	8a98      	ldrh	r0, [r3, #20]
10002edc:	8b1b      	ldrh	r3, [r3, #24]
10002ede:	4798      	blx	r3
10002ee0:	bd10      	pop	{r4, pc}
10002ee2:	46c0      	nop			@ (mov r8, r8)

10002ee4 <rom_data_lookup>:
10002ee4:	2316      	movs	r3, #22
10002ee6:	b510      	push	{r4, lr}
10002ee8:	0001      	movs	r1, r0
10002eea:	8818      	ldrh	r0, [r3, #0]
10002eec:	3302      	adds	r3, #2
10002eee:	881b      	ldrh	r3, [r3, #0]
10002ef0:	4798      	blx	r3
10002ef2:	bd10      	pop	{r4, pc}

10002ef4 <rom_funcs_lookup>:
10002ef4:	b5f8      	push	{r3, r4, r5, r6, r7, lr}
10002ef6:	4647      	mov	r7, r8
10002ef8:	46ce      	mov	lr, r9
10002efa:	b580      	push	{r7, lr}
10002efc:	1e0f      	subs	r7, r1, #0
10002efe:	d018      	beq.n	10002f32 <rom_funcs_lookup+0x3e>
10002f00:	2314      	movs	r3, #20
10002f02:	4699      	mov	r9, r3
10002f04:	3304      	adds	r3, #4
10002f06:	0004      	movs	r4, r0
10002f08:	2500      	movs	r5, #0
10002f0a:	2601      	movs	r6, #1
10002f0c:	4698      	mov	r8, r3
10002f0e:	464b      	mov	r3, r9
10002f10:	8818      	ldrh	r0, [r3, #0]
10002f12:	4643      	mov	r3, r8
10002f14:	6821      	ldr	r1, [r4, #0]
10002f16:	881b      	ldrh	r3, [r3, #0]
10002f18:	4798      	blx	r3
10002f1a:	c401      	stmia	r4!, {r0}
10002f1c:	1e43      	subs	r3, r0, #1
10002f1e:	4198      	sbcs	r0, r3
10002f20:	3501      	adds	r5, #1
10002f22:	4006      	ands	r6, r0
10002f24:	42af      	cmp	r7, r5
10002f26:	d1f2      	bne.n	10002f0e <rom_funcs_lookup+0x1a>
10002f28:	0030      	movs	r0, r6
10002f2a:	bcc0      	pop	{r6, r7}
10002f2c:	46b9      	mov	r9, r7
10002f2e:	46b0      	mov	r8, r6
10002f30:	bdf8      	pop	{r3, r4, r5, r6, r7, pc}
10002f32:	2601      	movs	r6, #1
10002f34:	e7f8      	b.n	10002f28 <rom_funcs_lookup+0x34>
10002f36:	46c0      	nop			@ (mov r8, r8)

10002f38 <rom_reset_usb_boot_extra>:
10002f38:	2300      	movs	r3, #0
10002f3a:	b570      	push	{r4, r5, r6, lr}
10002f3c:	0004      	movs	r4, r0
10002f3e:	000d      	movs	r5, r1
10002f40:	8a98      	ldrh	r0, [r3, #20]
10002f42:	4905      	ldr	r1, [pc, #20]	@ (10002f58 <rom_reset_usb_boot_extra+0x20>)
10002f44:	8b1b      	ldrh	r3, [r3, #24]
10002f46:	4798      	blx	r3
10002f48:	0003      	movs	r3, r0
10002f4a:	2000      	movs	r0, #0
10002f4c:	2c00      	cmp	r4, #0
10002f4e:	db01      	blt.n	10002f54 <rom_reset_usb_boot_extra+0x1c>
10002f50:	3001      	adds	r0, #1
10002f52:	40a0      	lsls	r0, r4
10002f54:	0029      	movs	r1, r5
10002f56:	4798      	blx	r3
10002f58:	00004255 	.word	0x00004255

10002f5c <xosc_init>:
10002f5c:	23aa      	movs	r3, #170	@ 0xaa
10002f5e:	4a06      	ldr	r2, [pc, #24]	@ (10002f78 <xosc_init+0x1c>)
10002f60:	011b      	lsls	r3, r3, #4
10002f62:	6013      	str	r3, [r2, #0]
10002f64:	238d      	movs	r3, #141	@ 0x8d
10002f66:	005b      	lsls	r3, r3, #1
10002f68:	60d3      	str	r3, [r2, #12]
10002f6a:	4904      	ldr	r1, [pc, #16]	@ (10002f7c <xosc_init+0x20>)
10002f6c:	4b04      	ldr	r3, [pc, #16]	@ (10002f80 <xosc_init+0x24>)
10002f6e:	6019      	str	r1, [r3, #0]
10002f70:	6853      	ldr	r3, [r2, #4]
10002f72:	2b00      	cmp	r3, #0
10002f74:	dafc      	bge.n	10002f70 <xosc_init+0x14>
10002f76:	4770      	bx	lr
10002f78:	40024000 	.word	0x40024000
10002f7c:	00fab000 	.word	0x00fab000
10002f80:	40026000 	.word	0x40026000

10002f84 <first_per_core_initializer>:
10002f84:	4770      	bx	lr
10002f86:	46c0      	nop			@ (mov r8, r8)

10002f88 <hard_assertion_failure>:
10002f88:	b510      	push	{r4, lr}
10002f8a:	4801      	ldr	r0, [pc, #4]	@ (10002f90 <hard_assertion_failure+0x8>)
10002f8c:	f7fe fede 	bl	10001d4c <panic>
10002f90:	1000b85c 	.word	0x1000b85c

10002f94 <runtime_run_initializers>:
10002f94:	b570      	push	{r4, r5, r6, lr}
10002f96:	4d07      	ldr	r5, [pc, #28]	@ (10002fb4 <runtime_run_initializers+0x20>)
10002f98:	4e07      	ldr	r6, [pc, #28]	@ (10002fb8 <runtime_run_initializers+0x24>)
10002f9a:	42b5      	cmp	r5, r6
10002f9c:	d209      	bcs.n	10002fb2 <runtime_run_initializers+0x1e>
10002f9e:	2400      	movs	r4, #0
10002fa0:	3e01      	subs	r6, #1
10002fa2:	1b76      	subs	r6, r6, r5
10002fa4:	08b6      	lsrs	r6, r6, #2
10002fa6:	cd08      	ldmia	r5!, {r3}
10002fa8:	4798      	blx	r3
10002faa:	0023      	movs	r3, r4
10002fac:	3401      	adds	r4, #1
10002fae:	42b3      	cmp	r3, r6
10002fb0:	d1f9      	bne.n	10002fa6 <runtime_run_initializers+0x12>
10002fb2:	bd70      	pop	{r4, r5, r6, pc}
10002fb4:	1000b5f0 	.word	0x1000b5f0
10002fb8:	1000b62c 	.word	0x1000b62c

10002fbc <runtime_init_early_resets>:
10002fbc:	4b05      	ldr	r3, [pc, #20]	@ (10002fd4 <runtime_init_early_resets+0x18>)
10002fbe:	4a06      	ldr	r2, [pc, #24]	@ (10002fd8 <runtime_init_early_resets+0x1c>)
10002fc0:	4906      	ldr	r1, [pc, #24]	@ (10002fdc <runtime_init_early_resets+0x20>)
10002fc2:	601a      	str	r2, [r3, #0]
10002fc4:	4a06      	ldr	r2, [pc, #24]	@ (10002fe0 <runtime_init_early_resets+0x24>)
10002fc6:	4b07      	ldr	r3, [pc, #28]	@ (10002fe4 <runtime_init_early_resets+0x28>)
10002fc8:	601a      	str	r2, [r3, #0]
10002fca:	0010      	movs	r0, r2
10002fcc:	680b      	ldr	r3, [r1, #0]
10002fce:	4398      	bics	r0, r3
10002fd0:	d1fb      	bne.n	10002fca <runtime_init_early_resets+0xe>
10002fd2:	4770      	bx	lr
10002fd4:	4000e000 	.word	0x4000e000
10002fd8:	fefbcdbf 	.word	0xfefbcdbf
10002fdc:	4000c008 	.word	0x4000c008
10002fe0:	003c7ffe 	.word	0x003c7ffe
10002fe4:	4000f000 	.word	0x4000f000

10002fe8 <runtime_init_usb_power_down>:
10002fe8:	4b04      	ldr	r3, [pc, #16]	@ (10002ffc <runtime_init_usb_power_down+0x14>)
10002fea:	6cdb      	ldr	r3, [r3, #76]	@ 0x4c
10002fec:	2b00      	cmp	r3, #0
10002fee:	d103      	bne.n	10002ff8 <runtime_init_usb_power_down+0x10>
10002ff0:	2280      	movs	r2, #128	@ 0x80
10002ff2:	4b03      	ldr	r3, [pc, #12]	@ (10003000 <runtime_init_usb_power_down+0x18>)
10002ff4:	02d2      	lsls	r2, r2, #11
10002ff6:	601a      	str	r2, [r3, #0]
10002ff8:	4770      	bx	lr
10002ffa:	46c0      	nop			@ (mov r8, r8)
10002ffc:	50110000 	.word	0x50110000
10003000:	5011204c 	.word	0x5011204c

10003004 <runtime_init_post_clock_resets>:
10003004:	4a04      	ldr	r2, [pc, #16]	@ (10003018 <runtime_init_post_clock_resets+0x14>)
10003006:	4b05      	ldr	r3, [pc, #20]	@ (1000301c <runtime_init_post_clock_resets+0x18>)
10003008:	601a      	str	r2, [r3, #0]
1000300a:	4a05      	ldr	r2, [pc, #20]	@ (10003020 <runtime_init_post_clock_resets+0x1c>)
1000300c:	6813      	ldr	r3, [r2, #0]
1000300e:	01db      	lsls	r3, r3, #7
10003010:	3380      	adds	r3, #128	@ 0x80
10003012:	d1fb      	bne.n	1000300c <runtime_init_post_clock_resets+0x8>
10003014:	4770      	bx	lr
10003016:	46c0      	nop			@ (mov r8, r8)
10003018:	01ffffff 	.word	0x01ffffff
1000301c:	4000f000 	.word	0x4000f000
10003020:	4000c008 	.word	0x4000c008

10003024 <runtime_init_rp2040_gpio_ie_disable>:
10003024:	2240      	movs	r2, #64	@ 0x40
10003026:	4b03      	ldr	r3, [pc, #12]	@ (10003034 <runtime_init_rp2040_gpio_ie_disable+0x10>)
10003028:	679a      	str	r2, [r3, #120]	@ 0x78
1000302a:	675a      	str	r2, [r3, #116]	@ 0x74
1000302c:	671a      	str	r2, [r3, #112]	@ 0x70
1000302e:	66da      	str	r2, [r3, #108]	@ 0x6c
10003030:	4770      	bx	lr
10003032:	46c0      	nop			@ (mov r8, r8)
10003034:	4001f000 	.word	0x4001f000

10003038 <runtime_init_spin_locks_reset>:
10003038:	b510      	push	{r4, lr}
1000303a:	f7fe ff29 	bl	10001e90 <spin_locks_reset>
1000303e:	bd10      	pop	{r4, pc}

10003040 <runtime_init_install_ram_vector_table>:
10003040:	b5f8      	push	{r3, r4, r5, r6, r7, lr}
10003042:	4927      	ldr	r1, [pc, #156]	@ (100030e0 <runtime_init_install_ram_vector_table+0xa0>)
10003044:	4c27      	ldr	r4, [pc, #156]	@ (100030e4 <runtime_init_install_ram_vector_table+0xa4>)
10003046:	4d28      	ldr	r5, [pc, #160]	@ (100030e8 <runtime_init_install_ram_vector_table+0xa8>)
10003048:	1a64      	subs	r4, r4, r1
1000304a:	10a6      	asrs	r6, r4, #2
1000304c:	0032      	movs	r2, r6
1000304e:	2e30      	cmp	r6, #48	@ 0x30
10003050:	d900      	bls.n	10003054 <runtime_init_install_ram_vector_table+0x14>
10003052:	2230      	movs	r2, #48	@ 0x30
10003054:	0028      	movs	r0, r5
10003056:	0092      	lsls	r2, r2, #2
10003058:	f000 ffe4 	bl	10004024 <__wrap___aeabi_memcpy>
1000305c:	2cbc      	cmp	r4, #188	@ 0xbc
1000305e:	d83b      	bhi.n	100030d8 <runtime_init_install_ram_vector_table+0x98>
10003060:	2030      	movs	r0, #48	@ 0x30
10003062:	232f      	movs	r3, #47	@ 0x2f
10003064:	192c      	adds	r4, r5, r4
10003066:	0764      	lsls	r4, r4, #29
10003068:	4a20      	ldr	r2, [pc, #128]	@ (100030ec <runtime_init_install_ram_vector_table+0xac>)
1000306a:	1b80      	subs	r0, r0, r6
1000306c:	0fe4      	lsrs	r4, r4, #31
1000306e:	1b9b      	subs	r3, r3, r6
10003070:	2b05      	cmp	r3, #5
10003072:	d916      	bls.n	100030a2 <runtime_init_install_ram_vector_table+0x62>
10003074:	0037      	movs	r7, r6
10003076:	2c00      	cmp	r4, #0
10003078:	d002      	beq.n	10003080 <runtime_init_install_ram_vector_table+0x40>
1000307a:	00b3      	lsls	r3, r6, #2
1000307c:	1c77      	adds	r7, r6, #1
1000307e:	50ea      	str	r2, [r5, r3]
10003080:	1b00      	subs	r0, r0, r4
10003082:	1933      	adds	r3, r6, r4
10003084:	009b      	lsls	r3, r3, #2
10003086:	0841      	lsrs	r1, r0, #1
10003088:	18eb      	adds	r3, r5, r3
1000308a:	00c9      	lsls	r1, r1, #3
1000308c:	18c9      	adds	r1, r1, r3
1000308e:	601a      	str	r2, [r3, #0]
10003090:	605a      	str	r2, [r3, #4]
10003092:	3308      	adds	r3, #8
10003094:	4299      	cmp	r1, r3
10003096:	d1fa      	bne.n	1000308e <runtime_init_install_ram_vector_table+0x4e>
10003098:	2301      	movs	r3, #1
1000309a:	4203      	tst	r3, r0
1000309c:	d01c      	beq.n	100030d8 <runtime_init_install_ram_vector_table+0x98>
1000309e:	4398      	bics	r0, r3
100030a0:	19c6      	adds	r6, r0, r7
100030a2:	00b3      	lsls	r3, r6, #2
100030a4:	50ea      	str	r2, [r5, r3]
100030a6:	1c73      	adds	r3, r6, #1
100030a8:	2e2f      	cmp	r6, #47	@ 0x2f
100030aa:	d015      	beq.n	100030d8 <runtime_init_install_ram_vector_table+0x98>
100030ac:	009b      	lsls	r3, r3, #2
100030ae:	50ea      	str	r2, [r5, r3]
100030b0:	1cb3      	adds	r3, r6, #2
100030b2:	2e2e      	cmp	r6, #46	@ 0x2e
100030b4:	d010      	beq.n	100030d8 <runtime_init_install_ram_vector_table+0x98>
100030b6:	009b      	lsls	r3, r3, #2
100030b8:	50ea      	str	r2, [r5, r3]
100030ba:	1cf3      	adds	r3, r6, #3
100030bc:	2e2d      	cmp	r6, #45	@ 0x2d
100030be:	d00b      	beq.n	100030d8 <runtime_init_install_ram_vector_table+0x98>
100030c0:	009b      	lsls	r3, r3, #2
100030c2:	50ea      	str	r2, [r5, r3]
100030c4:	1d33      	adds	r3, r6, #4
100030c6:	2e2c      	cmp	r6, #44	@ 0x2c
100030c8:	d006      	beq.n	100030d8 <runtime_init_install_ram_vector_table+0x98>
100030ca:	009b      	lsls	r3, r3, #2
100030cc:	50ea      	str	r2, [r5, r3]
100030ce:	1d73      	adds	r3, r6, #5
100030d0:	2e2b      	cmp	r6, #43	@ 0x2b
100030d2:	d001      	beq.n	100030d8 <runtime_init_install_ram_vector_table+0x98>
100030d4:	009b      	lsls	r3, r3, #2
100030d6:	50ea      	str	r2, [r5, r3]
100030d8:	4b05      	ldr	r3, [pc, #20]	@ (100030f0 <runtime_init_install_ram_vector_table+0xb0>)
100030da:	609d      	str	r5, [r3, #8]
100030dc:	bdf8      	pop	{r3, r4, r5, r6, r7, pc}
100030de:	46c0      	nop			@ (mov r8, r8)
100030e0:	10000100 	.word	0x10000100
100030e4:	100001c0 	.word	0x100001c0
100030e8:	20000000 	.word	0x20000000
100030ec:	100001c1 	.word	0x100001c1
100030f0:	e000ed00 	.word	0xe000ed00

100030f4 <runtime_init_clocks>:
100030f4:	2300      	movs	r3, #0
100030f6:	b510      	push	{r4, lr}
100030f8:	4c29      	ldr	r4, [pc, #164]	@ (100031a0 <runtime_init_clocks+0xac>)
100030fa:	b082      	sub	sp, #8
100030fc:	67a3      	str	r3, [r4, #120]	@ 0x78
100030fe:	f7ff ff2d 	bl	10002f5c <xosc_init>
10003102:	2201      	movs	r2, #1
10003104:	4b27      	ldr	r3, [pc, #156]	@ (100031a4 <runtime_init_clocks+0xb0>)
10003106:	601a      	str	r2, [r3, #0]
10003108:	6c63      	ldr	r3, [r4, #68]	@ 0x44
1000310a:	2b01      	cmp	r3, #1
1000310c:	d1fc      	bne.n	10003108 <runtime_init_clocks+0x14>
1000310e:	2203      	movs	r2, #3
10003110:	4b25      	ldr	r3, [pc, #148]	@ (100031a8 <runtime_init_clocks+0xb4>)
10003112:	601a      	str	r2, [r3, #0]
10003114:	4a22      	ldr	r2, [pc, #136]	@ (100031a0 <runtime_init_clocks+0xac>)
10003116:	6b93      	ldr	r3, [r2, #56]	@ 0x38
10003118:	2b01      	cmp	r3, #1
1000311a:	d1fc      	bne.n	10003116 <runtime_init_clocks+0x22>
1000311c:	3301      	adds	r3, #1
1000311e:	9300      	str	r3, [sp, #0]
10003120:	2101      	movs	r1, #1
10003122:	4a22      	ldr	r2, [pc, #136]	@ (100031ac <runtime_init_clocks+0xb8>)
10003124:	4822      	ldr	r0, [pc, #136]	@ (100031b0 <runtime_init_clocks+0xbc>)
10003126:	3304      	adds	r3, #4
10003128:	f7ff fe2c 	bl	10002d84 <pll_init>
1000312c:	2305      	movs	r3, #5
1000312e:	2101      	movs	r1, #1
10003130:	9300      	str	r3, [sp, #0]
10003132:	4a20      	ldr	r2, [pc, #128]	@ (100031b4 <runtime_init_clocks+0xc0>)
10003134:	4820      	ldr	r0, [pc, #128]	@ (100031b8 <runtime_init_clocks+0xc4>)
10003136:	f7ff fe25 	bl	10002d84 <pll_init>
1000313a:	2200      	movs	r2, #0
1000313c:	2102      	movs	r1, #2
1000313e:	2004      	movs	r0, #4
10003140:	4b1e      	ldr	r3, [pc, #120]	@ (100031bc <runtime_init_clocks+0xc8>)
10003142:	f7ff fda5 	bl	10002c90 <clock_configure_undivided>
10003146:	2200      	movs	r2, #0
10003148:	2101      	movs	r1, #1
1000314a:	2005      	movs	r0, #5
1000314c:	4b1c      	ldr	r3, [pc, #112]	@ (100031c0 <runtime_init_clocks+0xcc>)
1000314e:	f7ff fd9f 	bl	10002c90 <clock_configure_undivided>
10003152:	2200      	movs	r2, #0
10003154:	2100      	movs	r1, #0
10003156:	2007      	movs	r0, #7
10003158:	4b1a      	ldr	r3, [pc, #104]	@ (100031c4 <runtime_init_clocks+0xd0>)
1000315a:	f7ff fd99 	bl	10002c90 <clock_configure_undivided>
1000315e:	2200      	movs	r2, #0
10003160:	2100      	movs	r1, #0
10003162:	2008      	movs	r0, #8
10003164:	4b17      	ldr	r3, [pc, #92]	@ (100031c4 <runtime_init_clocks+0xd0>)
10003166:	f7ff fd93 	bl	10002c90 <clock_configure_undivided>
1000316a:	2380      	movs	r3, #128	@ 0x80
1000316c:	00db      	lsls	r3, r3, #3
1000316e:	9300      	str	r3, [sp, #0]
10003170:	2200      	movs	r2, #0
10003172:	2100      	movs	r1, #0
10003174:	2009      	movs	r0, #9
10003176:	4b13      	ldr	r3, [pc, #76]	@ (100031c4 <runtime_init_clocks+0xd0>)
10003178:	f7ff fd10 	bl	10002b9c <clock_configure_int_divider>
1000317c:	2200      	movs	r2, #0
1000317e:	4b10      	ldr	r3, [pc, #64]	@ (100031c0 <runtime_init_clocks+0xcc>)
10003180:	2100      	movs	r1, #0
10003182:	2006      	movs	r0, #6
10003184:	f7ff fd84 	bl	10002c90 <clock_configure_undivided>
10003188:	2004      	movs	r0, #4
1000318a:	f7ff fdf5 	bl	10002d78 <clock_get_hz>
1000318e:	490e      	ldr	r1, [pc, #56]	@ (100031c8 <runtime_init_clocks+0xd4>)
10003190:	f000 f84c 	bl	1000322c <__wrap___aeabi_uidiv>
10003194:	0001      	movs	r1, r0
10003196:	2000      	movs	r0, #0
10003198:	f7ff fe94 	bl	10002ec4 <tick_start>
1000319c:	b002      	add	sp, #8
1000319e:	bd10      	pop	{r4, pc}
100031a0:	40008000 	.word	0x40008000
100031a4:	4000b03c 	.word	0x4000b03c
100031a8:	4000b030 	.word	0x4000b030
100031ac:	59682f00 	.word	0x59682f00
100031b0:	40028000 	.word	0x40028000
100031b4:	47868c00 	.word	0x47868c00
100031b8:	4002c000 	.word	0x4002c000
100031bc:	00b71b00 	.word	0x00b71b00
100031c0:	07735940 	.word	0x07735940
100031c4:	02dc6c00 	.word	0x02dc6c00
100031c8:	000f4240 	.word	0x000f4240

100031cc <__aeabi_bits_init>:
100031cc:	4801      	ldr	r0, [pc, #4]	@ (100031d4 <__aeabi_bits_init+0x8>)
100031ce:	2104      	movs	r1, #4
100031d0:	4b01      	ldr	r3, [pc, #4]	@ (100031d8 <__aeabi_bits_init+0xc>)
100031d2:	4718      	bx	r3
100031d4:	200010c0 	.word	0x200010c0
100031d8:	10002ef5 	.word	0x10002ef5

100031dc <__wrap___aeabi_idiv>:
100031dc:	4a12      	ldr	r2, [pc, #72]	@ (10003228 <divmod_s32s32_savestate+0x18>)
100031de:	6f93      	ldr	r3, [r2, #120]	@ 0x78
100031e0:	089b      	lsrs	r3, r3, #2
100031e2:	d215      	bcs.n	10003210 <divmod_s32s32_savestate>

100031e4 <divmod_s32s32_unsafe>:
100031e4:	6690      	str	r0, [r2, #104]	@ 0x68
100031e6:	66d1      	str	r1, [r2, #108]	@ 0x6c
100031e8:	2900      	cmp	r1, #0
100031ea:	d005      	beq.n	100031f8 <divmod_s32s32_unsafe+0x14>
100031ec:	e7ff      	b.n	100031ee <divmod_s32s32_unsafe+0xa>
100031ee:	e7ff      	b.n	100031f0 <divmod_s32s32_unsafe+0xc>
100031f0:	e7ff      	b.n	100031f2 <divmod_s32s32_unsafe+0xe>
100031f2:	6f51      	ldr	r1, [r2, #116]	@ 0x74
100031f4:	6f10      	ldr	r0, [r2, #112]	@ 0x70
100031f6:	4770      	bx	lr
100031f8:	b504      	push	{r2, lr}
100031fa:	2180      	movs	r1, #128	@ 0x80
100031fc:	0609      	lsls	r1, r1, #24
100031fe:	17c2      	asrs	r2, r0, #31
10003200:	4051      	eors	r1, r2
10003202:	2800      	cmp	r0, #0
10003204:	d000      	beq.n	10003208 <divmod_s32s32_unsafe+0x24>
10003206:	43c8      	mvns	r0, r1
10003208:	f008 f9aa 	bl	1000b560 <____aeabi_idiv0_veneer>
1000320c:	2100      	movs	r1, #0
1000320e:	bd04      	pop	{r2, pc}

10003210 <divmod_s32s32_savestate>:
10003210:	b5f0      	push	{r4, r5, r6, r7, lr}
10003212:	6e14      	ldr	r4, [r2, #96]	@ 0x60
10003214:	6e55      	ldr	r5, [r2, #100]	@ 0x64
10003216:	6f57      	ldr	r7, [r2, #116]	@ 0x74
10003218:	6f16      	ldr	r6, [r2, #112]	@ 0x70
1000321a:	f7ff ffe3 	bl	100031e4 <divmod_s32s32_unsafe>
1000321e:	6614      	str	r4, [r2, #96]	@ 0x60
10003220:	6655      	str	r5, [r2, #100]	@ 0x64
10003222:	6757      	str	r7, [r2, #116]	@ 0x74
10003224:	6716      	str	r6, [r2, #112]	@ 0x70
10003226:	bdf0      	pop	{r4, r5, r6, r7, pc}
10003228:	d0000000 	.word	0xd0000000

1000322c <__wrap___aeabi_uidiv>:
1000322c:	4a11      	ldr	r2, [pc, #68]	@ (10003274 <divmod_u32u32_savestate+0x18>)
1000322e:	6f93      	ldr	r3, [r2, #120]	@ 0x78
10003230:	089b      	lsrs	r3, r3, #2
10003232:	d213      	bcs.n	1000325c <divmod_u32u32_savestate>

10003234 <divmod_u32u32_unsafe>:
10003234:	6610      	str	r0, [r2, #96]	@ 0x60
10003236:	6651      	str	r1, [r2, #100]	@ 0x64
10003238:	2900      	cmp	r1, #0
1000323a:	d005      	beq.n	10003248 <divmod_u32u32_unsafe+0x14>
1000323c:	e7ff      	b.n	1000323e <divmod_u32u32_unsafe+0xa>
1000323e:	e7ff      	b.n	10003240 <divmod_u32u32_unsafe+0xc>
10003240:	e7ff      	b.n	10003242 <divmod_u32u32_unsafe+0xe>
10003242:	6f51      	ldr	r1, [r2, #116]	@ 0x74
10003244:	6f10      	ldr	r0, [r2, #112]	@ 0x70
10003246:	4770      	bx	lr
10003248:	b504      	push	{r2, lr}
1000324a:	2800      	cmp	r0, #0
1000324c:	d001      	beq.n	10003252 <divmod_u32u32_unsafe+0x1e>
1000324e:	2000      	movs	r0, #0
10003250:	43c0      	mvns	r0, r0
10003252:	f008 f985 	bl	1000b560 <____aeabi_idiv0_veneer>
10003256:	2100      	movs	r1, #0
10003258:	bd04      	pop	{r2, pc}
1000325a:	46c0      	nop			@ (mov r8, r8)

1000325c <divmod_u32u32_savestate>:
1000325c:	b5f0      	push	{r4, r5, r6, r7, lr}
1000325e:	6e14      	ldr	r4, [r2, #96]	@ 0x60
10003260:	6e55      	ldr	r5, [r2, #100]	@ 0x64
10003262:	6f57      	ldr	r7, [r2, #116]	@ 0x74
10003264:	6f16      	ldr	r6, [r2, #112]	@ 0x70
10003266:	f7ff ffe5 	bl	10003234 <divmod_u32u32_unsafe>
1000326a:	6614      	str	r4, [r2, #96]	@ 0x60
1000326c:	6655      	str	r5, [r2, #100]	@ 0x64
1000326e:	6757      	str	r7, [r2, #116]	@ 0x74
10003270:	6716      	str	r6, [r2, #112]	@ 0x70
10003272:	bdf0      	pop	{r4, r5, r6, r7, pc}
10003274:	d0000000 	.word	0xd0000000

10003278 <__wrap___aeabi_ldivmod>:
10003278:	4694      	mov	ip, r2
1000327a:	4a4a      	ldr	r2, [pc, #296]	@ (100033a4 <udiv0+0x1a>)
1000327c:	6f92      	ldr	r2, [r2, #120]	@ 0x78
1000327e:	0892      	lsrs	r2, r2, #2
10003280:	4662      	mov	r2, ip
10003282:	d201      	bcs.n	10003288 <divmod_s64s64_savestate>
10003284:	e028      	b.n	100032d8 <divmod_s64s64_unsafe>
10003286:	46c0      	nop			@ (mov r8, r8)

10003288 <divmod_s64s64_savestate>:
10003288:	b5f0      	push	{r4, r5, r6, r7, lr}
1000328a:	4e46      	ldr	r6, [pc, #280]	@ (100033a4 <udiv0+0x1a>)
1000328c:	6e34      	ldr	r4, [r6, #96]	@ 0x60
1000328e:	6e75      	ldr	r5, [r6, #100]	@ 0x64
10003290:	6f77      	ldr	r7, [r6, #116]	@ 0x74
10003292:	6f36      	ldr	r6, [r6, #112]	@ 0x70
10003294:	f000 f820 	bl	100032d8 <divmod_s64s64_unsafe>
10003298:	4694      	mov	ip, r2
1000329a:	4a42      	ldr	r2, [pc, #264]	@ (100033a4 <udiv0+0x1a>)
1000329c:	6614      	str	r4, [r2, #96]	@ 0x60
1000329e:	6655      	str	r5, [r2, #100]	@ 0x64
100032a0:	6757      	str	r7, [r2, #116]	@ 0x74
100032a2:	6716      	str	r6, [r2, #112]	@ 0x70
100032a4:	4662      	mov	r2, ip
100032a6:	bdf0      	pop	{r4, r5, r6, r7, pc}

100032a8 <__wrap___aeabi_uldivmod>:
100032a8:	4694      	mov	ip, r2
100032aa:	4a3e      	ldr	r2, [pc, #248]	@ (100033a4 <udiv0+0x1a>)
100032ac:	6f92      	ldr	r2, [r2, #120]	@ 0x78
100032ae:	0892      	lsrs	r2, r2, #2
100032b0:	4662      	mov	r2, ip
100032b2:	d201      	bcs.n	100032b8 <divmod_u64u64_savestate>
100032b4:	e054      	b.n	10003360 <divmod_u64u64_unsafe>
100032b6:	46c0      	nop			@ (mov r8, r8)

100032b8 <divmod_u64u64_savestate>:
100032b8:	b5f0      	push	{r4, r5, r6, r7, lr}
100032ba:	4e3a      	ldr	r6, [pc, #232]	@ (100033a4 <udiv0+0x1a>)
100032bc:	6e34      	ldr	r4, [r6, #96]	@ 0x60
100032be:	6e75      	ldr	r5, [r6, #100]	@ 0x64
100032c0:	6f77      	ldr	r7, [r6, #116]	@ 0x74
100032c2:	6f36      	ldr	r6, [r6, #112]	@ 0x70
100032c4:	f000 f84c 	bl	10003360 <divmod_u64u64_unsafe>
100032c8:	4694      	mov	ip, r2
100032ca:	4a36      	ldr	r2, [pc, #216]	@ (100033a4 <udiv0+0x1a>)
100032cc:	6614      	str	r4, [r2, #96]	@ 0x60
100032ce:	6655      	str	r5, [r2, #100]	@ 0x64
100032d0:	6757      	str	r7, [r2, #116]	@ 0x74
100032d2:	6716      	str	r6, [r2, #112]	@ 0x70
100032d4:	4662      	mov	r2, ip
100032d6:	bdf0      	pop	{r4, r5, r6, r7, pc}

100032d8 <divmod_s64s64_unsafe>:
100032d8:	2b00      	cmp	r3, #0
100032da:	db24      	blt.n	10003326 <l42_1+0x26>
100032dc:	d011      	beq.n	10003302 <l42_1+0x2>
100032de:	2900      	cmp	r1, #0
100032e0:	da3e      	bge.n	10003360 <divmod_u64u64_unsafe>
100032e2:	b500      	push	{lr}
100032e4:	43c9      	mvns	r1, r1
100032e6:	4240      	negs	r0, r0
100032e8:	d100      	bne.n	100032ec <l40_1>
100032ea:	3101      	adds	r1, #1

100032ec <l40_1>:
100032ec:	f000 f838 	bl	10003360 <divmod_u64u64_unsafe>
100032f0:	43c9      	mvns	r1, r1
100032f2:	4240      	negs	r0, r0
100032f4:	d100      	bne.n	100032f8 <l41_1>
100032f6:	3101      	adds	r1, #1

100032f8 <l41_1>:
100032f8:	43db      	mvns	r3, r3
100032fa:	4252      	negs	r2, r2
100032fc:	d100      	bne.n	10003300 <l42_1>
100032fe:	3301      	adds	r3, #1

10003300 <l42_1>:
10003300:	bd00      	pop	{pc}
10003302:	2a00      	cmp	r2, #0
10003304:	d1eb      	bne.n	100032de <divmod_s64s64_unsafe+0x6>
10003306:	2800      	cmp	r0, #0
10003308:	d101      	bne.n	1000330e <l42_1+0xe>
1000330a:	2900      	cmp	r1, #0
1000330c:	d005      	beq.n	1000331a <l42_1+0x1a>
1000330e:	2000      	movs	r0, #0
10003310:	0fc9      	lsrs	r1, r1, #31
10003312:	07c9      	lsls	r1, r1, #31
10003314:	d101      	bne.n	1000331a <l42_1+0x1a>
10003316:	43c0      	mvns	r0, r0
10003318:	0841      	lsrs	r1, r0, #1
1000331a:	b500      	push	{lr}
1000331c:	f008 f910 	bl	1000b540 <____aeabi_ldiv0_veneer>
10003320:	2200      	movs	r2, #0
10003322:	2300      	movs	r3, #0
10003324:	bd00      	pop	{pc}
10003326:	b500      	push	{lr}
10003328:	2900      	cmp	r1, #0
1000332a:	db0a      	blt.n	10003342 <l44_1+0x2>
1000332c:	43db      	mvns	r3, r3
1000332e:	4252      	negs	r2, r2
10003330:	d100      	bne.n	10003334 <l43_1>
10003332:	3301      	adds	r3, #1

10003334 <l43_1>:
10003334:	f000 f814 	bl	10003360 <divmod_u64u64_unsafe>
10003338:	43c9      	mvns	r1, r1
1000333a:	4240      	negs	r0, r0
1000333c:	d100      	bne.n	10003340 <l44_1>
1000333e:	3101      	adds	r1, #1

10003340 <l44_1>:
10003340:	bd00      	pop	{pc}
10003342:	43c9      	mvns	r1, r1
10003344:	4240      	negs	r0, r0
10003346:	d100      	bne.n	1000334a <l45_1>
10003348:	3101      	adds	r1, #1

1000334a <l45_1>:
1000334a:	43db      	mvns	r3, r3
1000334c:	4252      	negs	r2, r2
1000334e:	d100      	bne.n	10003352 <l46_1>
10003350:	3301      	adds	r3, #1

10003352 <l46_1>:
10003352:	f000 f805 	bl	10003360 <divmod_u64u64_unsafe>
10003356:	43db      	mvns	r3, r3
10003358:	4252      	negs	r2, r2
1000335a:	d100      	bne.n	1000335e <l47_1>
1000335c:	3301      	adds	r3, #1

1000335e <l47_1>:
1000335e:	bd00      	pop	{pc}

10003360 <divmod_u64u64_unsafe>:
10003360:	2900      	cmp	r1, #0
10003362:	d123      	bne.n	100033ac <y64>
10003364:	2b00      	cmp	r3, #0
10003366:	d118      	bne.n	1000339a <udiv0+0x10>
10003368:	2a00      	cmp	r2, #0
1000336a:	d00c      	beq.n	10003386 <divmod_u64u64_unsafe+0x26>
1000336c:	46bc      	mov	ip, r7
1000336e:	4f0d      	ldr	r7, [pc, #52]	@ (100033a4 <udiv0+0x1a>)
10003370:	6638      	str	r0, [r7, #96]	@ 0x60
10003372:	667a      	str	r2, [r7, #100]	@ 0x64
10003374:	2100      	movs	r1, #0
10003376:	2300      	movs	r3, #0
10003378:	e7ff      	b.n	1000337a <divmod_u64u64_unsafe+0x1a>
1000337a:	e7ff      	b.n	1000337c <divmod_u64u64_unsafe+0x1c>
1000337c:	e7ff      	b.n	1000337e <divmod_u64u64_unsafe+0x1e>
1000337e:	6f7a      	ldr	r2, [r7, #116]	@ 0x74
10003380:	6f38      	ldr	r0, [r7, #112]	@ 0x70
10003382:	4667      	mov	r7, ip
10003384:	4770      	bx	lr
10003386:	2800      	cmp	r0, #0
10003388:	d001      	beq.n	1000338e <udiv0+0x4>

1000338a <udiv0>:
1000338a:	4807      	ldr	r0, [pc, #28]	@ (100033a8 <udiv0+0x1e>)
1000338c:	0001      	movs	r1, r0
1000338e:	b500      	push	{lr}
10003390:	f008 f8d6 	bl	1000b540 <____aeabi_ldiv0_veneer>
10003394:	2200      	movs	r2, #0
10003396:	2300      	movs	r3, #0
10003398:	bd00      	pop	{pc}
1000339a:	0002      	movs	r2, r0
1000339c:	000b      	movs	r3, r1
1000339e:	2000      	movs	r0, #0
100033a0:	2100      	movs	r1, #0
100033a2:	4770      	bx	lr
100033a4:	d0000000 	.word	0xd0000000
100033a8:	ffffffff 	.word	0xffffffff

100033ac <y64>:
100033ac:	2b00      	cmp	r3, #0
100033ae:	d000      	beq.n	100033b2 <y64+0x6>
100033b0:	e0bf      	b.n	10003532 <y64_x48>
100033b2:	0c13      	lsrs	r3, r2, #16
100033b4:	d128      	bne.n	10003408 <y64_x32>
100033b6:	2a00      	cmp	r2, #0
100033b8:	d0e7      	beq.n	1000338a <udiv0>
100033ba:	b480      	push	{r7}
100033bc:	4f11      	ldr	r7, [pc, #68]	@ (10003404 <y64+0x58>)
100033be:	6639      	str	r1, [r7, #96]	@ 0x60
100033c0:	667a      	str	r2, [r7, #100]	@ 0x64
100033c2:	e7ff      	b.n	100033c4 <y64+0x18>
100033c4:	e7ff      	b.n	100033c6 <y64+0x1a>
100033c6:	b430      	push	{r4, r5}
100033c8:	0c04      	lsrs	r4, r0, #16
100033ca:	6f7b      	ldr	r3, [r7, #116]	@ 0x74
100033cc:	6f39      	ldr	r1, [r7, #112]	@ 0x70
100033ce:	041b      	lsls	r3, r3, #16
100033d0:	4323      	orrs	r3, r4
100033d2:	663b      	str	r3, [r7, #96]	@ 0x60
100033d4:	667a      	str	r2, [r7, #100]	@ 0x64
100033d6:	e7ff      	b.n	100033d8 <y64+0x2c>
100033d8:	e7ff      	b.n	100033da <y64+0x2e>
100033da:	e7ff      	b.n	100033dc <y64+0x30>
100033dc:	46c0      	nop			@ (mov r8, r8)
100033de:	b284      	uxth	r4, r0
100033e0:	6f7b      	ldr	r3, [r7, #116]	@ 0x74
100033e2:	6f3d      	ldr	r5, [r7, #112]	@ 0x70
100033e4:	041b      	lsls	r3, r3, #16
100033e6:	4323      	orrs	r3, r4
100033e8:	663b      	str	r3, [r7, #96]	@ 0x60
100033ea:	667a      	str	r2, [r7, #100]	@ 0x64
100033ec:	e7ff      	b.n	100033ee <y64+0x42>
100033ee:	e7ff      	b.n	100033f0 <y64+0x44>
100033f0:	46c0      	nop			@ (mov r8, r8)
100033f2:	2300      	movs	r3, #0
100033f4:	042c      	lsls	r4, r5, #16
100033f6:	0c2d      	lsrs	r5, r5, #16
100033f8:	6f7a      	ldr	r2, [r7, #116]	@ 0x74
100033fa:	6f38      	ldr	r0, [r7, #112]	@ 0x70
100033fc:	1900      	adds	r0, r0, r4
100033fe:	4169      	adcs	r1, r5
10003400:	bcb0      	pop	{r4, r5, r7}
10003402:	4770      	bx	lr
10003404:	d0000000 	.word	0xd0000000

10003408 <y64_x32>:
10003408:	b5f0      	push	{r4, r5, r6, r7, lr}
1000340a:	4694      	mov	ip, r2
1000340c:	2500      	movs	r5, #0
1000340e:	0e14      	lsrs	r4, r2, #24
10003410:	d101      	bne.n	10003416 <y64_x32+0xe>
10003412:	0212      	lsls	r2, r2, #8
10003414:	3508      	adds	r5, #8
10003416:	0f14      	lsrs	r4, r2, #28
10003418:	d101      	bne.n	1000341e <y64_x32+0x16>
1000341a:	0112      	lsls	r2, r2, #4
1000341c:	3504      	adds	r5, #4
1000341e:	0f94      	lsrs	r4, r2, #30
10003420:	d101      	bne.n	10003426 <y64_x32+0x1e>
10003422:	0092      	lsls	r2, r2, #2
10003424:	3502      	adds	r5, #2
10003426:	0fd4      	lsrs	r4, r2, #31
10003428:	d101      	bne.n	1000342e <y64_x32+0x26>
1000342a:	0052      	lsls	r2, r2, #1
1000342c:	3501      	adds	r5, #1
1000342e:	0bd4      	lsrs	r4, r2, #15
10003430:	3401      	adds	r4, #1
10003432:	4f25      	ldr	r7, [pc, #148]	@ (100034c8 <y64_x32+0xc0>)
10003434:	667c      	str	r4, [r7, #100]	@ 0x64
10003436:	4c25      	ldr	r4, [pc, #148]	@ (100034cc <y64_x32+0xc4>)
10003438:	663c      	str	r4, [r7, #96]	@ 0x60
1000343a:	0c0e      	lsrs	r6, r1, #16
1000343c:	b293      	uxth	r3, r2
1000343e:	e7ff      	b.n	10003440 <y64_x32+0x38>
10003440:	e7ff      	b.n	10003442 <y64_x32+0x3a>
10003442:	e7ff      	b.n	10003444 <y64_x32+0x3c>
10003444:	6f3c      	ldr	r4, [r7, #112]	@ 0x70
10003446:	4366      	muls	r6, r4
10003448:	0c36      	lsrs	r6, r6, #16
1000344a:	0377      	lsls	r7, r6, #13
1000344c:	46be      	mov	lr, r7
1000344e:	4373      	muls	r3, r6
10003450:	0bdf      	lsrs	r7, r3, #15
10003452:	045b      	lsls	r3, r3, #17
10003454:	1ac0      	subs	r0, r0, r3
10003456:	41b9      	sbcs	r1, r7
10003458:	0c13      	lsrs	r3, r2, #16
1000345a:	4373      	muls	r3, r6
1000345c:	18db      	adds	r3, r3, r3
1000345e:	1ac9      	subs	r1, r1, r3
10003460:	08ce      	lsrs	r6, r1, #3
10003462:	4366      	muls	r6, r4
10003464:	0c36      	lsrs	r6, r6, #16
10003466:	44b6      	add	lr, r6
10003468:	b293      	uxth	r3, r2
1000346a:	4373      	muls	r3, r6
1000346c:	0f1f      	lsrs	r7, r3, #28
1000346e:	011b      	lsls	r3, r3, #4
10003470:	1ac0      	subs	r0, r0, r3
10003472:	41b9      	sbcs	r1, r7
10003474:	0c13      	lsrs	r3, r2, #16
10003476:	4373      	muls	r3, r6
10003478:	0b1f      	lsrs	r7, r3, #12
1000347a:	051b      	lsls	r3, r3, #20
1000347c:	1ac0      	subs	r0, r0, r3
1000347e:	41b9      	sbcs	r1, r7
10003480:	0d86      	lsrs	r6, r0, #22
10003482:	028f      	lsls	r7, r1, #10
10003484:	433e      	orrs	r6, r7
10003486:	4366      	muls	r6, r4
10003488:	0c36      	lsrs	r6, r6, #16
1000348a:	2d09      	cmp	r5, #9
1000348c:	db24      	blt.n	100034d8 <last0>
1000348e:	0a52      	lsrs	r2, r2, #9
10003490:	4372      	muls	r2, r6
10003492:	1a80      	subs	r0, r0, r2
10003494:	0377      	lsls	r7, r6, #13
10003496:	0a46      	lsrs	r6, r0, #9
10003498:	4366      	muls	r6, r4
1000349a:	0c36      	lsrs	r6, r6, #16
1000349c:	2316      	movs	r3, #22
1000349e:	1b5b      	subs	r3, r3, r5
100034a0:	40de      	lsrs	r6, r3
100034a2:	40df      	lsrs	r7, r3
100034a4:	19bf      	adds	r7, r7, r6
100034a6:	4664      	mov	r4, ip
100034a8:	4366      	muls	r6, r4
100034aa:	1b82      	subs	r2, r0, r6
100034ac:	4670      	mov	r0, lr
100034ae:	3504      	adds	r5, #4
100034b0:	3306      	adds	r3, #6
100034b2:	0001      	movs	r1, r0
100034b4:	40d9      	lsrs	r1, r3
100034b6:	40a8      	lsls	r0, r5
100034b8:	19c0      	adds	r0, r0, r7
100034ba:	d300      	bcc.n	100034be <y64_x32+0xb6>
100034bc:	3101      	adds	r1, #1
100034be:	42a2      	cmp	r2, r4
100034c0:	d206      	bcs.n	100034d0 <y64_x32+0xc8>
100034c2:	2300      	movs	r3, #0
100034c4:	bdf0      	pop	{r4, r5, r6, r7, pc}
100034c6:	0000      	.short	0x0000
100034c8:	d0000000 	.word	0xd0000000
100034cc:	ffffffff 	.word	0xffffffff
100034d0:	1b12      	subs	r2, r2, r4
100034d2:	3001      	adds	r0, #1
100034d4:	d3f3      	bcc.n	100034be <y64_x32+0xb6>
100034d6:	e7f1      	b.n	100034bc <y64_x32+0xb4>

100034d8 <last0>:
100034d8:	2709      	movs	r7, #9
100034da:	1b7f      	subs	r7, r7, r5
100034dc:	40fe      	lsrs	r6, r7
100034de:	4664      	mov	r4, ip
100034e0:	b2a2      	uxth	r2, r4
100034e2:	4372      	muls	r2, r6
100034e4:	1a80      	subs	r0, r0, r2
100034e6:	d200      	bcs.n	100034ea <last0+0x12>
100034e8:	3901      	subs	r1, #1
100034ea:	0c22      	lsrs	r2, r4, #16
100034ec:	4372      	muls	r2, r6
100034ee:	0c13      	lsrs	r3, r2, #16
100034f0:	0412      	lsls	r2, r2, #16
100034f2:	1a82      	subs	r2, r0, r2
100034f4:	4199      	sbcs	r1, r3
100034f6:	000b      	movs	r3, r1
100034f8:	4670      	mov	r0, lr
100034fa:	3504      	adds	r5, #4
100034fc:	3713      	adds	r7, #19
100034fe:	0001      	movs	r1, r0
10003500:	40f9      	lsrs	r1, r7
10003502:	40a8      	lsls	r0, r5
10003504:	1980      	adds	r0, r0, r6
10003506:	d300      	bcc.n	1000350a <last0+0x32>
10003508:	3101      	adds	r1, #1
1000350a:	2b00      	cmp	r3, #0
1000350c:	d102      	bne.n	10003514 <last0+0x3c>
1000350e:	42a2      	cmp	r2, r4
10003510:	d20a      	bcs.n	10003528 <last0+0x50>
10003512:	bdf0      	pop	{r4, r5, r6, r7, pc}
10003514:	3001      	adds	r0, #1
10003516:	d300      	bcc.n	1000351a <last0+0x42>
10003518:	3101      	adds	r1, #1
1000351a:	1b12      	subs	r2, r2, r4
1000351c:	d2fa      	bcs.n	10003514 <last0+0x3c>
1000351e:	3b01      	subs	r3, #1
10003520:	d1f8      	bne.n	10003514 <last0+0x3c>
10003522:	42a2      	cmp	r2, r4
10003524:	d200      	bcs.n	10003528 <last0+0x50>
10003526:	bdf0      	pop	{r4, r5, r6, r7, pc}
10003528:	3001      	adds	r0, #1
1000352a:	d300      	bcc.n	1000352e <last0+0x56>
1000352c:	3101      	adds	r1, #1
1000352e:	1b12      	subs	r2, r2, r4
10003530:	e7f7      	b.n	10003522 <last0+0x4a>

10003532 <y64_x48>:
10003532:	b5f0      	push	{r4, r5, r6, r7, lr}
10003534:	0c1c      	lsrs	r4, r3, #16
10003536:	d000      	beq.n	1000353a <y64_x48+0x8>
10003538:	e080      	b.n	1000363c <y64_x64>
1000353a:	b40c      	push	{r2, r3}
1000353c:	2500      	movs	r5, #0
1000353e:	0a1c      	lsrs	r4, r3, #8
10003540:	d104      	bne.n	1000354c <y64_x48+0x1a>
10003542:	021b      	lsls	r3, r3, #8
10003544:	0e16      	lsrs	r6, r2, #24
10003546:	4333      	orrs	r3, r6
10003548:	0212      	lsls	r2, r2, #8
1000354a:	3508      	adds	r5, #8
1000354c:	0b1c      	lsrs	r4, r3, #12
1000354e:	d104      	bne.n	1000355a <y64_x48+0x28>
10003550:	011b      	lsls	r3, r3, #4
10003552:	0f16      	lsrs	r6, r2, #28
10003554:	4333      	orrs	r3, r6
10003556:	0112      	lsls	r2, r2, #4
10003558:	3504      	adds	r5, #4
1000355a:	0b9c      	lsrs	r4, r3, #14
1000355c:	d104      	bne.n	10003568 <y64_x48+0x36>
1000355e:	009b      	lsls	r3, r3, #2
10003560:	0f96      	lsrs	r6, r2, #30
10003562:	4333      	orrs	r3, r6
10003564:	0092      	lsls	r2, r2, #2
10003566:	3502      	adds	r5, #2
10003568:	0bdc      	lsrs	r4, r3, #15
1000356a:	d102      	bne.n	10003572 <y64_x48+0x40>
1000356c:	1892      	adds	r2, r2, r2
1000356e:	415b      	adcs	r3, r3
10003570:	3501      	adds	r5, #1
10003572:	001c      	movs	r4, r3
10003574:	1897      	adds	r7, r2, r2
10003576:	4164      	adcs	r4, r4
10003578:	3401      	adds	r4, #1
1000357a:	4f46      	ldr	r7, [pc, #280]	@ (10003694 <y64_x64+0x58>)
1000357c:	667c      	str	r4, [r7, #100]	@ 0x64
1000357e:	4c46      	ldr	r4, [pc, #280]	@ (10003698 <y64_x64+0x5c>)
10003580:	663c      	str	r4, [r7, #96]	@ 0x60
10003582:	0c0e      	lsrs	r6, r1, #16
10003584:	e7ff      	b.n	10003586 <y64_x48+0x54>
10003586:	e7ff      	b.n	10003588 <y64_x48+0x56>
10003588:	e7ff      	b.n	1000358a <y64_x48+0x58>
1000358a:	46c0      	nop			@ (mov r8, r8)
1000358c:	6f3c      	ldr	r4, [r7, #112]	@ 0x70
1000358e:	4366      	muls	r6, r4
10003590:	0c36      	lsrs	r6, r6, #16
10003592:	0377      	lsls	r7, r6, #13
10003594:	46be      	mov	lr, r7
10003596:	b297      	uxth	r7, r2
10003598:	4377      	muls	r7, r6
1000359a:	1bc0      	subs	r0, r0, r7
1000359c:	d200      	bcs.n	100035a0 <y64_x48+0x6e>
1000359e:	3901      	subs	r1, #1
100035a0:	1bc0      	subs	r0, r0, r7
100035a2:	d200      	bcs.n	100035a6 <y64_x48+0x74>
100035a4:	3901      	subs	r1, #1
100035a6:	b29f      	uxth	r7, r3
100035a8:	4377      	muls	r7, r6
100035aa:	1bc9      	subs	r1, r1, r7
100035ac:	1bc9      	subs	r1, r1, r7
100035ae:	0c17      	lsrs	r7, r2, #16
100035b0:	4377      	muls	r7, r6
100035b2:	047e      	lsls	r6, r7, #17
100035b4:	0bff      	lsrs	r7, r7, #15
100035b6:	1b80      	subs	r0, r0, r6
100035b8:	41b9      	sbcs	r1, r7
100035ba:	08ce      	lsrs	r6, r1, #3
100035bc:	4366      	muls	r6, r4
100035be:	0c36      	lsrs	r6, r6, #16
100035c0:	2d0c      	cmp	r5, #12
100035c2:	db33      	blt.n	1000362c <last1>
100035c4:	44b6      	add	lr, r6
100035c6:	0b12      	lsrs	r2, r2, #12
100035c8:	051f      	lsls	r7, r3, #20
100035ca:	433a      	orrs	r2, r7
100035cc:	0b1b      	lsrs	r3, r3, #12
100035ce:	b297      	uxth	r7, r2
100035d0:	4377      	muls	r7, r6
100035d2:	1bc0      	subs	r0, r0, r7
100035d4:	d200      	bcs.n	100035d8 <y64_x48+0xa6>
100035d6:	3901      	subs	r1, #1
100035d8:	b29f      	uxth	r7, r3
100035da:	4377      	muls	r7, r6
100035dc:	1bc9      	subs	r1, r1, r7
100035de:	0c17      	lsrs	r7, r2, #16
100035e0:	4377      	muls	r7, r6
100035e2:	043e      	lsls	r6, r7, #16
100035e4:	0c3f      	lsrs	r7, r7, #16
100035e6:	1b80      	subs	r0, r0, r6
100035e8:	41b9      	sbcs	r1, r7
100035ea:	0d86      	lsrs	r6, r0, #22
100035ec:	028f      	lsls	r7, r1, #10
100035ee:	433e      	orrs	r6, r7
100035f0:	4366      	muls	r6, r4
100035f2:	2729      	movs	r7, #41	@ 0x29
100035f4:	1b7f      	subs	r7, r7, r5
100035f6:	40fe      	lsrs	r6, r7
100035f8:	3d0c      	subs	r5, #12
100035fa:	4677      	mov	r7, lr
100035fc:	40af      	lsls	r7, r5
100035fe:	19bf      	adds	r7, r7, r6
10003600:	bc30      	pop	{r4, r5}
10003602:	b2a2      	uxth	r2, r4
10003604:	b2ab      	uxth	r3, r5
10003606:	4372      	muls	r2, r6
10003608:	4373      	muls	r3, r6
1000360a:	1a80      	subs	r0, r0, r2
1000360c:	4199      	sbcs	r1, r3
1000360e:	0c22      	lsrs	r2, r4, #16
10003610:	4372      	muls	r2, r6
10003612:	0c13      	lsrs	r3, r2, #16
10003614:	0412      	lsls	r2, r2, #16
10003616:	1a80      	subs	r0, r0, r2
10003618:	4199      	sbcs	r1, r3
1000361a:	0002      	movs	r2, r0
1000361c:	000b      	movs	r3, r1
1000361e:	3701      	adds	r7, #1
10003620:	1b00      	subs	r0, r0, r4
10003622:	41a9      	sbcs	r1, r5
10003624:	d2f9      	bcs.n	1000361a <y64_x48+0xe8>
10003626:	1e78      	subs	r0, r7, #1
10003628:	2100      	movs	r1, #0
1000362a:	bdf0      	pop	{r4, r5, r6, r7, pc}

1000362c <last1>:
1000362c:	270c      	movs	r7, #12
1000362e:	1b7f      	subs	r7, r7, r5
10003630:	40fe      	lsrs	r6, r7
10003632:	4677      	mov	r7, lr
10003634:	0b7f      	lsrs	r7, r7, #13
10003636:	40af      	lsls	r7, r5
10003638:	19ff      	adds	r7, r7, r7
1000363a:	e7e0      	b.n	100035fe <y64_x48+0xcc>

1000363c <y64_x64>:
1000363c:	2400      	movs	r4, #0
1000363e:	1c5d      	adds	r5, r3, #1
10003640:	d007      	beq.n	10003652 <y64_x64+0x16>
10003642:	4f14      	ldr	r7, [pc, #80]	@ (10003694 <y64_x64+0x58>)
10003644:	667d      	str	r5, [r7, #100]	@ 0x64
10003646:	6639      	str	r1, [r7, #96]	@ 0x60
10003648:	e7ff      	b.n	1000364a <y64_x64+0xe>
1000364a:	e7ff      	b.n	1000364c <y64_x64+0x10>
1000364c:	e7ff      	b.n	1000364e <y64_x64+0x12>
1000364e:	e7ff      	b.n	10003650 <y64_x64+0x14>
10003650:	6f3c      	ldr	r4, [r7, #112]	@ 0x70
10003652:	b295      	uxth	r5, r2
10003654:	b29e      	uxth	r6, r3
10003656:	4365      	muls	r5, r4
10003658:	4366      	muls	r6, r4
1000365a:	1b40      	subs	r0, r0, r5
1000365c:	41b1      	sbcs	r1, r6
1000365e:	0c15      	lsrs	r5, r2, #16
10003660:	0c1e      	lsrs	r6, r3, #16
10003662:	4365      	muls	r5, r4
10003664:	4366      	muls	r6, r4
10003666:	0436      	lsls	r6, r6, #16
10003668:	0c2f      	lsrs	r7, r5, #16
1000366a:	433e      	orrs	r6, r7
1000366c:	042d      	lsls	r5, r5, #16
1000366e:	1b40      	subs	r0, r0, r5
10003670:	41b1      	sbcs	r1, r6
10003672:	4299      	cmp	r1, r3
10003674:	d204      	bcs.n	10003680 <y64_x64+0x44>
10003676:	0002      	movs	r2, r0
10003678:	000b      	movs	r3, r1
1000367a:	0020      	movs	r0, r4
1000367c:	2100      	movs	r1, #0
1000367e:	bdf0      	pop	{r4, r5, r6, r7, pc}
10003680:	d101      	bne.n	10003686 <y64_x64+0x4a>
10003682:	4290      	cmp	r0, r2
10003684:	d3f7      	bcc.n	10003676 <y64_x64+0x3a>
10003686:	1a80      	subs	r0, r0, r2
10003688:	4199      	sbcs	r1, r3
1000368a:	3401      	adds	r4, #1
1000368c:	4299      	cmp	r1, r3
1000368e:	d3f2      	bcc.n	10003676 <y64_x64+0x3a>
10003690:	e7f6      	b.n	10003680 <y64_x64+0x44>
10003692:	0000      	.short	0x0000
10003694:	d0000000 	.word	0xd0000000
10003698:	ffffffff 	.word	0xffffffff

1000369c <__wrap___aeabi_drsub>:
1000369c:	4048      	eors	r0, r1
1000369e:	4041      	eors	r1, r0
100036a0:	4048      	eors	r0, r1

100036a2 <__wrap___aeabi_dsub>:
100036a2:	b418      	push	{r3, r4}
100036a4:	4b1b      	ldr	r3, [pc, #108]	@ (10003714 <__wrap___aeabi_dmul+0x12>)
100036a6:	685b      	ldr	r3, [r3, #4]
100036a8:	46fc      	mov	ip, pc
100036aa:	9301      	str	r3, [sp, #4]
100036ac:	bd08      	pop	{r3, pc}
100036ae:	df04      	.short	0xdf04
100036b0:	10003947 	.word	0x10003947

100036b4 <__wrap___aeabi_dadd>:
100036b4:	b418      	push	{r3, r4}
100036b6:	4b17      	ldr	r3, [pc, #92]	@ (10003714 <__wrap___aeabi_dmul+0x12>)
100036b8:	681b      	ldr	r3, [r3, #0]
100036ba:	46fc      	mov	ip, pc
100036bc:	9301      	str	r3, [sp, #4]
100036be:	bd08      	pop	{r3, pc}
100036c0:	3951df00 	.word	0x3951df00
100036c4:	1000      	.short	0x1000

100036c6 <__wrap___aeabi_ddiv>:
100036c6:	4694      	mov	ip, r2
100036c8:	4a13      	ldr	r2, [pc, #76]	@ (10003718 <__wrap___aeabi_dmul+0x16>)
100036ca:	6f92      	ldr	r2, [r2, #120]	@ 0x78
100036cc:	0892      	lsrs	r2, r2, #2
100036ce:	d209      	bcs.n	100036e4 <ddiv_save_state>
100036d0:	4662      	mov	r2, ip

100036d2 <ddiv_shim_call>:
100036d2:	b418      	push	{r3, r4}
100036d4:	4b0f      	ldr	r3, [pc, #60]	@ (10003714 <__wrap___aeabi_dmul+0x12>)
100036d6:	68db      	ldr	r3, [r3, #12]
100036d8:	46fc      	mov	ip, pc
100036da:	9301      	str	r3, [sp, #4]
100036dc:	bd08      	pop	{r3, pc}
100036de:	df0c      	.short	0xdf0c
100036e0:	10003c09 	.word	0x10003c09

100036e4 <ddiv_save_state>:
100036e4:	4a0c      	ldr	r2, [pc, #48]	@ (10003718 <__wrap___aeabi_dmul+0x16>)
100036e6:	b5f0      	push	{r4, r5, r6, r7, lr}
100036e8:	6e14      	ldr	r4, [r2, #96]	@ 0x60
100036ea:	6e55      	ldr	r5, [r2, #100]	@ 0x64
100036ec:	6f57      	ldr	r7, [r2, #116]	@ 0x74
100036ee:	6f16      	ldr	r6, [r2, #112]	@ 0x70
100036f0:	4662      	mov	r2, ip
100036f2:	f7ff ffee 	bl	100036d2 <ddiv_shim_call>
100036f6:	4a08      	ldr	r2, [pc, #32]	@ (10003718 <__wrap___aeabi_dmul+0x16>)
100036f8:	6614      	str	r4, [r2, #96]	@ 0x60
100036fa:	6655      	str	r5, [r2, #100]	@ 0x64
100036fc:	6757      	str	r7, [r2, #116]	@ 0x74
100036fe:	6716      	str	r6, [r2, #112]	@ 0x70
10003700:	bdf0      	pop	{r4, r5, r6, r7, pc}

10003702 <__wrap___aeabi_dmul>:
10003702:	b418      	push	{r3, r4}
10003704:	4b03      	ldr	r3, [pc, #12]	@ (10003714 <__wrap___aeabi_dmul+0x12>)
10003706:	689b      	ldr	r3, [r3, #8]
10003708:	46fc      	mov	ip, pc
1000370a:	9301      	str	r3, [sp, #4]
1000370c:	bd08      	pop	{r3, pc}
1000370e:	df08      	.short	0xdf08
10003710:	10003aad 	.word	0x10003aad
10003714:	20001818 	.word	0x20001818
10003718:	d0000000 	.word	0xd0000000

1000371c <__wrap___aeabi_cdrcmple>:
1000371c:	b5ff      	push	{r0, r1, r2, r3, r4, r5, r6, r7, lr}
1000371e:	4050      	eors	r0, r2
10003720:	4042      	eors	r2, r0
10003722:	4050      	eors	r0, r2
10003724:	4059      	eors	r1, r3
10003726:	404b      	eors	r3, r1
10003728:	4059      	eors	r1, r3
1000372a:	e000      	b.n	1000372e <__aeabi_dfcmple_guts>

1000372c <__wrap___aeabi_cdcmpeq>:
1000372c:	b5ff      	push	{r0, r1, r2, r3, r4, r5, r6, r7, lr}

1000372e <__aeabi_dfcmple_guts>:
1000372e:	4f15      	ldr	r7, [pc, #84]	@ (10003784 <__aeabi_dfcmple_guts+0x56>)
10003730:	004c      	lsls	r4, r1, #1
10003732:	0d64      	lsrs	r4, r4, #21
10003734:	d003      	beq.n	1000373e <__aeabi_dfcmple_guts+0x10>
10003736:	42bc      	cmp	r4, r7
10003738:	d104      	bne.n	10003744 <__aeabi_dfcmple_guts+0x16>
1000373a:	030c      	lsls	r4, r1, #12
1000373c:	d814      	bhi.n	10003768 <__aeabi_dfcmple_guts+0x3a>
1000373e:	2000      	movs	r0, #0
10003740:	0d09      	lsrs	r1, r1, #20
10003742:	0509      	lsls	r1, r1, #20
10003744:	005c      	lsls	r4, r3, #1
10003746:	0d64      	lsrs	r4, r4, #21
10003748:	d003      	beq.n	10003752 <__aeabi_dfcmple_guts+0x24>
1000374a:	42bc      	cmp	r4, r7
1000374c:	d104      	bne.n	10003758 <__aeabi_dfcmple_guts+0x2a>
1000374e:	031c      	lsls	r4, r3, #12
10003750:	d80a      	bhi.n	10003768 <__aeabi_dfcmple_guts+0x3a>
10003752:	2200      	movs	r2, #0
10003754:	0d1b      	lsrs	r3, r3, #20
10003756:	051b      	lsls	r3, r3, #20
10003758:	2601      	movs	r6, #1
1000375a:	404b      	eors	r3, r1
1000375c:	d409      	bmi.n	10003772 <__aeabi_dfcmple_guts+0x44>
1000375e:	404b      	eors	r3, r1
10003760:	d503      	bpl.n	1000376a <__aeabi_dfcmple_guts+0x3c>
10003762:	428b      	cmp	r3, r1
10003764:	d100      	bne.n	10003768 <__aeabi_dfcmple_guts+0x3a>
10003766:	4282      	cmp	r2, r0
10003768:	bdff      	pop	{r0, r1, r2, r3, r4, r5, r6, r7, pc}
1000376a:	4299      	cmp	r1, r3
1000376c:	d1fc      	bne.n	10003768 <__aeabi_dfcmple_guts+0x3a>
1000376e:	4290      	cmp	r0, r2
10003770:	bdff      	pop	{r0, r1, r2, r3, r4, r5, r6, r7, pc}
10003772:	430b      	orrs	r3, r1
10003774:	18db      	adds	r3, r3, r3
10003776:	4303      	orrs	r3, r0
10003778:	4313      	orrs	r3, r2
1000377a:	d0f5      	beq.n	10003768 <__aeabi_dfcmple_guts+0x3a>
1000377c:	43c9      	mvns	r1, r1
1000377e:	1849      	adds	r1, r1, r1
10003780:	bdff      	pop	{r0, r1, r2, r3, r4, r5, r6, r7, pc}
10003782:	0000      	.short	0x0000
10003784:	000007ff 	.word	0x000007ff

10003788 <__wrap___aeabi_dcmplt>:
10003788:	b500      	push	{lr}
1000378a:	f7ff ffcf 	bl	1000372c <__wrap___aeabi_cdcmpeq>
1000378e:	4180      	sbcs	r0, r0
10003790:	bd00      	pop	{pc}
10003792:	46c0      	nop			@ (mov r8, r8)

10003794 <__wrap___aeabi_dcmple>:
10003794:	b500      	push	{lr}
10003796:	f7ff ffc9 	bl	1000372c <__wrap___aeabi_cdcmpeq>
1000379a:	d901      	bls.n	100037a0 <__wrap___aeabi_dcmple+0xc>
1000379c:	2000      	movs	r0, #0
1000379e:	bd00      	pop	{pc}
100037a0:	2001      	movs	r0, #1
100037a2:	bd00      	pop	{pc}

100037a4 <__wrap___aeabi_dcmpge>:
100037a4:	b500      	push	{lr}
100037a6:	f7ff ffb9 	bl	1000371c <__wrap___aeabi_cdrcmple>
100037aa:	d901      	bls.n	100037b0 <__wrap___aeabi_dcmpge+0xc>
100037ac:	2000      	movs	r0, #0
100037ae:	bd00      	pop	{pc}
100037b0:	2001      	movs	r0, #1
100037b2:	bd00      	pop	{pc}

100037b4 <__wrap___aeabi_dcmpgt>:
100037b4:	b500      	push	{lr}
100037b6:	f7ff ffb1 	bl	1000371c <__wrap___aeabi_cdrcmple>
100037ba:	4180      	sbcs	r0, r0
100037bc:	bd00      	pop	{pc}

100037be <__wrap___aeabi_dcmpun>:
100037be:	2001      	movs	r0, #1
100037c0:	0540      	lsls	r0, r0, #21
100037c2:	004a      	lsls	r2, r1, #1
100037c4:	1812      	adds	r2, r2, r0
100037c6:	d804      	bhi.n	100037d2 <__wrap___aeabi_dcmpun+0x14>
100037c8:	005a      	lsls	r2, r3, #1
100037ca:	1812      	adds	r2, r2, r0
100037cc:	d801      	bhi.n	100037d2 <__wrap___aeabi_dcmpun+0x14>
100037ce:	2000      	movs	r0, #0
100037d0:	4770      	bx	lr
100037d2:	2001      	movs	r0, #1
100037d4:	4770      	bx	lr
	...

100037d8 <__wrap___aeabi_ui2d>:
100037d8:	2100      	movs	r1, #0
100037da:	2800      	cmp	r0, #0
100037dc:	d105      	bne.n	100037ea <__wrap___aeabi_i2d+0xa>
100037de:	4770      	bx	lr

100037e0 <__wrap___aeabi_i2d>:
100037e0:	17c1      	asrs	r1, r0, #31
100037e2:	4048      	eors	r0, r1
100037e4:	1a40      	subs	r0, r0, r1
100037e6:	d0fa      	beq.n	100037de <__wrap___aeabi_ui2d+0x6>
100037e8:	07c9      	lsls	r1, r1, #31
100037ea:	b513      	push	{r0, r1, r4, lr}
100037ec:	4b06      	ldr	r3, [pc, #24]	@ (10003808 <__wrap___aeabi_i2d+0x28>)
100037ee:	681b      	ldr	r3, [r3, #0]
100037f0:	4798      	blx	r3
100037f2:	bc0c      	pop	{r2, r3}
100037f4:	1c44      	adds	r4, r0, #1
100037f6:	40a2      	lsls	r2, r4
100037f8:	0510      	lsls	r0, r2, #20
100037fa:	0b12      	lsrs	r2, r2, #12
100037fc:	4903      	ldr	r1, [pc, #12]	@ (1000380c <__wrap___aeabi_i2d+0x2c>)
100037fe:	1b09      	subs	r1, r1, r4
10003800:	0509      	lsls	r1, r1, #20
10003802:	4319      	orrs	r1, r3
10003804:	4311      	orrs	r1, r2
10003806:	bd10      	pop	{r4, pc}
10003808:	2001fbf8 	.word	0x2001fbf8
1000380c:	0000041f 	.word	0x0000041f

10003810 <__wrap___aeabi_d2iz>:
10003810:	b510      	push	{r4, lr}
10003812:	004c      	lsls	r4, r1, #1
10003814:	0d62      	lsrs	r2, r4, #21
10003816:	2380      	movs	r3, #128	@ 0x80
10003818:	18d2      	adds	r2, r2, r3
1000381a:	00db      	lsls	r3, r3, #3
1000381c:	1ad2      	subs	r2, r2, r3
1000381e:	055b      	lsls	r3, r3, #21
10003820:	2a7e      	cmp	r2, #126	@ 0x7e
10003822:	dd10      	ble.n	10003846 <__wrap___aeabi_d2iz+0x36>
10003824:	3a9e      	subs	r2, #158	@ 0x9e
10003826:	da13      	bge.n	10003850 <__wrap___aeabi_d2iz+0x40>
10003828:	17cc      	asrs	r4, r1, #31
1000382a:	0309      	lsls	r1, r1, #12
1000382c:	0849      	lsrs	r1, r1, #1
1000382e:	4319      	orrs	r1, r3
10003830:	4252      	negs	r2, r2
10003832:	40d1      	lsrs	r1, r2
10003834:	0064      	lsls	r4, r4, #1
10003836:	3401      	adds	r4, #1
10003838:	3215      	adds	r2, #21
1000383a:	2a20      	cmp	r2, #32
1000383c:	da05      	bge.n	1000384a <__wrap___aeabi_d2iz+0x3a>
1000383e:	40d0      	lsrs	r0, r2
10003840:	4308      	orrs	r0, r1
10003842:	4360      	muls	r0, r4
10003844:	bd10      	pop	{r4, pc}
10003846:	2000      	movs	r0, #0
10003848:	bd10      	pop	{r4, pc}
1000384a:	4608      	mov	r0, r1
1000384c:	4360      	muls	r0, r4
1000384e:	bd10      	pop	{r4, pc}
10003850:	0fc8      	lsrs	r0, r1, #31
10003852:	18c0      	adds	r0, r0, r3
10003854:	3801      	subs	r0, #1
10003856:	bd10      	pop	{r4, pc}

10003858 <__wrap___aeabi_d2uiz>:
10003858:	b418      	push	{r3, r4}
1000385a:	4b04      	ldr	r3, [pc, #16]	@ (1000386c <__wrap___aeabi_d2uiz+0x14>)
1000385c:	6a5b      	ldr	r3, [r3, #36]	@ 0x24
1000385e:	46fc      	mov	ip, pc
10003860:	9301      	str	r3, [sp, #4]
10003862:	bd08      	pop	{r3, pc}
10003864:	3db9df24 	.word	0x3db9df24
10003868:	00001000 	.word	0x00001000
1000386c:	20001818 	.word	0x20001818

10003870 <__aeabi_double_init>:
10003870:	2313      	movs	r3, #19
10003872:	b570      	push	{r4, r5, r6, lr}
10003874:	781d      	ldrb	r5, [r3, #0]
10003876:	2d01      	cmp	r5, #1
10003878:	d019      	beq.n	100038ae <__aeabi_double_init+0x3e>
1000387a:	dd14      	ble.n	100038a6 <__aeabi_double_init+0x36>
1000387c:	481f      	ldr	r0, [pc, #124]	@ (100038fc <__aeabi_double_init+0x8c>)
1000387e:	f7ff fb31 	bl	10002ee4 <rom_data_lookup>
10003882:	0006      	movs	r6, r0
10003884:	481e      	ldr	r0, [pc, #120]	@ (10003900 <__aeabi_double_init+0x90>)
10003886:	f7ff fb2d 	bl	10002ee4 <rom_data_lookup>
1000388a:	4c1e      	ldr	r4, [pc, #120]	@ (10003904 <__aeabi_double_init+0x94>)
1000388c:	2280      	movs	r2, #128	@ 0x80
1000388e:	0031      	movs	r1, r6
10003890:	0020      	movs	r0, r4
10003892:	f000 fbc7 	bl	10004024 <__wrap___aeabi_memcpy>
10003896:	2d02      	cmp	r5, #2
10003898:	d02d      	beq.n	100038f6 <__aeabi_double_init+0x86>
1000389a:	481b      	ldr	r0, [pc, #108]	@ (10003908 <__aeabi_double_init+0x98>)
1000389c:	f7ff fb1a 	bl	10002ed4 <rom_func_lookup>
100038a0:	4b1a      	ldr	r3, [pc, #104]	@ (1000390c <__aeabi_double_init+0x9c>)
100038a2:	6018      	str	r0, [r3, #0]
100038a4:	bd70      	pop	{r4, r5, r6, pc}
100038a6:	4b1a      	ldr	r3, [pc, #104]	@ (10003910 <__aeabi_double_init+0xa0>)
100038a8:	4c16      	ldr	r4, [pc, #88]	@ (10003904 <__aeabi_double_init+0x94>)
100038aa:	64a3      	str	r3, [r4, #72]	@ 0x48
100038ac:	e7f5      	b.n	1000389a <__aeabi_double_init+0x2a>
100038ae:	4b18      	ldr	r3, [pc, #96]	@ (10003910 <__aeabi_double_init+0xa0>)
100038b0:	4c14      	ldr	r4, [pc, #80]	@ (10003904 <__aeabi_double_init+0x94>)
100038b2:	6023      	str	r3, [r4, #0]
100038b4:	6063      	str	r3, [r4, #4]
100038b6:	60a3      	str	r3, [r4, #8]
100038b8:	60e3      	str	r3, [r4, #12]
100038ba:	6123      	str	r3, [r4, #16]
100038bc:	6163      	str	r3, [r4, #20]
100038be:	61a3      	str	r3, [r4, #24]
100038c0:	61e3      	str	r3, [r4, #28]
100038c2:	6223      	str	r3, [r4, #32]
100038c4:	6263      	str	r3, [r4, #36]	@ 0x24
100038c6:	62a3      	str	r3, [r4, #40]	@ 0x28
100038c8:	62e3      	str	r3, [r4, #44]	@ 0x2c
100038ca:	6323      	str	r3, [r4, #48]	@ 0x30
100038cc:	6363      	str	r3, [r4, #52]	@ 0x34
100038ce:	63a3      	str	r3, [r4, #56]	@ 0x38
100038d0:	63e3      	str	r3, [r4, #60]	@ 0x3c
100038d2:	6423      	str	r3, [r4, #64]	@ 0x40
100038d4:	6463      	str	r3, [r4, #68]	@ 0x44
100038d6:	64a3      	str	r3, [r4, #72]	@ 0x48
100038d8:	64e3      	str	r3, [r4, #76]	@ 0x4c
100038da:	6523      	str	r3, [r4, #80]	@ 0x50
100038dc:	6563      	str	r3, [r4, #84]	@ 0x54
100038de:	65a3      	str	r3, [r4, #88]	@ 0x58
100038e0:	65e3      	str	r3, [r4, #92]	@ 0x5c
100038e2:	6623      	str	r3, [r4, #96]	@ 0x60
100038e4:	6663      	str	r3, [r4, #100]	@ 0x64
100038e6:	66a3      	str	r3, [r4, #104]	@ 0x68
100038e8:	66e3      	str	r3, [r4, #108]	@ 0x6c
100038ea:	6723      	str	r3, [r4, #112]	@ 0x70
100038ec:	6763      	str	r3, [r4, #116]	@ 0x74
100038ee:	67a3      	str	r3, [r4, #120]	@ 0x78
100038f0:	67e3      	str	r3, [r4, #124]	@ 0x7c
100038f2:	64a3      	str	r3, [r4, #72]	@ 0x48
100038f4:	e7d1      	b.n	1000389a <__aeabi_double_init+0x2a>
100038f6:	4b06      	ldr	r3, [pc, #24]	@ (10003910 <__aeabi_double_init+0xa0>)
100038f8:	64a3      	str	r3, [r4, #72]	@ 0x48
100038fa:	e7ce      	b.n	1000389a <__aeabi_double_init+0x2a>
100038fc:	00004453 	.word	0x00004453
10003900:	00004653 	.word	0x00004653
10003904:	20001818 	.word	0x20001818
10003908:	0000334c 	.word	0x0000334c
1000390c:	2001fbf8 	.word	0x2001fbf8
10003910:	10003915 	.word	0x10003915

10003914 <double_table_shim_on_use_helper>:
10003914:	b507      	push	{r0, r1, r2, lr}
10003916:	4660      	mov	r0, ip
10003918:	8801      	ldrh	r1, [r0, #0]
1000391a:	0a0a      	lsrs	r2, r1, #8
1000391c:	3002      	adds	r0, #2
1000391e:	2adf      	cmp	r2, #223	@ 0xdf
10003920:	d1fa      	bne.n	10003918 <double_table_shim_on_use_helper+0x4>
10003922:	b2c9      	uxtb	r1, r1
10003924:	0882      	lsrs	r2, r0, #2
10003926:	d304      	bcc.n	10003932 <double_table_shim_on_use_helper+0x1e>
10003928:	8802      	ldrh	r2, [r0, #0]
1000392a:	8840      	ldrh	r0, [r0, #2]
1000392c:	0400      	lsls	r0, r0, #16
1000392e:	4310      	orrs	r0, r2
10003930:	e000      	b.n	10003934 <double_table_shim_on_use_helper+0x20>
10003932:	6800      	ldr	r0, [r0, #0]
10003934:	4a01      	ldr	r2, [pc, #4]	@ (1000393c <double_table_shim_on_use_helper+0x28>)
10003936:	5050      	str	r0, [r2, r1]
10003938:	9003      	str	r0, [sp, #12]
1000393a:	bd07      	pop	{r0, r1, r2, pc}
1000393c:	20001818 	.word	0x20001818

10003940 <drsub_shim>:
10003940:	b40f      	push	{r0, r1, r2, r3}
10003942:	bc03      	pop	{r0, r1}
10003944:	bc0c      	pop	{r2, r3}

10003946 <dsub_shim>:
10003946:	b5f0      	push	{r4, r5, r6, r7, lr}
10003948:	2401      	movs	r4, #1
1000394a:	07e4      	lsls	r4, r4, #31
1000394c:	4063      	eors	r3, r4
1000394e:	e000      	b.n	10003952 <da_entry>

10003950 <dadd_shim>:
10003950:	b5f0      	push	{r4, r5, r6, r7, lr}

10003952 <da_entry>:
10003952:	0d0c      	lsrs	r4, r1, #20
10003954:	0fcf      	lsrs	r7, r1, #31
10003956:	1e66      	subs	r6, r4, #1
10003958:	0536      	lsls	r6, r6, #20
1000395a:	1b89      	subs	r1, r1, r6
1000395c:	0564      	lsls	r4, r4, #21
1000395e:	d303      	bcc.n	10003968 <l8_1>
10003960:	43c9      	mvns	r1, r1
10003962:	4240      	negs	r0, r0
10003964:	d300      	bcc.n	10003968 <l8_1>
10003966:	3101      	adds	r1, #1

10003968 <l8_1>:
10003968:	0d64      	lsrs	r4, r4, #21
1000396a:	d003      	beq.n	10003974 <l8_2>
1000396c:	1c66      	adds	r6, r4, #1
1000396e:	0af6      	lsrs	r6, r6, #11
10003970:	d007      	beq.n	10003982 <l8_3>
10003972:	1be4      	subs	r4, r4, r7

10003974 <l8_2>:
10003974:	2000      	movs	r0, #0
10003976:	007f      	lsls	r7, r7, #1
10003978:	1c79      	adds	r1, r7, #1
1000397a:	0789      	lsls	r1, r1, #30
1000397c:	1289      	asrs	r1, r1, #10
1000397e:	3c80      	subs	r4, #128	@ 0x80
10003980:	0324      	lsls	r4, r4, #12

10003982 <l8_3>:
10003982:	0d1d      	lsrs	r5, r3, #20
10003984:	0fdf      	lsrs	r7, r3, #31
10003986:	1e6e      	subs	r6, r5, #1
10003988:	0536      	lsls	r6, r6, #20
1000398a:	1b9b      	subs	r3, r3, r6
1000398c:	056d      	lsls	r5, r5, #21
1000398e:	d303      	bcc.n	10003998 <l9_1>
10003990:	43db      	mvns	r3, r3
10003992:	4252      	negs	r2, r2
10003994:	d300      	bcc.n	10003998 <l9_1>
10003996:	3301      	adds	r3, #1

10003998 <l9_1>:
10003998:	0d6d      	lsrs	r5, r5, #21
1000399a:	d003      	beq.n	100039a4 <l9_2>
1000399c:	1c6e      	adds	r6, r5, #1
1000399e:	0af6      	lsrs	r6, r6, #11
100039a0:	d007      	beq.n	100039b2 <l9_3>
100039a2:	1bed      	subs	r5, r5, r7

100039a4 <l9_2>:
100039a4:	2200      	movs	r2, #0
100039a6:	007f      	lsls	r7, r7, #1
100039a8:	1c7b      	adds	r3, r7, #1
100039aa:	079b      	lsls	r3, r3, #30
100039ac:	129b      	asrs	r3, r3, #10
100039ae:	3d80      	subs	r5, #128	@ 0x80
100039b0:	032d      	lsls	r5, r5, #12

100039b2 <l9_3>:
100039b2:	1b2f      	subs	r7, r5, r4
100039b4:	1b66      	subs	r6, r4, r5
100039b6:	d458      	bmi.n	10003a6a <da_ygtx>
100039b8:	46a4      	mov	ip, r4
100039ba:	2e20      	cmp	r6, #32
100039bc:	da46      	bge.n	10003a4c <da_xrgty>
100039be:	3720      	adds	r7, #32
100039c0:	0014      	movs	r4, r2
100039c2:	40bc      	lsls	r4, r7

100039c4 <da_xgty0>:
100039c4:	001d      	movs	r5, r3
100039c6:	40bd      	lsls	r5, r7
100039c8:	40f2      	lsrs	r2, r6
100039ca:	4133      	asrs	r3, r6
100039cc:	432a      	orrs	r2, r5

100039ce <da_add>:
100039ce:	1880      	adds	r0, r0, r2
100039d0:	4159      	adcs	r1, r3

100039d2 <da_pack>:
100039d2:	0fcb      	lsrs	r3, r1, #31
100039d4:	d005      	beq.n	100039e2 <da_pack+0x10>
100039d6:	43c9      	mvns	r1, r1
100039d8:	43c0      	mvns	r0, r0
100039da:	2200      	movs	r2, #0
100039dc:	4264      	negs	r4, r4
100039de:	4150      	adcs	r0, r2
100039e0:	4151      	adcs	r1, r2
100039e2:	4662      	mov	r2, ip
100039e4:	0d4d      	lsrs	r5, r1, #21
100039e6:	d128      	bne.n	10003a3a <da_0>
100039e8:	0d0d      	lsrs	r5, r1, #20
100039ea:	d107      	bne.n	100039fc <da_1>
100039ec:	2800      	cmp	r0, #0
100039ee:	d01f      	beq.n	10003a30 <da_5>

100039f0 <da_2>:
100039f0:	1924      	adds	r4, r4, r4
100039f2:	4140      	adcs	r0, r0
100039f4:	4149      	adcs	r1, r1
100039f6:	3a01      	subs	r2, #1
100039f8:	0d0d      	lsrs	r5, r1, #20
100039fa:	d0f9      	beq.n	100039f0 <da_2>

100039fc <da_1>:
100039fc:	0064      	lsls	r4, r4, #1
100039fe:	d306      	bcc.n	10003a0e <da_3>

10003a00 <da_4>:
10003a00:	3001      	adds	r0, #1
10003a02:	d300      	bcc.n	10003a06 <da_4+0x6>
10003a04:	3101      	adds	r1, #1
10003a06:	2c00      	cmp	r4, #0
10003a08:	d101      	bne.n	10003a0e <da_3>
10003a0a:	0840      	lsrs	r0, r0, #1
10003a0c:	0040      	lsls	r0, r0, #1

10003a0e <da_3>:
10003a0e:	3a01      	subs	r2, #1
10003a10:	d40b      	bmi.n	10003a2a <da_6>
10003a12:	1c94      	adds	r4, r2, #2
10003a14:	0ae4      	lsrs	r4, r4, #11
10003a16:	d104      	bne.n	10003a22 <da_7>
10003a18:	0512      	lsls	r2, r2, #20
10003a1a:	4411      	add	r1, r2
10003a1c:	07db      	lsls	r3, r3, #31
10003a1e:	4419      	add	r1, r3
10003a20:	bdf0      	pop	{r4, r5, r6, r7, pc}

10003a22 <da_7>:
10003a22:	07d9      	lsls	r1, r3, #31
10003a24:	4b20      	ldr	r3, [pc, #128]	@ (10003aa8 <da_xmgty+0x4>)
10003a26:	4319      	orrs	r1, r3
10003a28:	e000      	b.n	10003a2c <da_6+0x2>

10003a2a <da_6>:
10003a2a:	07d9      	lsls	r1, r3, #31
10003a2c:	2000      	movs	r0, #0
10003a2e:	bdf0      	pop	{r4, r5, r6, r7, pc}

10003a30 <da_5>:
10003a30:	2900      	cmp	r1, #0
10003a32:	d1dd      	bne.n	100039f0 <da_2>
10003a34:	2c00      	cmp	r4, #0
10003a36:	d1db      	bne.n	100039f0 <da_2>
10003a38:	bdf0      	pop	{r4, r5, r6, r7, pc}

10003a3a <da_0>:
10003a3a:	3201      	adds	r2, #1
10003a3c:	07c6      	lsls	r6, r0, #31
10003a3e:	0840      	lsrs	r0, r0, #1
10003a40:	07cd      	lsls	r5, r1, #31
10003a42:	4328      	orrs	r0, r5
10003a44:	0849      	lsrs	r1, r1, #1
10003a46:	2e00      	cmp	r6, #0
10003a48:	d0e1      	beq.n	10003a0e <da_3>
10003a4a:	e7d9      	b.n	10003a00 <da_4>

10003a4c <da_xrgty>:
10003a4c:	2e3c      	cmp	r6, #60	@ 0x3c
10003a4e:	da29      	bge.n	10003aa4 <da_xmgty>
10003a50:	3e20      	subs	r6, #32
10003a52:	3740      	adds	r7, #64	@ 0x40
10003a54:	0014      	movs	r4, r2
10003a56:	40bc      	lsls	r4, r7
10003a58:	d000      	beq.n	10003a5c <da_xrgty+0x10>
10003a5a:	2401      	movs	r4, #1
10003a5c:	40f2      	lsrs	r2, r6
10003a5e:	4314      	orrs	r4, r2
10003a60:	001a      	movs	r2, r3
10003a62:	40bb      	lsls	r3, r7
10003a64:	431c      	orrs	r4, r3
10003a66:	17d3      	asrs	r3, r2, #31
10003a68:	e7ac      	b.n	100039c4 <da_xgty0>

10003a6a <da_ygtx>:
10003a6a:	46ac      	mov	ip, r5
10003a6c:	2f20      	cmp	r7, #32
10003a6e:	da08      	bge.n	10003a82 <da_yrgtx>
10003a70:	3620      	adds	r6, #32
10003a72:	0004      	movs	r4, r0
10003a74:	40b4      	lsls	r4, r6

10003a76 <da_ygtx0>:
10003a76:	000d      	movs	r5, r1
10003a78:	40b5      	lsls	r5, r6
10003a7a:	40f8      	lsrs	r0, r7
10003a7c:	4139      	asrs	r1, r7
10003a7e:	4328      	orrs	r0, r5
10003a80:	e7a5      	b.n	100039ce <da_add>

10003a82 <da_yrgtx>:
10003a82:	2f3c      	cmp	r7, #60	@ 0x3c
10003a84:	da0c      	bge.n	10003aa0 <da_ymgtx>
10003a86:	3f20      	subs	r7, #32
10003a88:	3640      	adds	r6, #64	@ 0x40
10003a8a:	0004      	movs	r4, r0
10003a8c:	40b4      	lsls	r4, r6
10003a8e:	d000      	beq.n	10003a92 <da_yrgtx+0x10>
10003a90:	2401      	movs	r4, #1
10003a92:	40f8      	lsrs	r0, r7
10003a94:	4304      	orrs	r4, r0
10003a96:	0008      	movs	r0, r1
10003a98:	40b1      	lsls	r1, r6
10003a9a:	430c      	orrs	r4, r1
10003a9c:	17c1      	asrs	r1, r0, #31
10003a9e:	e7ea      	b.n	10003a76 <da_ygtx0>

10003aa0 <da_ymgtx>:
10003aa0:	0010      	movs	r0, r2
10003aa2:	0019      	movs	r1, r3

10003aa4 <da_xmgty>:
10003aa4:	2400      	movs	r4, #0
10003aa6:	e794      	b.n	100039d2 <da_pack>
10003aa8:	7ff00000 	.word	0x7ff00000

10003aac <dmul_shim>:
10003aac:	b5f0      	push	{r4, r5, r6, r7, lr}
10003aae:	0d0c      	lsrs	r4, r1, #20
10003ab0:	1e66      	subs	r6, r4, #1
10003ab2:	0536      	lsls	r6, r6, #20
10003ab4:	1b89      	subs	r1, r1, r6
10003ab6:	0ae6      	lsrs	r6, r4, #11
10003ab8:	0564      	lsls	r4, r4, #21
10003aba:	0d64      	lsrs	r4, r4, #21
10003abc:	d002      	beq.n	10003ac4 <l12_1>
10003abe:	1c65      	adds	r5, r4, #1
10003ac0:	0aed      	lsrs	r5, r5, #11
10003ac2:	d004      	beq.n	10003ace <l12_2>

10003ac4 <l12_1>:
10003ac4:	2000      	movs	r0, #0
10003ac6:	2101      	movs	r1, #1
10003ac8:	0509      	lsls	r1, r1, #20
10003aca:	3c80      	subs	r4, #128	@ 0x80
10003acc:	0324      	lsls	r4, r4, #12

10003ace <l12_2>:
10003ace:	46a4      	mov	ip, r4
10003ad0:	0d1c      	lsrs	r4, r3, #20
10003ad2:	1e67      	subs	r7, r4, #1
10003ad4:	053f      	lsls	r7, r7, #20
10003ad6:	1bdb      	subs	r3, r3, r7
10003ad8:	0ae7      	lsrs	r7, r4, #11
10003ada:	0564      	lsls	r4, r4, #21
10003adc:	0d64      	lsrs	r4, r4, #21
10003ade:	d002      	beq.n	10003ae6 <l13_1>
10003ae0:	1c65      	adds	r5, r4, #1
10003ae2:	0aed      	lsrs	r5, r5, #11
10003ae4:	d004      	beq.n	10003af0 <l13_2>

10003ae6 <l13_1>:
10003ae6:	2200      	movs	r2, #0
10003ae8:	2301      	movs	r3, #1
10003aea:	051b      	lsls	r3, r3, #20
10003aec:	3c80      	subs	r4, #128	@ 0x80
10003aee:	0324      	lsls	r4, r4, #12

10003af0 <l13_2>:
10003af0:	4077      	eors	r7, r6
10003af2:	4464      	add	r4, ip
10003af4:	b497      	push	{r0, r1, r2, r4, r7}
10003af6:	b284      	uxth	r4, r0
10003af8:	b296      	uxth	r6, r2
10003afa:	4374      	muls	r4, r6
10003afc:	0c07      	lsrs	r7, r0, #16
10003afe:	437e      	muls	r6, r7
10003b00:	0c15      	lsrs	r5, r2, #16
10003b02:	436f      	muls	r7, r5
10003b04:	b280      	uxth	r0, r0
10003b06:	4368      	muls	r0, r5
10003b08:	1836      	adds	r6, r6, r0
10003b0a:	d302      	bcc.n	10003b12 <l14_1>
10003b0c:	2001      	movs	r0, #1
10003b0e:	0400      	lsls	r0, r0, #16
10003b10:	183f      	adds	r7, r7, r0

10003b12 <l14_1>:
10003b12:	0430      	lsls	r0, r6, #16
10003b14:	0c35      	lsrs	r5, r6, #16
10003b16:	1900      	adds	r0, r0, r4
10003b18:	417d      	adcs	r5, r7
10003b1a:	4684      	mov	ip, r0
10003b1c:	b288      	uxth	r0, r1
10003b1e:	b29a      	uxth	r2, r3
10003b20:	4350      	muls	r0, r2
10003b22:	0c0c      	lsrs	r4, r1, #16
10003b24:	4362      	muls	r2, r4
10003b26:	0c1f      	lsrs	r7, r3, #16
10003b28:	437c      	muls	r4, r7
10003b2a:	b28e      	uxth	r6, r1
10003b2c:	437e      	muls	r6, r7
10003b2e:	1992      	adds	r2, r2, r6
10003b30:	d302      	bcc.n	10003b38 <l15_1>
10003b32:	2601      	movs	r6, #1
10003b34:	0436      	lsls	r6, r6, #16
10003b36:	19a4      	adds	r4, r4, r6

10003b38 <l15_1>:
10003b38:	0416      	lsls	r6, r2, #16
10003b3a:	0c17      	lsrs	r7, r2, #16
10003b3c:	1836      	adds	r6, r6, r0
10003b3e:	4167      	adcs	r7, r4
10003b40:	bc01      	pop	{r0}
10003b42:	b281      	uxth	r1, r0
10003b44:	b29a      	uxth	r2, r3
10003b46:	4351      	muls	r1, r2
10003b48:	0c04      	lsrs	r4, r0, #16
10003b4a:	4362      	muls	r2, r4
10003b4c:	0c1b      	lsrs	r3, r3, #16
10003b4e:	435c      	muls	r4, r3
10003b50:	b280      	uxth	r0, r0
10003b52:	4358      	muls	r0, r3
10003b54:	1812      	adds	r2, r2, r0
10003b56:	d302      	bcc.n	10003b5e <l16_1>
10003b58:	2001      	movs	r0, #1
10003b5a:	0400      	lsls	r0, r0, #16
10003b5c:	1824      	adds	r4, r4, r0

10003b5e <l16_1>:
10003b5e:	0410      	lsls	r0, r2, #16
10003b60:	0c13      	lsrs	r3, r2, #16
10003b62:	1840      	adds	r0, r0, r1
10003b64:	4163      	adcs	r3, r4
10003b66:	182d      	adds	r5, r5, r0
10003b68:	415e      	adcs	r6, r3
10003b6a:	2000      	movs	r0, #0
10003b6c:	4147      	adcs	r7, r0
10003b6e:	bc06      	pop	{r1, r2}
10003b70:	b288      	uxth	r0, r1
10003b72:	b293      	uxth	r3, r2
10003b74:	4358      	muls	r0, r3
10003b76:	0c0c      	lsrs	r4, r1, #16
10003b78:	4363      	muls	r3, r4
10003b7a:	0c12      	lsrs	r2, r2, #16
10003b7c:	4354      	muls	r4, r2
10003b7e:	b289      	uxth	r1, r1
10003b80:	4351      	muls	r1, r2
10003b82:	185b      	adds	r3, r3, r1
10003b84:	d302      	bcc.n	10003b8c <l17_1>
10003b86:	2101      	movs	r1, #1
10003b88:	0409      	lsls	r1, r1, #16
10003b8a:	1864      	adds	r4, r4, r1

10003b8c <l17_1>:
10003b8c:	0419      	lsls	r1, r3, #16
10003b8e:	0c1a      	lsrs	r2, r3, #16
10003b90:	1809      	adds	r1, r1, r0
10003b92:	4162      	adcs	r2, r4
10003b94:	186d      	adds	r5, r5, r1
10003b96:	4156      	adcs	r6, r2
10003b98:	2000      	movs	r0, #0
10003b9a:	4147      	adcs	r7, r0
10003b9c:	bc18      	pop	{r3, r4}
10003b9e:	02f9      	lsls	r1, r7, #11
10003ba0:	0d72      	lsrs	r2, r6, #21
10003ba2:	4311      	orrs	r1, r2
10003ba4:	02f0      	lsls	r0, r6, #11
10003ba6:	0d6a      	lsrs	r2, r5, #21
10003ba8:	4310      	orrs	r0, r2
10003baa:	02ed      	lsls	r5, r5, #11
10003bac:	0d0a      	lsrs	r2, r1, #20
10003bae:	d103      	bne.n	10003bb8 <l17_1+0x2c>
10003bb0:	196d      	adds	r5, r5, r5
10003bb2:	4140      	adcs	r0, r0
10003bb4:	4149      	adcs	r1, r1
10003bb6:	3b01      	subs	r3, #1
10003bb8:	4e12      	ldr	r6, [pc, #72]	@ (10003c04 <dm_1+0xa>)
10003bba:	1b9b      	subs	r3, r3, r6
10003bbc:	0076      	lsls	r6, r6, #1
10003bbe:	42b3      	cmp	r3, r6
10003bc0:	d20e      	bcs.n	10003be0 <dm_0>
10003bc2:	006d      	lsls	r5, r5, #1
10003bc4:	d307      	bcc.n	10003bd6 <l17_1+0x4a>
10003bc6:	3001      	adds	r0, #1
10003bc8:	2600      	movs	r6, #0
10003bca:	4171      	adcs	r1, r6
10003bcc:	4666      	mov	r6, ip
10003bce:	4335      	orrs	r5, r6
10003bd0:	d101      	bne.n	10003bd6 <l17_1+0x4a>
10003bd2:	0840      	lsrs	r0, r0, #1
10003bd4:	0040      	lsls	r0, r0, #1
10003bd6:	051b      	lsls	r3, r3, #20
10003bd8:	18c9      	adds	r1, r1, r3

10003bda <dm_2>:
10003bda:	07e4      	lsls	r4, r4, #31
10003bdc:	4421      	add	r1, r4
10003bde:	bdf0      	pop	{r4, r5, r6, r7, pc}

10003be0 <dm_0>:
10003be0:	da0b      	bge.n	10003bfa <dm_1>
10003be2:	3301      	adds	r3, #1
10003be4:	d106      	bne.n	10003bf4 <dm_0+0x14>
10003be6:	3001      	adds	r0, #1
10003be8:	d104      	bne.n	10003bf4 <dm_0+0x14>
10003bea:	3101      	adds	r1, #1
10003bec:	0d4f      	lsrs	r7, r1, #21
10003bee:	d001      	beq.n	10003bf4 <dm_0+0x14>
10003bf0:	0849      	lsrs	r1, r1, #1
10003bf2:	e7f2      	b.n	10003bda <dm_2>
10003bf4:	07e1      	lsls	r1, r4, #31
10003bf6:	2000      	movs	r0, #0
10003bf8:	bdf0      	pop	{r4, r5, r6, r7, pc}

10003bfa <dm_1>:
10003bfa:	3601      	adds	r6, #1
10003bfc:	0531      	lsls	r1, r6, #20
10003bfe:	2000      	movs	r0, #0
10003c00:	e7eb      	b.n	10003bda <dm_2>
10003c02:	0000      	.short	0x0000
10003c04:	000003ff 	.word	0x000003ff

10003c08 <ddiv_shim>:
10003c08:	b5f0      	push	{r4, r5, r6, r7, lr}

10003c0a <ddiv0>:
10003c0a:	0d1c      	lsrs	r4, r3, #20
10003c0c:	1e67      	subs	r7, r4, #1
10003c0e:	053f      	lsls	r7, r7, #20
10003c10:	1bdb      	subs	r3, r3, r7
10003c12:	0ae7      	lsrs	r7, r4, #11
10003c14:	0564      	lsls	r4, r4, #21
10003c16:	0d64      	lsrs	r4, r4, #21
10003c18:	d002      	beq.n	10003c20 <l20_1>
10003c1a:	1c66      	adds	r6, r4, #1
10003c1c:	0af6      	lsrs	r6, r6, #11
10003c1e:	d004      	beq.n	10003c2a <l20_2>

10003c20 <l20_1>:
10003c20:	2200      	movs	r2, #0
10003c22:	2301      	movs	r3, #1
10003c24:	051b      	lsls	r3, r3, #20
10003c26:	3c80      	subs	r4, #128	@ 0x80
10003c28:	0324      	lsls	r4, r4, #12

10003c2a <l20_2>:
10003c2a:	25d0      	movs	r5, #208	@ 0xd0
10003c2c:	062d      	lsls	r5, r5, #24
10003c2e:	2600      	movs	r6, #0
10003c30:	43f6      	mvns	r6, r6
10003c32:	662e      	str	r6, [r5, #96]	@ 0x60
10003c34:	091e      	lsrs	r6, r3, #4
10003c36:	666e      	str	r6, [r5, #100]	@ 0x64
10003c38:	0fce      	lsrs	r6, r1, #31
10003c3a:	19f6      	adds	r6, r6, r7
10003c3c:	46b4      	mov	ip, r6
10003c3e:	0049      	lsls	r1, r1, #1
10003c40:	0d4f      	lsrs	r7, r1, #21
10003c42:	d002      	beq.n	10003c4a <l20_2+0x20>
10003c44:	1c7e      	adds	r6, r7, #1
10003c46:	0af6      	lsrs	r6, r6, #11
10003c48:	d003      	beq.n	10003c52 <l20_2+0x28>
10003c4a:	2000      	movs	r0, #0
10003c4c:	2100      	movs	r1, #0
10003c4e:	3f40      	subs	r7, #64	@ 0x40
10003c50:	033f      	lsls	r7, r7, #12
10003c52:	1b3e      	subs	r6, r7, r4
10003c54:	00b6      	lsls	r6, r6, #2
10003c56:	44b4      	add	ip, r6
10003c58:	3f01      	subs	r7, #1
10003c5a:	057f      	lsls	r7, r7, #21
10003c5c:	1bc9      	subs	r1, r1, r7
10003c5e:	0849      	lsrs	r1, r1, #1
10003c60:	6f2e      	ldr	r6, [r5, #112]	@ 0x70
10003c62:	3601      	adds	r6, #1
10003c64:	0876      	lsrs	r6, r6, #1
10003c66:	029c      	lsls	r4, r3, #10
10003c68:	0d95      	lsrs	r5, r2, #22
10003c6a:	4325      	orrs	r5, r4
10003c6c:	4375      	muls	r5, r6
10003c6e:	13ed      	asrs	r5, r5, #15
10003c70:	4375      	muls	r5, r6
10003c72:	13ad      	asrs	r5, r5, #14
10003c74:	3501      	adds	r5, #1
10003c76:	106d      	asrs	r5, r5, #1
10003c78:	03f6      	lsls	r6, r6, #15
10003c7a:	1b76      	subs	r6, r6, r5
10003c7c:	b40c      	push	{r2, r3}
10003c7e:	02cc      	lsls	r4, r1, #11
10003c80:	0d45      	lsrs	r5, r0, #21
10003c82:	432c      	orrs	r4, r5
10003c84:	b2a2      	uxth	r2, r4
10003c86:	b2b3      	uxth	r3, r6
10003c88:	435a      	muls	r2, r3
10003c8a:	0c27      	lsrs	r7, r4, #16
10003c8c:	437b      	muls	r3, r7
10003c8e:	0c35      	lsrs	r5, r6, #16
10003c90:	436f      	muls	r7, r5
10003c92:	b2a4      	uxth	r4, r4
10003c94:	436c      	muls	r4, r5
10003c96:	191b      	adds	r3, r3, r4
10003c98:	d302      	bcc.n	10003ca0 <l21_1>
10003c9a:	2401      	movs	r4, #1
10003c9c:	0424      	lsls	r4, r4, #16
10003c9e:	193f      	adds	r7, r7, r4

10003ca0 <l21_1>:
10003ca0:	041c      	lsls	r4, r3, #16
10003ca2:	0c1d      	lsrs	r5, r3, #16
10003ca4:	18a4      	adds	r4, r4, r2
10003ca6:	417d      	adcs	r5, r7
10003ca8:	1924      	adds	r4, r4, r4
10003caa:	416d      	adcs	r5, r5
10003cac:	9a00      	ldr	r2, [sp, #0]
10003cae:	b291      	uxth	r1, r2
10003cb0:	b2ac      	uxth	r4, r5
10003cb2:	4361      	muls	r1, r4
10003cb4:	0c17      	lsrs	r7, r2, #16
10003cb6:	437c      	muls	r4, r7
10003cb8:	0c2b      	lsrs	r3, r5, #16
10003cba:	435f      	muls	r7, r3
10003cbc:	b292      	uxth	r2, r2
10003cbe:	435a      	muls	r2, r3
10003cc0:	18a4      	adds	r4, r4, r2
10003cc2:	d302      	bcc.n	10003cca <l22_1>
10003cc4:	2201      	movs	r2, #1
10003cc6:	0412      	lsls	r2, r2, #16
10003cc8:	18bf      	adds	r7, r7, r2

10003cca <l22_1>:
10003cca:	0422      	lsls	r2, r4, #16
10003ccc:	0c23      	lsrs	r3, r4, #16
10003cce:	1852      	adds	r2, r2, r1
10003cd0:	417b      	adcs	r3, r7
10003cd2:	9c01      	ldr	r4, [sp, #4]
10003cd4:	436c      	muls	r4, r5
10003cd6:	191b      	adds	r3, r3, r4
10003cd8:	0e52      	lsrs	r2, r2, #25
10003cda:	01d9      	lsls	r1, r3, #7
10003cdc:	430a      	orrs	r2, r1
10003cde:	0144      	lsls	r4, r0, #5
10003ce0:	1aa0      	subs	r0, r4, r2
10003ce2:	b281      	uxth	r1, r0
10003ce4:	b2b2      	uxth	r2, r6
10003ce6:	4351      	muls	r1, r2
10003ce8:	1403      	asrs	r3, r0, #16
10003cea:	435a      	muls	r2, r3
10003cec:	0c36      	lsrs	r6, r6, #16
10003cee:	4373      	muls	r3, r6
10003cf0:	b287      	uxth	r7, r0
10003cf2:	4377      	muls	r7, r6
10003cf4:	17d6      	asrs	r6, r2, #31
10003cf6:	19d2      	adds	r2, r2, r7
10003cf8:	2700      	movs	r7, #0
10003cfa:	417e      	adcs	r6, r7
10003cfc:	0436      	lsls	r6, r6, #16
10003cfe:	199b      	adds	r3, r3, r6
10003d00:	0417      	lsls	r7, r2, #16
10003d02:	0c16      	lsrs	r6, r2, #16
10003d04:	187f      	adds	r7, r7, r1
10003d06:	415e      	adcs	r6, r3
10003d08:	1673      	asrs	r3, r6, #25
10003d0a:	18ed      	adds	r5, r5, r3
10003d0c:	01f3      	lsls	r3, r6, #7
10003d0e:	2600      	movs	r6, #0
10003d10:	3380      	adds	r3, #128	@ 0x80
10003d12:	4175      	adcs	r5, r6
10003d14:	0fa9      	lsrs	r1, r5, #30
10003d16:	d106      	bne.n	10003d26 <dd_0>
10003d18:	0064      	lsls	r4, r4, #1
10003d1a:	0a69      	lsrs	r1, r5, #9
10003d1c:	05e8      	lsls	r0, r5, #23
10003d1e:	0a5b      	lsrs	r3, r3, #9
10003d20:	4318      	orrs	r0, r3
10003d22:	d209      	bcs.n	10003d38 <dd_1>
10003d24:	e02f      	b.n	10003d86 <dd_2>

10003d26 <dd_0>:
10003d26:	2204      	movs	r2, #4
10003d28:	4494      	add	ip, r2
10003d2a:	3380      	adds	r3, #128	@ 0x80
10003d2c:	4175      	adcs	r5, r6
10003d2e:	0aa9      	lsrs	r1, r5, #10
10003d30:	05a8      	lsls	r0, r5, #22
10003d32:	0a9b      	lsrs	r3, r3, #10
10003d34:	4318      	orrs	r0, r3
10003d36:	d326      	bcc.n	10003d86 <dd_2>

10003d38 <dd_1>:
10003d38:	4140      	adcs	r0, r0
10003d3a:	4149      	adcs	r1, r1
10003d3c:	0424      	lsls	r4, r4, #16
10003d3e:	9a00      	ldr	r2, [sp, #0]
10003d40:	9b01      	ldr	r3, [sp, #4]
10003d42:	000d      	movs	r5, r1
10003d44:	4355      	muls	r5, r2
10003d46:	1b64      	subs	r4, r4, r5
10003d48:	4343      	muls	r3, r0
10003d4a:	1ae4      	subs	r4, r4, r3
10003d4c:	b295      	uxth	r5, r2
10003d4e:	b286      	uxth	r6, r0
10003d50:	4375      	muls	r5, r6
10003d52:	0c17      	lsrs	r7, r2, #16
10003d54:	437e      	muls	r6, r7
10003d56:	0c03      	lsrs	r3, r0, #16
10003d58:	435f      	muls	r7, r3
10003d5a:	b292      	uxth	r2, r2
10003d5c:	435a      	muls	r2, r3
10003d5e:	18b6      	adds	r6, r6, r2
10003d60:	d302      	bcc.n	10003d68 <l24_1>
10003d62:	2201      	movs	r2, #1
10003d64:	0412      	lsls	r2, r2, #16
10003d66:	18bf      	adds	r7, r7, r2

10003d68 <l24_1>:
10003d68:	0432      	lsls	r2, r6, #16
10003d6a:	0c33      	lsrs	r3, r6, #16
10003d6c:	1952      	adds	r2, r2, r5
10003d6e:	417b      	adcs	r3, r7
10003d70:	4252      	negs	r2, r2
10003d72:	419c      	sbcs	r4, r3
10003d74:	2c00      	cmp	r4, #0
10003d76:	d402      	bmi.n	10003d7e <l24_1+0x16>
10003d78:	2200      	movs	r2, #0
10003d7a:	3001      	adds	r0, #1
10003d7c:	4151      	adcs	r1, r2
10003d7e:	0840      	lsrs	r0, r0, #1
10003d80:	07ca      	lsls	r2, r1, #31
10003d82:	4310      	orrs	r0, r2
10003d84:	0849      	lsrs	r1, r1, #1

10003d86 <dd_2>:
10003d86:	b002      	add	sp, #8
10003d88:	4662      	mov	r2, ip
10003d8a:	07d7      	lsls	r7, r2, #31
10003d8c:	1092      	asrs	r2, r2, #2
10003d8e:	4b08      	ldr	r3, [pc, #32]	@ (10003db0 <dd_4+0x6>)
10003d90:	18d2      	adds	r2, r2, r3
10003d92:	4b08      	ldr	r3, [pc, #32]	@ (10003db4 <dd_4+0xa>)
10003d94:	429a      	cmp	r2, r3
10003d96:	d203      	bcs.n	10003da0 <dd_3>
10003d98:	0512      	lsls	r2, r2, #20
10003d9a:	1889      	adds	r1, r1, r2

10003d9c <dd_5>:
10003d9c:	19c9      	adds	r1, r1, r7
10003d9e:	bdf0      	pop	{r4, r5, r6, r7, pc}

10003da0 <dd_3>:
10003da0:	2000      	movs	r0, #0
10003da2:	2a00      	cmp	r2, #0
10003da4:	dc01      	bgt.n	10003daa <dd_4>
10003da6:	0039      	movs	r1, r7
10003da8:	bdf0      	pop	{r4, r5, r6, r7, pc}

10003daa <dd_4>:
10003daa:	3301      	adds	r3, #1
10003dac:	0519      	lsls	r1, r3, #20
10003dae:	e7f5      	b.n	10003d9c <dd_5>
10003db0:	000003fd 	.word	0x000003fd
10003db4:	000007fe 	.word	0x000007fe

10003db8 <double2uint_shim>:
10003db8:	2200      	movs	r2, #0

10003dba <double2ufix_shim>:
10003dba:	b500      	push	{lr}
10003dbc:	3220      	adds	r2, #32
10003dbe:	f000 f804 	bl	10003dca <double2ufix64_shim>
10003dc2:	0008      	movs	r0, r1
10003dc4:	bd00      	pop	{pc}
	...

10003dc8 <double2uint64_shim>:
10003dc8:	2200      	movs	r2, #0

10003dca <double2ufix64_shim>:
10003dca:	150b      	asrs	r3, r1, #20
10003dcc:	d40a      	bmi.n	10003de4 <ret_dzero>

10003dce <d2fix>:
10003dce:	b510      	push	{r4, lr}
10003dd0:	4694      	mov	ip, r2
10003dd2:	f000 f831 	bl	10003e38 <dunpacks>
10003dd6:	1414      	asrs	r4, r2, #16
10003dd8:	3401      	adds	r4, #1
10003dda:	da00      	bge.n	10003dde <d2fix+0x10>
10003ddc:	2100      	movs	r1, #0
10003dde:	17cb      	asrs	r3, r1, #31
10003de0:	4c14      	ldr	r4, [pc, #80]	@ (10003e34 <d2fix_a+0x4a>)
10003de2:	4720      	bx	r4

10003de4 <ret_dzero>:
10003de4:	2000      	movs	r0, #0
10003de6:	2100      	movs	r1, #0
10003de8:	4770      	bx	lr

10003dea <d2fix_a>:
10003dea:	4462      	add	r2, ip
10003dec:	3a34      	subs	r2, #52	@ 0x34
10003dee:	d40c      	bmi.n	10003e0a <d2fix_a+0x20>
10003df0:	2a0c      	cmp	r2, #12
10003df2:	da07      	bge.n	10003e04 <d2fix_a+0x1a>
10003df4:	0004      	movs	r4, r0
10003df6:	4091      	lsls	r1, r2
10003df8:	4090      	lsls	r0, r2
10003dfa:	4252      	negs	r2, r2
10003dfc:	3220      	adds	r2, #32
10003dfe:	40d4      	lsrs	r4, r2
10003e00:	4321      	orrs	r1, r4
10003e02:	bd10      	pop	{r4, pc}
10003e04:	43d8      	mvns	r0, r3
10003e06:	43d9      	mvns	r1, r3
10003e08:	bd10      	pop	{r4, pc}
10003e0a:	3220      	adds	r2, #32
10003e0c:	d407      	bmi.n	10003e1e <d2fix_a+0x34>
10003e0e:	460c      	mov	r4, r1
10003e10:	4094      	lsls	r4, r2
10003e12:	4252      	negs	r2, r2
10003e14:	3220      	adds	r2, #32
10003e16:	4111      	asrs	r1, r2
10003e18:	40d0      	lsrs	r0, r2
10003e1a:	4320      	orrs	r0, r4
10003e1c:	bd10      	pop	{r4, pc}
10003e1e:	0008      	movs	r0, r1
10003e20:	17c9      	asrs	r1, r1, #31
10003e22:	3220      	adds	r2, #32
10003e24:	d403      	bmi.n	10003e2e <d2fix_a+0x44>
10003e26:	4252      	negs	r2, r2
10003e28:	3220      	adds	r2, #32
10003e2a:	4110      	asrs	r0, r2
10003e2c:	bd10      	pop	{r4, pc}
10003e2e:	0018      	movs	r0, r3
10003e30:	0019      	movs	r1, r3
10003e32:	bd10      	pop	{r4, pc}
10003e34:	10003deb 	.word	0x10003deb

10003e38 <dunpacks>:
10003e38:	0d0a      	lsrs	r2, r1, #20
10003e3a:	0fcc      	lsrs	r4, r1, #31
10003e3c:	1e53      	subs	r3, r2, #1
10003e3e:	051b      	lsls	r3, r3, #20
10003e40:	1ac9      	subs	r1, r1, r3
10003e42:	0552      	lsls	r2, r2, #21
10003e44:	d303      	bcc.n	10003e4e <l60_1>
10003e46:	43c9      	mvns	r1, r1
10003e48:	4240      	negs	r0, r0
10003e4a:	d300      	bcc.n	10003e4e <l60_1>
10003e4c:	3101      	adds	r1, #1

10003e4e <l60_1>:
10003e4e:	0d52      	lsrs	r2, r2, #21
10003e50:	d003      	beq.n	10003e5a <l60_2>
10003e52:	1c53      	adds	r3, r2, #1
10003e54:	0adb      	lsrs	r3, r3, #11
10003e56:	d007      	beq.n	10003e68 <l60_3>
10003e58:	1b12      	subs	r2, r2, r4

10003e5a <l60_2>:
10003e5a:	2000      	movs	r0, #0
10003e5c:	0064      	lsls	r4, r4, #1
10003e5e:	1c61      	adds	r1, r4, #1
10003e60:	0789      	lsls	r1, r1, #30
10003e62:	1289      	asrs	r1, r1, #10
10003e64:	3a80      	subs	r2, #128	@ 0x80
10003e66:	0312      	lsls	r2, r2, #12

10003e68 <l60_3>:
10003e68:	4b01      	ldr	r3, [pc, #4]	@ (10003e70 <l60_3+0x8>)
10003e6a:	1ad2      	subs	r2, r2, r3
10003e6c:	4770      	bx	lr
10003e6e:	0000      	.short	0x0000
10003e70:	000003ff 	.word	0x000003ff

10003e74 <__wrap___aeabi_lmul>:
10003e74:	4351      	muls	r1, r2
10003e76:	4343      	muls	r3, r0
10003e78:	18c9      	adds	r1, r1, r3
10003e7a:	468c      	mov	ip, r1
10003e7c:	0c11      	lsrs	r1, r2, #16
10003e7e:	b283      	uxth	r3, r0
10003e80:	434b      	muls	r3, r1
10003e82:	b410      	push	{r4}
10003e84:	0c04      	lsrs	r4, r0, #16
10003e86:	4361      	muls	r1, r4
10003e88:	b292      	uxth	r2, r2
10003e8a:	b280      	uxth	r0, r0
10003e8c:	4350      	muls	r0, r2
10003e8e:	4362      	muls	r2, r4
10003e90:	041c      	lsls	r4, r3, #16
10003e92:	0c1b      	lsrs	r3, r3, #16
10003e94:	1900      	adds	r0, r0, r4
10003e96:	bc10      	pop	{r4}
10003e98:	4159      	adcs	r1, r3
10003e9a:	0413      	lsls	r3, r2, #16
10003e9c:	0c12      	lsrs	r2, r2, #16
10003e9e:	18c0      	adds	r0, r0, r3
10003ea0:	4151      	adcs	r1, r2
10003ea2:	4461      	add	r1, ip
10003ea4:	4770      	bx	lr
	...

10003ea8 <__wrap___aeabi_frsub>:
10003ea8:	4048      	eors	r0, r1
10003eaa:	4041      	eors	r1, r0
10003eac:	4048      	eors	r0, r1

10003eae <__wrap___aeabi_fsub>:
10003eae:	4b0e      	ldr	r3, [pc, #56]	@ (10003ee8 <__wrap___aeabi_fmul+0x6>)
10003eb0:	685b      	ldr	r3, [r3, #4]
10003eb2:	4718      	bx	r3

10003eb4 <__wrap___aeabi_fadd>:
10003eb4:	4b0c      	ldr	r3, [pc, #48]	@ (10003ee8 <__wrap___aeabi_fmul+0x6>)
10003eb6:	681b      	ldr	r3, [r3, #0]
10003eb8:	4718      	bx	r3

10003eba <__wrap___aeabi_fdiv>:
10003eba:	4a0c      	ldr	r2, [pc, #48]	@ (10003eec <__wrap___aeabi_fmul+0xa>)
10003ebc:	6f93      	ldr	r3, [r2, #120]	@ 0x78
10003ebe:	089b      	lsrs	r3, r3, #2
10003ec0:	d202      	bcs.n	10003ec8 <fdiv_save_state>

10003ec2 <fdiv_shim_call>:
10003ec2:	4b09      	ldr	r3, [pc, #36]	@ (10003ee8 <__wrap___aeabi_fmul+0x6>)
10003ec4:	68db      	ldr	r3, [r3, #12]
10003ec6:	4718      	bx	r3

10003ec8 <fdiv_save_state>:
10003ec8:	b5f0      	push	{r4, r5, r6, r7, lr}
10003eca:	6e14      	ldr	r4, [r2, #96]	@ 0x60
10003ecc:	6e55      	ldr	r5, [r2, #100]	@ 0x64
10003ece:	6f57      	ldr	r7, [r2, #116]	@ 0x74
10003ed0:	6f16      	ldr	r6, [r2, #112]	@ 0x70
10003ed2:	f7ff fff6 	bl	10003ec2 <fdiv_shim_call>
10003ed6:	4a05      	ldr	r2, [pc, #20]	@ (10003eec <__wrap___aeabi_fmul+0xa>)
10003ed8:	6614      	str	r4, [r2, #96]	@ 0x60
10003eda:	6655      	str	r5, [r2, #100]	@ 0x64
10003edc:	6757      	str	r7, [r2, #116]	@ 0x74
10003ede:	6716      	str	r6, [r2, #112]	@ 0x70
10003ee0:	bdf0      	pop	{r4, r5, r6, r7, pc}

10003ee2 <__wrap___aeabi_fmul>:
10003ee2:	4b01      	ldr	r3, [pc, #4]	@ (10003ee8 <__wrap___aeabi_fmul+0x6>)
10003ee4:	689b      	ldr	r3, [r3, #8]
10003ee6:	4718      	bx	r3
10003ee8:	20001918 	.word	0x20001918
10003eec:	d0000000 	.word	0xd0000000

10003ef0 <__wrap___aeabi_i2f>:
10003ef0:	0fc1      	lsrs	r1, r0, #31
10003ef2:	07c9      	lsls	r1, r1, #31
10003ef4:	d500      	bpl.n	10003ef8 <__wrap___aeabi_i2f+0x8>
10003ef6:	4240      	negs	r0, r0
10003ef8:	2800      	cmp	r0, #0
10003efa:	d017      	beq.n	10003f2c <__aeabi_i2f_main+0x30>

10003efc <__aeabi_i2f_main>:
10003efc:	46f4      	mov	ip, lr
10003efe:	b403      	push	{r0, r1}
10003f00:	4b0b      	ldr	r3, [pc, #44]	@ (10003f30 <__aeabi_i2f_main+0x34>)
10003f02:	681b      	ldr	r3, [r3, #0]
10003f04:	4798      	blx	r3
10003f06:	bc06      	pop	{r1, r2}
10003f08:	4081      	lsls	r1, r0
10003f0a:	389e      	subs	r0, #158	@ 0x9e
10003f0c:	4240      	negs	r0, r0
10003f0e:	3180      	adds	r1, #128	@ 0x80
10003f10:	d207      	bcs.n	10003f22 <__aeabi_i2f_main+0x26>
10003f12:	060b      	lsls	r3, r1, #24
10003f14:	d007      	beq.n	10003f26 <__aeabi_i2f_main+0x2a>
10003f16:	0049      	lsls	r1, r1, #1
10003f18:	0a49      	lsrs	r1, r1, #9
10003f1a:	05c0      	lsls	r0, r0, #23
10003f1c:	4310      	orrs	r0, r2
10003f1e:	4308      	orrs	r0, r1
10003f20:	4760      	bx	ip
10003f22:	3001      	adds	r0, #1
10003f24:	e7f8      	b.n	10003f18 <__aeabi_i2f_main+0x1c>
10003f26:	0a49      	lsrs	r1, r1, #9
10003f28:	0289      	lsls	r1, r1, #10
10003f2a:	e7f5      	b.n	10003f18 <__aeabi_i2f_main+0x1c>
10003f2c:	4770      	bx	lr
10003f2e:	0000      	.short	0x0000
10003f30:	2001fbf8 	.word	0x2001fbf8

10003f34 <__wrap___aeabi_f2d>:
10003f34:	4b03      	ldr	r3, [pc, #12]	@ (10003f44 <__wrap___aeabi_f2d+0x10>)
10003f36:	6fdb      	ldr	r3, [r3, #124]	@ 0x7c
10003f38:	46fc      	mov	ip, pc
10003f3a:	4718      	bx	r3
10003f3c:	3fd9df7c 	.word	0x3fd9df7c
10003f40:	00001000 	.word	0x00001000
10003f44:	20001918 	.word	0x20001918

10003f48 <__aeabi_float_init>:
10003f48:	2313      	movs	r3, #19
10003f4a:	b510      	push	{r4, lr}
10003f4c:	4812      	ldr	r0, [pc, #72]	@ (10003f98 <__aeabi_float_init+0x50>)
10003f4e:	781c      	ldrb	r4, [r3, #0]
10003f50:	f7fe ffc8 	bl	10002ee4 <rom_data_lookup>
10003f54:	0001      	movs	r1, r0
10003f56:	2c01      	cmp	r4, #1
10003f58:	d00a      	beq.n	10003f70 <__aeabi_float_init+0x28>
10003f5a:	dd03      	ble.n	10003f64 <__aeabi_float_init+0x1c>
10003f5c:	2280      	movs	r2, #128	@ 0x80
10003f5e:	480f      	ldr	r0, [pc, #60]	@ (10003f9c <__aeabi_float_init+0x54>)
10003f60:	f000 f860 	bl	10004024 <__wrap___aeabi_memcpy>
10003f64:	480e      	ldr	r0, [pc, #56]	@ (10003fa0 <__aeabi_float_init+0x58>)
10003f66:	f7fe ffb5 	bl	10002ed4 <rom_func_lookup>
10003f6a:	4b0e      	ldr	r3, [pc, #56]	@ (10003fa4 <__aeabi_float_init+0x5c>)
10003f6c:	6018      	str	r0, [r3, #0]
10003f6e:	bd10      	pop	{r4, pc}
10003f70:	4c0a      	ldr	r4, [pc, #40]	@ (10003f9c <__aeabi_float_init+0x54>)
10003f72:	2254      	movs	r2, #84	@ 0x54
10003f74:	0020      	movs	r0, r4
10003f76:	f000 f855 	bl	10004024 <__wrap___aeabi_memcpy>
10003f7a:	4b0b      	ldr	r3, [pc, #44]	@ (10003fa8 <__aeabi_float_init+0x60>)
10003f7c:	6563      	str	r3, [r4, #84]	@ 0x54
10003f7e:	65a3      	str	r3, [r4, #88]	@ 0x58
10003f80:	65e3      	str	r3, [r4, #92]	@ 0x5c
10003f82:	6623      	str	r3, [r4, #96]	@ 0x60
10003f84:	6663      	str	r3, [r4, #100]	@ 0x64
10003f86:	66a3      	str	r3, [r4, #104]	@ 0x68
10003f88:	66e3      	str	r3, [r4, #108]	@ 0x6c
10003f8a:	6723      	str	r3, [r4, #112]	@ 0x70
10003f8c:	6763      	str	r3, [r4, #116]	@ 0x74
10003f8e:	67a3      	str	r3, [r4, #120]	@ 0x78
10003f90:	67e3      	str	r3, [r4, #124]	@ 0x7c
10003f92:	6223      	str	r3, [r4, #32]
10003f94:	61e3      	str	r3, [r4, #28]
10003f96:	e7e5      	b.n	10003f64 <__aeabi_float_init+0x1c>
10003f98:	00004653 	.word	0x00004653
10003f9c:	20001918 	.word	0x20001918
10003fa0:	0000334c 	.word	0x0000334c
10003fa4:	2001fbf8 	.word	0x2001fbf8
10003fa8:	10003fad 	.word	0x10003fad

10003fac <float_table_shim_on_use_helper>:
10003fac:	b507      	push	{r0, r1, r2, lr}
10003fae:	4660      	mov	r0, ip
10003fb0:	8801      	ldrh	r1, [r0, #0]
10003fb2:	0a0a      	lsrs	r2, r1, #8
10003fb4:	3002      	adds	r0, #2
10003fb6:	2adf      	cmp	r2, #223	@ 0xdf
10003fb8:	d1fa      	bne.n	10003fb0 <float_table_shim_on_use_helper+0x4>
10003fba:	b2c9      	uxtb	r1, r1
10003fbc:	0882      	lsrs	r2, r0, #2
10003fbe:	d304      	bcc.n	10003fca <float_table_shim_on_use_helper+0x1e>
10003fc0:	8802      	ldrh	r2, [r0, #0]
10003fc2:	8840      	ldrh	r0, [r0, #2]
10003fc4:	0400      	lsls	r0, r0, #16
10003fc6:	4310      	orrs	r0, r2
10003fc8:	e000      	b.n	10003fcc <float_table_shim_on_use_helper+0x20>
10003fca:	6800      	ldr	r0, [r0, #0]
10003fcc:	4a01      	ldr	r2, [pc, #4]	@ (10003fd4 <float_table_shim_on_use_helper+0x28>)
10003fce:	5050      	str	r0, [r2, r1]
10003fd0:	9003      	str	r0, [sp, #12]
10003fd2:	bd07      	pop	{r0, r1, r2, pc}
10003fd4:	20001918 	.word	0x20001918

10003fd8 <float2double_shim>:
10003fd8:	0fc3      	lsrs	r3, r0, #31
10003fda:	07db      	lsls	r3, r3, #31
10003fdc:	0041      	lsls	r1, r0, #1
10003fde:	0e0a      	lsrs	r2, r1, #24
10003fe0:	d007      	beq.n	10003ff2 <float2double_shim+0x1a>
10003fe2:	2aff      	cmp	r2, #255	@ 0xff
10003fe4:	d008      	beq.n	10003ff8 <float2double_shim+0x20>
10003fe6:	0909      	lsrs	r1, r1, #4
10003fe8:	4a05      	ldr	r2, [pc, #20]	@ (10004000 <float2double_shim+0x28>)
10003fea:	1889      	adds	r1, r1, r2
10003fec:	4319      	orrs	r1, r3
10003fee:	0740      	lsls	r0, r0, #29
10003ff0:	4770      	bx	lr
10003ff2:	0019      	movs	r1, r3
10003ff4:	2000      	movs	r0, #0
10003ff6:	4770      	bx	lr
10003ff8:	4902      	ldr	r1, [pc, #8]	@ (10004004 <float2double_shim+0x2c>)
10003ffa:	18c9      	adds	r1, r1, r3
10003ffc:	e7fa      	b.n	10003ff4 <float2double_shim+0x1c>
10003ffe:	0000      	.short	0x0000
10004000:	38000000 	.word	0x38000000
10004004:	7ff00000 	.word	0x7ff00000

10004008 <__aeabi_mem_init>:
10004008:	4801      	ldr	r0, [pc, #4]	@ (10004010 <__aeabi_mem_init+0x8>)
1000400a:	2104      	movs	r1, #4
1000400c:	4b01      	ldr	r3, [pc, #4]	@ (10004014 <__aeabi_mem_init+0xc>)
1000400e:	4718      	bx	r3
10004010:	200010d0 	.word	0x200010d0
10004014:	10002ef5 	.word	0x10002ef5

10004018 <__wrap_memset>:
10004018:	4b01      	ldr	r3, [pc, #4]	@ (10004020 <__wrap_memset+0x8>)
1000401a:	681b      	ldr	r3, [r3, #0]
1000401c:	4718      	bx	r3
1000401e:	0000      	.short	0x0000
10004020:	200010d0 	.word	0x200010d0

10004024 <__wrap___aeabi_memcpy>:
10004024:	4b01      	ldr	r3, [pc, #4]	@ (1000402c <__wrap___aeabi_memcpy+0x8>)
10004026:	685b      	ldr	r3, [r3, #4]
10004028:	4718      	bx	r3
1000402a:	0000      	.short	0x0000
1000402c:	200010d0 	.word	0x200010d0

10004030 <_out_buffer>:
10004030:	429a      	cmp	r2, r3
10004032:	d200      	bcs.n	10004036 <_out_buffer+0x6>
10004034:	5488      	strb	r0, [r1, r2]
10004036:	4770      	bx	lr

10004038 <_out_null>:
10004038:	4770      	bx	lr
1000403a:	46c0      	nop			@ (mov r8, r8)

1000403c <_out_rev>:
1000403c:	b5f8      	push	{r3, r4, r5, r6, r7, lr}
1000403e:	4657      	mov	r7, sl
10004040:	46de      	mov	lr, fp
10004042:	464e      	mov	r6, r9
10004044:	4645      	mov	r5, r8
10004046:	b5e0      	push	{r5, r6, r7, lr}
10004048:	4699      	mov	r9, r3
1000404a:	9b0a      	ldr	r3, [sp, #40]	@ 0x28
1000404c:	0007      	movs	r7, r0
1000404e:	469a      	mov	sl, r3
10004050:	9b0d      	ldr	r3, [sp, #52]	@ 0x34
10004052:	4688      	mov	r8, r1
10004054:	4693      	mov	fp, r2
10004056:	9c0b      	ldr	r4, [sp, #44]	@ 0x2c
10004058:	079b      	lsls	r3, r3, #30
1000405a:	d13b      	bne.n	100040d4 <_out_rev+0x98>
1000405c:	9b0c      	ldr	r3, [sp, #48]	@ 0x30
1000405e:	429c      	cmp	r4, r3
10004060:	d23d      	bcs.n	100040de <_out_rev+0xa2>
10004062:	1b1e      	subs	r6, r3, r4
10004064:	940b      	str	r4, [sp, #44]	@ 0x2c
10004066:	0015      	movs	r5, r2
10004068:	000c      	movs	r4, r1
1000406a:	445e      	add	r6, fp
1000406c:	002a      	movs	r2, r5
1000406e:	464b      	mov	r3, r9
10004070:	3501      	adds	r5, #1
10004072:	0021      	movs	r1, r4
10004074:	2020      	movs	r0, #32
10004076:	47b8      	blx	r7
10004078:	42b5      	cmp	r5, r6
1000407a:	d1f7      	bne.n	1000406c <_out_rev+0x30>
1000407c:	46a0      	mov	r8, r4
1000407e:	9c0b      	ldr	r4, [sp, #44]	@ 0x2c
10004080:	2c00      	cmp	r4, #0
10004082:	d020      	beq.n	100040c6 <_out_rev+0x8a>
10004084:	4645      	mov	r5, r8
10004086:	1936      	adds	r6, r6, r4
10004088:	4653      	mov	r3, sl
1000408a:	1b32      	subs	r2, r6, r4
1000408c:	3c01      	subs	r4, #1
1000408e:	5d18      	ldrb	r0, [r3, r4]
10004090:	0029      	movs	r1, r5
10004092:	464b      	mov	r3, r9
10004094:	47b8      	blx	r7
10004096:	2c00      	cmp	r4, #0
10004098:	d1f6      	bne.n	10004088 <_out_rev+0x4c>
1000409a:	002b      	movs	r3, r5
1000409c:	0035      	movs	r5, r6
1000409e:	4698      	mov	r8, r3
100040a0:	9b0d      	ldr	r3, [sp, #52]	@ 0x34
100040a2:	079b      	lsls	r3, r3, #30
100040a4:	d50f      	bpl.n	100040c6 <_out_rev+0x8a>
100040a6:	465b      	mov	r3, fp
100040a8:	1aec      	subs	r4, r5, r3
100040aa:	9b0c      	ldr	r3, [sp, #48]	@ 0x30
100040ac:	42a3      	cmp	r3, r4
100040ae:	d90a      	bls.n	100040c6 <_out_rev+0x8a>
100040b0:	4646      	mov	r6, r8
100040b2:	4698      	mov	r8, r3
100040b4:	002a      	movs	r2, r5
100040b6:	464b      	mov	r3, r9
100040b8:	0031      	movs	r1, r6
100040ba:	2020      	movs	r0, #32
100040bc:	3401      	adds	r4, #1
100040be:	47b8      	blx	r7
100040c0:	3501      	adds	r5, #1
100040c2:	4544      	cmp	r4, r8
100040c4:	d3f6      	bcc.n	100040b4 <_out_rev+0x78>
100040c6:	0028      	movs	r0, r5
100040c8:	bcf0      	pop	{r4, r5, r6, r7}
100040ca:	46bb      	mov	fp, r7
100040cc:	46b2      	mov	sl, r6
100040ce:	46a9      	mov	r9, r5
100040d0:	46a0      	mov	r8, r4
100040d2:	bdf8      	pop	{r3, r4, r5, r6, r7, pc}
100040d4:	0016      	movs	r6, r2
100040d6:	0015      	movs	r5, r2
100040d8:	2c00      	cmp	r4, #0
100040da:	d1d3      	bne.n	10004084 <_out_rev+0x48>
100040dc:	e7e0      	b.n	100040a0 <_out_rev+0x64>
100040de:	0016      	movs	r6, r2
100040e0:	0015      	movs	r5, r2
100040e2:	2c00      	cmp	r4, #0
100040e4:	d1ce      	bne.n	10004084 <_out_rev+0x48>
100040e6:	e7ee      	b.n	100040c6 <_out_rev+0x8a>

100040e8 <_ntoa_format>:
100040e8:	b5f0      	push	{r4, r5, r6, r7, lr}
100040ea:	4645      	mov	r5, r8
100040ec:	46de      	mov	lr, fp
100040ee:	4657      	mov	r7, sl
100040f0:	464e      	mov	r6, r9
100040f2:	b5e0      	push	{r5, r6, r7, lr}
100040f4:	b085      	sub	sp, #20
100040f6:	469c      	mov	ip, r3
100040f8:	ab10      	add	r3, sp, #64	@ 0x40
100040fa:	781b      	ldrb	r3, [r3, #0]
100040fc:	9f14      	ldr	r7, [sp, #80]	@ 0x50
100040fe:	4693      	mov	fp, r2
10004100:	4698      	mov	r8, r3
10004102:	9c0f      	ldr	r4, [sp, #60]	@ 0x3c
10004104:	9e12      	ldr	r6, [sp, #72]	@ 0x48
10004106:	9d13      	ldr	r5, [sp, #76]	@ 0x4c
10004108:	07bb      	lsls	r3, r7, #30
1000410a:	d44c      	bmi.n	100041a6 <_ntoa_format+0xbe>
1000410c:	2d00      	cmp	r5, #0
1000410e:	d142      	bne.n	10004196 <_ntoa_format+0xae>
10004110:	42b4      	cmp	r4, r6
10004112:	d248      	bcs.n	100041a6 <_ntoa_format+0xbe>
10004114:	2301      	movs	r3, #1
10004116:	403b      	ands	r3, r7
10004118:	4699      	mov	r9, r3
1000411a:	9b0e      	ldr	r3, [sp, #56]	@ 0x38
1000411c:	3b01      	subs	r3, #1
1000411e:	469a      	mov	sl, r3
10004120:	2330      	movs	r3, #48	@ 0x30
10004122:	e004      	b.n	1000412e <_ntoa_format+0x46>
10004124:	4652      	mov	r2, sl
10004126:	3401      	adds	r4, #1
10004128:	5513      	strb	r3, [r2, r4]
1000412a:	42a6      	cmp	r6, r4
1000412c:	d901      	bls.n	10004132 <_ntoa_format+0x4a>
1000412e:	2c20      	cmp	r4, #32
10004130:	d1f8      	bne.n	10004124 <_ntoa_format+0x3c>
10004132:	464b      	mov	r3, r9
10004134:	2b00      	cmp	r3, #0
10004136:	d100      	bne.n	1000413a <_ntoa_format+0x52>
10004138:	e083      	b.n	10004242 <_ntoa_format+0x15a>
1000413a:	9b0e      	ldr	r3, [sp, #56]	@ 0x38
1000413c:	3b01      	subs	r3, #1
1000413e:	4699      	mov	r9, r3
10004140:	2330      	movs	r3, #48	@ 0x30
10004142:	42a5      	cmp	r5, r4
10004144:	d805      	bhi.n	10004152 <_ntoa_format+0x6a>
10004146:	e02e      	b.n	100041a6 <_ntoa_format+0xbe>
10004148:	464a      	mov	r2, r9
1000414a:	3401      	adds	r4, #1
1000414c:	5513      	strb	r3, [r2, r4]
1000414e:	42ac      	cmp	r4, r5
10004150:	d029      	beq.n	100041a6 <_ntoa_format+0xbe>
10004152:	2c20      	cmp	r4, #32
10004154:	d1f8      	bne.n	10004148 <_ntoa_format+0x60>
10004156:	06fb      	lsls	r3, r7, #27
10004158:	d50c      	bpl.n	10004174 <_ntoa_format+0x8c>
1000415a:	057b      	lsls	r3, r7, #21
1000415c:	d454      	bmi.n	10004208 <_ntoa_format+0x120>
1000415e:	42a6      	cmp	r6, r4
10004160:	d063      	beq.n	1000422a <_ntoa_format+0x142>
10004162:	42a5      	cmp	r5, r4
10004164:	d061      	beq.n	1000422a <_ntoa_format+0x142>
10004166:	9b11      	ldr	r3, [sp, #68]	@ 0x44
10004168:	2b10      	cmp	r3, #16
1000416a:	d050      	beq.n	1000420e <_ntoa_format+0x126>
1000416c:	2b02      	cmp	r3, #2
1000416e:	d057      	beq.n	10004220 <_ntoa_format+0x138>
10004170:	2c20      	cmp	r4, #32
10004172:	d132      	bne.n	100041da <_ntoa_format+0xf2>
10004174:	2320      	movs	r3, #32
10004176:	9301      	str	r3, [sp, #4]
10004178:	9b0e      	ldr	r3, [sp, #56]	@ 0x38
1000417a:	465a      	mov	r2, fp
1000417c:	9300      	str	r3, [sp, #0]
1000417e:	9703      	str	r7, [sp, #12]
10004180:	4663      	mov	r3, ip
10004182:	9502      	str	r5, [sp, #8]
10004184:	f7ff ff5a 	bl	1000403c <_out_rev>
10004188:	b005      	add	sp, #20
1000418a:	bcf0      	pop	{r4, r5, r6, r7}
1000418c:	46bb      	mov	fp, r7
1000418e:	46b2      	mov	sl, r6
10004190:	46a9      	mov	r9, r5
10004192:	46a0      	mov	r8, r4
10004194:	bdf0      	pop	{r4, r5, r6, r7, pc}
10004196:	2301      	movs	r3, #1
10004198:	403b      	ands	r3, r7
1000419a:	4699      	mov	r9, r3
1000419c:	2301      	movs	r3, #1
1000419e:	423b      	tst	r3, r7
100041a0:	d12a      	bne.n	100041f8 <_ntoa_format+0x110>
100041a2:	42b4      	cmp	r4, r6
100041a4:	d3b9      	bcc.n	1000411a <_ntoa_format+0x32>
100041a6:	06fb      	lsls	r3, r7, #27
100041a8:	d51c      	bpl.n	100041e4 <_ntoa_format+0xfc>
100041aa:	057b      	lsls	r3, r7, #21
100041ac:	d4db      	bmi.n	10004166 <_ntoa_format+0x7e>
100041ae:	2c00      	cmp	r4, #0
100041b0:	d1d5      	bne.n	1000415e <_ntoa_format+0x76>
100041b2:	9b11      	ldr	r3, [sp, #68]	@ 0x44
100041b4:	2b10      	cmp	r3, #16
100041b6:	d05b      	beq.n	10004270 <_ntoa_format+0x188>
100041b8:	9b11      	ldr	r3, [sp, #68]	@ 0x44
100041ba:	2b02      	cmp	r3, #2
100041bc:	d06b      	beq.n	10004296 <_ntoa_format+0x1ae>
100041be:	2330      	movs	r3, #48	@ 0x30
100041c0:	2401      	movs	r4, #1
100041c2:	9a0e      	ldr	r2, [sp, #56]	@ 0x38
100041c4:	7013      	strb	r3, [r2, #0]
100041c6:	4643      	mov	r3, r8
100041c8:	2b00      	cmp	r3, #0
100041ca:	d110      	bne.n	100041ee <_ntoa_format+0x106>
100041cc:	077b      	lsls	r3, r7, #29
100041ce:	d53e      	bpl.n	1000424e <_ntoa_format+0x166>
100041d0:	262b      	movs	r6, #43	@ 0x2b
100041d2:	9a0e      	ldr	r2, [sp, #56]	@ 0x38
100041d4:	1c63      	adds	r3, r4, #1
100041d6:	5516      	strb	r6, [r2, r4]
100041d8:	e7cd      	b.n	10004176 <_ntoa_format+0x8e>
100041da:	0023      	movs	r3, r4
100041dc:	3401      	adds	r4, #1
100041de:	2630      	movs	r6, #48	@ 0x30
100041e0:	9a0e      	ldr	r2, [sp, #56]	@ 0x38
100041e2:	54d6      	strb	r6, [r2, r3]
100041e4:	2c20      	cmp	r4, #32
100041e6:	d0c5      	beq.n	10004174 <_ntoa_format+0x8c>
100041e8:	4643      	mov	r3, r8
100041ea:	2b00      	cmp	r3, #0
100041ec:	d0ee      	beq.n	100041cc <_ntoa_format+0xe4>
100041ee:	262d      	movs	r6, #45	@ 0x2d
100041f0:	9a0e      	ldr	r2, [sp, #56]	@ 0x38
100041f2:	1c63      	adds	r3, r4, #1
100041f4:	5516      	strb	r6, [r2, r4]
100041f6:	e7be      	b.n	10004176 <_ntoa_format+0x8e>
100041f8:	4643      	mov	r3, r8
100041fa:	2b00      	cmp	r3, #0
100041fc:	d02f      	beq.n	1000425e <_ntoa_format+0x176>
100041fe:	3d01      	subs	r5, #1
10004200:	42b4      	cmp	r4, r6
10004202:	d200      	bcs.n	10004206 <_ntoa_format+0x11e>
10004204:	e789      	b.n	1000411a <_ntoa_format+0x32>
10004206:	e798      	b.n	1000413a <_ntoa_format+0x52>
10004208:	9b11      	ldr	r3, [sp, #68]	@ 0x44
1000420a:	2b10      	cmp	r3, #16
1000420c:	d1b2      	bne.n	10004174 <_ntoa_format+0x8c>
1000420e:	06bb      	lsls	r3, r7, #26
10004210:	d537      	bpl.n	10004282 <_ntoa_format+0x19a>
10004212:	2c20      	cmp	r4, #32
10004214:	d0ae      	beq.n	10004174 <_ntoa_format+0x8c>
10004216:	2358      	movs	r3, #88	@ 0x58
10004218:	9a0e      	ldr	r2, [sp, #56]	@ 0x38
1000421a:	5513      	strb	r3, [r2, r4]
1000421c:	3401      	adds	r4, #1
1000421e:	e7a7      	b.n	10004170 <_ntoa_format+0x88>
10004220:	2c20      	cmp	r4, #32
10004222:	d0a7      	beq.n	10004174 <_ntoa_format+0x8c>
10004224:	0023      	movs	r3, r4
10004226:	3401      	adds	r4, #1
10004228:	e007      	b.n	1000423a <_ntoa_format+0x152>
1000422a:	1e63      	subs	r3, r4, #1
1000422c:	2c01      	cmp	r4, #1
1000422e:	d0c0      	beq.n	100041b2 <_ntoa_format+0xca>
10004230:	9a11      	ldr	r2, [sp, #68]	@ 0x44
10004232:	2a10      	cmp	r2, #16
10004234:	d031      	beq.n	1000429a <_ntoa_format+0x1b2>
10004236:	2a02      	cmp	r2, #2
10004238:	d1d1      	bne.n	100041de <_ntoa_format+0xf6>
1000423a:	2662      	movs	r6, #98	@ 0x62
1000423c:	9a0e      	ldr	r2, [sp, #56]	@ 0x38
1000423e:	54d6      	strb	r6, [r2, r3]
10004240:	e796      	b.n	10004170 <_ntoa_format+0x88>
10004242:	06fb      	lsls	r3, r7, #27
10004244:	d5ce      	bpl.n	100041e4 <_ntoa_format+0xfc>
10004246:	057b      	lsls	r3, r7, #21
10004248:	d400      	bmi.n	1000424c <_ntoa_format+0x164>
1000424a:	e788      	b.n	1000415e <_ntoa_format+0x76>
1000424c:	e78b      	b.n	10004166 <_ntoa_format+0x7e>
1000424e:	0023      	movs	r3, r4
10004250:	073e      	lsls	r6, r7, #28
10004252:	d590      	bpl.n	10004176 <_ntoa_format+0x8e>
10004254:	2620      	movs	r6, #32
10004256:	9a0e      	ldr	r2, [sp, #56]	@ 0x38
10004258:	3301      	adds	r3, #1
1000425a:	5516      	strb	r6, [r2, r4]
1000425c:	e78b      	b.n	10004176 <_ntoa_format+0x8e>
1000425e:	230c      	movs	r3, #12
10004260:	403b      	ands	r3, r7
10004262:	1e5a      	subs	r2, r3, #1
10004264:	4193      	sbcs	r3, r2
10004266:	1aed      	subs	r5, r5, r3
10004268:	42b4      	cmp	r4, r6
1000426a:	d200      	bcs.n	1000426e <_ntoa_format+0x186>
1000426c:	e755      	b.n	1000411a <_ntoa_format+0x32>
1000426e:	e764      	b.n	1000413a <_ntoa_format+0x52>
10004270:	06bb      	lsls	r3, r7, #26
10004272:	d40e      	bmi.n	10004292 <_ntoa_format+0x1aa>
10004274:	2378      	movs	r3, #120	@ 0x78
10004276:	9a0e      	ldr	r2, [sp, #56]	@ 0x38
10004278:	2402      	movs	r4, #2
1000427a:	7013      	strb	r3, [r2, #0]
1000427c:	2330      	movs	r3, #48	@ 0x30
1000427e:	7053      	strb	r3, [r2, #1]
10004280:	e7a1      	b.n	100041c6 <_ntoa_format+0xde>
10004282:	2c20      	cmp	r4, #32
10004284:	d100      	bne.n	10004288 <_ntoa_format+0x1a0>
10004286:	e775      	b.n	10004174 <_ntoa_format+0x8c>
10004288:	2378      	movs	r3, #120	@ 0x78
1000428a:	9a0e      	ldr	r2, [sp, #56]	@ 0x38
1000428c:	5513      	strb	r3, [r2, r4]
1000428e:	3401      	adds	r4, #1
10004290:	e76e      	b.n	10004170 <_ntoa_format+0x88>
10004292:	2358      	movs	r3, #88	@ 0x58
10004294:	e7ef      	b.n	10004276 <_ntoa_format+0x18e>
10004296:	3360      	adds	r3, #96	@ 0x60
10004298:	e7ed      	b.n	10004276 <_ntoa_format+0x18e>
1000429a:	9a0e      	ldr	r2, [sp, #56]	@ 0x38
1000429c:	1ea6      	subs	r6, r4, #2
1000429e:	4691      	mov	r9, r2
100042a0:	444e      	add	r6, r9
100042a2:	06ba      	lsls	r2, r7, #26
100042a4:	d502      	bpl.n	100042ac <_ntoa_format+0x1c4>
100042a6:	2258      	movs	r2, #88	@ 0x58
100042a8:	7032      	strb	r2, [r6, #0]
100042aa:	e798      	b.n	100041de <_ntoa_format+0xf6>
100042ac:	2278      	movs	r2, #120	@ 0x78
100042ae:	7032      	strb	r2, [r6, #0]
100042b0:	e795      	b.n	100041de <_ntoa_format+0xf6>
100042b2:	46c0      	nop			@ (mov r8, r8)

100042b4 <_out_char>:
100042b4:	b510      	push	{r4, lr}
100042b6:	2800      	cmp	r0, #0
100042b8:	d100      	bne.n	100042bc <_out_char+0x8>
100042ba:	bd10      	pop	{r4, pc}
100042bc:	f001 fcac 	bl	10005c18 <__wrap_putchar>
100042c0:	e7fb      	b.n	100042ba <_out_char+0x6>
100042c2:	46c0      	nop			@ (mov r8, r8)

100042c4 <_out_fct>:
100042c4:	000b      	movs	r3, r1
100042c6:	b510      	push	{r4, lr}
100042c8:	2800      	cmp	r0, #0
100042ca:	d002      	beq.n	100042d2 <_out_fct+0xe>
100042cc:	6849      	ldr	r1, [r1, #4]
100042ce:	681b      	ldr	r3, [r3, #0]
100042d0:	4798      	blx	r3
100042d2:	bd10      	pop	{r4, pc}

100042d4 <_ftoa>:
100042d4:	b5f0      	push	{r4, r5, r6, r7, lr}
100042d6:	4657      	mov	r7, sl
100042d8:	46de      	mov	lr, fp
100042da:	464e      	mov	r6, r9
100042dc:	4645      	mov	r5, r8
100042de:	b5e0      	push	{r5, r6, r7, lr}
100042e0:	b095      	sub	sp, #84	@ 0x54
100042e2:	4683      	mov	fp, r0
100042e4:	000f      	movs	r7, r1
100042e6:	4692      	mov	sl, r2
100042e8:	4698      	mov	r8, r3
100042ea:	9a1e      	ldr	r2, [sp, #120]	@ 0x78
100042ec:	9b1f      	ldr	r3, [sp, #124]	@ 0x7c
100042ee:	0010      	movs	r0, r2
100042f0:	0019      	movs	r1, r3
100042f2:	9e20      	ldr	r6, [sp, #128]	@ 0x80
100042f4:	f7ff fa63 	bl	100037be <__wrap___aeabi_dcmpun>
100042f8:	2800      	cmp	r0, #0
100042fa:	d000      	beq.n	100042fe <_ftoa+0x2a>
100042fc:	e1ea      	b.n	100046d4 <_ftoa+0x400>
100042fe:	981e      	ldr	r0, [sp, #120]	@ 0x78
10004300:	991f      	ldr	r1, [sp, #124]	@ 0x7c
10004302:	2201      	movs	r2, #1
10004304:	4bc5      	ldr	r3, [pc, #788]	@ (1000461c <_ftoa+0x348>)
10004306:	4252      	negs	r2, r2
10004308:	f7ff fa3e 	bl	10003788 <__wrap___aeabi_dcmplt>
1000430c:	2800      	cmp	r0, #0
1000430e:	d000      	beq.n	10004312 <_ftoa+0x3e>
10004310:	e114      	b.n	1000453c <_ftoa+0x268>
10004312:	981e      	ldr	r0, [sp, #120]	@ 0x78
10004314:	991f      	ldr	r1, [sp, #124]	@ 0x7c
10004316:	2201      	movs	r2, #1
10004318:	4bc1      	ldr	r3, [pc, #772]	@ (10004620 <_ftoa+0x34c>)
1000431a:	4252      	negs	r2, r2
1000431c:	f7ff fa4a 	bl	100037b4 <__wrap___aeabi_dcmpgt>
10004320:	2800      	cmp	r0, #0
10004322:	d000      	beq.n	10004326 <_ftoa+0x52>
10004324:	e0e9      	b.n	100044fa <_ftoa+0x226>
10004326:	981e      	ldr	r0, [sp, #120]	@ 0x78
10004328:	991f      	ldr	r1, [sp, #124]	@ 0x7c
1000432a:	2200      	movs	r2, #0
1000432c:	4bbd      	ldr	r3, [pc, #756]	@ (10004624 <_ftoa+0x350>)
1000432e:	f7ff fa41 	bl	100037b4 <__wrap___aeabi_dcmpgt>
10004332:	2800      	cmp	r0, #0
10004334:	d000      	beq.n	10004338 <_ftoa+0x64>
10004336:	e0c8      	b.n	100044ca <_ftoa+0x1f6>
10004338:	981e      	ldr	r0, [sp, #120]	@ 0x78
1000433a:	991f      	ldr	r1, [sp, #124]	@ 0x7c
1000433c:	2200      	movs	r2, #0
1000433e:	4bba      	ldr	r3, [pc, #744]	@ (10004628 <_ftoa+0x354>)
10004340:	f7ff fa22 	bl	10003788 <__wrap___aeabi_dcmplt>
10004344:	2800      	cmp	r0, #0
10004346:	d000      	beq.n	1000434a <_ftoa+0x76>
10004348:	e0bf      	b.n	100044ca <_ftoa+0x1f6>
1000434a:	981e      	ldr	r0, [sp, #120]	@ 0x78
1000434c:	991f      	ldr	r1, [sp, #124]	@ 0x7c
1000434e:	2200      	movs	r2, #0
10004350:	2300      	movs	r3, #0
10004352:	f7ff fa19 	bl	10003788 <__wrap___aeabi_dcmplt>
10004356:	2800      	cmp	r0, #0
10004358:	d000      	beq.n	1000435c <_ftoa+0x88>
1000435a:	e0e4      	b.n	10004526 <_ftoa+0x252>
1000435c:	2300      	movs	r3, #0
1000435e:	930b      	str	r3, [sp, #44]	@ 0x2c
10004360:	9b22      	ldr	r3, [sp, #136]	@ 0x88
10004362:	055b      	lsls	r3, r3, #21
10004364:	d400      	bmi.n	10004368 <_ftoa+0x94>
10004366:	2606      	movs	r6, #6
10004368:	2400      	movs	r4, #0
1000436a:	2330      	movs	r3, #48	@ 0x30
1000436c:	e007      	b.n	1000437e <_ftoa+0xaa>
1000436e:	2117      	movs	r1, #23
10004370:	aa06      	add	r2, sp, #24
10004372:	3401      	adds	r4, #1
10004374:	1852      	adds	r2, r2, r1
10004376:	5513      	strb	r3, [r2, r4]
10004378:	3e01      	subs	r6, #1
1000437a:	2c20      	cmp	r4, #32
1000437c:	d001      	beq.n	10004382 <_ftoa+0xae>
1000437e:	2e09      	cmp	r6, #9
10004380:	d8f5      	bhi.n	1000436e <_ftoa+0x9a>
10004382:	981e      	ldr	r0, [sp, #120]	@ 0x78
10004384:	991f      	ldr	r1, [sp, #124]	@ 0x7c
10004386:	f7ff fa43 	bl	10003810 <__wrap___aeabi_d2iz>
1000438a:	4ba8      	ldr	r3, [pc, #672]	@ (1000462c <_ftoa+0x358>)
1000438c:	00f2      	lsls	r2, r6, #3
1000438e:	189b      	adds	r3, r3, r2
10004390:	681a      	ldr	r2, [r3, #0]
10004392:	685b      	ldr	r3, [r3, #4]
10004394:	0005      	movs	r5, r0
10004396:	9208      	str	r2, [sp, #32]
10004398:	9309      	str	r3, [sp, #36]	@ 0x24
1000439a:	f7ff fa21 	bl	100037e0 <__wrap___aeabi_i2d>
1000439e:	0002      	movs	r2, r0
100043a0:	000b      	movs	r3, r1
100043a2:	981e      	ldr	r0, [sp, #120]	@ 0x78
100043a4:	991f      	ldr	r1, [sp, #124]	@ 0x7c
100043a6:	f7ff f97c 	bl	100036a2 <__wrap___aeabi_dsub>
100043aa:	9a08      	ldr	r2, [sp, #32]
100043ac:	9b09      	ldr	r3, [sp, #36]	@ 0x24
100043ae:	f7ff f9a8 	bl	10003702 <__wrap___aeabi_dmul>
100043b2:	9006      	str	r0, [sp, #24]
100043b4:	9107      	str	r1, [sp, #28]
100043b6:	f7ff fa4f 	bl	10003858 <__wrap___aeabi_d2uiz>
100043ba:	4681      	mov	r9, r0
100043bc:	f7ff fa0c 	bl	100037d8 <__wrap___aeabi_ui2d>
100043c0:	0002      	movs	r2, r0
100043c2:	000b      	movs	r3, r1
100043c4:	9806      	ldr	r0, [sp, #24]
100043c6:	9907      	ldr	r1, [sp, #28]
100043c8:	f7ff f96b 	bl	100036a2 <__wrap___aeabi_dsub>
100043cc:	2200      	movs	r2, #0
100043ce:	4b98      	ldr	r3, [pc, #608]	@ (10004630 <_ftoa+0x35c>)
100043d0:	9006      	str	r0, [sp, #24]
100043d2:	9107      	str	r1, [sp, #28]
100043d4:	f7ff f9ee 	bl	100037b4 <__wrap___aeabi_dcmpgt>
100043d8:	2800      	cmp	r0, #0
100043da:	d100      	bne.n	100043de <_ftoa+0x10a>
100043dc:	e10d      	b.n	100045fa <_ftoa+0x326>
100043de:	2301      	movs	r3, #1
100043e0:	469c      	mov	ip, r3
100043e2:	44e1      	add	r9, ip
100043e4:	4648      	mov	r0, r9
100043e6:	f7ff f9f7 	bl	100037d8 <__wrap___aeabi_ui2d>
100043ea:	0002      	movs	r2, r0
100043ec:	000b      	movs	r3, r1
100043ee:	9808      	ldr	r0, [sp, #32]
100043f0:	9909      	ldr	r1, [sp, #36]	@ 0x24
100043f2:	f7ff f9cf 	bl	10003794 <__wrap___aeabi_dcmple>
100043f6:	2800      	cmp	r0, #0
100043f8:	d002      	beq.n	10004400 <_ftoa+0x12c>
100043fa:	2300      	movs	r3, #0
100043fc:	4699      	mov	r9, r3
100043fe:	3501      	adds	r5, #1
10004400:	2e00      	cmp	r6, #0
10004402:	d100      	bne.n	10004406 <_ftoa+0x132>
10004404:	e0d9      	b.n	100045ba <_ftoa+0x2e6>
10004406:	9506      	str	r5, [sp, #24]
10004408:	464d      	mov	r5, r9
1000440a:	46b9      	mov	r9, r7
1000440c:	e014      	b.n	10004438 <_ftoa+0x164>
1000440e:	aa06      	add	r2, sp, #24
10004410:	4694      	mov	ip, r2
10004412:	2317      	movs	r3, #23
10004414:	210a      	movs	r1, #10
10004416:	4463      	add	r3, ip
10004418:	0028      	movs	r0, r5
1000441a:	3401      	adds	r4, #1
1000441c:	191f      	adds	r7, r3, r4
1000441e:	f7fe ff05 	bl	1000322c <__wrap___aeabi_uidiv>
10004422:	3130      	adds	r1, #48	@ 0x30
10004424:	7039      	strb	r1, [r7, #0]
10004426:	0028      	movs	r0, r5
10004428:	210a      	movs	r1, #10
1000442a:	3e01      	subs	r6, #1
1000442c:	f7fe fefe 	bl	1000322c <__wrap___aeabi_uidiv>
10004430:	2d09      	cmp	r5, #9
10004432:	d800      	bhi.n	10004436 <_ftoa+0x162>
10004434:	e117      	b.n	10004666 <_ftoa+0x392>
10004436:	0005      	movs	r5, r0
10004438:	2c20      	cmp	r4, #32
1000443a:	d1e8      	bne.n	1000440e <_ftoa+0x13a>
1000443c:	464f      	mov	r7, r9
1000443e:	9d06      	ldr	r5, [sp, #24]
10004440:	2420      	movs	r4, #32
10004442:	ae0c      	add	r6, sp, #48	@ 0x30
10004444:	aa06      	add	r2, sp, #24
10004446:	2317      	movs	r3, #23
10004448:	4694      	mov	ip, r2
1000444a:	4463      	add	r3, ip
1000444c:	4699      	mov	r9, r3
1000444e:	465b      	mov	r3, fp
10004450:	46b3      	mov	fp, r6
10004452:	9306      	str	r3, [sp, #24]
10004454:	e00f      	b.n	10004476 <_ftoa+0x1a2>
10004456:	464b      	mov	r3, r9
10004458:	0028      	movs	r0, r5
1000445a:	210a      	movs	r1, #10
1000445c:	3401      	adds	r4, #1
1000445e:	18e6      	adds	r6, r4, r3
10004460:	f7fe febc 	bl	100031dc <__wrap___aeabi_idiv>
10004464:	3130      	adds	r1, #48	@ 0x30
10004466:	0028      	movs	r0, r5
10004468:	7031      	strb	r1, [r6, #0]
1000446a:	210a      	movs	r1, #10
1000446c:	f7fe feb6 	bl	100031dc <__wrap___aeabi_idiv>
10004470:	1e05      	subs	r5, r0, #0
10004472:	d100      	bne.n	10004476 <_ftoa+0x1a2>
10004474:	e0e4      	b.n	10004640 <_ftoa+0x36c>
10004476:	2c20      	cmp	r4, #32
10004478:	d1ed      	bne.n	10004456 <_ftoa+0x182>
1000447a:	9b06      	ldr	r3, [sp, #24]
1000447c:	465e      	mov	r6, fp
1000447e:	469b      	mov	fp, r3
10004480:	2303      	movs	r3, #3
10004482:	9a22      	ldr	r2, [sp, #136]	@ 0x88
10004484:	4013      	ands	r3, r2
10004486:	2b01      	cmp	r3, #1
10004488:	d118      	bne.n	100044bc <_ftoa+0x1e8>
1000448a:	9b21      	ldr	r3, [sp, #132]	@ 0x84
1000448c:	2b00      	cmp	r3, #0
1000448e:	d015      	beq.n	100044bc <_ftoa+0x1e8>
10004490:	9b0b      	ldr	r3, [sp, #44]	@ 0x2c
10004492:	2b00      	cmp	r3, #0
10004494:	d100      	bne.n	10004498 <_ftoa+0x1c4>
10004496:	e0fd      	b.n	10004694 <_ftoa+0x3c0>
10004498:	9b21      	ldr	r3, [sp, #132]	@ 0x84
1000449a:	3b01      	subs	r3, #1
1000449c:	9321      	str	r3, [sp, #132]	@ 0x84
1000449e:	2b20      	cmp	r3, #32
100044a0:	d90c      	bls.n	100044bc <_ftoa+0x1e8>
100044a2:	2330      	movs	r3, #48	@ 0x30
100044a4:	9a21      	ldr	r2, [sp, #132]	@ 0x84
100044a6:	e007      	b.n	100044b8 <_ftoa+0x1e4>
100044a8:	2017      	movs	r0, #23
100044aa:	a906      	add	r1, sp, #24
100044ac:	3401      	adds	r4, #1
100044ae:	1809      	adds	r1, r1, r0
100044b0:	550b      	strb	r3, [r1, r4]
100044b2:	4294      	cmp	r4, r2
100044b4:	d300      	bcc.n	100044b8 <_ftoa+0x1e4>
100044b6:	e0cc      	b.n	10004652 <_ftoa+0x37e>
100044b8:	2c20      	cmp	r4, #32
100044ba:	d1f5      	bne.n	100044a8 <_ftoa+0x1d4>
100044bc:	9b22      	ldr	r3, [sp, #136]	@ 0x88
100044be:	9401      	str	r4, [sp, #4]
100044c0:	9303      	str	r3, [sp, #12]
100044c2:	9b21      	ldr	r3, [sp, #132]	@ 0x84
100044c4:	9600      	str	r6, [sp, #0]
100044c6:	9302      	str	r3, [sp, #8]
100044c8:	e022      	b.n	10004510 <_ftoa+0x23c>
100044ca:	9b22      	ldr	r3, [sp, #136]	@ 0x88
100044cc:	4652      	mov	r2, sl
100044ce:	9304      	str	r3, [sp, #16]
100044d0:	9b21      	ldr	r3, [sp, #132]	@ 0x84
100044d2:	0039      	movs	r1, r7
100044d4:	9303      	str	r3, [sp, #12]
100044d6:	4658      	mov	r0, fp
100044d8:	9b1e      	ldr	r3, [sp, #120]	@ 0x78
100044da:	9c1f      	ldr	r4, [sp, #124]	@ 0x7c
100044dc:	9602      	str	r6, [sp, #8]
100044de:	9300      	str	r3, [sp, #0]
100044e0:	9401      	str	r4, [sp, #4]
100044e2:	4643      	mov	r3, r8
100044e4:	f000 f94a 	bl	1000477c <_etoa>
100044e8:	0004      	movs	r4, r0
100044ea:	0020      	movs	r0, r4
100044ec:	b015      	add	sp, #84	@ 0x54
100044ee:	bcf0      	pop	{r4, r5, r6, r7}
100044f0:	46bb      	mov	fp, r7
100044f2:	46b2      	mov	sl, r6
100044f4:	46a9      	mov	r9, r5
100044f6:	46a0      	mov	r8, r4
100044f8:	bdf0      	pop	{r4, r5, r6, r7, pc}
100044fa:	9b22      	ldr	r3, [sp, #136]	@ 0x88
100044fc:	075b      	lsls	r3, r3, #29
100044fe:	d40f      	bmi.n	10004520 <_ftoa+0x24c>
10004500:	2203      	movs	r2, #3
10004502:	4b4c      	ldr	r3, [pc, #304]	@ (10004634 <_ftoa+0x360>)
10004504:	9922      	ldr	r1, [sp, #136]	@ 0x88
10004506:	9201      	str	r2, [sp, #4]
10004508:	9103      	str	r1, [sp, #12]
1000450a:	9921      	ldr	r1, [sp, #132]	@ 0x84
1000450c:	9300      	str	r3, [sp, #0]
1000450e:	9102      	str	r1, [sp, #8]
10004510:	4643      	mov	r3, r8
10004512:	4652      	mov	r2, sl
10004514:	0039      	movs	r1, r7
10004516:	4658      	mov	r0, fp
10004518:	f7ff fd90 	bl	1000403c <_out_rev>
1000451c:	0004      	movs	r4, r0
1000451e:	e7e4      	b.n	100044ea <_ftoa+0x216>
10004520:	2204      	movs	r2, #4
10004522:	4b45      	ldr	r3, [pc, #276]	@ (10004638 <_ftoa+0x364>)
10004524:	e7ee      	b.n	10004504 <_ftoa+0x230>
10004526:	9a1e      	ldr	r2, [sp, #120]	@ 0x78
10004528:	9b1f      	ldr	r3, [sp, #124]	@ 0x7c
1000452a:	2000      	movs	r0, #0
1000452c:	2100      	movs	r1, #0
1000452e:	f7ff f8b8 	bl	100036a2 <__wrap___aeabi_dsub>
10004532:	2301      	movs	r3, #1
10004534:	901e      	str	r0, [sp, #120]	@ 0x78
10004536:	911f      	str	r1, [sp, #124]	@ 0x7c
10004538:	930b      	str	r3, [sp, #44]	@ 0x2c
1000453a:	e711      	b.n	10004360 <_ftoa+0x8c>
1000453c:	9b22      	ldr	r3, [sp, #136]	@ 0x88
1000453e:	4654      	mov	r4, sl
10004540:	079b      	lsls	r3, r3, #30
10004542:	d111      	bne.n	10004568 <_ftoa+0x294>
10004544:	9b21      	ldr	r3, [sp, #132]	@ 0x84
10004546:	2b04      	cmp	r3, #4
10004548:	d90e      	bls.n	10004568 <_ftoa+0x294>
1000454a:	9b21      	ldr	r3, [sp, #132]	@ 0x84
1000454c:	4655      	mov	r5, sl
1000454e:	469c      	mov	ip, r3
10004550:	465e      	mov	r6, fp
10004552:	3c04      	subs	r4, #4
10004554:	4464      	add	r4, ip
10004556:	002a      	movs	r2, r5
10004558:	4643      	mov	r3, r8
1000455a:	3501      	adds	r5, #1
1000455c:	0039      	movs	r1, r7
1000455e:	2020      	movs	r0, #32
10004560:	47b0      	blx	r6
10004562:	42a5      	cmp	r5, r4
10004564:	d1f7      	bne.n	10004556 <_ftoa+0x282>
10004566:	46b3      	mov	fp, r6
10004568:	4d34      	ldr	r5, [pc, #208]	@ (1000463c <_ftoa+0x368>)
1000456a:	0026      	movs	r6, r4
1000456c:	1f2b      	subs	r3, r5, #4
1000456e:	4699      	mov	r9, r3
10004570:	465b      	mov	r3, fp
10004572:	46a3      	mov	fp, r4
10004574:	001c      	movs	r4, r3
10004576:	0032      	movs	r2, r6
10004578:	78e8      	ldrb	r0, [r5, #3]
1000457a:	4643      	mov	r3, r8
1000457c:	0039      	movs	r1, r7
1000457e:	3d01      	subs	r5, #1
10004580:	47a0      	blx	r4
10004582:	3601      	adds	r6, #1
10004584:	454d      	cmp	r5, r9
10004586:	d1f6      	bne.n	10004576 <_ftoa+0x2a2>
10004588:	0023      	movs	r3, r4
1000458a:	465c      	mov	r4, fp
1000458c:	469b      	mov	fp, r3
1000458e:	9b22      	ldr	r3, [sp, #136]	@ 0x88
10004590:	3404      	adds	r4, #4
10004592:	079b      	lsls	r3, r3, #30
10004594:	d5a9      	bpl.n	100044ea <_ftoa+0x216>
10004596:	4653      	mov	r3, sl
10004598:	9a21      	ldr	r2, [sp, #132]	@ 0x84
1000459a:	1ae3      	subs	r3, r4, r3
1000459c:	429a      	cmp	r2, r3
1000459e:	d9a4      	bls.n	100044ea <_ftoa+0x216>
100045a0:	465e      	mov	r6, fp
100045a2:	0015      	movs	r5, r2
100045a4:	0022      	movs	r2, r4
100045a6:	4643      	mov	r3, r8
100045a8:	0039      	movs	r1, r7
100045aa:	2020      	movs	r0, #32
100045ac:	47b0      	blx	r6
100045ae:	4653      	mov	r3, sl
100045b0:	3401      	adds	r4, #1
100045b2:	1ae3      	subs	r3, r4, r3
100045b4:	429d      	cmp	r5, r3
100045b6:	d8f5      	bhi.n	100045a4 <_ftoa+0x2d0>
100045b8:	e797      	b.n	100044ea <_ftoa+0x216>
100045ba:	0028      	movs	r0, r5
100045bc:	f7ff f910 	bl	100037e0 <__wrap___aeabi_i2d>
100045c0:	0002      	movs	r2, r0
100045c2:	000b      	movs	r3, r1
100045c4:	981e      	ldr	r0, [sp, #120]	@ 0x78
100045c6:	991f      	ldr	r1, [sp, #124]	@ 0x7c
100045c8:	f7ff f86b 	bl	100036a2 <__wrap___aeabi_dsub>
100045cc:	2200      	movs	r2, #0
100045ce:	4b18      	ldr	r3, [pc, #96]	@ (10004630 <_ftoa+0x35c>)
100045d0:	9006      	str	r0, [sp, #24]
100045d2:	9107      	str	r1, [sp, #28]
100045d4:	f7ff f8d8 	bl	10003788 <__wrap___aeabi_dcmplt>
100045d8:	ae0c      	add	r6, sp, #48	@ 0x30
100045da:	2800      	cmp	r0, #0
100045dc:	d000      	beq.n	100045e0 <_ftoa+0x30c>
100045de:	e731      	b.n	10004444 <_ftoa+0x170>
100045e0:	9806      	ldr	r0, [sp, #24]
100045e2:	9907      	ldr	r1, [sp, #28]
100045e4:	2200      	movs	r2, #0
100045e6:	4b12      	ldr	r3, [pc, #72]	@ (10004630 <_ftoa+0x35c>)
100045e8:	f7ff f8e4 	bl	100037b4 <__wrap___aeabi_dcmpgt>
100045ec:	2800      	cmp	r0, #0
100045ee:	d000      	beq.n	100045f2 <_ftoa+0x31e>
100045f0:	e728      	b.n	10004444 <_ftoa+0x170>
100045f2:	2301      	movs	r3, #1
100045f4:	3501      	adds	r5, #1
100045f6:	439d      	bics	r5, r3
100045f8:	e724      	b.n	10004444 <_ftoa+0x170>
100045fa:	2200      	movs	r2, #0
100045fc:	9806      	ldr	r0, [sp, #24]
100045fe:	9907      	ldr	r1, [sp, #28]
10004600:	4b0b      	ldr	r3, [pc, #44]	@ (10004630 <_ftoa+0x35c>)
10004602:	f7ff f8c1 	bl	10003788 <__wrap___aeabi_dcmplt>
10004606:	2800      	cmp	r0, #0
10004608:	d000      	beq.n	1000460c <_ftoa+0x338>
1000460a:	e6f9      	b.n	10004400 <_ftoa+0x12c>
1000460c:	464b      	mov	r3, r9
1000460e:	2b00      	cmp	r3, #0
10004610:	d15c      	bne.n	100046cc <_ftoa+0x3f8>
10004612:	2301      	movs	r3, #1
10004614:	469c      	mov	ip, r3
10004616:	44e1      	add	r9, ip
10004618:	e6f2      	b.n	10004400 <_ftoa+0x12c>
1000461a:	46c0      	nop			@ (mov r8, r8)
1000461c:	ffefffff 	.word	0xffefffff
10004620:	7fefffff 	.word	0x7fefffff
10004624:	41cdcd65 	.word	0x41cdcd65
10004628:	c1cdcd65 	.word	0xc1cdcd65
1000462c:	1000c760 	.word	0x1000c760
10004630:	3fe00000 	.word	0x3fe00000
10004634:	1000b8b4 	.word	0x1000b8b4
10004638:	1000b8ac 	.word	0x1000b8ac
1000463c:	1000b8bc 	.word	0x1000b8bc
10004640:	9b06      	ldr	r3, [sp, #24]
10004642:	465e      	mov	r6, fp
10004644:	469b      	mov	fp, r3
10004646:	2303      	movs	r3, #3
10004648:	9a22      	ldr	r2, [sp, #136]	@ 0x88
1000464a:	4013      	ands	r3, r2
1000464c:	2b01      	cmp	r3, #1
1000464e:	d100      	bne.n	10004652 <_ftoa+0x37e>
10004650:	e081      	b.n	10004756 <_ftoa+0x482>
10004652:	2c20      	cmp	r4, #32
10004654:	d100      	bne.n	10004658 <_ftoa+0x384>
10004656:	e731      	b.n	100044bc <_ftoa+0x1e8>
10004658:	9b0b      	ldr	r3, [sp, #44]	@ 0x2c
1000465a:	2b00      	cmp	r3, #0
1000465c:	d027      	beq.n	100046ae <_ftoa+0x3da>
1000465e:	232d      	movs	r3, #45	@ 0x2d
10004660:	5533      	strb	r3, [r6, r4]
10004662:	3401      	adds	r4, #1
10004664:	e72a      	b.n	100044bc <_ftoa+0x1e8>
10004666:	464f      	mov	r7, r9
10004668:	9d06      	ldr	r5, [sp, #24]
1000466a:	2c20      	cmp	r4, #32
1000466c:	d100      	bne.n	10004670 <_ftoa+0x39c>
1000466e:	e6e7      	b.n	10004440 <_ftoa+0x16c>
10004670:	2230      	movs	r2, #48	@ 0x30
10004672:	1933      	adds	r3, r6, r4
10004674:	e007      	b.n	10004686 <_ftoa+0x3b2>
10004676:	2017      	movs	r0, #23
10004678:	a906      	add	r1, sp, #24
1000467a:	3401      	adds	r4, #1
1000467c:	1809      	adds	r1, r1, r0
1000467e:	550a      	strb	r2, [r1, r4]
10004680:	2c20      	cmp	r4, #32
10004682:	d100      	bne.n	10004686 <_ftoa+0x3b2>
10004684:	e6dc      	b.n	10004440 <_ftoa+0x16c>
10004686:	42a3      	cmp	r3, r4
10004688:	d1f5      	bne.n	10004676 <_ftoa+0x3a2>
1000468a:	222e      	movs	r2, #46	@ 0x2e
1000468c:	ae0c      	add	r6, sp, #48	@ 0x30
1000468e:	3401      	adds	r4, #1
10004690:	54f2      	strb	r2, [r6, r3]
10004692:	e6d7      	b.n	10004444 <_ftoa+0x170>
10004694:	230c      	movs	r3, #12
10004696:	9a22      	ldr	r2, [sp, #136]	@ 0x88
10004698:	4213      	tst	r3, r2
1000469a:	d057      	beq.n	1000474c <_ftoa+0x478>
1000469c:	9b21      	ldr	r3, [sp, #132]	@ 0x84
1000469e:	3b01      	subs	r3, #1
100046a0:	9321      	str	r3, [sp, #132]	@ 0x84
100046a2:	42a3      	cmp	r3, r4
100046a4:	d900      	bls.n	100046a8 <_ftoa+0x3d4>
100046a6:	e6fc      	b.n	100044a2 <_ftoa+0x1ce>
100046a8:	2c20      	cmp	r4, #32
100046aa:	d100      	bne.n	100046ae <_ftoa+0x3da>
100046ac:	e706      	b.n	100044bc <_ftoa+0x1e8>
100046ae:	9b22      	ldr	r3, [sp, #136]	@ 0x88
100046b0:	075b      	lsls	r3, r3, #29
100046b2:	d503      	bpl.n	100046bc <_ftoa+0x3e8>
100046b4:	232b      	movs	r3, #43	@ 0x2b
100046b6:	5533      	strb	r3, [r6, r4]
100046b8:	3401      	adds	r4, #1
100046ba:	e6ff      	b.n	100044bc <_ftoa+0x1e8>
100046bc:	9b22      	ldr	r3, [sp, #136]	@ 0x88
100046be:	071b      	lsls	r3, r3, #28
100046c0:	d400      	bmi.n	100046c4 <_ftoa+0x3f0>
100046c2:	e6fb      	b.n	100044bc <_ftoa+0x1e8>
100046c4:	2320      	movs	r3, #32
100046c6:	5533      	strb	r3, [r6, r4]
100046c8:	3401      	adds	r4, #1
100046ca:	e6f7      	b.n	100044bc <_ftoa+0x1e8>
100046cc:	07db      	lsls	r3, r3, #31
100046ce:	d400      	bmi.n	100046d2 <_ftoa+0x3fe>
100046d0:	e696      	b.n	10004400 <_ftoa+0x12c>
100046d2:	e79e      	b.n	10004612 <_ftoa+0x33e>
100046d4:	9b22      	ldr	r3, [sp, #136]	@ 0x88
100046d6:	4655      	mov	r5, sl
100046d8:	079b      	lsls	r3, r3, #30
100046da:	d111      	bne.n	10004700 <_ftoa+0x42c>
100046dc:	9b21      	ldr	r3, [sp, #132]	@ 0x84
100046de:	2b03      	cmp	r3, #3
100046e0:	d90e      	bls.n	10004700 <_ftoa+0x42c>
100046e2:	9b21      	ldr	r3, [sp, #132]	@ 0x84
100046e4:	4654      	mov	r4, sl
100046e6:	469c      	mov	ip, r3
100046e8:	465e      	mov	r6, fp
100046ea:	3d03      	subs	r5, #3
100046ec:	4465      	add	r5, ip
100046ee:	0022      	movs	r2, r4
100046f0:	4643      	mov	r3, r8
100046f2:	3401      	adds	r4, #1
100046f4:	0039      	movs	r1, r7
100046f6:	2020      	movs	r0, #32
100046f8:	47b0      	blx	r6
100046fa:	42ac      	cmp	r4, r5
100046fc:	d1f7      	bne.n	100046ee <_ftoa+0x41a>
100046fe:	46b3      	mov	fp, r6
10004700:	46b9      	mov	r9, r7
10004702:	465f      	mov	r7, fp
10004704:	4e1c      	ldr	r6, [pc, #112]	@ (10004778 <_ftoa+0x4a4>)
10004706:	1cec      	adds	r4, r5, #3
10004708:	002a      	movs	r2, r5
1000470a:	78b0      	ldrb	r0, [r6, #2]
1000470c:	4643      	mov	r3, r8
1000470e:	4649      	mov	r1, r9
10004710:	3501      	adds	r5, #1
10004712:	47b8      	blx	r7
10004714:	3e01      	subs	r6, #1
10004716:	42ac      	cmp	r4, r5
10004718:	d1f6      	bne.n	10004708 <_ftoa+0x434>
1000471a:	9b22      	ldr	r3, [sp, #136]	@ 0x88
1000471c:	46bb      	mov	fp, r7
1000471e:	464f      	mov	r7, r9
10004720:	079b      	lsls	r3, r3, #30
10004722:	d400      	bmi.n	10004726 <_ftoa+0x452>
10004724:	e6e1      	b.n	100044ea <_ftoa+0x216>
10004726:	4653      	mov	r3, sl
10004728:	9a21      	ldr	r2, [sp, #132]	@ 0x84
1000472a:	1ae3      	subs	r3, r4, r3
1000472c:	429a      	cmp	r2, r3
1000472e:	d800      	bhi.n	10004732 <_ftoa+0x45e>
10004730:	e6db      	b.n	100044ea <_ftoa+0x216>
10004732:	465e      	mov	r6, fp
10004734:	0015      	movs	r5, r2
10004736:	0022      	movs	r2, r4
10004738:	4643      	mov	r3, r8
1000473a:	0039      	movs	r1, r7
1000473c:	2020      	movs	r0, #32
1000473e:	47b0      	blx	r6
10004740:	4653      	mov	r3, sl
10004742:	3401      	adds	r4, #1
10004744:	1ae3      	subs	r3, r4, r3
10004746:	42ab      	cmp	r3, r5
10004748:	d3f5      	bcc.n	10004736 <_ftoa+0x462>
1000474a:	e6ce      	b.n	100044ea <_ftoa+0x216>
1000474c:	9b21      	ldr	r3, [sp, #132]	@ 0x84
1000474e:	42a3      	cmp	r3, r4
10004750:	d900      	bls.n	10004754 <_ftoa+0x480>
10004752:	e6a6      	b.n	100044a2 <_ftoa+0x1ce>
10004754:	e6b2      	b.n	100044bc <_ftoa+0x1e8>
10004756:	9b21      	ldr	r3, [sp, #132]	@ 0x84
10004758:	2b00      	cmp	r3, #0
1000475a:	d100      	bne.n	1000475e <_ftoa+0x48a>
1000475c:	e779      	b.n	10004652 <_ftoa+0x37e>
1000475e:	9b0b      	ldr	r3, [sp, #44]	@ 0x2c
10004760:	2b00      	cmp	r3, #0
10004762:	d097      	beq.n	10004694 <_ftoa+0x3c0>
10004764:	9b21      	ldr	r3, [sp, #132]	@ 0x84
10004766:	3b01      	subs	r3, #1
10004768:	9321      	str	r3, [sp, #132]	@ 0x84
1000476a:	429c      	cmp	r4, r3
1000476c:	d200      	bcs.n	10004770 <_ftoa+0x49c>
1000476e:	e698      	b.n	100044a2 <_ftoa+0x1ce>
10004770:	2c20      	cmp	r4, #32
10004772:	d000      	beq.n	10004776 <_ftoa+0x4a2>
10004774:	e773      	b.n	1000465e <_ftoa+0x38a>
10004776:	e6a1      	b.n	100044bc <_ftoa+0x1e8>
10004778:	1000b8b8 	.word	0x1000b8b8

1000477c <_etoa>:
1000477c:	b5f0      	push	{r4, r5, r6, r7, lr}
1000477e:	46de      	mov	lr, fp
10004780:	4657      	mov	r7, sl
10004782:	464e      	mov	r6, r9
10004784:	4645      	mov	r5, r8
10004786:	b5e0      	push	{r5, r6, r7, lr}
10004788:	b099      	sub	sp, #100	@ 0x64
1000478a:	4681      	mov	r9, r0
1000478c:	468b      	mov	fp, r1
1000478e:	4692      	mov	sl, r2
10004790:	4698      	mov	r8, r3
10004792:	9a22      	ldr	r2, [sp, #136]	@ 0x88
10004794:	9b23      	ldr	r3, [sp, #140]	@ 0x8c
10004796:	0010      	movs	r0, r2
10004798:	0019      	movs	r1, r3
1000479a:	f7ff f810 	bl	100037be <__wrap___aeabi_dcmpun>
1000479e:	2800      	cmp	r0, #0
100047a0:	d000      	beq.n	100047a4 <_etoa+0x28>
100047a2:	e0ca      	b.n	1000493a <_etoa+0x1be>
100047a4:	9822      	ldr	r0, [sp, #136]	@ 0x88
100047a6:	9923      	ldr	r1, [sp, #140]	@ 0x8c
100047a8:	2201      	movs	r2, #1
100047aa:	4b82      	ldr	r3, [pc, #520]	@ (100049b4 <_etoa+0x238>)
100047ac:	4252      	negs	r2, r2
100047ae:	f7ff f801 	bl	100037b4 <__wrap___aeabi_dcmpgt>
100047b2:	2800      	cmp	r0, #0
100047b4:	d000      	beq.n	100047b8 <_etoa+0x3c>
100047b6:	e0c0      	b.n	1000493a <_etoa+0x1be>
100047b8:	9822      	ldr	r0, [sp, #136]	@ 0x88
100047ba:	9923      	ldr	r1, [sp, #140]	@ 0x8c
100047bc:	2201      	movs	r2, #1
100047be:	4b7e      	ldr	r3, [pc, #504]	@ (100049b8 <_etoa+0x23c>)
100047c0:	4252      	negs	r2, r2
100047c2:	f7fe ffe1 	bl	10003788 <__wrap___aeabi_dcmplt>
100047c6:	2800      	cmp	r0, #0
100047c8:	d000      	beq.n	100047cc <_etoa+0x50>
100047ca:	e0b6      	b.n	1000493a <_etoa+0x1be>
100047cc:	9822      	ldr	r0, [sp, #136]	@ 0x88
100047ce:	9923      	ldr	r1, [sp, #140]	@ 0x8c
100047d0:	2200      	movs	r2, #0
100047d2:	2300      	movs	r3, #0
100047d4:	f7fe ffd8 	bl	10003788 <__wrap___aeabi_dcmplt>
100047d8:	2800      	cmp	r0, #0
100047da:	d000      	beq.n	100047de <_etoa+0x62>
100047dc:	e1c9      	b.n	10004b72 <_etoa+0x3f6>
100047de:	9b22      	ldr	r3, [sp, #136]	@ 0x88
100047e0:	9c23      	ldr	r4, [sp, #140]	@ 0x8c
100047e2:	9308      	str	r3, [sp, #32]
100047e4:	9409      	str	r4, [sp, #36]	@ 0x24
100047e6:	9808      	ldr	r0, [sp, #32]
100047e8:	9909      	ldr	r1, [sp, #36]	@ 0x24
100047ea:	2380      	movs	r3, #128	@ 0x80
100047ec:	9a26      	ldr	r2, [sp, #152]	@ 0x98
100047ee:	00db      	lsls	r3, r3, #3
100047f0:	401a      	ands	r2, r3
100047f2:	920d      	str	r2, [sp, #52]	@ 0x34
100047f4:	2280      	movs	r2, #128	@ 0x80
100047f6:	9c26      	ldr	r4, [sp, #152]	@ 0x98
100047f8:	0112      	lsls	r2, r2, #4
100047fa:	4014      	ands	r4, r2
100047fc:	0022      	movs	r2, r4
100047fe:	940b      	str	r4, [sp, #44]	@ 0x2c
10004800:	9c26      	ldr	r4, [sp, #152]	@ 0x98
10004802:	0007      	movs	r7, r0
10004804:	000e      	movs	r6, r1
10004806:	421c      	tst	r4, r3
10004808:	d000      	beq.n	1000480c <_etoa+0x90>
1000480a:	e0ad      	b.n	10004968 <_etoa+0x1ec>
1000480c:	000b      	movs	r3, r1
1000480e:	4303      	orrs	r3, r0
10004810:	d000      	beq.n	10004814 <_etoa+0x98>
10004812:	e0d5      	b.n	100049c0 <_etoa+0x244>
10004814:	2a00      	cmp	r2, #0
10004816:	d000      	beq.n	1000481a <_etoa+0x9e>
10004818:	e20a      	b.n	10004c30 <_etoa+0x4b4>
1000481a:	0022      	movs	r2, r4
1000481c:	3306      	adds	r3, #6
1000481e:	9324      	str	r3, [sp, #144]	@ 0x90
10004820:	2302      	movs	r3, #2
10004822:	4013      	ands	r3, r2
10004824:	930c      	str	r3, [sp, #48]	@ 0x30
10004826:	2302      	movs	r3, #2
10004828:	4213      	tst	r3, r2
1000482a:	d000      	beq.n	1000482e <_etoa+0xb2>
1000482c:	e202      	b.n	10004c34 <_etoa+0x4b8>
1000482e:	9b25      	ldr	r3, [sp, #148]	@ 0x94
10004830:	2b04      	cmp	r3, #4
10004832:	d200      	bcs.n	10004836 <_etoa+0xba>
10004834:	e20f      	b.n	10004c56 <_etoa+0x4da>
10004836:	3b04      	subs	r3, #4
10004838:	930b      	str	r3, [sp, #44]	@ 0x2c
1000483a:	2300      	movs	r3, #0
1000483c:	2504      	movs	r5, #4
1000483e:	930a      	str	r3, [sp, #40]	@ 0x28
10004840:	2200      	movs	r2, #0
10004842:	9822      	ldr	r0, [sp, #136]	@ 0x88
10004844:	9923      	ldr	r1, [sp, #140]	@ 0x8c
10004846:	2300      	movs	r3, #0
10004848:	f7fe ff9e 	bl	10003788 <__wrap___aeabi_dcmplt>
1000484c:	2800      	cmp	r0, #0
1000484e:	d000      	beq.n	10004852 <_etoa+0xd6>
10004850:	e203      	b.n	10004c5a <_etoa+0x4de>
10004852:	4b5a      	ldr	r3, [pc, #360]	@ (100049bc <_etoa+0x240>)
10004854:	9a26      	ldr	r2, [sp, #152]	@ 0x98
10004856:	4013      	ands	r3, r2
10004858:	9304      	str	r3, [sp, #16]
1000485a:	9b0b      	ldr	r3, [sp, #44]	@ 0x2c
1000485c:	9303      	str	r3, [sp, #12]
1000485e:	9b24      	ldr	r3, [sp, #144]	@ 0x90
10004860:	9302      	str	r3, [sp, #8]
10004862:	9b08      	ldr	r3, [sp, #32]
10004864:	9c09      	ldr	r4, [sp, #36]	@ 0x24
10004866:	9300      	str	r3, [sp, #0]
10004868:	9401      	str	r4, [sp, #4]
1000486a:	4659      	mov	r1, fp
1000486c:	4643      	mov	r3, r8
1000486e:	4652      	mov	r2, sl
10004870:	4648      	mov	r0, r9
10004872:	f7ff fd2f 	bl	100042d4 <_ftoa>
10004876:	0002      	movs	r2, r0
10004878:	2020      	movs	r0, #32
1000487a:	9b26      	ldr	r3, [sp, #152]	@ 0x98
1000487c:	271f      	movs	r7, #31
1000487e:	4003      	ands	r3, r0
10004880:	4259      	negs	r1, r3
10004882:	414b      	adcs	r3, r1
10004884:	425b      	negs	r3, r3
10004886:	4018      	ands	r0, r3
10004888:	1c53      	adds	r3, r2, #1
1000488a:	9308      	str	r3, [sp, #32]
1000488c:	4659      	mov	r1, fp
1000488e:	4643      	mov	r3, r8
10004890:	3045      	adds	r0, #69	@ 0x45
10004892:	47c8      	blx	r9
10004894:	9a0a      	ldr	r2, [sp, #40]	@ 0x28
10004896:	17d3      	asrs	r3, r2, #31
10004898:	18d4      	adds	r4, r2, r3
1000489a:	405c      	eors	r4, r3
1000489c:	0fd3      	lsrs	r3, r2, #31
1000489e:	930a      	str	r3, [sp, #40]	@ 0x28
100048a0:	1e6b      	subs	r3, r5, #1
100048a2:	930b      	str	r3, [sp, #44]	@ 0x2c
100048a4:	ab08      	add	r3, sp, #32
100048a6:	469c      	mov	ip, r3
100048a8:	2500      	movs	r5, #0
100048aa:	4467      	add	r7, ip
100048ac:	e001      	b.n	100048b2 <_etoa+0x136>
100048ae:	2d20      	cmp	r5, #32
100048b0:	d00f      	beq.n	100048d2 <_etoa+0x156>
100048b2:	0020      	movs	r0, r4
100048b4:	210a      	movs	r1, #10
100048b6:	f7fe fcb9 	bl	1000322c <__wrap___aeabi_uidiv>
100048ba:	3501      	adds	r5, #1
100048bc:	197e      	adds	r6, r7, r5
100048be:	3130      	adds	r1, #48	@ 0x30
100048c0:	7031      	strb	r1, [r6, #0]
100048c2:	0020      	movs	r0, r4
100048c4:	210a      	movs	r1, #10
100048c6:	f7fe fcb1 	bl	1000322c <__wrap___aeabi_uidiv>
100048ca:	0026      	movs	r6, r4
100048cc:	0004      	movs	r4, r0
100048ce:	2e09      	cmp	r6, #9
100048d0:	d8ed      	bhi.n	100048ae <_etoa+0x132>
100048d2:	2305      	movs	r3, #5
100048d4:	9306      	str	r3, [sp, #24]
100048d6:	9b0b      	ldr	r3, [sp, #44]	@ 0x2c
100048d8:	4659      	mov	r1, fp
100048da:	9305      	str	r3, [sp, #20]
100048dc:	2300      	movs	r3, #0
100048de:	9304      	str	r3, [sp, #16]
100048e0:	330a      	adds	r3, #10
100048e2:	9303      	str	r3, [sp, #12]
100048e4:	9b0a      	ldr	r3, [sp, #40]	@ 0x28
100048e6:	4648      	mov	r0, r9
100048e8:	9302      	str	r3, [sp, #8]
100048ea:	ab10      	add	r3, sp, #64	@ 0x40
100048ec:	9300      	str	r3, [sp, #0]
100048ee:	9a08      	ldr	r2, [sp, #32]
100048f0:	4643      	mov	r3, r8
100048f2:	9501      	str	r5, [sp, #4]
100048f4:	f7ff fbf8 	bl	100040e8 <_ntoa_format>
100048f8:	9b0c      	ldr	r3, [sp, #48]	@ 0x30
100048fa:	2b00      	cmp	r3, #0
100048fc:	d02d      	beq.n	1000495a <_etoa+0x1de>
100048fe:	4653      	mov	r3, sl
10004900:	1ac4      	subs	r4, r0, r3
10004902:	9b25      	ldr	r3, [sp, #148]	@ 0x94
10004904:	42a3      	cmp	r3, r4
10004906:	d928      	bls.n	1000495a <_etoa+0x1de>
10004908:	464d      	mov	r5, r9
1000490a:	465f      	mov	r7, fp
1000490c:	4681      	mov	r9, r0
1000490e:	001e      	movs	r6, r3
10004910:	4653      	mov	r3, sl
10004912:	0039      	movs	r1, r7
10004914:	191a      	adds	r2, r3, r4
10004916:	2020      	movs	r0, #32
10004918:	4643      	mov	r3, r8
1000491a:	3401      	adds	r4, #1
1000491c:	47a8      	blx	r5
1000491e:	42a6      	cmp	r6, r4
10004920:	d8f6      	bhi.n	10004910 <_etoa+0x194>
10004922:	4653      	mov	r3, sl
10004924:	4648      	mov	r0, r9
10004926:	9925      	ldr	r1, [sp, #148]	@ 0x94
10004928:	1ac2      	subs	r2, r0, r3
1000492a:	3201      	adds	r2, #1
1000492c:	2300      	movs	r3, #0
1000492e:	4291      	cmp	r1, r2
10004930:	d300      	bcc.n	10004934 <_etoa+0x1b8>
10004932:	e186      	b.n	10004c42 <_etoa+0x4c6>
10004934:	3001      	adds	r0, #1
10004936:	1818      	adds	r0, r3, r0
10004938:	e00f      	b.n	1000495a <_etoa+0x1de>
1000493a:	9b26      	ldr	r3, [sp, #152]	@ 0x98
1000493c:	9304      	str	r3, [sp, #16]
1000493e:	9b25      	ldr	r3, [sp, #148]	@ 0x94
10004940:	9303      	str	r3, [sp, #12]
10004942:	9b24      	ldr	r3, [sp, #144]	@ 0x90
10004944:	9302      	str	r3, [sp, #8]
10004946:	9b22      	ldr	r3, [sp, #136]	@ 0x88
10004948:	9c23      	ldr	r4, [sp, #140]	@ 0x8c
1000494a:	9300      	str	r3, [sp, #0]
1000494c:	9401      	str	r4, [sp, #4]
1000494e:	4643      	mov	r3, r8
10004950:	4652      	mov	r2, sl
10004952:	4659      	mov	r1, fp
10004954:	4648      	mov	r0, r9
10004956:	f7ff fcbd 	bl	100042d4 <_ftoa>
1000495a:	b019      	add	sp, #100	@ 0x64
1000495c:	bcf0      	pop	{r4, r5, r6, r7}
1000495e:	46bb      	mov	fp, r7
10004960:	46b2      	mov	sl, r6
10004962:	46a9      	mov	r9, r5
10004964:	46a0      	mov	r8, r4
10004966:	bdf0      	pop	{r4, r5, r6, r7, pc}
10004968:	4301      	orrs	r1, r0
1000496a:	d12b      	bne.n	100049c4 <_etoa+0x248>
1000496c:	9b0b      	ldr	r3, [sp, #44]	@ 0x2c
1000496e:	0022      	movs	r2, r4
10004970:	2b00      	cmp	r3, #0
10004972:	d100      	bne.n	10004976 <_etoa+0x1fa>
10004974:	e754      	b.n	10004820 <_etoa+0xa4>
10004976:	2300      	movs	r3, #0
10004978:	930a      	str	r3, [sp, #40]	@ 0x28
1000497a:	9b24      	ldr	r3, [sp, #144]	@ 0x90
1000497c:	9a0a      	ldr	r2, [sp, #40]	@ 0x28
1000497e:	2400      	movs	r4, #0
10004980:	4293      	cmp	r3, r2
10004982:	dd00      	ble.n	10004986 <_etoa+0x20a>
10004984:	e185      	b.n	10004c92 <_etoa+0x516>
10004986:	9822      	ldr	r0, [sp, #136]	@ 0x88
10004988:	9923      	ldr	r1, [sp, #140]	@ 0x8c
1000498a:	2200      	movs	r2, #0
1000498c:	2300      	movs	r3, #0
1000498e:	f7fe fefb 	bl	10003788 <__wrap___aeabi_dcmplt>
10004992:	2800      	cmp	r0, #0
10004994:	d000      	beq.n	10004998 <_etoa+0x21c>
10004996:	e135      	b.n	10004c04 <_etoa+0x488>
10004998:	9b26      	ldr	r3, [sp, #152]	@ 0x98
1000499a:	4a08      	ldr	r2, [pc, #32]	@ (100049bc <_etoa+0x240>)
1000499c:	9402      	str	r4, [sp, #8]
1000499e:	401a      	ands	r2, r3
100049a0:	2380      	movs	r3, #128	@ 0x80
100049a2:	00db      	lsls	r3, r3, #3
100049a4:	4313      	orrs	r3, r2
100049a6:	9304      	str	r3, [sp, #16]
100049a8:	9b25      	ldr	r3, [sp, #148]	@ 0x94
100049aa:	9303      	str	r3, [sp, #12]
100049ac:	9b08      	ldr	r3, [sp, #32]
100049ae:	9c09      	ldr	r4, [sp, #36]	@ 0x24
100049b0:	e7cb      	b.n	1000494a <_etoa+0x1ce>
100049b2:	46c0      	nop			@ (mov r8, r8)
100049b4:	7fefffff 	.word	0x7fefffff
100049b8:	ffefffff 	.word	0xffefffff
100049bc:	fffff7ff 	.word	0xfffff7ff
100049c0:	2306      	movs	r3, #6
100049c2:	9324      	str	r3, [sp, #144]	@ 0x90
100049c4:	4bb4      	ldr	r3, [pc, #720]	@ (10004c98 <_etoa+0x51c>)
100049c6:	0070      	lsls	r0, r6, #1
100049c8:	469c      	mov	ip, r3
100049ca:	0d40      	lsrs	r0, r0, #21
100049cc:	4460      	add	r0, ip
100049ce:	f7fe ff07 	bl	100037e0 <__wrap___aeabi_i2d>
100049d2:	4ab2      	ldr	r2, [pc, #712]	@ (10004c9c <_etoa+0x520>)
100049d4:	4bb2      	ldr	r3, [pc, #712]	@ (10004ca0 <_etoa+0x524>)
100049d6:	f7fe fe94 	bl	10003702 <__wrap___aeabi_dmul>
100049da:	4ab2      	ldr	r2, [pc, #712]	@ (10004ca4 <_etoa+0x528>)
100049dc:	4bb2      	ldr	r3, [pc, #712]	@ (10004ca8 <_etoa+0x52c>)
100049de:	f7fe fe69 	bl	100036b4 <__wrap___aeabi_dadd>
100049e2:	0336      	lsls	r6, r6, #12
100049e4:	4bb1      	ldr	r3, [pc, #708]	@ (10004cac <_etoa+0x530>)
100049e6:	0b36      	lsrs	r6, r6, #12
100049e8:	4333      	orrs	r3, r6
100049ea:	0004      	movs	r4, r0
100049ec:	000d      	movs	r5, r1
100049ee:	0038      	movs	r0, r7
100049f0:	0019      	movs	r1, r3
100049f2:	2200      	movs	r2, #0
100049f4:	4bae      	ldr	r3, [pc, #696]	@ (10004cb0 <_etoa+0x534>)
100049f6:	f7fe fe54 	bl	100036a2 <__wrap___aeabi_dsub>
100049fa:	4aae      	ldr	r2, [pc, #696]	@ (10004cb4 <_etoa+0x538>)
100049fc:	4bae      	ldr	r3, [pc, #696]	@ (10004cb8 <_etoa+0x53c>)
100049fe:	f7fe fe80 	bl	10003702 <__wrap___aeabi_dmul>
10004a02:	0002      	movs	r2, r0
10004a04:	000b      	movs	r3, r1
10004a06:	0020      	movs	r0, r4
10004a08:	0029      	movs	r1, r5
10004a0a:	f7fe fe53 	bl	100036b4 <__wrap___aeabi_dadd>
10004a0e:	f7fe feff 	bl	10003810 <__wrap___aeabi_d2iz>
10004a12:	900a      	str	r0, [sp, #40]	@ 0x28
10004a14:	f7fe fee4 	bl	100037e0 <__wrap___aeabi_i2d>
10004a18:	4aa8      	ldr	r2, [pc, #672]	@ (10004cbc <_etoa+0x540>)
10004a1a:	4ba9      	ldr	r3, [pc, #676]	@ (10004cc0 <_etoa+0x544>)
10004a1c:	0004      	movs	r4, r0
10004a1e:	000d      	movs	r5, r1
10004a20:	f7fe fe6f 	bl	10003702 <__wrap___aeabi_dmul>
10004a24:	2200      	movs	r2, #0
10004a26:	4ba7      	ldr	r3, [pc, #668]	@ (10004cc4 <_etoa+0x548>)
10004a28:	f7fe fe44 	bl	100036b4 <__wrap___aeabi_dadd>
10004a2c:	f7fe fef0 	bl	10003810 <__wrap___aeabi_d2iz>
10004a30:	4aa5      	ldr	r2, [pc, #660]	@ (10004cc8 <_etoa+0x54c>)
10004a32:	0006      	movs	r6, r0
10004a34:	4ba5      	ldr	r3, [pc, #660]	@ (10004ccc <_etoa+0x550>)
10004a36:	0020      	movs	r0, r4
10004a38:	0029      	movs	r1, r5
10004a3a:	f7fe fe62 	bl	10003702 <__wrap___aeabi_dmul>
10004a3e:	0004      	movs	r4, r0
10004a40:	0030      	movs	r0, r6
10004a42:	000d      	movs	r5, r1
10004a44:	960c      	str	r6, [sp, #48]	@ 0x30
10004a46:	f7fe fecb 	bl	100037e0 <__wrap___aeabi_i2d>
10004a4a:	4aa1      	ldr	r2, [pc, #644]	@ (10004cd0 <_etoa+0x554>)
10004a4c:	4ba1      	ldr	r3, [pc, #644]	@ (10004cd4 <_etoa+0x558>)
10004a4e:	f7fe fe58 	bl	10003702 <__wrap___aeabi_dmul>
10004a52:	0002      	movs	r2, r0
10004a54:	000b      	movs	r3, r1
10004a56:	0020      	movs	r0, r4
10004a58:	0029      	movs	r1, r5
10004a5a:	f7fe fe22 	bl	100036a2 <__wrap___aeabi_dsub>
10004a5e:	0002      	movs	r2, r0
10004a60:	000b      	movs	r3, r1
10004a62:	0006      	movs	r6, r0
10004a64:	000f      	movs	r7, r1
10004a66:	f7fe fe4c 	bl	10003702 <__wrap___aeabi_dmul>
10004a6a:	0032      	movs	r2, r6
10004a6c:	0004      	movs	r4, r0
10004a6e:	000d      	movs	r5, r1
10004a70:	003b      	movs	r3, r7
10004a72:	0030      	movs	r0, r6
10004a74:	0039      	movs	r1, r7
10004a76:	f7fe fe1d 	bl	100036b4 <__wrap___aeabi_dadd>
10004a7a:	2200      	movs	r2, #0
10004a7c:	900e      	str	r0, [sp, #56]	@ 0x38
10004a7e:	910f      	str	r1, [sp, #60]	@ 0x3c
10004a80:	4b95      	ldr	r3, [pc, #596]	@ (10004cd8 <_etoa+0x55c>)
10004a82:	0020      	movs	r0, r4
10004a84:	0029      	movs	r1, r5
10004a86:	f7fe fe1e 	bl	100036c6 <__wrap___aeabi_ddiv>
10004a8a:	2200      	movs	r2, #0
10004a8c:	4b93      	ldr	r3, [pc, #588]	@ (10004cdc <_etoa+0x560>)
10004a8e:	f7fe fe11 	bl	100036b4 <__wrap___aeabi_dadd>
10004a92:	0002      	movs	r2, r0
10004a94:	000b      	movs	r3, r1
10004a96:	0020      	movs	r0, r4
10004a98:	0029      	movs	r1, r5
10004a9a:	f7fe fe14 	bl	100036c6 <__wrap___aeabi_ddiv>
10004a9e:	2200      	movs	r2, #0
10004aa0:	4b8f      	ldr	r3, [pc, #572]	@ (10004ce0 <_etoa+0x564>)
10004aa2:	f7fe fe07 	bl	100036b4 <__wrap___aeabi_dadd>
10004aa6:	0002      	movs	r2, r0
10004aa8:	000b      	movs	r3, r1
10004aaa:	0020      	movs	r0, r4
10004aac:	0029      	movs	r1, r5
10004aae:	f7fe fe0a 	bl	100036c6 <__wrap___aeabi_ddiv>
10004ab2:	000d      	movs	r5, r1
10004ab4:	2180      	movs	r1, #128	@ 0x80
10004ab6:	0004      	movs	r4, r0
10004ab8:	0032      	movs	r2, r6
10004aba:	003b      	movs	r3, r7
10004abc:	2000      	movs	r0, #0
10004abe:	05c9      	lsls	r1, r1, #23
10004ac0:	f7fe fdef 	bl	100036a2 <__wrap___aeabi_dsub>
10004ac4:	0002      	movs	r2, r0
10004ac6:	000b      	movs	r3, r1
10004ac8:	0020      	movs	r0, r4
10004aca:	0029      	movs	r1, r5
10004acc:	f7fe fdf2 	bl	100036b4 <__wrap___aeabi_dadd>
10004ad0:	0002      	movs	r2, r0
10004ad2:	000b      	movs	r3, r1
10004ad4:	980e      	ldr	r0, [sp, #56]	@ 0x38
10004ad6:	990f      	ldr	r1, [sp, #60]	@ 0x3c
10004ad8:	f7fe fdf5 	bl	100036c6 <__wrap___aeabi_ddiv>
10004adc:	2200      	movs	r2, #0
10004ade:	4b73      	ldr	r3, [pc, #460]	@ (10004cac <_etoa+0x530>)
10004ae0:	f7fe fde8 	bl	100036b4 <__wrap___aeabi_dadd>
10004ae4:	4b7f      	ldr	r3, [pc, #508]	@ (10004ce4 <_etoa+0x568>)
10004ae6:	9c0c      	ldr	r4, [sp, #48]	@ 0x30
10004ae8:	469c      	mov	ip, r3
10004aea:	4464      	add	r4, ip
10004aec:	2200      	movs	r2, #0
10004aee:	0523      	lsls	r3, r4, #20
10004af0:	f7fe fe07 	bl	10003702 <__wrap___aeabi_dmul>
10004af4:	0006      	movs	r6, r0
10004af6:	000f      	movs	r7, r1
10004af8:	0002      	movs	r2, r0
10004afa:	000b      	movs	r3, r1
10004afc:	9808      	ldr	r0, [sp, #32]
10004afe:	9909      	ldr	r1, [sp, #36]	@ 0x24
10004b00:	f7fe fe42 	bl	10003788 <__wrap___aeabi_dcmplt>
10004b04:	2800      	cmp	r0, #0
10004b06:	d00a      	beq.n	10004b1e <_etoa+0x3a2>
10004b08:	9b0a      	ldr	r3, [sp, #40]	@ 0x28
10004b0a:	0030      	movs	r0, r6
10004b0c:	3b01      	subs	r3, #1
10004b0e:	0039      	movs	r1, r7
10004b10:	930a      	str	r3, [sp, #40]	@ 0x28
10004b12:	2200      	movs	r2, #0
10004b14:	4b71      	ldr	r3, [pc, #452]	@ (10004cdc <_etoa+0x560>)
10004b16:	f7fe fdd6 	bl	100036c6 <__wrap___aeabi_ddiv>
10004b1a:	0006      	movs	r6, r0
10004b1c:	000f      	movs	r7, r1
10004b1e:	9a0a      	ldr	r2, [sp, #40]	@ 0x28
10004b20:	0033      	movs	r3, r6
10004b22:	3263      	adds	r2, #99	@ 0x63
10004b24:	0039      	movs	r1, r7
10004b26:	2ac6      	cmp	r2, #198	@ 0xc6
10004b28:	d812      	bhi.n	10004b50 <_etoa+0x3d4>
10004b2a:	2202      	movs	r2, #2
10004b2c:	9826      	ldr	r0, [sp, #152]	@ 0x98
10004b2e:	2504      	movs	r5, #4
10004b30:	4010      	ands	r0, r2
10004b32:	9a0b      	ldr	r2, [sp, #44]	@ 0x2c
10004b34:	900c      	str	r0, [sp, #48]	@ 0x30
10004b36:	2a00      	cmp	r2, #0
10004b38:	d125      	bne.n	10004b86 <_etoa+0x40a>
10004b3a:	9b25      	ldr	r3, [sp, #148]	@ 0x94
10004b3c:	2b04      	cmp	r3, #4
10004b3e:	d905      	bls.n	10004b4c <_etoa+0x3d0>
10004b40:	2800      	cmp	r0, #0
10004b42:	d000      	beq.n	10004b46 <_etoa+0x3ca>
10004b44:	e0a1      	b.n	10004c8a <_etoa+0x50e>
10004b46:	9b25      	ldr	r3, [sp, #148]	@ 0x94
10004b48:	3b04      	subs	r3, #4
10004b4a:	930b      	str	r3, [sp, #44]	@ 0x2c
10004b4c:	2504      	movs	r5, #4
10004b4e:	e041      	b.n	10004bd4 <_etoa+0x458>
10004b50:	2202      	movs	r2, #2
10004b52:	9826      	ldr	r0, [sp, #152]	@ 0x98
10004b54:	4010      	ands	r0, r2
10004b56:	9a0b      	ldr	r2, [sp, #44]	@ 0x2c
10004b58:	900c      	str	r0, [sp, #48]	@ 0x30
10004b5a:	2a00      	cmp	r2, #0
10004b5c:	d112      	bne.n	10004b84 <_etoa+0x408>
10004b5e:	9b25      	ldr	r3, [sp, #148]	@ 0x94
10004b60:	2b05      	cmp	r3, #5
10004b62:	d976      	bls.n	10004c52 <_etoa+0x4d6>
10004b64:	2800      	cmp	r0, #0
10004b66:	d172      	bne.n	10004c4e <_etoa+0x4d2>
10004b68:	9b25      	ldr	r3, [sp, #148]	@ 0x94
10004b6a:	2505      	movs	r5, #5
10004b6c:	3b05      	subs	r3, #5
10004b6e:	930b      	str	r3, [sp, #44]	@ 0x2c
10004b70:	e034      	b.n	10004bdc <_etoa+0x460>
10004b72:	2280      	movs	r2, #128	@ 0x80
10004b74:	0612      	lsls	r2, r2, #24
10004b76:	4694      	mov	ip, r2
10004b78:	9b22      	ldr	r3, [sp, #136]	@ 0x88
10004b7a:	9308      	str	r3, [sp, #32]
10004b7c:	9b23      	ldr	r3, [sp, #140]	@ 0x8c
10004b7e:	4463      	add	r3, ip
10004b80:	9309      	str	r3, [sp, #36]	@ 0x24
10004b82:	e630      	b.n	100047e6 <_etoa+0x6a>
10004b84:	2505      	movs	r5, #5
10004b86:	430b      	orrs	r3, r1
10004b88:	d100      	bne.n	10004b8c <_etoa+0x410>
10004b8a:	e6f6      	b.n	1000497a <_etoa+0x1fe>
10004b8c:	9808      	ldr	r0, [sp, #32]
10004b8e:	9909      	ldr	r1, [sp, #36]	@ 0x24
10004b90:	4a55      	ldr	r2, [pc, #340]	@ (10004ce8 <_etoa+0x56c>)
10004b92:	4b56      	ldr	r3, [pc, #344]	@ (10004cec <_etoa+0x570>)
10004b94:	f7fe fe06 	bl	100037a4 <__wrap___aeabi_dcmpge>
10004b98:	2800      	cmp	r0, #0
10004b9a:	d008      	beq.n	10004bae <_etoa+0x432>
10004b9c:	9808      	ldr	r0, [sp, #32]
10004b9e:	9909      	ldr	r1, [sp, #36]	@ 0x24
10004ba0:	2200      	movs	r2, #0
10004ba2:	4b53      	ldr	r3, [pc, #332]	@ (10004cf0 <_etoa+0x574>)
10004ba4:	f7fe fdf0 	bl	10003788 <__wrap___aeabi_dcmplt>
10004ba8:	2800      	cmp	r0, #0
10004baa:	d000      	beq.n	10004bae <_etoa+0x432>
10004bac:	e6e5      	b.n	1000497a <_etoa+0x1fe>
10004bae:	9b24      	ldr	r3, [sp, #144]	@ 0x90
10004bb0:	2b00      	cmp	r3, #0
10004bb2:	d01c      	beq.n	10004bee <_etoa+0x472>
10004bb4:	9b0d      	ldr	r3, [sp, #52]	@ 0x34
10004bb6:	2b00      	cmp	r3, #0
10004bb8:	d019      	beq.n	10004bee <_etoa+0x472>
10004bba:	9b24      	ldr	r3, [sp, #144]	@ 0x90
10004bbc:	3b01      	subs	r3, #1
10004bbe:	9324      	str	r3, [sp, #144]	@ 0x90
10004bc0:	9b25      	ldr	r3, [sp, #148]	@ 0x94
10004bc2:	42ab      	cmp	r3, r5
10004bc4:	d904      	bls.n	10004bd0 <_etoa+0x454>
10004bc6:	9b0c      	ldr	r3, [sp, #48]	@ 0x30
10004bc8:	2b00      	cmp	r3, #0
10004bca:	d05a      	beq.n	10004c82 <_etoa+0x506>
10004bcc:	2302      	movs	r3, #2
10004bce:	930c      	str	r3, [sp, #48]	@ 0x30
10004bd0:	2300      	movs	r3, #0
10004bd2:	930b      	str	r3, [sp, #44]	@ 0x2c
10004bd4:	9b0a      	ldr	r3, [sp, #40]	@ 0x28
10004bd6:	2b00      	cmp	r3, #0
10004bd8:	d100      	bne.n	10004bdc <_etoa+0x460>
10004bda:	e631      	b.n	10004840 <_etoa+0xc4>
10004bdc:	9808      	ldr	r0, [sp, #32]
10004bde:	9909      	ldr	r1, [sp, #36]	@ 0x24
10004be0:	0032      	movs	r2, r6
10004be2:	003b      	movs	r3, r7
10004be4:	f7fe fd6f 	bl	100036c6 <__wrap___aeabi_ddiv>
10004be8:	9008      	str	r0, [sp, #32]
10004bea:	9109      	str	r1, [sp, #36]	@ 0x24
10004bec:	e628      	b.n	10004840 <_etoa+0xc4>
10004bee:	9b25      	ldr	r3, [sp, #148]	@ 0x94
10004bf0:	42ab      	cmp	r3, r5
10004bf2:	d9ed      	bls.n	10004bd0 <_etoa+0x454>
10004bf4:	9b0c      	ldr	r3, [sp, #48]	@ 0x30
10004bf6:	2b00      	cmp	r3, #0
10004bf8:	d043      	beq.n	10004c82 <_etoa+0x506>
10004bfa:	2300      	movs	r3, #0
10004bfc:	930b      	str	r3, [sp, #44]	@ 0x2c
10004bfe:	3302      	adds	r3, #2
10004c00:	930c      	str	r3, [sp, #48]	@ 0x30
10004c02:	e7e7      	b.n	10004bd4 <_etoa+0x458>
10004c04:	2080      	movs	r0, #128	@ 0x80
10004c06:	9b26      	ldr	r3, [sp, #152]	@ 0x98
10004c08:	4a3a      	ldr	r2, [pc, #232]	@ (10004cf4 <_etoa+0x578>)
10004c0a:	0600      	lsls	r0, r0, #24
10004c0c:	401a      	ands	r2, r3
10004c0e:	2380      	movs	r3, #128	@ 0x80
10004c10:	4684      	mov	ip, r0
10004c12:	9402      	str	r4, [sp, #8]
10004c14:	9c08      	ldr	r4, [sp, #32]
10004c16:	9d09      	ldr	r5, [sp, #36]	@ 0x24
10004c18:	0029      	movs	r1, r5
10004c1a:	00db      	lsls	r3, r3, #3
10004c1c:	4313      	orrs	r3, r2
10004c1e:	9304      	str	r3, [sp, #16]
10004c20:	9b25      	ldr	r3, [sp, #148]	@ 0x94
10004c22:	4461      	add	r1, ip
10004c24:	0022      	movs	r2, r4
10004c26:	9303      	str	r3, [sp, #12]
10004c28:	000b      	movs	r3, r1
10004c2a:	9200      	str	r2, [sp, #0]
10004c2c:	9301      	str	r3, [sp, #4]
10004c2e:	e68e      	b.n	1000494e <_etoa+0x1d2>
10004c30:	2405      	movs	r4, #5
10004c32:	e6a8      	b.n	10004986 <_etoa+0x20a>
10004c34:	2300      	movs	r3, #0
10004c36:	930b      	str	r3, [sp, #44]	@ 0x2c
10004c38:	930a      	str	r3, [sp, #40]	@ 0x28
10004c3a:	3302      	adds	r3, #2
10004c3c:	2504      	movs	r5, #4
10004c3e:	930c      	str	r3, [sp, #48]	@ 0x30
10004c40:	e5fe      	b.n	10004840 <_etoa+0xc4>
10004c42:	4653      	mov	r3, sl
10004c44:	468c      	mov	ip, r1
10004c46:	3b01      	subs	r3, #1
10004c48:	4463      	add	r3, ip
10004c4a:	1a1b      	subs	r3, r3, r0
10004c4c:	e672      	b.n	10004934 <_etoa+0x1b8>
10004c4e:	2302      	movs	r3, #2
10004c50:	930c      	str	r3, [sp, #48]	@ 0x30
10004c52:	2505      	movs	r5, #5
10004c54:	e7c2      	b.n	10004bdc <_etoa+0x460>
10004c56:	2304      	movs	r3, #4
10004c58:	e5ed      	b.n	10004836 <_etoa+0xba>
10004c5a:	2080      	movs	r0, #128	@ 0x80
10004c5c:	9e08      	ldr	r6, [sp, #32]
10004c5e:	9f09      	ldr	r7, [sp, #36]	@ 0x24
10004c60:	0600      	lsls	r0, r0, #24
10004c62:	0039      	movs	r1, r7
10004c64:	4684      	mov	ip, r0
10004c66:	9a26      	ldr	r2, [sp, #152]	@ 0x98
10004c68:	4b22      	ldr	r3, [pc, #136]	@ (10004cf4 <_etoa+0x578>)
10004c6a:	4461      	add	r1, ip
10004c6c:	4013      	ands	r3, r2
10004c6e:	9304      	str	r3, [sp, #16]
10004c70:	9b0b      	ldr	r3, [sp, #44]	@ 0x2c
10004c72:	0032      	movs	r2, r6
10004c74:	9303      	str	r3, [sp, #12]
10004c76:	9b24      	ldr	r3, [sp, #144]	@ 0x90
10004c78:	9302      	str	r3, [sp, #8]
10004c7a:	000b      	movs	r3, r1
10004c7c:	9200      	str	r2, [sp, #0]
10004c7e:	9301      	str	r3, [sp, #4]
10004c80:	e5f3      	b.n	1000486a <_etoa+0xee>
10004c82:	9b25      	ldr	r3, [sp, #148]	@ 0x94
10004c84:	1b5b      	subs	r3, r3, r5
10004c86:	930b      	str	r3, [sp, #44]	@ 0x2c
10004c88:	e7a4      	b.n	10004bd4 <_etoa+0x458>
10004c8a:	2302      	movs	r3, #2
10004c8c:	2504      	movs	r5, #4
10004c8e:	930c      	str	r3, [sp, #48]	@ 0x30
10004c90:	e7a0      	b.n	10004bd4 <_etoa+0x458>
10004c92:	1a9c      	subs	r4, r3, r2
10004c94:	3c01      	subs	r4, #1
10004c96:	e676      	b.n	10004986 <_etoa+0x20a>
10004c98:	fffffc01 	.word	0xfffffc01
10004c9c:	509f79fb 	.word	0x509f79fb
10004ca0:	3fd34413 	.word	0x3fd34413
10004ca4:	8b60c8b3 	.word	0x8b60c8b3
10004ca8:	3fc68a28 	.word	0x3fc68a28
10004cac:	3ff00000 	.word	0x3ff00000
10004cb0:	3ff80000 	.word	0x3ff80000
10004cb4:	636f4361 	.word	0x636f4361
10004cb8:	3fd287a7 	.word	0x3fd287a7
10004cbc:	0979a371 	.word	0x0979a371
10004cc0:	400a934f 	.word	0x400a934f
10004cc4:	3fe00000 	.word	0x3fe00000
10004cc8:	bbb55516 	.word	0xbbb55516
10004ccc:	40026bb1 	.word	0x40026bb1
10004cd0:	fefa39ef 	.word	0xfefa39ef
10004cd4:	3fe62e42 	.word	0x3fe62e42
10004cd8:	402c0000 	.word	0x402c0000
10004cdc:	40240000 	.word	0x40240000
10004ce0:	40180000 	.word	0x40180000
10004ce4:	000003ff 	.word	0x000003ff
10004ce8:	eb1c432d 	.word	0xeb1c432d
10004cec:	3f1a36e2 	.word	0x3f1a36e2
10004cf0:	412e8480 	.word	0x412e8480
10004cf4:	fffff7ff 	.word	0xfffff7ff

10004cf8 <_vsnprintf>:
10004cf8:	b5f0      	push	{r4, r5, r6, r7, lr}
10004cfa:	46de      	mov	lr, fp
10004cfc:	4657      	mov	r7, sl
10004cfe:	464e      	mov	r6, r9
10004d00:	4645      	mov	r5, r8
10004d02:	b5e0      	push	{r5, r6, r7, lr}
10004d04:	b0a5      	sub	sp, #148	@ 0x94
10004d06:	001e      	movs	r6, r3
10004d08:	9b2e      	ldr	r3, [sp, #184]	@ 0xb8
10004d0a:	4692      	mov	sl, r2
10004d0c:	930c      	str	r3, [sp, #48]	@ 0x30
10004d0e:	4acd      	ldr	r2, [pc, #820]	@ (10005044 <_vsnprintf+0x34c>)
10004d10:	4bcd      	ldr	r3, [pc, #820]	@ (10005048 <_vsnprintf+0x350>)
10004d12:	4680      	mov	r8, r0
10004d14:	468b      	mov	fp, r1
10004d16:	601a      	str	r2, [r3, #0]
10004d18:	2900      	cmp	r1, #0
10004d1a:	d100      	bne.n	10004d1e <_vsnprintf+0x26>
10004d1c:	e1ea      	b.n	100050f4 <_vsnprintf+0x3fc>
10004d1e:	2300      	movs	r3, #0
10004d20:	7830      	ldrb	r0, [r6, #0]
10004d22:	4699      	mov	r9, r3
10004d24:	2800      	cmp	r0, #0
10004d26:	d100      	bne.n	10004d2a <_vsnprintf+0x32>
10004d28:	e1ec      	b.n	10005104 <_vsnprintf+0x40c>
10004d2a:	4bc8      	ldr	r3, [pc, #800]	@ (1000504c <_vsnprintf+0x354>)
10004d2c:	464c      	mov	r4, r9
10004d2e:	930b      	str	r3, [sp, #44]	@ 0x2c
10004d30:	4bc7      	ldr	r3, [pc, #796]	@ (10005050 <_vsnprintf+0x358>)
10004d32:	4645      	mov	r5, r8
10004d34:	4657      	mov	r7, sl
10004d36:	930e      	str	r3, [sp, #56]	@ 0x38
10004d38:	e00a      	b.n	10004d50 <_vsnprintf+0x58>
10004d3a:	1c63      	adds	r3, r4, #1
10004d3c:	4698      	mov	r8, r3
10004d3e:	0022      	movs	r2, r4
10004d40:	003b      	movs	r3, r7
10004d42:	4659      	mov	r1, fp
10004d44:	47a8      	blx	r5
10004d46:	4644      	mov	r4, r8
10004d48:	7830      	ldrb	r0, [r6, #0]
10004d4a:	2800      	cmp	r0, #0
10004d4c:	d100      	bne.n	10004d50 <_vsnprintf+0x58>
10004d4e:	e087      	b.n	10004e60 <_vsnprintf+0x168>
10004d50:	3601      	adds	r6, #1
10004d52:	2825      	cmp	r0, #37	@ 0x25
10004d54:	d1f1      	bne.n	10004d3a <_vsnprintf+0x42>
10004d56:	2308      	movs	r3, #8
10004d58:	469a      	mov	sl, r3
10004d5a:	3b04      	subs	r3, #4
10004d5c:	4699      	mov	r9, r3
10004d5e:	3b02      	subs	r3, #2
10004d60:	4698      	mov	r8, r3
10004d62:	3b01      	subs	r3, #1
10004d64:	2200      	movs	r2, #0
10004d66:	469c      	mov	ip, r3
10004d68:	940d      	str	r4, [sp, #52]	@ 0x34
10004d6a:	7830      	ldrb	r0, [r6, #0]
10004d6c:	1c71      	adds	r1, r6, #1
10004d6e:	0003      	movs	r3, r0
10004d70:	3b20      	subs	r3, #32
10004d72:	b2db      	uxtb	r3, r3
10004d74:	2b10      	cmp	r3, #16
10004d76:	d803      	bhi.n	10004d80 <_vsnprintf+0x88>
10004d78:	9c0b      	ldr	r4, [sp, #44]	@ 0x2c
10004d7a:	009b      	lsls	r3, r3, #2
10004d7c:	58e3      	ldr	r3, [r4, r3]
10004d7e:	469f      	mov	pc, r3
10004d80:	0003      	movs	r3, r0
10004d82:	3b30      	subs	r3, #48	@ 0x30
10004d84:	4689      	mov	r9, r1
10004d86:	9c0d      	ldr	r4, [sp, #52]	@ 0x34
10004d88:	2b09      	cmp	r3, #9
10004d8a:	d93a      	bls.n	10004e02 <_vsnprintf+0x10a>
10004d8c:	2300      	movs	r3, #0
10004d8e:	4698      	mov	r8, r3
10004d90:	282a      	cmp	r0, #42	@ 0x2a
10004d92:	d100      	bne.n	10004d96 <_vsnprintf+0x9e>
10004d94:	e0c1      	b.n	10004f1a <_vsnprintf+0x222>
10004d96:	2300      	movs	r3, #0
10004d98:	469a      	mov	sl, r3
10004d9a:	282e      	cmp	r0, #46	@ 0x2e
10004d9c:	d04b      	beq.n	10004e36 <_vsnprintf+0x13e>
10004d9e:	0003      	movs	r3, r0
10004da0:	3b68      	subs	r3, #104	@ 0x68
10004da2:	b2db      	uxtb	r3, r3
10004da4:	2b12      	cmp	r3, #18
10004da6:	d81e      	bhi.n	10004de6 <_vsnprintf+0xee>
10004da8:	990e      	ldr	r1, [sp, #56]	@ 0x38
10004daa:	009b      	lsls	r3, r3, #2
10004dac:	58cb      	ldr	r3, [r1, r3]
10004dae:	469f      	mov	pc, r3
10004db0:	4663      	mov	r3, ip
10004db2:	000e      	movs	r6, r1
10004db4:	431a      	orrs	r2, r3
10004db6:	e7d8      	b.n	10004d6a <_vsnprintf+0x72>
10004db8:	4643      	mov	r3, r8
10004dba:	000e      	movs	r6, r1
10004dbc:	431a      	orrs	r2, r3
10004dbe:	e7d4      	b.n	10004d6a <_vsnprintf+0x72>
10004dc0:	464b      	mov	r3, r9
10004dc2:	000e      	movs	r6, r1
10004dc4:	431a      	orrs	r2, r3
10004dc6:	e7d0      	b.n	10004d6a <_vsnprintf+0x72>
10004dc8:	2310      	movs	r3, #16
10004dca:	000e      	movs	r6, r1
10004dcc:	431a      	orrs	r2, r3
10004dce:	e7cc      	b.n	10004d6a <_vsnprintf+0x72>
10004dd0:	4653      	mov	r3, sl
10004dd2:	000e      	movs	r6, r1
10004dd4:	431a      	orrs	r2, r3
10004dd6:	e7c8      	b.n	10004d6a <_vsnprintf+0x72>
10004dd8:	2380      	movs	r3, #128	@ 0x80
10004dda:	005b      	lsls	r3, r3, #1
10004ddc:	431a      	orrs	r2, r3
10004dde:	3bff      	subs	r3, #255	@ 0xff
10004de0:	469c      	mov	ip, r3
10004de2:	7870      	ldrb	r0, [r6, #1]
10004de4:	44e1      	add	r9, ip
10004de6:	464e      	mov	r6, r9
10004de8:	2867      	cmp	r0, #103	@ 0x67
10004dea:	d84f      	bhi.n	10004e8c <_vsnprintf+0x194>
10004dec:	2824      	cmp	r0, #36	@ 0x24
10004dee:	d9a4      	bls.n	10004d3a <_vsnprintf+0x42>
10004df0:	0003      	movs	r3, r0
10004df2:	3b25      	subs	r3, #37	@ 0x25
10004df4:	b2db      	uxtb	r3, r3
10004df6:	2b42      	cmp	r3, #66	@ 0x42
10004df8:	d89f      	bhi.n	10004d3a <_vsnprintf+0x42>
10004dfa:	4996      	ldr	r1, [pc, #600]	@ (10005054 <_vsnprintf+0x35c>)
10004dfc:	009b      	lsls	r3, r3, #2
10004dfe:	58cb      	ldr	r3, [r1, r3]
10004e00:	469f      	mov	pc, r3
10004e02:	2300      	movs	r3, #0
10004e04:	4694      	mov	ip, r2
10004e06:	001e      	movs	r6, r3
10004e08:	e000      	b.n	10004e0c <_vsnprintf+0x114>
10004e0a:	3101      	adds	r1, #1
10004e0c:	00b3      	lsls	r3, r6, #2
10004e0e:	199b      	adds	r3, r3, r6
10004e10:	005b      	lsls	r3, r3, #1
10004e12:	181e      	adds	r6, r3, r0
10004e14:	7808      	ldrb	r0, [r1, #0]
10004e16:	3e30      	subs	r6, #48	@ 0x30
10004e18:	0003      	movs	r3, r0
10004e1a:	3b30      	subs	r3, #48	@ 0x30
10004e1c:	2b09      	cmp	r3, #9
10004e1e:	d9f4      	bls.n	10004e0a <_vsnprintf+0x112>
10004e20:	2301      	movs	r3, #1
10004e22:	4662      	mov	r2, ip
10004e24:	4689      	mov	r9, r1
10004e26:	469c      	mov	ip, r3
10004e28:	2300      	movs	r3, #0
10004e2a:	46b0      	mov	r8, r6
10004e2c:	469a      	mov	sl, r3
10004e2e:	000e      	movs	r6, r1
10004e30:	44e1      	add	r9, ip
10004e32:	282e      	cmp	r0, #46	@ 0x2e
10004e34:	d1b3      	bne.n	10004d9e <_vsnprintf+0xa6>
10004e36:	2130      	movs	r1, #48	@ 0x30
10004e38:	2080      	movs	r0, #128	@ 0x80
10004e3a:	4249      	negs	r1, r1
10004e3c:	468c      	mov	ip, r1
10004e3e:	00c0      	lsls	r0, r0, #3
10004e40:	4302      	orrs	r2, r0
10004e42:	7870      	ldrb	r0, [r6, #1]
10004e44:	464b      	mov	r3, r9
10004e46:	4484      	add	ip, r0
10004e48:	4661      	mov	r1, ip
10004e4a:	2909      	cmp	r1, #9
10004e4c:	d800      	bhi.n	10004e50 <_vsnprintf+0x158>
10004e4e:	e16c      	b.n	1000512a <_vsnprintf+0x432>
10004e50:	282a      	cmp	r0, #42	@ 0x2a
10004e52:	d100      	bne.n	10004e56 <_vsnprintf+0x15e>
10004e54:	e17a      	b.n	1000514c <_vsnprintf+0x454>
10004e56:	2301      	movs	r3, #1
10004e58:	469c      	mov	ip, r3
10004e5a:	464e      	mov	r6, r9
10004e5c:	44e1      	add	r9, ip
10004e5e:	e79e      	b.n	10004d9e <_vsnprintf+0xa6>
10004e60:	46a1      	mov	r9, r4
10004e62:	46a8      	mov	r8, r5
10004e64:	46ba      	mov	sl, r7
10004e66:	45ca      	cmp	sl, r9
10004e68:	d803      	bhi.n	10004e72 <_vsnprintf+0x17a>
10004e6a:	2301      	movs	r3, #1
10004e6c:	425b      	negs	r3, r3
10004e6e:	4453      	add	r3, sl
10004e70:	4699      	mov	r9, r3
10004e72:	4653      	mov	r3, sl
10004e74:	464a      	mov	r2, r9
10004e76:	4659      	mov	r1, fp
10004e78:	2000      	movs	r0, #0
10004e7a:	47c0      	blx	r8
10004e7c:	0020      	movs	r0, r4
10004e7e:	b025      	add	sp, #148	@ 0x94
10004e80:	bcf0      	pop	{r4, r5, r6, r7}
10004e82:	46bb      	mov	fp, r7
10004e84:	46b2      	mov	sl, r6
10004e86:	46a9      	mov	r9, r5
10004e88:	46a0      	mov	r8, r4
10004e8a:	bdf0      	pop	{r4, r5, r6, r7, pc}
10004e8c:	0003      	movs	r3, r0
10004e8e:	3b69      	subs	r3, #105	@ 0x69
10004e90:	b2db      	uxtb	r3, r3
10004e92:	930d      	str	r3, [sp, #52]	@ 0x34
10004e94:	2b0f      	cmp	r3, #15
10004e96:	d900      	bls.n	10004e9a <_vsnprintf+0x1a2>
10004e98:	e74f      	b.n	10004d3a <_vsnprintf+0x42>
10004e9a:	2101      	movs	r1, #1
10004e9c:	4099      	lsls	r1, r3
10004e9e:	468c      	mov	ip, r1
10004ea0:	496d      	ldr	r1, [pc, #436]	@ (10005058 <_vsnprintf+0x360>)
10004ea2:	4689      	mov	r9, r1
10004ea4:	4661      	mov	r1, ip
10004ea6:	464b      	mov	r3, r9
10004ea8:	4019      	ands	r1, r3
10004eaa:	910f      	str	r1, [sp, #60]	@ 0x3c
10004eac:	4663      	mov	r3, ip
10004eae:	4649      	mov	r1, r9
10004eb0:	420b      	tst	r3, r1
10004eb2:	d000      	beq.n	10004eb6 <_vsnprintf+0x1be>
10004eb4:	e128      	b.n	10005108 <_vsnprintf+0x410>
10004eb6:	9b0d      	ldr	r3, [sp, #52]	@ 0x34
10004eb8:	2b0a      	cmp	r3, #10
10004eba:	d03a      	beq.n	10004f32 <_vsnprintf+0x23a>
10004ebc:	2b07      	cmp	r3, #7
10004ebe:	d000      	beq.n	10004ec2 <_vsnprintf+0x1ca>
10004ec0:	e73b      	b.n	10004d3a <_vsnprintf+0x42>
10004ec2:	9b0c      	ldr	r3, [sp, #48]	@ 0x30
10004ec4:	0019      	movs	r1, r3
10004ec6:	c908      	ldmia	r1!, {r3}
10004ec8:	4688      	mov	r8, r1
10004eca:	2b00      	cmp	r3, #0
10004ecc:	d100      	bne.n	10004ed0 <_vsnprintf+0x1d8>
10004ece:	e14b      	b.n	10005168 <_vsnprintf+0x470>
10004ed0:	2021      	movs	r0, #33	@ 0x21
10004ed2:	4302      	orrs	r2, r0
10004ed4:	4691      	mov	r9, r2
10004ed6:	a914      	add	r1, sp, #80	@ 0x50
10004ed8:	468c      	mov	ip, r1
10004eda:	221f      	movs	r2, #31
10004edc:	210f      	movs	r1, #15
10004ede:	4462      	add	r2, ip
10004ee0:	468c      	mov	ip, r1
10004ee2:	4651      	mov	r1, sl
10004ee4:	950d      	str	r5, [sp, #52]	@ 0x34
10004ee6:	910c      	str	r1, [sp, #48]	@ 0x30
10004ee8:	46a2      	mov	sl, r4
10004eea:	0015      	movs	r5, r2
10004eec:	990f      	ldr	r1, [sp, #60]	@ 0x3c
10004eee:	e002      	b.n	10004ef6 <_vsnprintf+0x1fe>
10004ef0:	2920      	cmp	r1, #32
10004ef2:	d00c      	beq.n	10004f0e <_vsnprintf+0x216>
10004ef4:	0013      	movs	r3, r2
10004ef6:	4664      	mov	r4, ip
10004ef8:	401c      	ands	r4, r3
10004efa:	0020      	movs	r0, r4
10004efc:	3037      	adds	r0, #55	@ 0x37
10004efe:	2c09      	cmp	r4, #9
10004f00:	d800      	bhi.n	10004f04 <_vsnprintf+0x20c>
10004f02:	3807      	subs	r0, #7
10004f04:	3101      	adds	r1, #1
10004f06:	5468      	strb	r0, [r5, r1]
10004f08:	091a      	lsrs	r2, r3, #4
10004f0a:	2b0f      	cmp	r3, #15
10004f0c:	d8f0      	bhi.n	10004ef0 <_vsnprintf+0x1f8>
10004f0e:	9b0c      	ldr	r3, [sp, #48]	@ 0x30
10004f10:	4654      	mov	r4, sl
10004f12:	9d0d      	ldr	r5, [sp, #52]	@ 0x34
10004f14:	469a      	mov	sl, r3
10004f16:	910f      	str	r1, [sp, #60]	@ 0x3c
10004f18:	e133      	b.n	10005182 <_vsnprintf+0x48a>
10004f1a:	9b0c      	ldr	r3, [sp, #48]	@ 0x30
10004f1c:	cb02      	ldmia	r3!, {r1}
10004f1e:	4688      	mov	r8, r1
10004f20:	2900      	cmp	r1, #0
10004f22:	db47      	blt.n	10004fb4 <_vsnprintf+0x2bc>
10004f24:	930c      	str	r3, [sp, #48]	@ 0x30
10004f26:	2301      	movs	r3, #1
10004f28:	469c      	mov	ip, r3
10004f2a:	7870      	ldrb	r0, [r6, #1]
10004f2c:	464e      	mov	r6, r9
10004f2e:	44e1      	add	r9, ip
10004f30:	e731      	b.n	10004d96 <_vsnprintf+0x9e>
10004f32:	9b0c      	ldr	r3, [sp, #48]	@ 0x30
10004f34:	cb02      	ldmia	r3!, {r1}
10004f36:	9314      	str	r3, [sp, #80]	@ 0x50
10004f38:	4653      	mov	r3, sl
10004f3a:	2b00      	cmp	r3, #0
10004f3c:	d100      	bne.n	10004f40 <_vsnprintf+0x248>
10004f3e:	e138      	b.n	100051b2 <_vsnprintf+0x4ba>
10004f40:	469c      	mov	ip, r3
10004f42:	7808      	ldrb	r0, [r1, #0]
10004f44:	000b      	movs	r3, r1
10004f46:	900c      	str	r0, [sp, #48]	@ 0x30
10004f48:	448c      	add	ip, r1
10004f4a:	2800      	cmp	r0, #0
10004f4c:	d101      	bne.n	10004f52 <_vsnprintf+0x25a>
10004f4e:	f000 fc98 	bl	10005882 <_vsnprintf+0xb8a>
10004f52:	4689      	mov	r9, r1
10004f54:	4661      	mov	r1, ip
10004f56:	4694      	mov	ip, r2
10004f58:	e003      	b.n	10004f62 <_vsnprintf+0x26a>
10004f5a:	785a      	ldrb	r2, [r3, #1]
10004f5c:	3301      	adds	r3, #1
10004f5e:	2a00      	cmp	r2, #0
10004f60:	d001      	beq.n	10004f66 <_vsnprintf+0x26e>
10004f62:	428b      	cmp	r3, r1
10004f64:	d1f9      	bne.n	10004f5a <_vsnprintf+0x262>
10004f66:	4649      	mov	r1, r9
10004f68:	4662      	mov	r2, ip
10004f6a:	1a5b      	subs	r3, r3, r1
10004f6c:	900c      	str	r0, [sp, #48]	@ 0x30
10004f6e:	930f      	str	r3, [sp, #60]	@ 0x3c
10004f70:	0553      	lsls	r3, r2, #21
10004f72:	d500      	bpl.n	10004f76 <_vsnprintf+0x27e>
10004f74:	e120      	b.n	100051b8 <_vsnprintf+0x4c0>
10004f76:	2302      	movs	r3, #2
10004f78:	0018      	movs	r0, r3
10004f7a:	4010      	ands	r0, r2
10004f7c:	900d      	str	r0, [sp, #52]	@ 0x34
10004f7e:	4213      	tst	r3, r2
10004f80:	d100      	bne.n	10004f84 <_vsnprintf+0x28c>
10004f82:	e3cb      	b.n	1000571c <_vsnprintf+0xa24>
10004f84:	930d      	str	r3, [sp, #52]	@ 0x34
10004f86:	1b0b      	subs	r3, r1, r4
10004f88:	46b1      	mov	r9, r6
10004f8a:	469a      	mov	sl, r3
10004f8c:	465e      	mov	r6, fp
10004f8e:	980c      	ldr	r0, [sp, #48]	@ 0x30
10004f90:	0022      	movs	r2, r4
10004f92:	003b      	movs	r3, r7
10004f94:	0031      	movs	r1, r6
10004f96:	47a8      	blx	r5
10004f98:	4653      	mov	r3, sl
10004f9a:	3401      	adds	r4, #1
10004f9c:	5d18      	ldrb	r0, [r3, r4]
10004f9e:	2800      	cmp	r0, #0
10004fa0:	d1f6      	bne.n	10004f90 <_vsnprintf+0x298>
10004fa2:	46b3      	mov	fp, r6
10004fa4:	464e      	mov	r6, r9
10004fa6:	9b0d      	ldr	r3, [sp, #52]	@ 0x34
10004fa8:	2b00      	cmp	r3, #0
10004faa:	d000      	beq.n	10004fae <_vsnprintf+0x2b6>
10004fac:	e1c7      	b.n	1000533e <_vsnprintf+0x646>
10004fae:	9b14      	ldr	r3, [sp, #80]	@ 0x50
10004fb0:	930c      	str	r3, [sp, #48]	@ 0x30
10004fb2:	e6c9      	b.n	10004d48 <_vsnprintf+0x50>
10004fb4:	930c      	str	r3, [sp, #48]	@ 0x30
10004fb6:	2301      	movs	r3, #1
10004fb8:	469c      	mov	ip, r3
10004fba:	3828      	subs	r0, #40	@ 0x28
10004fbc:	4249      	negs	r1, r1
10004fbe:	4302      	orrs	r2, r0
10004fc0:	4688      	mov	r8, r1
10004fc2:	7870      	ldrb	r0, [r6, #1]
10004fc4:	464e      	mov	r6, r9
10004fc6:	44e1      	add	r9, ip
10004fc8:	e6e5      	b.n	10004d96 <_vsnprintf+0x9e>
10004fca:	7870      	ldrb	r0, [r6, #1]
10004fcc:	286c      	cmp	r0, #108	@ 0x6c
10004fce:	d100      	bne.n	10004fd2 <_vsnprintf+0x2da>
10004fd0:	e17f      	b.n	100052d2 <_vsnprintf+0x5da>
10004fd2:	2380      	movs	r3, #128	@ 0x80
10004fd4:	005b      	lsls	r3, r3, #1
10004fd6:	431a      	orrs	r2, r3
10004fd8:	3bff      	subs	r3, #255	@ 0xff
10004fda:	469c      	mov	ip, r3
10004fdc:	44e1      	add	r9, ip
10004fde:	e702      	b.n	10004de6 <_vsnprintf+0xee>
10004fe0:	2380      	movs	r3, #128	@ 0x80
10004fe2:	009b      	lsls	r3, r3, #2
10004fe4:	431a      	orrs	r2, r3
10004fe6:	2301      	movs	r3, #1
10004fe8:	469c      	mov	ip, r3
10004fea:	7870      	ldrb	r0, [r6, #1]
10004fec:	44e1      	add	r9, ip
10004fee:	e6fa      	b.n	10004de6 <_vsnprintf+0xee>
10004ff0:	7870      	ldrb	r0, [r6, #1]
10004ff2:	2868      	cmp	r0, #104	@ 0x68
10004ff4:	d100      	bne.n	10004ff8 <_vsnprintf+0x300>
10004ff6:	e173      	b.n	100052e0 <_vsnprintf+0x5e8>
10004ff8:	2380      	movs	r3, #128	@ 0x80
10004ffa:	431a      	orrs	r2, r3
10004ffc:	3b7f      	subs	r3, #127	@ 0x7f
10004ffe:	469c      	mov	ip, r3
10005000:	44e1      	add	r9, ip
10005002:	e6f0      	b.n	10004de6 <_vsnprintf+0xee>
10005004:	2867      	cmp	r0, #103	@ 0x67
10005006:	d100      	bne.n	1000500a <_vsnprintf+0x312>
10005008:	e103      	b.n	10005212 <_vsnprintf+0x51a>
1000500a:	2847      	cmp	r0, #71	@ 0x47
1000500c:	d100      	bne.n	10005010 <_vsnprintf+0x318>
1000500e:	e15a      	b.n	100052c6 <_vsnprintf+0x5ce>
10005010:	2845      	cmp	r0, #69	@ 0x45
10005012:	d100      	bne.n	10005016 <_vsnprintf+0x31e>
10005014:	e15a      	b.n	100052cc <_vsnprintf+0x5d4>
10005016:	9204      	str	r2, [sp, #16]
10005018:	2107      	movs	r1, #7
1000501a:	4642      	mov	r2, r8
1000501c:	9b0c      	ldr	r3, [sp, #48]	@ 0x30
1000501e:	9203      	str	r2, [sp, #12]
10005020:	3307      	adds	r3, #7
10005022:	4652      	mov	r2, sl
10005024:	438b      	bics	r3, r1
10005026:	0019      	movs	r1, r3
10005028:	9202      	str	r2, [sp, #8]
1000502a:	c90c      	ldmia	r1!, {r2, r3}
1000502c:	0028      	movs	r0, r5
1000502e:	9200      	str	r2, [sp, #0]
10005030:	9301      	str	r3, [sp, #4]
10005032:	910c      	str	r1, [sp, #48]	@ 0x30
10005034:	0022      	movs	r2, r4
10005036:	003b      	movs	r3, r7
10005038:	4659      	mov	r1, fp
1000503a:	f7ff fb9f 	bl	1000477c <_etoa>
1000503e:	0004      	movs	r4, r0
10005040:	e682      	b.n	10004d48 <_vsnprintf+0x50>
10005042:	46c0      	nop			@ (mov r8, r8)
10005044:	10004cf9 	.word	0x10004cf9
10005048:	200037a8 	.word	0x200037a8
1000504c:	1000c5c4 	.word	0x1000c5c4
10005050:	1000c608 	.word	0x1000c608
10005054:	1000c654 	.word	0x1000c654
10005058:	00009041 	.word	0x00009041
1000505c:	2846      	cmp	r0, #70	@ 0x46
1000505e:	d100      	bne.n	10005062 <_vsnprintf+0x36a>
10005060:	e0db      	b.n	1000521a <_vsnprintf+0x522>
10005062:	9204      	str	r2, [sp, #16]
10005064:	2107      	movs	r1, #7
10005066:	4642      	mov	r2, r8
10005068:	9b0c      	ldr	r3, [sp, #48]	@ 0x30
1000506a:	9203      	str	r2, [sp, #12]
1000506c:	3307      	adds	r3, #7
1000506e:	4652      	mov	r2, sl
10005070:	438b      	bics	r3, r1
10005072:	0019      	movs	r1, r3
10005074:	9202      	str	r2, [sp, #8]
10005076:	c90c      	ldmia	r1!, {r2, r3}
10005078:	0028      	movs	r0, r5
1000507a:	9200      	str	r2, [sp, #0]
1000507c:	9301      	str	r3, [sp, #4]
1000507e:	910c      	str	r1, [sp, #48]	@ 0x30
10005080:	0022      	movs	r2, r4
10005082:	003b      	movs	r3, r7
10005084:	4659      	mov	r1, fp
10005086:	f7ff f925 	bl	100042d4 <_ftoa>
1000508a:	0004      	movs	r4, r0
1000508c:	e65c      	b.n	10004d48 <_vsnprintf+0x50>
1000508e:	1c63      	adds	r3, r4, #1
10005090:	4698      	mov	r8, r3
10005092:	0022      	movs	r2, r4
10005094:	003b      	movs	r3, r7
10005096:	4659      	mov	r1, fp
10005098:	2025      	movs	r0, #37	@ 0x25
1000509a:	47a8      	blx	r5
1000509c:	4644      	mov	r4, r8
1000509e:	e653      	b.n	10004d48 <_vsnprintf+0x50>
100050a0:	9b0c      	ldr	r3, [sp, #48]	@ 0x30
100050a2:	3304      	adds	r3, #4
100050a4:	930d      	str	r3, [sp, #52]	@ 0x34
100050a6:	1c63      	adds	r3, r4, #1
100050a8:	4699      	mov	r9, r3
100050aa:	0792      	lsls	r2, r2, #30
100050ac:	d400      	bmi.n	100050b0 <_vsnprintf+0x3b8>
100050ae:	e122      	b.n	100052f6 <_vsnprintf+0x5fe>
100050b0:	9b0c      	ldr	r3, [sp, #48]	@ 0x30
100050b2:	0022      	movs	r2, r4
100050b4:	7818      	ldrb	r0, [r3, #0]
100050b6:	4659      	mov	r1, fp
100050b8:	003b      	movs	r3, r7
100050ba:	47a8      	blx	r5
100050bc:	4643      	mov	r3, r8
100050be:	4444      	add	r4, r8
100050c0:	2b01      	cmp	r3, #1
100050c2:	d800      	bhi.n	100050c6 <_vsnprintf+0x3ce>
100050c4:	e285      	b.n	100055d2 <_vsnprintf+0x8da>
100050c6:	0033      	movs	r3, r6
100050c8:	46b8      	mov	r8, r7
100050ca:	002e      	movs	r6, r5
100050cc:	465f      	mov	r7, fp
100050ce:	0025      	movs	r5, r4
100050d0:	464c      	mov	r4, r9
100050d2:	4699      	mov	r9, r3
100050d4:	0022      	movs	r2, r4
100050d6:	4643      	mov	r3, r8
100050d8:	3401      	adds	r4, #1
100050da:	0039      	movs	r1, r7
100050dc:	2020      	movs	r0, #32
100050de:	47b0      	blx	r6
100050e0:	42ac      	cmp	r4, r5
100050e2:	d1f7      	bne.n	100050d4 <_vsnprintf+0x3dc>
100050e4:	002c      	movs	r4, r5
100050e6:	46bb      	mov	fp, r7
100050e8:	0035      	movs	r5, r6
100050ea:	4647      	mov	r7, r8
100050ec:	464e      	mov	r6, r9
100050ee:	9b0d      	ldr	r3, [sp, #52]	@ 0x34
100050f0:	930c      	str	r3, [sp, #48]	@ 0x30
100050f2:	e629      	b.n	10004d48 <_vsnprintf+0x50>
100050f4:	4bdb      	ldr	r3, [pc, #876]	@ (10005464 <_vsnprintf+0x76c>)
100050f6:	7830      	ldrb	r0, [r6, #0]
100050f8:	4698      	mov	r8, r3
100050fa:	2300      	movs	r3, #0
100050fc:	4699      	mov	r9, r3
100050fe:	2800      	cmp	r0, #0
10005100:	d000      	beq.n	10005104 <_vsnprintf+0x40c>
10005102:	e612      	b.n	10004d2a <_vsnprintf+0x32>
10005104:	2400      	movs	r4, #0
10005106:	e6ae      	b.n	10004e66 <_vsnprintf+0x16e>
10005108:	286f      	cmp	r0, #111	@ 0x6f
1000510a:	d100      	bne.n	1000510e <_vsnprintf+0x416>
1000510c:	e088      	b.n	10005220 <_vsnprintf+0x528>
1000510e:	d800      	bhi.n	10005112 <_vsnprintf+0x41a>
10005110:	e30b      	b.n	1000572a <_vsnprintf+0xa32>
10005112:	2310      	movs	r3, #16
10005114:	2878      	cmp	r0, #120	@ 0x78
10005116:	d100      	bne.n	1000511a <_vsnprintf+0x422>
10005118:	e0cf      	b.n	100052ba <_vsnprintf+0x5c2>
1000511a:	439a      	bics	r2, r3
1000511c:	230a      	movs	r3, #10
1000511e:	469c      	mov	ip, r3
10005120:	2300      	movs	r3, #0
10005122:	930f      	str	r3, [sp, #60]	@ 0x3c
10005124:	330a      	adds	r3, #10
10005126:	930d      	str	r3, [sp, #52]	@ 0x34
10005128:	e080      	b.n	1000522c <_vsnprintf+0x534>
1000512a:	4656      	mov	r6, sl
1000512c:	00b1      	lsls	r1, r6, #2
1000512e:	1989      	adds	r1, r1, r6
10005130:	0049      	lsls	r1, r1, #1
10005132:	3301      	adds	r3, #1
10005134:	180e      	adds	r6, r1, r0
10005136:	7818      	ldrb	r0, [r3, #0]
10005138:	3e30      	subs	r6, #48	@ 0x30
1000513a:	0001      	movs	r1, r0
1000513c:	3930      	subs	r1, #48	@ 0x30
1000513e:	2909      	cmp	r1, #9
10005140:	d9f4      	bls.n	1000512c <_vsnprintf+0x434>
10005142:	46b2      	mov	sl, r6
10005144:	001e      	movs	r6, r3
10005146:	3301      	adds	r3, #1
10005148:	4699      	mov	r9, r3
1000514a:	e628      	b.n	10004d9e <_vsnprintf+0xa6>
1000514c:	9b0c      	ldr	r3, [sp, #48]	@ 0x30
1000514e:	3602      	adds	r6, #2
10005150:	cb02      	ldmia	r3!, {r1}
10005152:	468a      	mov	sl, r1
10005154:	43c9      	mvns	r1, r1
10005156:	4650      	mov	r0, sl
10005158:	17c9      	asrs	r1, r1, #31
1000515a:	4008      	ands	r0, r1
1000515c:	4682      	mov	sl, r0
1000515e:	930c      	str	r3, [sp, #48]	@ 0x30
10005160:	7830      	ldrb	r0, [r6, #0]
10005162:	1c73      	adds	r3, r6, #1
10005164:	4699      	mov	r9, r3
10005166:	e61a      	b.n	10004d9e <_vsnprintf+0xa6>
10005168:	2310      	movs	r3, #16
1000516a:	0010      	movs	r0, r2
1000516c:	4398      	bics	r0, r3
1000516e:	3311      	adds	r3, #17
10005170:	4318      	orrs	r0, r3
10005172:	4681      	mov	r9, r0
10005174:	2080      	movs	r0, #128	@ 0x80
10005176:	0013      	movs	r3, r2
10005178:	00c0      	lsls	r0, r0, #3
1000517a:	4003      	ands	r3, r0
1000517c:	4202      	tst	r2, r0
1000517e:	d100      	bne.n	10005182 <_vsnprintf+0x48a>
10005180:	e6a9      	b.n	10004ed6 <_vsnprintf+0x1de>
10005182:	464b      	mov	r3, r9
10005184:	9306      	str	r3, [sp, #24]
10005186:	2308      	movs	r3, #8
10005188:	9305      	str	r3, [sp, #20]
1000518a:	4653      	mov	r3, sl
1000518c:	9304      	str	r3, [sp, #16]
1000518e:	2310      	movs	r3, #16
10005190:	9303      	str	r3, [sp, #12]
10005192:	2300      	movs	r3, #0
10005194:	9302      	str	r3, [sp, #8]
10005196:	9b0f      	ldr	r3, [sp, #60]	@ 0x3c
10005198:	0022      	movs	r2, r4
1000519a:	9301      	str	r3, [sp, #4]
1000519c:	ab1c      	add	r3, sp, #112	@ 0x70
1000519e:	9300      	str	r3, [sp, #0]
100051a0:	4659      	mov	r1, fp
100051a2:	003b      	movs	r3, r7
100051a4:	0028      	movs	r0, r5
100051a6:	f7fe ff9f 	bl	100040e8 <_ntoa_format>
100051aa:	4643      	mov	r3, r8
100051ac:	0004      	movs	r4, r0
100051ae:	930c      	str	r3, [sp, #48]	@ 0x30
100051b0:	e5ca      	b.n	10004d48 <_vsnprintf+0x50>
100051b2:	2301      	movs	r3, #1
100051b4:	425b      	negs	r3, r3
100051b6:	e6c3      	b.n	10004f40 <_vsnprintf+0x248>
100051b8:	9b0f      	ldr	r3, [sp, #60]	@ 0x3c
100051ba:	4553      	cmp	r3, sl
100051bc:	d901      	bls.n	100051c2 <_vsnprintf+0x4ca>
100051be:	4653      	mov	r3, sl
100051c0:	930f      	str	r3, [sp, #60]	@ 0x3c
100051c2:	2302      	movs	r3, #2
100051c4:	0018      	movs	r0, r3
100051c6:	4010      	ands	r0, r2
100051c8:	900d      	str	r0, [sp, #52]	@ 0x34
100051ca:	4213      	tst	r3, r2
100051cc:	d100      	bne.n	100051d0 <_vsnprintf+0x4d8>
100051ce:	e1b7      	b.n	10005540 <_vsnprintf+0x848>
100051d0:	930d      	str	r3, [sp, #52]	@ 0x34
100051d2:	46d1      	mov	r9, sl
100051d4:	1b0b      	subs	r3, r1, r4
100051d6:	469a      	mov	sl, r3
100051d8:	0033      	movs	r3, r6
100051da:	44a1      	add	r9, r4
100051dc:	002e      	movs	r6, r5
100051de:	0022      	movs	r2, r4
100051e0:	464d      	mov	r5, r9
100051e2:	980c      	ldr	r0, [sp, #48]	@ 0x30
100051e4:	46b9      	mov	r9, r7
100051e6:	465f      	mov	r7, fp
100051e8:	469b      	mov	fp, r3
100051ea:	e008      	b.n	100051fe <_vsnprintf+0x506>
100051ec:	464b      	mov	r3, r9
100051ee:	0039      	movs	r1, r7
100051f0:	1c54      	adds	r4, r2, #1
100051f2:	47b0      	blx	r6
100051f4:	4653      	mov	r3, sl
100051f6:	5d18      	ldrb	r0, [r3, r4]
100051f8:	2800      	cmp	r0, #0
100051fa:	d077      	beq.n	100052ec <_vsnprintf+0x5f4>
100051fc:	0022      	movs	r2, r4
100051fe:	4295      	cmp	r5, r2
10005200:	d1f4      	bne.n	100051ec <_vsnprintf+0x4f4>
10005202:	465b      	mov	r3, fp
10005204:	46bb      	mov	fp, r7
10005206:	464f      	mov	r7, r9
10005208:	46a9      	mov	r9, r5
1000520a:	0035      	movs	r5, r6
1000520c:	464c      	mov	r4, r9
1000520e:	001e      	movs	r6, r3
10005210:	e6c9      	b.n	10004fa6 <_vsnprintf+0x2ae>
10005212:	2380      	movs	r3, #128	@ 0x80
10005214:	011b      	lsls	r3, r3, #4
10005216:	431a      	orrs	r2, r3
10005218:	e6fd      	b.n	10005016 <_vsnprintf+0x31e>
1000521a:	2320      	movs	r3, #32
1000521c:	431a      	orrs	r2, r3
1000521e:	e720      	b.n	10005062 <_vsnprintf+0x36a>
10005220:	2308      	movs	r3, #8
10005222:	469c      	mov	ip, r3
10005224:	2300      	movs	r3, #0
10005226:	930f      	str	r3, [sp, #60]	@ 0x3c
10005228:	3308      	adds	r3, #8
1000522a:	930d      	str	r3, [sp, #52]	@ 0x34
1000522c:	2380      	movs	r3, #128	@ 0x80
1000522e:	0011      	movs	r1, r2
10005230:	00db      	lsls	r3, r3, #3
10005232:	4019      	ands	r1, r3
10005234:	421a      	tst	r2, r3
10005236:	d100      	bne.n	1000523a <_vsnprintf+0x542>
10005238:	e116      	b.n	10005468 <_vsnprintf+0x770>
1000523a:	230d      	movs	r3, #13
1000523c:	439a      	bics	r2, r3
1000523e:	0010      	movs	r0, r2
10005240:	2380      	movs	r3, #128	@ 0x80
10005242:	0002      	movs	r2, r0
10005244:	009b      	lsls	r3, r3, #2
10005246:	401a      	ands	r2, r3
10005248:	9214      	str	r2, [sp, #80]	@ 0x50
1000524a:	4218      	tst	r0, r3
1000524c:	d000      	beq.n	10005250 <_vsnprintf+0x558>
1000524e:	e1c2      	b.n	100055d6 <_vsnprintf+0x8de>
10005250:	2380      	movs	r3, #128	@ 0x80
10005252:	0002      	movs	r2, r0
10005254:	005b      	lsls	r3, r3, #1
10005256:	401a      	ands	r2, r3
10005258:	4691      	mov	r9, r2
1000525a:	9a0c      	ldr	r2, [sp, #48]	@ 0x30
1000525c:	3204      	adds	r2, #4
1000525e:	920f      	str	r2, [sp, #60]	@ 0x3c
10005260:	4218      	tst	r0, r3
10005262:	d000      	beq.n	10005266 <_vsnprintf+0x56e>
10005264:	e2b7      	b.n	100057d6 <_vsnprintf+0xade>
10005266:	0643      	lsls	r3, r0, #25
10005268:	d500      	bpl.n	1000526c <_vsnprintf+0x574>
1000526a:	e19f      	b.n	100055ac <_vsnprintf+0x8b4>
1000526c:	0603      	lsls	r3, r0, #24
1000526e:	d400      	bmi.n	10005272 <_vsnprintf+0x57a>
10005270:	e319      	b.n	100058a6 <_vsnprintf+0xbae>
10005272:	9b0c      	ldr	r3, [sp, #48]	@ 0x30
10005274:	881b      	ldrh	r3, [r3, #0]
10005276:	9309      	str	r3, [sp, #36]	@ 0x24
10005278:	2b00      	cmp	r3, #0
1000527a:	d000      	beq.n	1000527e <_vsnprintf+0x586>
1000527c:	e1fc      	b.n	10005678 <_vsnprintf+0x980>
1000527e:	3310      	adds	r3, #16
10005280:	4398      	bics	r0, r3
10005282:	2900      	cmp	r1, #0
10005284:	d100      	bne.n	10005288 <_vsnprintf+0x590>
10005286:	e1f7      	b.n	10005678 <_vsnprintf+0x980>
10005288:	2300      	movs	r3, #0
1000528a:	4699      	mov	r9, r3
1000528c:	4643      	mov	r3, r8
1000528e:	9305      	str	r3, [sp, #20]
10005290:	4653      	mov	r3, sl
10005292:	9304      	str	r3, [sp, #16]
10005294:	9b0d      	ldr	r3, [sp, #52]	@ 0x34
10005296:	9006      	str	r0, [sp, #24]
10005298:	9303      	str	r3, [sp, #12]
1000529a:	2300      	movs	r3, #0
1000529c:	e0d2      	b.n	10005444 <_vsnprintf+0x74c>
1000529e:	2858      	cmp	r0, #88	@ 0x58
100052a0:	d008      	beq.n	100052b4 <_vsnprintf+0x5bc>
100052a2:	2862      	cmp	r0, #98	@ 0x62
100052a4:	d167      	bne.n	10005376 <_vsnprintf+0x67e>
100052a6:	2302      	movs	r3, #2
100052a8:	469c      	mov	ip, r3
100052aa:	2300      	movs	r3, #0
100052ac:	930f      	str	r3, [sp, #60]	@ 0x3c
100052ae:	3302      	adds	r3, #2
100052b0:	930d      	str	r3, [sp, #52]	@ 0x34
100052b2:	e7bb      	b.n	1000522c <_vsnprintf+0x534>
100052b4:	2320      	movs	r3, #32
100052b6:	431a      	orrs	r2, r3
100052b8:	3b10      	subs	r3, #16
100052ba:	469c      	mov	ip, r3
100052bc:	2300      	movs	r3, #0
100052be:	930f      	str	r3, [sp, #60]	@ 0x3c
100052c0:	3310      	adds	r3, #16
100052c2:	930d      	str	r3, [sp, #52]	@ 0x34
100052c4:	e7b2      	b.n	1000522c <_vsnprintf+0x534>
100052c6:	2380      	movs	r3, #128	@ 0x80
100052c8:	011b      	lsls	r3, r3, #4
100052ca:	431a      	orrs	r2, r3
100052cc:	2320      	movs	r3, #32
100052ce:	431a      	orrs	r2, r3
100052d0:	e6a1      	b.n	10005016 <_vsnprintf+0x31e>
100052d2:	23c0      	movs	r3, #192	@ 0xc0
100052d4:	009b      	lsls	r3, r3, #2
100052d6:	431a      	orrs	r2, r3
100052d8:	1cf3      	adds	r3, r6, #3
100052da:	4699      	mov	r9, r3
100052dc:	78b0      	ldrb	r0, [r6, #2]
100052de:	e582      	b.n	10004de6 <_vsnprintf+0xee>
100052e0:	23c0      	movs	r3, #192	@ 0xc0
100052e2:	431a      	orrs	r2, r3
100052e4:	1cf3      	adds	r3, r6, #3
100052e6:	4699      	mov	r9, r3
100052e8:	78b0      	ldrb	r0, [r6, #2]
100052ea:	e57c      	b.n	10004de6 <_vsnprintf+0xee>
100052ec:	0035      	movs	r5, r6
100052ee:	465e      	mov	r6, fp
100052f0:	46bb      	mov	fp, r7
100052f2:	464f      	mov	r7, r9
100052f4:	e657      	b.n	10004fa6 <_vsnprintf+0x2ae>
100052f6:	4643      	mov	r3, r8
100052f8:	2b01      	cmp	r3, #1
100052fa:	d800      	bhi.n	100052fe <_vsnprintf+0x606>
100052fc:	e163      	b.n	100055c6 <_vsnprintf+0x8ce>
100052fe:	1e63      	subs	r3, r4, #1
10005300:	4443      	add	r3, r8
10005302:	469a      	mov	sl, r3
10005304:	0033      	movs	r3, r6
10005306:	46b9      	mov	r9, r7
10005308:	002e      	movs	r6, r5
1000530a:	465f      	mov	r7, fp
1000530c:	4655      	mov	r5, sl
1000530e:	469b      	mov	fp, r3
10005310:	46a2      	mov	sl, r4
10005312:	0022      	movs	r2, r4
10005314:	464b      	mov	r3, r9
10005316:	3401      	adds	r4, #1
10005318:	0039      	movs	r1, r7
1000531a:	2020      	movs	r0, #32
1000531c:	47b0      	blx	r6
1000531e:	42ac      	cmp	r4, r5
10005320:	d1f7      	bne.n	10005312 <_vsnprintf+0x61a>
10005322:	0035      	movs	r5, r6
10005324:	465e      	mov	r6, fp
10005326:	46bb      	mov	fp, r7
10005328:	464f      	mov	r7, r9
1000532a:	46a1      	mov	r9, r4
1000532c:	4654      	mov	r4, sl
1000532e:	9b0c      	ldr	r3, [sp, #48]	@ 0x30
10005330:	464a      	mov	r2, r9
10005332:	7818      	ldrb	r0, [r3, #0]
10005334:	4659      	mov	r1, fp
10005336:	003b      	movs	r3, r7
10005338:	4444      	add	r4, r8
1000533a:	47a8      	blx	r5
1000533c:	e6d7      	b.n	100050ee <_vsnprintf+0x3f6>
1000533e:	46a1      	mov	r9, r4
10005340:	9b0f      	ldr	r3, [sp, #60]	@ 0x3c
10005342:	4598      	cmp	r8, r3
10005344:	d800      	bhi.n	10005348 <_vsnprintf+0x650>
10005346:	e632      	b.n	10004fae <_vsnprintf+0x2b6>
10005348:	4444      	add	r4, r8
1000534a:	1ae4      	subs	r4, r4, r3
1000534c:	0033      	movs	r3, r6
1000534e:	46b8      	mov	r8, r7
10005350:	002e      	movs	r6, r5
10005352:	465f      	mov	r7, fp
10005354:	0025      	movs	r5, r4
10005356:	464c      	mov	r4, r9
10005358:	4699      	mov	r9, r3
1000535a:	0022      	movs	r2, r4
1000535c:	4643      	mov	r3, r8
1000535e:	3401      	adds	r4, #1
10005360:	0039      	movs	r1, r7
10005362:	2020      	movs	r0, #32
10005364:	47b0      	blx	r6
10005366:	42ac      	cmp	r4, r5
10005368:	d1f7      	bne.n	1000535a <_vsnprintf+0x662>
1000536a:	002c      	movs	r4, r5
1000536c:	46bb      	mov	fp, r7
1000536e:	0035      	movs	r5, r6
10005370:	4647      	mov	r7, r8
10005372:	464e      	mov	r6, r9
10005374:	e61b      	b.n	10004fae <_vsnprintf+0x2b6>
10005376:	2380      	movs	r3, #128	@ 0x80
10005378:	0010      	movs	r0, r2
1000537a:	00db      	lsls	r3, r3, #3
1000537c:	4018      	ands	r0, r3
1000537e:	421a      	tst	r2, r3
10005380:	d100      	bne.n	10005384 <_vsnprintf+0x68c>
10005382:	e10f      	b.n	100055a4 <_vsnprintf+0x8ac>
10005384:	2111      	movs	r1, #17
10005386:	0018      	movs	r0, r3
10005388:	438a      	bics	r2, r1
1000538a:	920d      	str	r2, [sp, #52]	@ 0x34
1000538c:	9a0d      	ldr	r2, [sp, #52]	@ 0x34
1000538e:	2380      	movs	r3, #128	@ 0x80
10005390:	0011      	movs	r1, r2
10005392:	009b      	lsls	r3, r3, #2
10005394:	4019      	ands	r1, r3
10005396:	468c      	mov	ip, r1
10005398:	421a      	tst	r2, r3
1000539a:	d169      	bne.n	10005470 <_vsnprintf+0x778>
1000539c:	2380      	movs	r3, #128	@ 0x80
1000539e:	0011      	movs	r1, r2
100053a0:	005b      	lsls	r3, r3, #1
100053a2:	4019      	ands	r1, r3
100053a4:	4689      	mov	r9, r1
100053a6:	990c      	ldr	r1, [sp, #48]	@ 0x30
100053a8:	3104      	adds	r1, #4
100053aa:	910f      	str	r1, [sp, #60]	@ 0x3c
100053ac:	421a      	tst	r2, r3
100053ae:	d000      	beq.n	100053b2 <_vsnprintf+0x6ba>
100053b0:	e1ca      	b.n	10005748 <_vsnprintf+0xa50>
100053b2:	0013      	movs	r3, r2
100053b4:	065b      	lsls	r3, r3, #25
100053b6:	d500      	bpl.n	100053ba <_vsnprintf+0x6c2>
100053b8:	e0f0      	b.n	1000559c <_vsnprintf+0x8a4>
100053ba:	0013      	movs	r3, r2
100053bc:	061b      	lsls	r3, r3, #24
100053be:	d400      	bmi.n	100053c2 <_vsnprintf+0x6ca>
100053c0:	e259      	b.n	10005876 <_vsnprintf+0xb7e>
100053c2:	9b0c      	ldr	r3, [sp, #48]	@ 0x30
100053c4:	2200      	movs	r2, #0
100053c6:	5e9b      	ldrsh	r3, [r3, r2]
100053c8:	17d9      	asrs	r1, r3, #31
100053ca:	185a      	adds	r2, r3, r1
100053cc:	404a      	eors	r2, r1
100053ce:	b292      	uxth	r2, r2
100053d0:	0fd9      	lsrs	r1, r3, #31
100053d2:	910c      	str	r1, [sp, #48]	@ 0x30
100053d4:	2b00      	cmp	r3, #0
100053d6:	d100      	bne.n	100053da <_vsnprintf+0x6e2>
100053d8:	e1f9      	b.n	100057ce <_vsnprintf+0xad6>
100053da:	0010      	movs	r0, r2
100053dc:	aa14      	add	r2, sp, #80	@ 0x50
100053de:	4694      	mov	ip, r2
100053e0:	4642      	mov	r2, r8
100053e2:	231f      	movs	r3, #31
100053e4:	9214      	str	r2, [sp, #80]	@ 0x50
100053e6:	4652      	mov	r2, sl
100053e8:	4463      	add	r3, ip
100053ea:	46a8      	mov	r8, r5
100053ec:	9416      	str	r4, [sp, #88]	@ 0x58
100053ee:	464d      	mov	r5, r9
100053f0:	0004      	movs	r4, r0
100053f2:	46b9      	mov	r9, r7
100053f4:	46b2      	mov	sl, r6
100053f6:	001f      	movs	r7, r3
100053f8:	9215      	str	r2, [sp, #84]	@ 0x54
100053fa:	e001      	b.n	10005400 <_vsnprintf+0x708>
100053fc:	2d20      	cmp	r5, #32
100053fe:	d00f      	beq.n	10005420 <_vsnprintf+0x728>
10005400:	0020      	movs	r0, r4
10005402:	210a      	movs	r1, #10
10005404:	f7fd ff12 	bl	1000322c <__wrap___aeabi_uidiv>
10005408:	3501      	adds	r5, #1
1000540a:	197e      	adds	r6, r7, r5
1000540c:	3130      	adds	r1, #48	@ 0x30
1000540e:	7031      	strb	r1, [r6, #0]
10005410:	0020      	movs	r0, r4
10005412:	210a      	movs	r1, #10
10005414:	f7fd ff0a 	bl	1000322c <__wrap___aeabi_uidiv>
10005418:	0026      	movs	r6, r4
1000541a:	0004      	movs	r4, r0
1000541c:	2e09      	cmp	r6, #9
1000541e:	d8ed      	bhi.n	100053fc <_vsnprintf+0x704>
10005420:	9b14      	ldr	r3, [sp, #80]	@ 0x50
10005422:	464f      	mov	r7, r9
10005424:	46a9      	mov	r9, r5
10005426:	4645      	mov	r5, r8
10005428:	4698      	mov	r8, r3
1000542a:	9b15      	ldr	r3, [sp, #84]	@ 0x54
1000542c:	4656      	mov	r6, sl
1000542e:	469a      	mov	sl, r3
10005430:	9c16      	ldr	r4, [sp, #88]	@ 0x58
10005432:	9b0d      	ldr	r3, [sp, #52]	@ 0x34
10005434:	9306      	str	r3, [sp, #24]
10005436:	4643      	mov	r3, r8
10005438:	9305      	str	r3, [sp, #20]
1000543a:	4653      	mov	r3, sl
1000543c:	9304      	str	r3, [sp, #16]
1000543e:	230a      	movs	r3, #10
10005440:	9303      	str	r3, [sp, #12]
10005442:	9b0c      	ldr	r3, [sp, #48]	@ 0x30
10005444:	9302      	str	r3, [sp, #8]
10005446:	464b      	mov	r3, r9
10005448:	9301      	str	r3, [sp, #4]
1000544a:	ab1c      	add	r3, sp, #112	@ 0x70
1000544c:	0022      	movs	r2, r4
1000544e:	9300      	str	r3, [sp, #0]
10005450:	4659      	mov	r1, fp
10005452:	003b      	movs	r3, r7
10005454:	0028      	movs	r0, r5
10005456:	f7fe fe47 	bl	100040e8 <_ntoa_format>
1000545a:	9b0f      	ldr	r3, [sp, #60]	@ 0x3c
1000545c:	0004      	movs	r4, r0
1000545e:	930c      	str	r3, [sp, #48]	@ 0x30
10005460:	e472      	b.n	10004d48 <_vsnprintf+0x50>
10005462:	46c0      	nop			@ (mov r8, r8)
10005464:	10004039 	.word	0x10004039
10005468:	230c      	movs	r3, #12
1000546a:	439a      	bics	r2, r3
1000546c:	0010      	movs	r0, r2
1000546e:	e6e7      	b.n	10005240 <_vsnprintf+0x548>
10005470:	2207      	movs	r2, #7
10005472:	9b0c      	ldr	r3, [sp, #48]	@ 0x30
10005474:	3307      	adds	r3, #7
10005476:	4393      	bics	r3, r2
10005478:	3201      	adds	r2, #1
1000547a:	4694      	mov	ip, r2
1000547c:	449c      	add	ip, r3
1000547e:	4662      	mov	r2, ip
10005480:	920c      	str	r2, [sp, #48]	@ 0x30
10005482:	cb0c      	ldmia	r3, {r2, r3}
10005484:	0fd9      	lsrs	r1, r3, #31
10005486:	910f      	str	r1, [sp, #60]	@ 0x3c
10005488:	0011      	movs	r1, r2
1000548a:	4319      	orrs	r1, r3
1000548c:	d100      	bne.n	10005490 <_vsnprintf+0x798>
1000548e:	e091      	b.n	100055b4 <_vsnprintf+0x8bc>
10005490:	17d9      	asrs	r1, r3, #31
10005492:	9113      	str	r1, [sp, #76]	@ 0x4c
10005494:	9112      	str	r1, [sp, #72]	@ 0x48
10005496:	4051      	eors	r1, r2
10005498:	9110      	str	r1, [sp, #64]	@ 0x40
1000549a:	9913      	ldr	r1, [sp, #76]	@ 0x4c
1000549c:	4059      	eors	r1, r3
1000549e:	9111      	str	r1, [sp, #68]	@ 0x44
100054a0:	9810      	ldr	r0, [sp, #64]	@ 0x40
100054a2:	9911      	ldr	r1, [sp, #68]	@ 0x44
100054a4:	9a12      	ldr	r2, [sp, #72]	@ 0x48
100054a6:	9b13      	ldr	r3, [sp, #76]	@ 0x4c
100054a8:	1a80      	subs	r0, r0, r2
100054aa:	4199      	sbcs	r1, r3
100054ac:	9010      	str	r0, [sp, #64]	@ 0x40
100054ae:	9111      	str	r1, [sp, #68]	@ 0x44
100054b0:	aa14      	add	r2, sp, #80	@ 0x50
100054b2:	2300      	movs	r3, #0
100054b4:	4694      	mov	ip, r2
100054b6:	4642      	mov	r2, r8
100054b8:	4699      	mov	r9, r3
100054ba:	9214      	str	r2, [sp, #80]	@ 0x50
100054bc:	4652      	mov	r2, sl
100054be:	331f      	adds	r3, #31
100054c0:	4463      	add	r3, ip
100054c2:	46a8      	mov	r8, r5
100054c4:	46b2      	mov	sl, r6
100054c6:	9416      	str	r4, [sp, #88]	@ 0x58
100054c8:	464e      	mov	r6, r9
100054ca:	9c10      	ldr	r4, [sp, #64]	@ 0x40
100054cc:	9d11      	ldr	r5, [sp, #68]	@ 0x44
100054ce:	46b9      	mov	r9, r7
100054d0:	9215      	str	r2, [sp, #84]	@ 0x54
100054d2:	001f      	movs	r7, r3
100054d4:	e001      	b.n	100054da <_vsnprintf+0x7e2>
100054d6:	2e20      	cmp	r6, #32
100054d8:	d010      	beq.n	100054fc <_vsnprintf+0x804>
100054da:	0020      	movs	r0, r4
100054dc:	0029      	movs	r1, r5
100054de:	220a      	movs	r2, #10
100054e0:	2300      	movs	r3, #0
100054e2:	f7fd fee1 	bl	100032a8 <__wrap___aeabi_uldivmod>
100054e6:	3601      	adds	r6, #1
100054e8:	3230      	adds	r2, #48	@ 0x30
100054ea:	002b      	movs	r3, r5
100054ec:	55ba      	strb	r2, [r7, r6]
100054ee:	000d      	movs	r5, r1
100054f0:	0022      	movs	r2, r4
100054f2:	0004      	movs	r4, r0
100054f4:	2b00      	cmp	r3, #0
100054f6:	d1ee      	bne.n	100054d6 <_vsnprintf+0x7de>
100054f8:	2a09      	cmp	r2, #9
100054fa:	d8ec      	bhi.n	100054d6 <_vsnprintf+0x7de>
100054fc:	9b14      	ldr	r3, [sp, #80]	@ 0x50
100054fe:	9410      	str	r4, [sp, #64]	@ 0x40
10005500:	9511      	str	r5, [sp, #68]	@ 0x44
10005502:	4645      	mov	r5, r8
10005504:	4698      	mov	r8, r3
10005506:	9b15      	ldr	r3, [sp, #84]	@ 0x54
10005508:	464f      	mov	r7, r9
1000550a:	46b1      	mov	r9, r6
1000550c:	4656      	mov	r6, sl
1000550e:	469a      	mov	sl, r3
10005510:	9c16      	ldr	r4, [sp, #88]	@ 0x58
10005512:	9b0d      	ldr	r3, [sp, #52]	@ 0x34
10005514:	9306      	str	r3, [sp, #24]
10005516:	4643      	mov	r3, r8
10005518:	9305      	str	r3, [sp, #20]
1000551a:	4653      	mov	r3, sl
1000551c:	9304      	str	r3, [sp, #16]
1000551e:	230a      	movs	r3, #10
10005520:	9303      	str	r3, [sp, #12]
10005522:	9b0f      	ldr	r3, [sp, #60]	@ 0x3c
10005524:	9302      	str	r3, [sp, #8]
10005526:	464b      	mov	r3, r9
10005528:	9301      	str	r3, [sp, #4]
1000552a:	ab1c      	add	r3, sp, #112	@ 0x70
1000552c:	0022      	movs	r2, r4
1000552e:	9300      	str	r3, [sp, #0]
10005530:	4659      	mov	r1, fp
10005532:	003b      	movs	r3, r7
10005534:	0028      	movs	r0, r5
10005536:	f7fe fdd7 	bl	100040e8 <_ntoa_format>
1000553a:	0004      	movs	r4, r0
1000553c:	f7ff fc04 	bl	10004d48 <_vsnprintf+0x50>
10005540:	9b0f      	ldr	r3, [sp, #60]	@ 0x3c
10005542:	4598      	cmp	r8, r3
10005544:	d800      	bhi.n	10005548 <_vsnprintf+0x850>
10005546:	e1c1      	b.n	100058cc <_vsnprintf+0xbd4>
10005548:	2380      	movs	r3, #128	@ 0x80
1000554a:	00db      	lsls	r3, r3, #3
1000554c:	930d      	str	r3, [sp, #52]	@ 0x34
1000554e:	4643      	mov	r3, r8
10005550:	9a0f      	ldr	r2, [sp, #60]	@ 0x3c
10005552:	191b      	adds	r3, r3, r4
10005554:	1a9b      	subs	r3, r3, r2
10005556:	4699      	mov	r9, r3
10005558:	0033      	movs	r3, r6
1000555a:	002e      	movs	r6, r5
1000555c:	464d      	mov	r5, r9
1000555e:	46b9      	mov	r9, r7
10005560:	465f      	mov	r7, fp
10005562:	469b      	mov	fp, r3
10005564:	910c      	str	r1, [sp, #48]	@ 0x30
10005566:	0022      	movs	r2, r4
10005568:	464b      	mov	r3, r9
1000556a:	3401      	adds	r4, #1
1000556c:	0039      	movs	r1, r7
1000556e:	2020      	movs	r0, #32
10005570:	47b0      	blx	r6
10005572:	42ac      	cmp	r4, r5
10005574:	d1f7      	bne.n	10005566 <_vsnprintf+0x86e>
10005576:	4643      	mov	r3, r8
10005578:	990c      	ldr	r1, [sp, #48]	@ 0x30
1000557a:	3301      	adds	r3, #1
1000557c:	930f      	str	r3, [sp, #60]	@ 0x3c
1000557e:	780b      	ldrb	r3, [r1, #0]
10005580:	0035      	movs	r5, r6
10005582:	930c      	str	r3, [sp, #48]	@ 0x30
10005584:	465e      	mov	r6, fp
10005586:	46bb      	mov	fp, r7
10005588:	464f      	mov	r7, r9
1000558a:	2b00      	cmp	r3, #0
1000558c:	d100      	bne.n	10005590 <_vsnprintf+0x898>
1000558e:	e50e      	b.n	10004fae <_vsnprintf+0x2b6>
10005590:	9b0d      	ldr	r3, [sp, #52]	@ 0x34
10005592:	2b00      	cmp	r3, #0
10005594:	d100      	bne.n	10005598 <_vsnprintf+0x8a0>
10005596:	e4f6      	b.n	10004f86 <_vsnprintf+0x28e>
10005598:	2300      	movs	r3, #0
1000559a:	e619      	b.n	100051d0 <_vsnprintf+0x4d8>
1000559c:	9b0c      	ldr	r3, [sp, #48]	@ 0x30
1000559e:	781b      	ldrb	r3, [r3, #0]
100055a0:	001a      	movs	r2, r3
100055a2:	e715      	b.n	100053d0 <_vsnprintf+0x6d8>
100055a4:	2310      	movs	r3, #16
100055a6:	439a      	bics	r2, r3
100055a8:	920d      	str	r2, [sp, #52]	@ 0x34
100055aa:	e6ef      	b.n	1000538c <_vsnprintf+0x694>
100055ac:	9b0c      	ldr	r3, [sp, #48]	@ 0x30
100055ae:	781b      	ldrb	r3, [r3, #0]
100055b0:	9309      	str	r3, [sp, #36]	@ 0x24
100055b2:	e661      	b.n	10005278 <_vsnprintf+0x580>
100055b4:	2300      	movs	r3, #0
100055b6:	4699      	mov	r9, r3
100055b8:	2800      	cmp	r0, #0
100055ba:	d1aa      	bne.n	10005512 <_vsnprintf+0x81a>
100055bc:	2200      	movs	r2, #0
100055be:	2300      	movs	r3, #0
100055c0:	9210      	str	r2, [sp, #64]	@ 0x40
100055c2:	9311      	str	r3, [sp, #68]	@ 0x44
100055c4:	e774      	b.n	100054b0 <_vsnprintf+0x7b8>
100055c6:	9b0c      	ldr	r3, [sp, #48]	@ 0x30
100055c8:	0022      	movs	r2, r4
100055ca:	7818      	ldrb	r0, [r3, #0]
100055cc:	4659      	mov	r1, fp
100055ce:	003b      	movs	r3, r7
100055d0:	47a8      	blx	r5
100055d2:	464c      	mov	r4, r9
100055d4:	e58b      	b.n	100050ee <_vsnprintf+0x3f6>
100055d6:	9a0c      	ldr	r2, [sp, #48]	@ 0x30
100055d8:	3bfa      	subs	r3, #250	@ 0xfa
100055da:	3bff      	subs	r3, #255	@ 0xff
100055dc:	3207      	adds	r2, #7
100055de:	439a      	bics	r2, r3
100055e0:	3301      	adds	r3, #1
100055e2:	4699      	mov	r9, r3
100055e4:	4491      	add	r9, r2
100055e6:	464b      	mov	r3, r9
100055e8:	930c      	str	r3, [sp, #48]	@ 0x30
100055ea:	6813      	ldr	r3, [r2, #0]
100055ec:	6852      	ldr	r2, [r2, #4]
100055ee:	9215      	str	r2, [sp, #84]	@ 0x54
100055f0:	431a      	orrs	r2, r3
100055f2:	d106      	bne.n	10005602 <_vsnprintf+0x90a>
100055f4:	3210      	adds	r2, #16
100055f6:	4390      	bics	r0, r2
100055f8:	2200      	movs	r2, #0
100055fa:	9209      	str	r2, [sp, #36]	@ 0x24
100055fc:	2900      	cmp	r1, #0
100055fe:	d000      	beq.n	10005602 <_vsnprintf+0x90a>
10005600:	e081      	b.n	10005706 <_vsnprintf+0xa0e>
10005602:	2261      	movs	r2, #97	@ 0x61
10005604:	0681      	lsls	r1, r0, #26
10005606:	d500      	bpl.n	1000560a <_vsnprintf+0x912>
10005608:	2241      	movs	r2, #65	@ 0x41
1000560a:	b2d2      	uxtb	r2, r2
1000560c:	920a      	str	r2, [sp, #40]	@ 0x28
1000560e:	aa14      	add	r2, sp, #80	@ 0x50
10005610:	4691      	mov	r9, r2
10005612:	9a0a      	ldr	r2, [sp, #40]	@ 0x28
10005614:	2100      	movs	r1, #0
10005616:	3a0a      	subs	r2, #10
10005618:	9214      	str	r2, [sp, #80]	@ 0x50
1000561a:	4642      	mov	r2, r8
1000561c:	9217      	str	r2, [sp, #92]	@ 0x5c
1000561e:	4652      	mov	r2, sl
10005620:	9218      	str	r2, [sp, #96]	@ 0x60
10005622:	465a      	mov	r2, fp
10005624:	9109      	str	r1, [sp, #36]	@ 0x24
10005626:	46b3      	mov	fp, r6
10005628:	311f      	adds	r1, #31
1000562a:	001e      	movs	r6, r3
1000562c:	9b0f      	ldr	r3, [sp, #60]	@ 0x3c
1000562e:	4449      	add	r1, r9
10005630:	46ba      	mov	sl, r7
10005632:	9419      	str	r4, [sp, #100]	@ 0x64
10005634:	951a      	str	r5, [sp, #104]	@ 0x68
10005636:	2400      	movs	r4, #0
10005638:	4667      	mov	r7, ip
1000563a:	4698      	mov	r8, r3
1000563c:	4689      	mov	r9, r1
1000563e:	9d15      	ldr	r5, [sp, #84]	@ 0x54
10005640:	9016      	str	r0, [sp, #88]	@ 0x58
10005642:	921b      	str	r2, [sp, #108]	@ 0x6c
10005644:	e00a      	b.n	1000565c <_vsnprintf+0x964>
10005646:	3230      	adds	r2, #48	@ 0x30
10005648:	b2d2      	uxtb	r2, r2
1000564a:	464b      	mov	r3, r9
1000564c:	3401      	adds	r4, #1
1000564e:	551a      	strb	r2, [r3, r4]
10005650:	45a8      	cmp	r8, r5
10005652:	d04a      	beq.n	100056ea <_vsnprintf+0x9f2>
10005654:	2c20      	cmp	r4, #32
10005656:	d04a      	beq.n	100056ee <_vsnprintf+0x9f6>
10005658:	0006      	movs	r6, r0
1000565a:	000d      	movs	r5, r1
1000565c:	003a      	movs	r2, r7
1000565e:	2300      	movs	r3, #0
10005660:	0030      	movs	r0, r6
10005662:	0029      	movs	r1, r5
10005664:	f7fd fe20 	bl	100032a8 <__wrap___aeabi_uldivmod>
10005668:	b2d2      	uxtb	r2, r2
1000566a:	2a09      	cmp	r2, #9
1000566c:	d9eb      	bls.n	10005646 <_vsnprintf+0x94e>
1000566e:	9b14      	ldr	r3, [sp, #80]	@ 0x50
10005670:	469c      	mov	ip, r3
10005672:	4462      	add	r2, ip
10005674:	b2d2      	uxtb	r2, r2
10005676:	e7e8      	b.n	1000564a <_vsnprintf+0x952>
10005678:	2361      	movs	r3, #97	@ 0x61
1000567a:	0682      	lsls	r2, r0, #26
1000567c:	d500      	bpl.n	10005680 <_vsnprintf+0x988>
1000567e:	2341      	movs	r3, #65	@ 0x41
10005680:	b2db      	uxtb	r3, r3
10005682:	3b0a      	subs	r3, #10
10005684:	930c      	str	r3, [sp, #48]	@ 0x30
10005686:	4643      	mov	r3, r8
10005688:	a914      	add	r1, sp, #80	@ 0x50
1000568a:	221f      	movs	r2, #31
1000568c:	468c      	mov	ip, r1
1000568e:	9315      	str	r3, [sp, #84]	@ 0x54
10005690:	4653      	mov	r3, sl
10005692:	4462      	add	r2, ip
10005694:	46a0      	mov	r8, r4
10005696:	46b2      	mov	sl, r6
10005698:	464c      	mov	r4, r9
1000569a:	9717      	str	r7, [sp, #92]	@ 0x5c
1000569c:	46a9      	mov	r9, r5
1000569e:	0017      	movs	r7, r2
100056a0:	9d09      	ldr	r5, [sp, #36]	@ 0x24
100056a2:	9e0d      	ldr	r6, [sp, #52]	@ 0x34
100056a4:	9014      	str	r0, [sp, #80]	@ 0x50
100056a6:	9316      	str	r3, [sp, #88]	@ 0x58
100056a8:	e008      	b.n	100056bc <_vsnprintf+0x9c4>
100056aa:	3330      	adds	r3, #48	@ 0x30
100056ac:	b2db      	uxtb	r3, r3
100056ae:	3401      	adds	r4, #1
100056b0:	553b      	strb	r3, [r7, r4]
100056b2:	42b5      	cmp	r5, r6
100056b4:	d30e      	bcc.n	100056d4 <_vsnprintf+0x9dc>
100056b6:	2c20      	cmp	r4, #32
100056b8:	d00c      	beq.n	100056d4 <_vsnprintf+0x9dc>
100056ba:	0005      	movs	r5, r0
100056bc:	0031      	movs	r1, r6
100056be:	0028      	movs	r0, r5
100056c0:	f7fd fdb4 	bl	1000322c <__wrap___aeabi_uidiv>
100056c4:	b2cb      	uxtb	r3, r1
100056c6:	2909      	cmp	r1, #9
100056c8:	d9ef      	bls.n	100056aa <_vsnprintf+0x9b2>
100056ca:	9a0c      	ldr	r2, [sp, #48]	@ 0x30
100056cc:	4694      	mov	ip, r2
100056ce:	4463      	add	r3, ip
100056d0:	b2db      	uxtb	r3, r3
100056d2:	e7ec      	b.n	100056ae <_vsnprintf+0x9b6>
100056d4:	9b15      	ldr	r3, [sp, #84]	@ 0x54
100056d6:	464d      	mov	r5, r9
100056d8:	46a1      	mov	r9, r4
100056da:	4644      	mov	r4, r8
100056dc:	4698      	mov	r8, r3
100056de:	9b16      	ldr	r3, [sp, #88]	@ 0x58
100056e0:	4656      	mov	r6, sl
100056e2:	9814      	ldr	r0, [sp, #80]	@ 0x50
100056e4:	469a      	mov	sl, r3
100056e6:	9f17      	ldr	r7, [sp, #92]	@ 0x5c
100056e8:	e5d0      	b.n	1000528c <_vsnprintf+0x594>
100056ea:	42b7      	cmp	r7, r6
100056ec:	d9b2      	bls.n	10005654 <_vsnprintf+0x95c>
100056ee:	9b17      	ldr	r3, [sp, #92]	@ 0x5c
100056f0:	4657      	mov	r7, sl
100056f2:	4698      	mov	r8, r3
100056f4:	9b18      	ldr	r3, [sp, #96]	@ 0x60
100056f6:	465e      	mov	r6, fp
100056f8:	469a      	mov	sl, r3
100056fa:	9b1b      	ldr	r3, [sp, #108]	@ 0x6c
100056fc:	9409      	str	r4, [sp, #36]	@ 0x24
100056fe:	469b      	mov	fp, r3
10005700:	9816      	ldr	r0, [sp, #88]	@ 0x58
10005702:	9c19      	ldr	r4, [sp, #100]	@ 0x64
10005704:	9d1a      	ldr	r5, [sp, #104]	@ 0x68
10005706:	4643      	mov	r3, r8
10005708:	9305      	str	r3, [sp, #20]
1000570a:	4653      	mov	r3, sl
1000570c:	9304      	str	r3, [sp, #16]
1000570e:	9b0d      	ldr	r3, [sp, #52]	@ 0x34
10005710:	9006      	str	r0, [sp, #24]
10005712:	9303      	str	r3, [sp, #12]
10005714:	2300      	movs	r3, #0
10005716:	9302      	str	r3, [sp, #8]
10005718:	9b09      	ldr	r3, [sp, #36]	@ 0x24
1000571a:	e705      	b.n	10005528 <_vsnprintf+0x830>
1000571c:	9b0f      	ldr	r3, [sp, #60]	@ 0x3c
1000571e:	4598      	cmp	r8, r3
10005720:	d900      	bls.n	10005724 <_vsnprintf+0xa2c>
10005722:	e714      	b.n	1000554e <_vsnprintf+0x856>
10005724:	3301      	adds	r3, #1
10005726:	930f      	str	r3, [sp, #60]	@ 0x3c
10005728:	e42d      	b.n	10004f86 <_vsnprintf+0x28e>
1000572a:	2310      	movs	r3, #16
1000572c:	0011      	movs	r1, r2
1000572e:	4399      	bics	r1, r3
10005730:	910d      	str	r1, [sp, #52]	@ 0x34
10005732:	2869      	cmp	r0, #105	@ 0x69
10005734:	d000      	beq.n	10005738 <_vsnprintf+0xa40>
10005736:	e0ba      	b.n	100058ae <_vsnprintf+0xbb6>
10005738:	2380      	movs	r3, #128	@ 0x80
1000573a:	0010      	movs	r0, r2
1000573c:	00db      	lsls	r3, r3, #3
1000573e:	4018      	ands	r0, r3
10005740:	421a      	tst	r2, r3
10005742:	d100      	bne.n	10005746 <_vsnprintf+0xa4e>
10005744:	e622      	b.n	1000538c <_vsnprintf+0x694>
10005746:	e61d      	b.n	10005384 <_vsnprintf+0x68c>
10005748:	9b0c      	ldr	r3, [sp, #48]	@ 0x30
1000574a:	681b      	ldr	r3, [r3, #0]
1000574c:	0fda      	lsrs	r2, r3, #31
1000574e:	0011      	movs	r1, r2
10005750:	2b00      	cmp	r3, #0
10005752:	d100      	bne.n	10005756 <_vsnprintf+0xa5e>
10005754:	e08c      	b.n	10005870 <_vsnprintf+0xb78>
10005756:	17da      	asrs	r2, r3, #31
10005758:	1898      	adds	r0, r3, r2
1000575a:	4050      	eors	r0, r2
1000575c:	aa14      	add	r2, sp, #80	@ 0x50
1000575e:	4691      	mov	r9, r2
10005760:	4642      	mov	r2, r8
10005762:	231f      	movs	r3, #31
10005764:	9214      	str	r2, [sp, #80]	@ 0x50
10005766:	4652      	mov	r2, sl
10005768:	444b      	add	r3, r9
1000576a:	46a0      	mov	r8, r4
1000576c:	46a9      	mov	r9, r5
1000576e:	9716      	str	r7, [sp, #88]	@ 0x58
10005770:	0004      	movs	r4, r0
10005772:	4665      	mov	r5, ip
10005774:	46b2      	mov	sl, r6
10005776:	001f      	movs	r7, r3
10005778:	910c      	str	r1, [sp, #48]	@ 0x30
1000577a:	9215      	str	r2, [sp, #84]	@ 0x54
1000577c:	e001      	b.n	10005782 <_vsnprintf+0xa8a>
1000577e:	2d20      	cmp	r5, #32
10005780:	d00f      	beq.n	100057a2 <_vsnprintf+0xaaa>
10005782:	0020      	movs	r0, r4
10005784:	210a      	movs	r1, #10
10005786:	f7fd fd51 	bl	1000322c <__wrap___aeabi_uidiv>
1000578a:	3501      	adds	r5, #1
1000578c:	197e      	adds	r6, r7, r5
1000578e:	3130      	adds	r1, #48	@ 0x30
10005790:	7031      	strb	r1, [r6, #0]
10005792:	0020      	movs	r0, r4
10005794:	210a      	movs	r1, #10
10005796:	f7fd fd49 	bl	1000322c <__wrap___aeabi_uidiv>
1000579a:	0026      	movs	r6, r4
1000579c:	0004      	movs	r4, r0
1000579e:	2e09      	cmp	r6, #9
100057a0:	d8ed      	bhi.n	1000577e <_vsnprintf+0xa86>
100057a2:	9b14      	ldr	r3, [sp, #80]	@ 0x50
100057a4:	4644      	mov	r4, r8
100057a6:	4698      	mov	r8, r3
100057a8:	9b0c      	ldr	r3, [sp, #48]	@ 0x30
100057aa:	46ac      	mov	ip, r5
100057ac:	0019      	movs	r1, r3
100057ae:	9b15      	ldr	r3, [sp, #84]	@ 0x54
100057b0:	4656      	mov	r6, sl
100057b2:	464d      	mov	r5, r9
100057b4:	469a      	mov	sl, r3
100057b6:	9f16      	ldr	r7, [sp, #88]	@ 0x58
100057b8:	9b0d      	ldr	r3, [sp, #52]	@ 0x34
100057ba:	9102      	str	r1, [sp, #8]
100057bc:	9306      	str	r3, [sp, #24]
100057be:	4643      	mov	r3, r8
100057c0:	9305      	str	r3, [sp, #20]
100057c2:	4653      	mov	r3, sl
100057c4:	9304      	str	r3, [sp, #16]
100057c6:	230a      	movs	r3, #10
100057c8:	9303      	str	r3, [sp, #12]
100057ca:	4663      	mov	r3, ip
100057cc:	e63c      	b.n	10005448 <_vsnprintf+0x750>
100057ce:	2800      	cmp	r0, #0
100057d0:	d000      	beq.n	100057d4 <_vsnprintf+0xadc>
100057d2:	e62e      	b.n	10005432 <_vsnprintf+0x73a>
100057d4:	e602      	b.n	100053dc <_vsnprintf+0x6e4>
100057d6:	9b0c      	ldr	r3, [sp, #48]	@ 0x30
100057d8:	681b      	ldr	r3, [r3, #0]
100057da:	4699      	mov	r9, r3
100057dc:	2b00      	cmp	r3, #0
100057de:	d103      	bne.n	100057e8 <_vsnprintf+0xaf0>
100057e0:	3310      	adds	r3, #16
100057e2:	4398      	bics	r0, r3
100057e4:	2900      	cmp	r1, #0
100057e6:	d138      	bne.n	1000585a <_vsnprintf+0xb62>
100057e8:	2361      	movs	r3, #97	@ 0x61
100057ea:	0682      	lsls	r2, r0, #26
100057ec:	d500      	bpl.n	100057f0 <_vsnprintf+0xaf8>
100057ee:	2341      	movs	r3, #65	@ 0x41
100057f0:	b2db      	uxtb	r3, r3
100057f2:	3b0a      	subs	r3, #10
100057f4:	930c      	str	r3, [sp, #48]	@ 0x30
100057f6:	4643      	mov	r3, r8
100057f8:	9316      	str	r3, [sp, #88]	@ 0x58
100057fa:	4653      	mov	r3, sl
100057fc:	a914      	add	r1, sp, #80	@ 0x50
100057fe:	221f      	movs	r2, #31
10005800:	468c      	mov	ip, r1
10005802:	9317      	str	r3, [sp, #92]	@ 0x5c
10005804:	002b      	movs	r3, r5
10005806:	4462      	add	r2, ip
10005808:	46a0      	mov	r8, r4
1000580a:	464d      	mov	r5, r9
1000580c:	46b2      	mov	sl, r6
1000580e:	9718      	str	r7, [sp, #96]	@ 0x60
10005810:	4699      	mov	r9, r3
10005812:	0017      	movs	r7, r2
10005814:	9c14      	ldr	r4, [sp, #80]	@ 0x50
10005816:	9e0d      	ldr	r6, [sp, #52]	@ 0x34
10005818:	9015      	str	r0, [sp, #84]	@ 0x54
1000581a:	e008      	b.n	1000582e <_vsnprintf+0xb36>
1000581c:	3330      	adds	r3, #48	@ 0x30
1000581e:	b2db      	uxtb	r3, r3
10005820:	3401      	adds	r4, #1
10005822:	553b      	strb	r3, [r7, r4]
10005824:	42b5      	cmp	r5, r6
10005826:	d30e      	bcc.n	10005846 <_vsnprintf+0xb4e>
10005828:	2c20      	cmp	r4, #32
1000582a:	d00c      	beq.n	10005846 <_vsnprintf+0xb4e>
1000582c:	0005      	movs	r5, r0
1000582e:	0031      	movs	r1, r6
10005830:	0028      	movs	r0, r5
10005832:	f7fd fcfb 	bl	1000322c <__wrap___aeabi_uidiv>
10005836:	b2cb      	uxtb	r3, r1
10005838:	2909      	cmp	r1, #9
1000583a:	d9ef      	bls.n	1000581c <_vsnprintf+0xb24>
1000583c:	9a0c      	ldr	r2, [sp, #48]	@ 0x30
1000583e:	4694      	mov	ip, r2
10005840:	4463      	add	r3, ip
10005842:	b2db      	uxtb	r3, r3
10005844:	e7ec      	b.n	10005820 <_vsnprintf+0xb28>
10005846:	9b16      	ldr	r3, [sp, #88]	@ 0x58
10005848:	9414      	str	r4, [sp, #80]	@ 0x50
1000584a:	4644      	mov	r4, r8
1000584c:	4698      	mov	r8, r3
1000584e:	9b17      	ldr	r3, [sp, #92]	@ 0x5c
10005850:	4656      	mov	r6, sl
10005852:	464d      	mov	r5, r9
10005854:	469a      	mov	sl, r3
10005856:	9815      	ldr	r0, [sp, #84]	@ 0x54
10005858:	9f18      	ldr	r7, [sp, #96]	@ 0x60
1000585a:	4643      	mov	r3, r8
1000585c:	9305      	str	r3, [sp, #20]
1000585e:	4653      	mov	r3, sl
10005860:	9304      	str	r3, [sp, #16]
10005862:	9b0d      	ldr	r3, [sp, #52]	@ 0x34
10005864:	9006      	str	r0, [sp, #24]
10005866:	9303      	str	r3, [sp, #12]
10005868:	2300      	movs	r3, #0
1000586a:	9302      	str	r3, [sp, #8]
1000586c:	9b14      	ldr	r3, [sp, #80]	@ 0x50
1000586e:	e5eb      	b.n	10005448 <_vsnprintf+0x750>
10005870:	2800      	cmp	r0, #0
10005872:	d1a1      	bne.n	100057b8 <_vsnprintf+0xac0>
10005874:	e772      	b.n	1000575c <_vsnprintf+0xa64>
10005876:	9b0c      	ldr	r3, [sp, #48]	@ 0x30
10005878:	681b      	ldr	r3, [r3, #0]
1000587a:	17d9      	asrs	r1, r3, #31
1000587c:	185a      	adds	r2, r3, r1
1000587e:	404a      	eors	r2, r1
10005880:	e5a6      	b.n	100053d0 <_vsnprintf+0x6d8>
10005882:	2380      	movs	r3, #128	@ 0x80
10005884:	0010      	movs	r0, r2
10005886:	00db      	lsls	r3, r3, #3
10005888:	4018      	ands	r0, r3
1000588a:	469c      	mov	ip, r3
1000588c:	900f      	str	r0, [sp, #60]	@ 0x3c
1000588e:	421a      	tst	r2, r3
10005890:	d00f      	beq.n	100058b2 <_vsnprintf+0xbba>
10005892:	2002      	movs	r0, #2
10005894:	0003      	movs	r3, r0
10005896:	4013      	ands	r3, r2
10005898:	930f      	str	r3, [sp, #60]	@ 0x3c
1000589a:	4210      	tst	r0, r2
1000589c:	d019      	beq.n	100058d2 <_vsnprintf+0xbda>
1000589e:	2300      	movs	r3, #0
100058a0:	46a1      	mov	r9, r4
100058a2:	930f      	str	r3, [sp, #60]	@ 0x3c
100058a4:	e54c      	b.n	10005340 <_vsnprintf+0x648>
100058a6:	9b0c      	ldr	r3, [sp, #48]	@ 0x30
100058a8:	681b      	ldr	r3, [r3, #0]
100058aa:	9309      	str	r3, [sp, #36]	@ 0x24
100058ac:	e4e4      	b.n	10005278 <_vsnprintf+0x580>
100058ae:	000a      	movs	r2, r1
100058b0:	e434      	b.n	1000511c <_vsnprintf+0x424>
100058b2:	2302      	movs	r3, #2
100058b4:	0018      	movs	r0, r3
100058b6:	4010      	ands	r0, r2
100058b8:	900d      	str	r0, [sp, #52]	@ 0x34
100058ba:	4213      	tst	r3, r2
100058bc:	d000      	beq.n	100058c0 <_vsnprintf+0xbc8>
100058be:	e53e      	b.n	1000533e <_vsnprintf+0x646>
100058c0:	4643      	mov	r3, r8
100058c2:	2b00      	cmp	r3, #0
100058c4:	d000      	beq.n	100058c8 <_vsnprintf+0xbd0>
100058c6:	e642      	b.n	1000554e <_vsnprintf+0x856>
100058c8:	f7ff fb71 	bl	10004fae <_vsnprintf+0x2b6>
100058cc:	3301      	adds	r3, #1
100058ce:	930f      	str	r3, [sp, #60]	@ 0x3c
100058d0:	e47f      	b.n	100051d2 <_vsnprintf+0x4da>
100058d2:	4663      	mov	r3, ip
100058d4:	930d      	str	r3, [sp, #52]	@ 0x34
100058d6:	e7f3      	b.n	100058c0 <_vsnprintf+0xbc8>

100058d8 <__wrap_snprintf>:
100058d8:	b40c      	push	{r2, r3}
100058da:	b530      	push	{r4, r5, lr}
100058dc:	b085      	sub	sp, #20
100058de:	ac08      	add	r4, sp, #32
100058e0:	cc08      	ldmia	r4!, {r3}
100058e2:	4d06      	ldr	r5, [pc, #24]	@ (100058fc <__wrap_snprintf+0x24>)
100058e4:	000a      	movs	r2, r1
100058e6:	9400      	str	r4, [sp, #0]
100058e8:	0001      	movs	r1, r0
100058ea:	0028      	movs	r0, r5
100058ec:	9403      	str	r4, [sp, #12]
100058ee:	f7ff fa03 	bl	10004cf8 <_vsnprintf>
100058f2:	b005      	add	sp, #20
100058f4:	bc30      	pop	{r4, r5}
100058f6:	bc08      	pop	{r3}
100058f8:	b002      	add	sp, #8
100058fa:	4718      	bx	r3
100058fc:	10004031 	.word	0x10004031

10005900 <vfctprintf>:
10005900:	b510      	push	{r4, lr}
10005902:	000c      	movs	r4, r1
10005904:	b084      	sub	sp, #16
10005906:	9403      	str	r4, [sp, #12]
10005908:	2401      	movs	r4, #1
1000590a:	a902      	add	r1, sp, #8
1000590c:	9002      	str	r0, [sp, #8]
1000590e:	9300      	str	r3, [sp, #0]
10005910:	4803      	ldr	r0, [pc, #12]	@ (10005920 <vfctprintf+0x20>)
10005912:	0013      	movs	r3, r2
10005914:	4262      	negs	r2, r4
10005916:	f7ff f9ef 	bl	10004cf8 <_vsnprintf>
1000591a:	b004      	add	sp, #16
1000591c:	bd10      	pop	{r4, pc}
1000591e:	46c0      	nop			@ (mov r8, r8)
10005920:	100042c5 	.word	0x100042c5

10005924 <weak_raw_vprintf>:
10005924:	b510      	push	{r4, lr}
10005926:	4a09      	ldr	r2, [pc, #36]	@ (1000594c <weak_raw_vprintf+0x28>)
10005928:	0003      	movs	r3, r0
1000592a:	6814      	ldr	r4, [r2, #0]
1000592c:	b084      	sub	sp, #16
1000592e:	2c00      	cmp	r4, #0
10005930:	d008      	beq.n	10005944 <weak_raw_vprintf+0x20>
10005932:	2201      	movs	r2, #1
10005934:	9100      	str	r1, [sp, #0]
10005936:	4806      	ldr	r0, [pc, #24]	@ (10005950 <weak_raw_vprintf+0x2c>)
10005938:	4252      	negs	r2, r2
1000593a:	a903      	add	r1, sp, #12
1000593c:	47a0      	blx	r4
1000593e:	2001      	movs	r0, #1
10005940:	b004      	add	sp, #16
10005942:	bd10      	pop	{r4, pc}
10005944:	f000 f9b2 	bl	10005cac <__wrap_puts>
10005948:	2000      	movs	r0, #0
1000594a:	e7f9      	b.n	10005940 <weak_raw_vprintf+0x1c>
1000594c:	200037a8 	.word	0x200037a8
10005950:	100042b5 	.word	0x100042b5

10005954 <_exit>:
10005954:	be00      	bkpt	0x0000
10005956:	e7fd      	b.n	10005954 <_exit>

10005958 <_sbrk>:
10005958:	4a09      	ldr	r2, [pc, #36]	@ (10005980 <_sbrk+0x28>)
1000595a:	0003      	movs	r3, r0
1000595c:	6810      	ldr	r0, [r2, #0]
1000595e:	2800      	cmp	r0, #0
10005960:	d005      	beq.n	1000596e <_sbrk+0x16>
10005962:	4908      	ldr	r1, [pc, #32]	@ (10005984 <_sbrk+0x2c>)
10005964:	18c3      	adds	r3, r0, r3
10005966:	428b      	cmp	r3, r1
10005968:	d807      	bhi.n	1000597a <_sbrk+0x22>
1000596a:	6013      	str	r3, [r2, #0]
1000596c:	4770      	bx	lr
1000596e:	4806      	ldr	r0, [pc, #24]	@ (10005988 <_sbrk+0x30>)
10005970:	4904      	ldr	r1, [pc, #16]	@ (10005984 <_sbrk+0x2c>)
10005972:	18c3      	adds	r3, r0, r3
10005974:	6010      	str	r0, [r2, #0]
10005976:	428b      	cmp	r3, r1
10005978:	d9f7      	bls.n	1000596a <_sbrk+0x12>
1000597a:	2001      	movs	r0, #1
1000597c:	4240      	negs	r0, r0
1000597e:	e7f5      	b.n	1000596c <_sbrk+0x14>
10005980:	200033a4 	.word	0x200033a4
10005984:	20040000 	.word	0x20040000
10005988:	20027d20 	.word	0x20027d20

1000598c <exit>:
1000598c:	b510      	push	{r4, lr}
1000598e:	f7ff ffe1 	bl	10005954 <_exit>
10005992:	46c0      	nop			@ (mov r8, r8)

10005994 <runtime_init>:
10005994:	b570      	push	{r4, r5, r6, lr}
10005996:	f7fd fafd 	bl	10002f94 <runtime_run_initializers>
1000599a:	4d07      	ldr	r5, [pc, #28]	@ (100059b8 <runtime_init+0x24>)
1000599c:	4e07      	ldr	r6, [pc, #28]	@ (100059bc <runtime_init+0x28>)
1000599e:	42b5      	cmp	r5, r6
100059a0:	d209      	bcs.n	100059b6 <runtime_init+0x22>
100059a2:	2400      	movs	r4, #0
100059a4:	3e01      	subs	r6, #1
100059a6:	1b76      	subs	r6, r6, r5
100059a8:	08b6      	lsrs	r6, r6, #2
100059aa:	cd08      	ldmia	r5!, {r3}
100059ac:	4798      	blx	r3
100059ae:	0023      	movs	r3, r4
100059b0:	3401      	adds	r4, #1
100059b2:	42b3      	cmp	r3, r6
100059b4:	d1f9      	bne.n	100059aa <runtime_init+0x16>
100059b6:	bd70      	pop	{r4, r5, r6, pc}
100059b8:	1000b62c 	.word	0x1000b62c
100059bc:	1000b638 	.word	0x1000b638

100059c0 <stdio_out_chars_no_crlf>:
100059c0:	0003      	movs	r3, r0
100059c2:	b510      	push	{r4, lr}
100059c4:	0008      	movs	r0, r1
100059c6:	0011      	movs	r1, r2
100059c8:	681b      	ldr	r3, [r3, #0]
100059ca:	4798      	blx	r3
100059cc:	bd10      	pop	{r4, pc}
100059ce:	46c0      	nop			@ (mov r8, r8)

100059d0 <stdio_out_chars_crlf>:
100059d0:	b5f0      	push	{r4, r5, r6, r7, lr}
100059d2:	46c6      	mov	lr, r8
100059d4:	b500      	push	{lr}
100059d6:	7d43      	ldrb	r3, [r0, #21]
100059d8:	0007      	movs	r7, r0
100059da:	000c      	movs	r4, r1
100059dc:	0016      	movs	r6, r2
100059de:	2b00      	cmp	r3, #0
100059e0:	d046      	beq.n	10005a70 <stdio_out_chars_crlf+0xa0>
100059e2:	2a00      	cmp	r2, #0
100059e4:	dd17      	ble.n	10005a16 <stdio_out_chars_crlf+0x46>
100059e6:	780b      	ldrb	r3, [r1, #0]
100059e8:	2b0a      	cmp	r3, #10
100059ea:	d024      	beq.n	10005a36 <stdio_out_chars_crlf+0x66>
100059ec:	2300      	movs	r3, #0
100059ee:	4698      	mov	r8, r3
100059f0:	2e01      	cmp	r6, #1
100059f2:	d013      	beq.n	10005a1c <stdio_out_chars_crlf+0x4c>
100059f4:	2501      	movs	r5, #1
100059f6:	0029      	movs	r1, r5
100059f8:	5c63      	ldrb	r3, [r4, r1]
100059fa:	3501      	adds	r5, #1
100059fc:	2b0a      	cmp	r3, #10
100059fe:	d026      	beq.n	10005a4e <stdio_out_chars_crlf+0x7e>
10005a00:	42b5      	cmp	r5, r6
10005a02:	d1f8      	bne.n	100059f6 <stdio_out_chars_crlf+0x26>
10005a04:	4546      	cmp	r6, r8
10005a06:	dc09      	bgt.n	10005a1c <stdio_out_chars_crlf+0x4c>
10005a08:	19a4      	adds	r4, r4, r6
10005a0a:	3c01      	subs	r4, #1
10005a0c:	7823      	ldrb	r3, [r4, #0]
10005a0e:	3b0d      	subs	r3, #13
10005a10:	425a      	negs	r2, r3
10005a12:	4153      	adcs	r3, r2
10005a14:	753b      	strb	r3, [r7, #20]
10005a16:	bc80      	pop	{r7}
10005a18:	46b8      	mov	r8, r7
10005a1a:	bdf0      	pop	{r4, r5, r6, r7, pc}
10005a1c:	4643      	mov	r3, r8
10005a1e:	18e0      	adds	r0, r4, r3
10005a20:	19a4      	adds	r4, r4, r6
10005a22:	1af1      	subs	r1, r6, r3
10005a24:	3c01      	subs	r4, #1
10005a26:	683b      	ldr	r3, [r7, #0]
10005a28:	4798      	blx	r3
10005a2a:	7823      	ldrb	r3, [r4, #0]
10005a2c:	3b0d      	subs	r3, #13
10005a2e:	425a      	negs	r2, r3
10005a30:	4153      	adcs	r3, r2
10005a32:	753b      	strb	r3, [r7, #20]
10005a34:	e7ef      	b.n	10005a16 <stdio_out_chars_crlf+0x46>
10005a36:	7d03      	ldrb	r3, [r0, #20]
10005a38:	2b00      	cmp	r3, #0
10005a3a:	d1d7      	bne.n	100059ec <stdio_out_chars_crlf+0x1c>
10005a3c:	2102      	movs	r1, #2
10005a3e:	480f      	ldr	r0, [pc, #60]	@ (10005a7c <stdio_out_chars_crlf+0xac>)
10005a40:	683b      	ldr	r3, [r7, #0]
10005a42:	4798      	blx	r3
10005a44:	2e01      	cmp	r6, #1
10005a46:	d0df      	beq.n	10005a08 <stdio_out_chars_crlf+0x38>
10005a48:	2301      	movs	r3, #1
10005a4a:	4698      	mov	r8, r3
10005a4c:	e7d2      	b.n	100059f4 <stdio_out_chars_crlf+0x24>
10005a4e:	1e63      	subs	r3, r4, #1
10005a50:	5c5b      	ldrb	r3, [r3, r1]
10005a52:	2b0d      	cmp	r3, #13
10005a54:	d0d4      	beq.n	10005a00 <stdio_out_chars_crlf+0x30>
10005a56:	4588      	cmp	r8, r1
10005a58:	da04      	bge.n	10005a64 <stdio_out_chars_crlf+0x94>
10005a5a:	4643      	mov	r3, r8
10005a5c:	1ac9      	subs	r1, r1, r3
10005a5e:	18e0      	adds	r0, r4, r3
10005a60:	683b      	ldr	r3, [r7, #0]
10005a62:	4798      	blx	r3
10005a64:	2102      	movs	r1, #2
10005a66:	4805      	ldr	r0, [pc, #20]	@ (10005a7c <stdio_out_chars_crlf+0xac>)
10005a68:	683b      	ldr	r3, [r7, #0]
10005a6a:	46a8      	mov	r8, r5
10005a6c:	4798      	blx	r3
10005a6e:	e7c7      	b.n	10005a00 <stdio_out_chars_crlf+0x30>
10005a70:	6803      	ldr	r3, [r0, #0]
10005a72:	0011      	movs	r1, r2
10005a74:	0020      	movs	r0, r4
10005a76:	4798      	blx	r3
10005a78:	e7cd      	b.n	10005a16 <stdio_out_chars_crlf+0x46>
10005a7a:	46c0      	nop			@ (mov r8, r8)
10005a7c:	1000c7b0 	.word	0x1000c7b0

10005a80 <stdio_buffered_printer>:
10005a80:	b5f0      	push	{r4, r5, r6, r7, lr}
10005a82:	46c6      	mov	lr, r8
10005a84:	680b      	ldr	r3, [r1, #0]
10005a86:	0006      	movs	r6, r0
10005a88:	000c      	movs	r4, r1
10005a8a:	b500      	push	{lr}
10005a8c:	2b80      	cmp	r3, #128	@ 0x80
10005a8e:	d006      	beq.n	10005a9e <stdio_buffered_printer+0x1e>
10005a90:	1c5a      	adds	r2, r3, #1
10005a92:	6022      	str	r2, [r4, #0]
10005a94:	18e4      	adds	r4, r4, r3
10005a96:	7126      	strb	r6, [r4, #4]
10005a98:	bc80      	pop	{r7}
10005a9a:	46b8      	mov	r8, r7
10005a9c:	bdf0      	pop	{r4, r5, r6, r7, pc}
10005a9e:	4b0f      	ldr	r3, [pc, #60]	@ (10005adc <stdio_buffered_printer+0x5c>)
10005aa0:	681d      	ldr	r5, [r3, #0]
10005aa2:	2d00      	cmp	r5, #0
10005aa4:	d016      	beq.n	10005ad4 <stdio_buffered_printer+0x54>
10005aa6:	1d0b      	adds	r3, r1, #4
10005aa8:	4698      	mov	r8, r3
10005aaa:	4f0d      	ldr	r7, [pc, #52]	@ (10005ae0 <stdio_buffered_printer+0x60>)
10005aac:	e002      	b.n	10005ab4 <stdio_buffered_printer+0x34>
10005aae:	692d      	ldr	r5, [r5, #16]
10005ab0:	2d00      	cmp	r5, #0
10005ab2:	d00f      	beq.n	10005ad4 <stdio_buffered_printer+0x54>
10005ab4:	682b      	ldr	r3, [r5, #0]
10005ab6:	2b00      	cmp	r3, #0
10005ab8:	d0f9      	beq.n	10005aae <stdio_buffered_printer+0x2e>
10005aba:	683b      	ldr	r3, [r7, #0]
10005abc:	2b00      	cmp	r3, #0
10005abe:	d001      	beq.n	10005ac4 <stdio_buffered_printer+0x44>
10005ac0:	42ab      	cmp	r3, r5
10005ac2:	d1f4      	bne.n	10005aae <stdio_buffered_printer+0x2e>
10005ac4:	0028      	movs	r0, r5
10005ac6:	4641      	mov	r1, r8
10005ac8:	6822      	ldr	r2, [r4, #0]
10005aca:	f7ff ff81 	bl	100059d0 <stdio_out_chars_crlf>
10005ace:	692d      	ldr	r5, [r5, #16]
10005ad0:	2d00      	cmp	r5, #0
10005ad2:	d1ef      	bne.n	10005ab4 <stdio_buffered_printer+0x34>
10005ad4:	2201      	movs	r2, #1
10005ad6:	2300      	movs	r3, #0
10005ad8:	e7db      	b.n	10005a92 <stdio_buffered_printer+0x12>
10005ada:	46c0      	nop			@ (mov r8, r8)
10005adc:	20003364 	.word	0x20003364
10005ae0:	20003370 	.word	0x20003370

10005ae4 <stdio_put_string>:
10005ae4:	b5f0      	push	{r4, r5, r6, r7, lr}
10005ae6:	4645      	mov	r5, r8
10005ae8:	46de      	mov	lr, fp
10005aea:	464e      	mov	r6, r9
10005aec:	4657      	mov	r7, sl
10005aee:	b5e0      	push	{r5, r6, r7, lr}
10005af0:	b083      	sub	sp, #12
10005af2:	4691      	mov	r9, r2
10005af4:	001c      	movs	r4, r3
10005af6:	4680      	mov	r8, r0
10005af8:	000d      	movs	r5, r1
10005afa:	f7fd f835 	bl	10002b68 <time_us_64>
10005afe:	2300      	movs	r3, #0
10005b00:	4a30      	ldr	r2, [pc, #192]	@ (10005bc4 <stdio_put_string+0xe0>)
10005b02:	1812      	adds	r2, r2, r0
10005b04:	414b      	adcs	r3, r1
10005b06:	2b00      	cmp	r3, #0
10005b08:	da02      	bge.n	10005b10 <stdio_put_string+0x2c>
10005b0a:	2201      	movs	r2, #1
10005b0c:	4b2e      	ldr	r3, [pc, #184]	@ (10005bc8 <stdio_put_string+0xe4>)
10005b0e:	4252      	negs	r2, r2
10005b10:	492e      	ldr	r1, [pc, #184]	@ (10005bcc <stdio_put_string+0xe8>)
10005b12:	0008      	movs	r0, r1
10005b14:	468a      	mov	sl, r1
10005b16:	f005 fd4b 	bl	1000b5b0 <__mutex_try_enter_block_until_veneer>
10005b1a:	0007      	movs	r7, r0
10005b1c:	1c6b      	adds	r3, r5, #1
10005b1e:	d103      	bne.n	10005b28 <stdio_put_string+0x44>
10005b20:	4640      	mov	r0, r8
10005b22:	f005 fb7b 	bl	1000b21c <strlen>
10005b26:	0005      	movs	r5, r0
10005b28:	2c00      	cmp	r4, #0
10005b2a:	d027      	beq.n	10005b7c <stdio_put_string+0x98>
10005b2c:	4e28      	ldr	r6, [pc, #160]	@ (10005bd0 <stdio_put_string+0xec>)
10005b2e:	4b29      	ldr	r3, [pc, #164]	@ (10005bd4 <stdio_put_string+0xf0>)
10005b30:	681c      	ldr	r4, [r3, #0]
10005b32:	2c00      	cmp	r4, #0
10005b34:	d018      	beq.n	10005b68 <stdio_put_string+0x84>
10005b36:	464b      	mov	r3, r9
10005b38:	2b00      	cmp	r3, #0
10005b3a:	d121      	bne.n	10005b80 <stdio_put_string+0x9c>
10005b3c:	4b26      	ldr	r3, [pc, #152]	@ (10005bd8 <stdio_put_string+0xf4>)
10005b3e:	4699      	mov	r9, r3
10005b40:	e002      	b.n	10005b48 <stdio_put_string+0x64>
10005b42:	6924      	ldr	r4, [r4, #16]
10005b44:	2c00      	cmp	r4, #0
10005b46:	d00f      	beq.n	10005b68 <stdio_put_string+0x84>
10005b48:	6823      	ldr	r3, [r4, #0]
10005b4a:	2b00      	cmp	r3, #0
10005b4c:	d0f9      	beq.n	10005b42 <stdio_put_string+0x5e>
10005b4e:	464b      	mov	r3, r9
10005b50:	681b      	ldr	r3, [r3, #0]
10005b52:	2b00      	cmp	r3, #0
10005b54:	d001      	beq.n	10005b5a <stdio_put_string+0x76>
10005b56:	429c      	cmp	r4, r3
10005b58:	d1f3      	bne.n	10005b42 <stdio_put_string+0x5e>
10005b5a:	0020      	movs	r0, r4
10005b5c:	002a      	movs	r2, r5
10005b5e:	4641      	mov	r1, r8
10005b60:	47b0      	blx	r6
10005b62:	6924      	ldr	r4, [r4, #16]
10005b64:	2c00      	cmp	r4, #0
10005b66:	d1ef      	bne.n	10005b48 <stdio_put_string+0x64>
10005b68:	2f00      	cmp	r7, #0
10005b6a:	d126      	bne.n	10005bba <stdio_put_string+0xd6>
10005b6c:	0028      	movs	r0, r5
10005b6e:	b003      	add	sp, #12
10005b70:	bcf0      	pop	{r4, r5, r6, r7}
10005b72:	46bb      	mov	fp, r7
10005b74:	46b2      	mov	sl, r6
10005b76:	46a9      	mov	r9, r5
10005b78:	46a0      	mov	r8, r4
10005b7a:	bdf0      	pop	{r4, r5, r6, r7, pc}
10005b7c:	4e17      	ldr	r6, [pc, #92]	@ (10005bdc <stdio_put_string+0xf8>)
10005b7e:	e7d6      	b.n	10005b2e <stdio_put_string+0x4a>
10005b80:	4b15      	ldr	r3, [pc, #84]	@ (10005bd8 <stdio_put_string+0xf4>)
10005b82:	4699      	mov	r9, r3
10005b84:	230a      	movs	r3, #10
10005b86:	469b      	mov	fp, r3
10005b88:	e002      	b.n	10005b90 <stdio_put_string+0xac>
10005b8a:	6924      	ldr	r4, [r4, #16]
10005b8c:	2c00      	cmp	r4, #0
10005b8e:	d0eb      	beq.n	10005b68 <stdio_put_string+0x84>
10005b90:	6823      	ldr	r3, [r4, #0]
10005b92:	2b00      	cmp	r3, #0
10005b94:	d0f9      	beq.n	10005b8a <stdio_put_string+0xa6>
10005b96:	464b      	mov	r3, r9
10005b98:	681b      	ldr	r3, [r3, #0]
10005b9a:	2b00      	cmp	r3, #0
10005b9c:	d001      	beq.n	10005ba2 <stdio_put_string+0xbe>
10005b9e:	42a3      	cmp	r3, r4
10005ba0:	d1f3      	bne.n	10005b8a <stdio_put_string+0xa6>
10005ba2:	002a      	movs	r2, r5
10005ba4:	4641      	mov	r1, r8
10005ba6:	0020      	movs	r0, r4
10005ba8:	47b0      	blx	r6
10005baa:	466b      	mov	r3, sp
10005bac:	465a      	mov	r2, fp
10005bae:	0020      	movs	r0, r4
10005bb0:	71da      	strb	r2, [r3, #7]
10005bb2:	1dd9      	adds	r1, r3, #7
10005bb4:	2201      	movs	r2, #1
10005bb6:	47b0      	blx	r6
10005bb8:	e7e7      	b.n	10005b8a <stdio_put_string+0xa6>
10005bba:	4650      	mov	r0, sl
10005bbc:	f005 fcb8 	bl	1000b530 <__mutex_exit_veneer>
10005bc0:	e7d4      	b.n	10005b6c <stdio_put_string+0x88>
10005bc2:	46c0      	nop			@ (mov r8, r8)
10005bc4:	000f4240 	.word	0x000f4240
10005bc8:	7fffffff 	.word	0x7fffffff
10005bcc:	20001688 	.word	0x20001688
10005bd0:	100059d1 	.word	0x100059d1
10005bd4:	20003364 	.word	0x20003364
10005bd8:	20003370 	.word	0x20003370
10005bdc:	100059c1 	.word	0x100059c1

10005be0 <stdio_set_driver_enabled>:
10005be0:	4a0a      	ldr	r2, [pc, #40]	@ (10005c0c <stdio_set_driver_enabled+0x2c>)
10005be2:	6813      	ldr	r3, [r2, #0]
10005be4:	2b00      	cmp	r3, #0
10005be6:	d105      	bne.n	10005bf4 <stdio_set_driver_enabled+0x14>
10005be8:	e00c      	b.n	10005c04 <stdio_set_driver_enabled+0x24>
10005bea:	001a      	movs	r2, r3
10005bec:	691b      	ldr	r3, [r3, #16]
10005bee:	3210      	adds	r2, #16
10005bf0:	2b00      	cmp	r3, #0
10005bf2:	d007      	beq.n	10005c04 <stdio_set_driver_enabled+0x24>
10005bf4:	4283      	cmp	r3, r0
10005bf6:	d1f8      	bne.n	10005bea <stdio_set_driver_enabled+0xa>
10005bf8:	2900      	cmp	r1, #0
10005bfa:	d102      	bne.n	10005c02 <stdio_set_driver_enabled+0x22>
10005bfc:	6918      	ldr	r0, [r3, #16]
10005bfe:	6010      	str	r0, [r2, #0]
10005c00:	6119      	str	r1, [r3, #16]
10005c02:	4770      	bx	lr
10005c04:	2900      	cmp	r1, #0
10005c06:	d0fc      	beq.n	10005c02 <stdio_set_driver_enabled+0x22>
10005c08:	6010      	str	r0, [r2, #0]
10005c0a:	e7fa      	b.n	10005c02 <stdio_set_driver_enabled+0x22>
10005c0c:	20003364 	.word	0x20003364

10005c10 <stdio_init_all>:
10005c10:	b510      	push	{r4, lr}
10005c12:	f000 faf1 	bl	100061f8 <stdio_usb_init>
10005c16:	bd10      	pop	{r4, pc}

10005c18 <__wrap_putchar>:
10005c18:	b5f0      	push	{r4, r5, r6, r7, lr}
10005c1a:	46ce      	mov	lr, r9
10005c1c:	4647      	mov	r7, r8
10005c1e:	b580      	push	{r7, lr}
10005c20:	b083      	sub	sp, #12
10005c22:	466b      	mov	r3, sp
10005c24:	0006      	movs	r6, r0
10005c26:	1ddd      	adds	r5, r3, #7
10005c28:	7028      	strb	r0, [r5, #0]
10005c2a:	f7fc ff9d 	bl	10002b68 <time_us_64>
10005c2e:	2300      	movs	r3, #0
10005c30:	4a19      	ldr	r2, [pc, #100]	@ (10005c98 <__wrap_putchar+0x80>)
10005c32:	1812      	adds	r2, r2, r0
10005c34:	414b      	adcs	r3, r1
10005c36:	2b00      	cmp	r3, #0
10005c38:	da02      	bge.n	10005c40 <__wrap_putchar+0x28>
10005c3a:	2201      	movs	r2, #1
10005c3c:	4b17      	ldr	r3, [pc, #92]	@ (10005c9c <__wrap_putchar+0x84>)
10005c3e:	4252      	negs	r2, r2
10005c40:	4917      	ldr	r1, [pc, #92]	@ (10005ca0 <__wrap_putchar+0x88>)
10005c42:	0008      	movs	r0, r1
10005c44:	4688      	mov	r8, r1
10005c46:	f005 fcb3 	bl	1000b5b0 <__mutex_try_enter_block_until_veneer>
10005c4a:	4b16      	ldr	r3, [pc, #88]	@ (10005ca4 <__wrap_putchar+0x8c>)
10005c4c:	4681      	mov	r9, r0
10005c4e:	681c      	ldr	r4, [r3, #0]
10005c50:	2c00      	cmp	r4, #0
10005c52:	d014      	beq.n	10005c7e <__wrap_putchar+0x66>
10005c54:	4f14      	ldr	r7, [pc, #80]	@ (10005ca8 <__wrap_putchar+0x90>)
10005c56:	e002      	b.n	10005c5e <__wrap_putchar+0x46>
10005c58:	6924      	ldr	r4, [r4, #16]
10005c5a:	2c00      	cmp	r4, #0
10005c5c:	d00f      	beq.n	10005c7e <__wrap_putchar+0x66>
10005c5e:	6823      	ldr	r3, [r4, #0]
10005c60:	2b00      	cmp	r3, #0
10005c62:	d0f9      	beq.n	10005c58 <__wrap_putchar+0x40>
10005c64:	683b      	ldr	r3, [r7, #0]
10005c66:	2b00      	cmp	r3, #0
10005c68:	d001      	beq.n	10005c6e <__wrap_putchar+0x56>
10005c6a:	429c      	cmp	r4, r3
10005c6c:	d1f4      	bne.n	10005c58 <__wrap_putchar+0x40>
10005c6e:	0020      	movs	r0, r4
10005c70:	2201      	movs	r2, #1
10005c72:	0029      	movs	r1, r5
10005c74:	f7ff feac 	bl	100059d0 <stdio_out_chars_crlf>
10005c78:	6924      	ldr	r4, [r4, #16]
10005c7a:	2c00      	cmp	r4, #0
10005c7c:	d1ef      	bne.n	10005c5e <__wrap_putchar+0x46>
10005c7e:	464b      	mov	r3, r9
10005c80:	2b00      	cmp	r3, #0
10005c82:	d105      	bne.n	10005c90 <__wrap_putchar+0x78>
10005c84:	0030      	movs	r0, r6
10005c86:	b003      	add	sp, #12
10005c88:	bcc0      	pop	{r6, r7}
10005c8a:	46b9      	mov	r9, r7
10005c8c:	46b0      	mov	r8, r6
10005c8e:	bdf0      	pop	{r4, r5, r6, r7, pc}
10005c90:	4640      	mov	r0, r8
10005c92:	f005 fc4d 	bl	1000b530 <__mutex_exit_veneer>
10005c96:	e7f5      	b.n	10005c84 <__wrap_putchar+0x6c>
10005c98:	000f4240 	.word	0x000f4240
10005c9c:	7fffffff 	.word	0x7fffffff
10005ca0:	20001688 	.word	0x20001688
10005ca4:	20003364 	.word	0x20003364
10005ca8:	20003370 	.word	0x20003370

10005cac <__wrap_puts>:
10005cac:	b570      	push	{r4, r5, r6, lr}
10005cae:	0004      	movs	r4, r0
10005cb0:	f005 fab4 	bl	1000b21c <strlen>
10005cb4:	2301      	movs	r3, #1
10005cb6:	0001      	movs	r1, r0
10005cb8:	0005      	movs	r5, r0
10005cba:	2201      	movs	r2, #1
10005cbc:	0020      	movs	r0, r4
10005cbe:	f7ff ff11 	bl	10005ae4 <stdio_put_string>
10005cc2:	4b08      	ldr	r3, [pc, #32]	@ (10005ce4 <__wrap_puts+0x38>)
10005cc4:	681c      	ldr	r4, [r3, #0]
10005cc6:	2c00      	cmp	r4, #0
10005cc8:	d006      	beq.n	10005cd8 <__wrap_puts+0x2c>
10005cca:	6863      	ldr	r3, [r4, #4]
10005ccc:	2b00      	cmp	r3, #0
10005cce:	d005      	beq.n	10005cdc <__wrap_puts+0x30>
10005cd0:	4798      	blx	r3
10005cd2:	6924      	ldr	r4, [r4, #16]
10005cd4:	2c00      	cmp	r4, #0
10005cd6:	d1f8      	bne.n	10005cca <__wrap_puts+0x1e>
10005cd8:	0028      	movs	r0, r5
10005cda:	bd70      	pop	{r4, r5, r6, pc}
10005cdc:	6924      	ldr	r4, [r4, #16]
10005cde:	2c00      	cmp	r4, #0
10005ce0:	d1f3      	bne.n	10005cca <__wrap_puts+0x1e>
10005ce2:	e7f9      	b.n	10005cd8 <__wrap_puts+0x2c>
10005ce4:	20003364 	.word	0x20003364

10005ce8 <__wrap_vprintf>:
10005ce8:	b5f0      	push	{r4, r5, r6, r7, lr}
10005cea:	46ce      	mov	lr, r9
10005cec:	4647      	mov	r7, r8
10005cee:	b580      	push	{r7, lr}
10005cf0:	b0a3      	sub	sp, #140	@ 0x8c
10005cf2:	0004      	movs	r4, r0
10005cf4:	000d      	movs	r5, r1
10005cf6:	f7fc ff37 	bl	10002b68 <time_us_64>
10005cfa:	2300      	movs	r3, #0
10005cfc:	4a27      	ldr	r2, [pc, #156]	@ (10005d9c <__wrap_vprintf+0xb4>)
10005cfe:	1812      	adds	r2, r2, r0
10005d00:	414b      	adcs	r3, r1
10005d02:	2b00      	cmp	r3, #0
10005d04:	da02      	bge.n	10005d0c <__wrap_vprintf+0x24>
10005d06:	2201      	movs	r2, #1
10005d08:	4b25      	ldr	r3, [pc, #148]	@ (10005da0 <__wrap_vprintf+0xb8>)
10005d0a:	4252      	negs	r2, r2
10005d0c:	4e25      	ldr	r6, [pc, #148]	@ (10005da4 <__wrap_vprintf+0xbc>)
10005d0e:	0030      	movs	r0, r6
10005d10:	f005 fc4e 	bl	1000b5b0 <__mutex_try_enter_block_until_veneer>
10005d14:	2300      	movs	r3, #0
10005d16:	0022      	movs	r2, r4
10005d18:	9301      	str	r3, [sp, #4]
10005d1a:	0007      	movs	r7, r0
10005d1c:	002b      	movs	r3, r5
10005d1e:	4822      	ldr	r0, [pc, #136]	@ (10005da8 <__wrap_vprintf+0xc0>)
10005d20:	a901      	add	r1, sp, #4
10005d22:	f7ff fded 	bl	10005900 <vfctprintf>
10005d26:	4b21      	ldr	r3, [pc, #132]	@ (10005dac <__wrap_vprintf+0xc4>)
10005d28:	4680      	mov	r8, r0
10005d2a:	4699      	mov	r9, r3
10005d2c:	681c      	ldr	r4, [r3, #0]
10005d2e:	9b01      	ldr	r3, [sp, #4]
10005d30:	2b00      	cmp	r3, #0
10005d32:	d01a      	beq.n	10005d6a <__wrap_vprintf+0x82>
10005d34:	2c00      	cmp	r4, #0
10005d36:	d02f      	beq.n	10005d98 <__wrap_vprintf+0xb0>
10005d38:	4d1d      	ldr	r5, [pc, #116]	@ (10005db0 <__wrap_vprintf+0xc8>)
10005d3a:	e002      	b.n	10005d42 <__wrap_vprintf+0x5a>
10005d3c:	6924      	ldr	r4, [r4, #16]
10005d3e:	2c00      	cmp	r4, #0
10005d40:	d00f      	beq.n	10005d62 <__wrap_vprintf+0x7a>
10005d42:	6823      	ldr	r3, [r4, #0]
10005d44:	2b00      	cmp	r3, #0
10005d46:	d0f9      	beq.n	10005d3c <__wrap_vprintf+0x54>
10005d48:	682b      	ldr	r3, [r5, #0]
10005d4a:	2b00      	cmp	r3, #0
10005d4c:	d001      	beq.n	10005d52 <__wrap_vprintf+0x6a>
10005d4e:	42a3      	cmp	r3, r4
10005d50:	d1f4      	bne.n	10005d3c <__wrap_vprintf+0x54>
10005d52:	0020      	movs	r0, r4
10005d54:	9a01      	ldr	r2, [sp, #4]
10005d56:	a902      	add	r1, sp, #8
10005d58:	f7ff fe3a 	bl	100059d0 <stdio_out_chars_crlf>
10005d5c:	6924      	ldr	r4, [r4, #16]
10005d5e:	2c00      	cmp	r4, #0
10005d60:	d1ef      	bne.n	10005d42 <__wrap_vprintf+0x5a>
10005d62:	464b      	mov	r3, r9
10005d64:	681c      	ldr	r4, [r3, #0]
10005d66:	2300      	movs	r3, #0
10005d68:	9301      	str	r3, [sp, #4]
10005d6a:	2c00      	cmp	r4, #0
10005d6c:	d006      	beq.n	10005d7c <__wrap_vprintf+0x94>
10005d6e:	6863      	ldr	r3, [r4, #4]
10005d70:	2b00      	cmp	r3, #0
10005d72:	d00b      	beq.n	10005d8c <__wrap_vprintf+0xa4>
10005d74:	4798      	blx	r3
10005d76:	6924      	ldr	r4, [r4, #16]
10005d78:	2c00      	cmp	r4, #0
10005d7a:	d1f8      	bne.n	10005d6e <__wrap_vprintf+0x86>
10005d7c:	2f00      	cmp	r7, #0
10005d7e:	d107      	bne.n	10005d90 <__wrap_vprintf+0xa8>
10005d80:	4640      	mov	r0, r8
10005d82:	b023      	add	sp, #140	@ 0x8c
10005d84:	bcc0      	pop	{r6, r7}
10005d86:	46b9      	mov	r9, r7
10005d88:	46b0      	mov	r8, r6
10005d8a:	bdf0      	pop	{r4, r5, r6, r7, pc}
10005d8c:	6924      	ldr	r4, [r4, #16]
10005d8e:	e7ec      	b.n	10005d6a <__wrap_vprintf+0x82>
10005d90:	0030      	movs	r0, r6
10005d92:	f005 fbcd 	bl	1000b530 <__mutex_exit_veneer>
10005d96:	e7f3      	b.n	10005d80 <__wrap_vprintf+0x98>
10005d98:	9401      	str	r4, [sp, #4]
10005d9a:	e7ef      	b.n	10005d7c <__wrap_vprintf+0x94>
10005d9c:	000f4240 	.word	0x000f4240
10005da0:	7fffffff 	.word	0x7fffffff
10005da4:	20001688 	.word	0x20001688
10005da8:	10005a81 	.word	0x10005a81
10005dac:	20003364 	.word	0x20003364
10005db0:	20003370 	.word	0x20003370

10005db4 <__wrap_printf>:
10005db4:	b40f      	push	{r0, r1, r2, r3}
10005db6:	b500      	push	{lr}
10005db8:	b083      	sub	sp, #12
10005dba:	a904      	add	r1, sp, #16
10005dbc:	c901      	ldmia	r1!, {r0}
10005dbe:	9101      	str	r1, [sp, #4]
10005dc0:	f7ff ff92 	bl	10005ce8 <__wrap_vprintf>
10005dc4:	b003      	add	sp, #12
10005dc6:	bc08      	pop	{r3}
10005dc8:	b004      	add	sp, #16
10005dca:	4718      	bx	r3

10005dcc <resetd_init>:
10005dcc:	4770      	bx	lr
10005dce:	46c0      	nop			@ (mov r8, r8)

10005dd0 <resetd_reset>:
10005dd0:	2200      	movs	r2, #0
10005dd2:	4b01      	ldr	r3, [pc, #4]	@ (10005dd8 <resetd_reset+0x8>)
10005dd4:	701a      	strb	r2, [r3, #0]
10005dd6:	4770      	bx	lr
10005dd8:	20027d1b 	.word	0x20027d1b

10005ddc <resetd_open>:
10005ddc:	794b      	ldrb	r3, [r1, #5]
10005dde:	2000      	movs	r0, #0
10005de0:	2bff      	cmp	r3, #255	@ 0xff
10005de2:	d10b      	bne.n	10005dfc <resetd_open+0x20>
10005de4:	798b      	ldrb	r3, [r1, #6]
10005de6:	2b00      	cmp	r3, #0
10005de8:	d108      	bne.n	10005dfc <resetd_open+0x20>
10005dea:	79cb      	ldrb	r3, [r1, #7]
10005dec:	2b01      	cmp	r3, #1
10005dee:	d105      	bne.n	10005dfc <resetd_open+0x20>
10005df0:	2a08      	cmp	r2, #8
10005df2:	d903      	bls.n	10005dfc <resetd_open+0x20>
10005df4:	4b02      	ldr	r3, [pc, #8]	@ (10005e00 <resetd_open+0x24>)
10005df6:	788a      	ldrb	r2, [r1, #2]
10005df8:	3009      	adds	r0, #9
10005dfa:	701a      	strb	r2, [r3, #0]
10005dfc:	4770      	bx	lr
10005dfe:	46c0      	nop			@ (mov r8, r8)
10005e00:	20027d1b 	.word	0x20027d1b

10005e04 <resetd_xfer_cb>:
10005e04:	2001      	movs	r0, #1
10005e06:	4770      	bx	lr

10005e08 <resetd_control_xfer_cb>:
10005e08:	b510      	push	{r4, lr}
10005e0a:	2901      	cmp	r1, #1
10005e0c:	d113      	bne.n	10005e36 <resetd_control_xfer_cb+0x2e>
10005e0e:	4912      	ldr	r1, [pc, #72]	@ (10005e58 <resetd_control_xfer_cb+0x50>)
10005e10:	7953      	ldrb	r3, [r2, #5]
10005e12:	7910      	ldrb	r0, [r2, #4]
10005e14:	7809      	ldrb	r1, [r1, #0]
10005e16:	021b      	lsls	r3, r3, #8
10005e18:	4303      	orrs	r3, r0
10005e1a:	2000      	movs	r0, #0
10005e1c:	4299      	cmp	r1, r3
10005e1e:	d000      	beq.n	10005e22 <resetd_control_xfer_cb+0x1a>
10005e20:	bd10      	pop	{r4, pc}
10005e22:	7853      	ldrb	r3, [r2, #1]
10005e24:	2b01      	cmp	r3, #1
10005e26:	d008      	beq.n	10005e3a <resetd_control_xfer_cb+0x32>
10005e28:	2b02      	cmp	r3, #2
10005e2a:	d1f9      	bne.n	10005e20 <resetd_control_xfer_cb+0x18>
10005e2c:	2264      	movs	r2, #100	@ 0x64
10005e2e:	2100      	movs	r1, #0
10005e30:	2000      	movs	r0, #0
10005e32:	f7fc fff9 	bl	10002e28 <watchdog_reboot>
10005e36:	2001      	movs	r0, #1
10005e38:	e7f2      	b.n	10005e20 <resetd_control_xfer_cb+0x18>
10005e3a:	78d3      	ldrb	r3, [r2, #3]
10005e3c:	7891      	ldrb	r1, [r2, #2]
10005e3e:	021b      	lsls	r3, r3, #8
10005e40:	4319      	orrs	r1, r3
10005e42:	0a48      	lsrs	r0, r1, #9
10005e44:	05db      	lsls	r3, r3, #23
10005e46:	d401      	bmi.n	10005e4c <resetd_control_xfer_cb+0x44>
10005e48:	2001      	movs	r0, #1
10005e4a:	4240      	negs	r0, r0
10005e4c:	237f      	movs	r3, #127	@ 0x7f
10005e4e:	058a      	lsls	r2, r1, #22
10005e50:	0fd2      	lsrs	r2, r2, #31
10005e52:	4019      	ands	r1, r3
10005e54:	f7fd f870 	bl	10002f38 <rom_reset_usb_boot_extra>
10005e58:	20027d1b 	.word	0x20027d1b

10005e5c <tud_descriptor_bos_cb>:
10005e5c:	4800      	ldr	r0, [pc, #0]	@ (10005e60 <tud_descriptor_bos_cb+0x4>)
10005e5e:	4770      	bx	lr
10005e60:	1000c87c 	.word	0x1000c87c

10005e64 <tud_vendor_control_xfer_cb>:
10005e64:	b570      	push	{r4, r5, r6, lr}
10005e66:	0005      	movs	r5, r0
10005e68:	0014      	movs	r4, r2
10005e6a:	2001      	movs	r0, #1
10005e6c:	2901      	cmp	r1, #1
10005e6e:	d109      	bne.n	10005e84 <tud_vendor_control_xfer_cb+0x20>
10005e70:	7853      	ldrb	r3, [r2, #1]
10005e72:	2000      	movs	r0, #0
10005e74:	2b01      	cmp	r3, #1
10005e76:	d105      	bne.n	10005e84 <tud_vendor_control_xfer_cb+0x20>
10005e78:	7963      	ldrb	r3, [r4, #5]
10005e7a:	7912      	ldrb	r2, [r2, #4]
10005e7c:	021b      	lsls	r3, r3, #8
10005e7e:	4313      	orrs	r3, r2
10005e80:	2b07      	cmp	r3, #7
10005e82:	d000      	beq.n	10005e86 <tud_vendor_control_xfer_cb+0x22>
10005e84:	bd70      	pop	{r4, r5, r6, pc}
10005e86:	0021      	movs	r1, r4
10005e88:	0028      	movs	r0, r5
10005e8a:	4a02      	ldr	r2, [pc, #8]	@ (10005e94 <tud_vendor_control_xfer_cb+0x30>)
10005e8c:	339f      	adds	r3, #159	@ 0x9f
10005e8e:	f001 fa5b 	bl	10007348 <tud_control_xfer>
10005e92:	e7f7      	b.n	10005e84 <tud_vendor_control_xfer_cb+0x20>
10005e94:	1000c7d4 	.word	0x1000c7d4

10005e98 <usbd_app_driver_get_cb>:
10005e98:	2301      	movs	r3, #1
10005e9a:	7003      	strb	r3, [r0, #0]
10005e9c:	4800      	ldr	r0, [pc, #0]	@ (10005ea0 <usbd_app_driver_get_cb+0x8>)
10005e9e:	4770      	bx	lr
10005ea0:	1000c7b4 	.word	0x1000c7b4

10005ea4 <tud_cdc_line_coding_cb>:
10005ea4:	784b      	ldrb	r3, [r1, #1]
10005ea6:	780a      	ldrb	r2, [r1, #0]
10005ea8:	021b      	lsls	r3, r3, #8
10005eaa:	4313      	orrs	r3, r2
10005eac:	788a      	ldrb	r2, [r1, #2]
10005eae:	b510      	push	{r4, lr}
10005eb0:	0412      	lsls	r2, r2, #16
10005eb2:	431a      	orrs	r2, r3
10005eb4:	78cb      	ldrb	r3, [r1, #3]
10005eb6:	061b      	lsls	r3, r3, #24
10005eb8:	4313      	orrs	r3, r2
10005eba:	2296      	movs	r2, #150	@ 0x96
10005ebc:	00d2      	lsls	r2, r2, #3
10005ebe:	4293      	cmp	r3, r2
10005ec0:	d000      	beq.n	10005ec4 <tud_cdc_line_coding_cb+0x20>
10005ec2:	bd10      	pop	{r4, pc}
10005ec4:	2200      	movs	r2, #0
10005ec6:	2001      	movs	r0, #1
10005ec8:	0011      	movs	r1, r2
10005eca:	4240      	negs	r0, r0
10005ecc:	f7fd f834 	bl	10002f38 <rom_reset_usb_boot_extra>

10005ed0 <stdio_usb_set_chars_available_callback>:
10005ed0:	4b02      	ldr	r3, [pc, #8]	@ (10005edc <stdio_usb_set_chars_available_callback+0xc>)
10005ed2:	6018      	str	r0, [r3, #0]
10005ed4:	4b02      	ldr	r3, [pc, #8]	@ (10005ee0 <stdio_usb_set_chars_available_callback+0x10>)
10005ed6:	6019      	str	r1, [r3, #0]
10005ed8:	4770      	bx	lr
10005eda:	46c0      	nop			@ (mov r8, r8)
10005edc:	200022fc 	.word	0x200022fc
10005ee0:	20002300 	.word	0x20002300

10005ee4 <usb_irq>:
10005ee4:	b510      	push	{r4, lr}
10005ee6:	4b02      	ldr	r3, [pc, #8]	@ (10005ef0 <usb_irq+0xc>)
10005ee8:	7818      	ldrb	r0, [r3, #0]
10005eea:	f7fc f80f 	bl	10001f0c <irq_set_pending>
10005eee:	bd10      	pop	{r4, pc}
10005ef0:	20027d1c 	.word	0x20027d1c

10005ef4 <timer_task>:
10005ef4:	4b15      	ldr	r3, [pc, #84]	@ (10005f4c <timer_task+0x58>)
10005ef6:	b570      	push	{r4, r5, r6, lr}
10005ef8:	681a      	ldr	r2, [r3, #0]
10005efa:	2a00      	cmp	r2, #0
10005efc:	d022      	beq.n	10005f44 <timer_task+0x50>
10005efe:	f3ef 8110 	mrs	r1, PRIMASK
10005f02:	b672      	cpsid	i
10005f04:	6810      	ldr	r0, [r2, #0]
10005f06:	2800      	cmp	r0, #0
10005f08:	d0fc      	beq.n	10005f04 <timer_task+0x10>
10005f0a:	f3bf 8f5f 	dmb	sy
10005f0e:	2000      	movs	r0, #0
10005f10:	4a0f      	ldr	r2, [pc, #60]	@ (10005f50 <timer_task+0x5c>)
10005f12:	6059      	str	r1, [r3, #4]
10005f14:	7010      	strb	r0, [r2, #0]
10005f16:	681b      	ldr	r3, [r3, #0]
10005f18:	f3bf 8f5f 	dmb	sy
10005f1c:	6018      	str	r0, [r3, #0]
10005f1e:	f381 8810 	msr	PRIMASK, r1
10005f22:	2400      	movs	r4, #0
10005f24:	2500      	movs	r5, #0
10005f26:	4e0b      	ldr	r6, [pc, #44]	@ (10005f54 <timer_task+0x60>)
10005f28:	7830      	ldrb	r0, [r6, #0]
10005f2a:	f7fb ffe3 	bl	10001ef4 <irq_is_enabled>
10005f2e:	2800      	cmp	r0, #0
10005f30:	d104      	bne.n	10005f3c <timer_task+0x48>
10005f32:	2400      	movs	r4, #0
10005f34:	2500      	movs	r5, #0
10005f36:	0029      	movs	r1, r5
10005f38:	0020      	movs	r0, r4
10005f3a:	bd70      	pop	{r4, r5, r6, pc}
10005f3c:	7830      	ldrb	r0, [r6, #0]
10005f3e:	f7fb ffe5 	bl	10001f0c <irq_set_pending>
10005f42:	e7f8      	b.n	10005f36 <timer_task+0x42>
10005f44:	24fa      	movs	r4, #250	@ 0xfa
10005f46:	2500      	movs	r5, #0
10005f48:	00a4      	lsls	r4, r4, #2
10005f4a:	e7ec      	b.n	10005f26 <timer_task+0x32>
10005f4c:	200037cc 	.word	0x200037cc
10005f50:	20027d1d 	.word	0x20027d1d
10005f54:	20027d1c 	.word	0x20027d1c

10005f58 <stdio_usb_in_chars>:
10005f58:	b570      	push	{r4, r5, r6, lr}
10005f5a:	0004      	movs	r4, r0
10005f5c:	2000      	movs	r0, #0
10005f5e:	000e      	movs	r6, r1
10005f60:	f001 fb10 	bl	10007584 <tud_cdc_n_connected>
10005f64:	2800      	cmp	r0, #0
10005f66:	d034      	beq.n	10005fd2 <stdio_usb_in_chars+0x7a>
10005f68:	2000      	movs	r0, #0
10005f6a:	f001 fb21 	bl	100075b0 <tud_cdc_n_available>
10005f6e:	2800      	cmp	r0, #0
10005f70:	d02f      	beq.n	10005fd2 <stdio_usb_in_chars+0x7a>
10005f72:	f7fc fdf9 	bl	10002b68 <time_us_64>
10005f76:	2300      	movs	r3, #0
10005f78:	4a17      	ldr	r2, [pc, #92]	@ (10005fd8 <stdio_usb_in_chars+0x80>)
10005f7a:	1812      	adds	r2, r2, r0
10005f7c:	414b      	adcs	r3, r1
10005f7e:	2b00      	cmp	r3, #0
10005f80:	db16      	blt.n	10005fb0 <stdio_usb_in_chars+0x58>
10005f82:	4d16      	ldr	r5, [pc, #88]	@ (10005fdc <stdio_usb_in_chars+0x84>)
10005f84:	0028      	movs	r0, r5
10005f86:	f005 fb13 	bl	1000b5b0 <__mutex_try_enter_block_until_veneer>
10005f8a:	2800      	cmp	r0, #0
10005f8c:	d021      	beq.n	10005fd2 <stdio_usb_in_chars+0x7a>
10005f8e:	2000      	movs	r0, #0
10005f90:	f001 faf8 	bl	10007584 <tud_cdc_n_connected>
10005f94:	2800      	cmp	r0, #0
10005f96:	d10f      	bne.n	10005fb8 <stdio_usb_in_chars+0x60>
10005f98:	2001      	movs	r0, #1
10005f9a:	2100      	movs	r1, #0
10005f9c:	4240      	negs	r0, r0
10005f9e:	f000 fd07 	bl	100069b0 <tud_task_ext>
10005fa2:	2403      	movs	r4, #3
10005fa4:	4264      	negs	r4, r4
10005fa6:	0028      	movs	r0, r5
10005fa8:	f005 fac2 	bl	1000b530 <__mutex_exit_veneer>
10005fac:	0020      	movs	r0, r4
10005fae:	bd70      	pop	{r4, r5, r6, pc}
10005fb0:	2201      	movs	r2, #1
10005fb2:	4b0b      	ldr	r3, [pc, #44]	@ (10005fe0 <stdio_usb_in_chars+0x88>)
10005fb4:	4252      	negs	r2, r2
10005fb6:	e7e4      	b.n	10005f82 <stdio_usb_in_chars+0x2a>
10005fb8:	2000      	movs	r0, #0
10005fba:	f001 faf9 	bl	100075b0 <tud_cdc_n_available>
10005fbe:	2800      	cmp	r0, #0
10005fc0:	d0ea      	beq.n	10005f98 <stdio_usb_in_chars+0x40>
10005fc2:	0021      	movs	r1, r4
10005fc4:	0032      	movs	r2, r6
10005fc6:	2000      	movs	r0, #0
10005fc8:	f001 fafc 	bl	100075c4 <tud_cdc_n_read>
10005fcc:	1e04      	subs	r4, r0, #0
10005fce:	d1ea      	bne.n	10005fa6 <stdio_usb_in_chars+0x4e>
10005fd0:	e7e7      	b.n	10005fa2 <stdio_usb_in_chars+0x4a>
10005fd2:	2403      	movs	r4, #3
10005fd4:	4264      	negs	r4, r4
10005fd6:	e7e9      	b.n	10005fac <stdio_usb_in_chars+0x54>
10005fd8:	000f4240 	.word	0x000f4240
10005fdc:	2001fc04 	.word	0x2001fc04
10005fe0:	7fffffff 	.word	0x7fffffff

10005fe4 <stdio_usb_out_flush>:
10005fe4:	b510      	push	{r4, lr}
10005fe6:	f7fc fdbf 	bl	10002b68 <time_us_64>
10005fea:	2300      	movs	r3, #0
10005fec:	4a0d      	ldr	r2, [pc, #52]	@ (10006024 <stdio_usb_out_flush+0x40>)
10005fee:	1812      	adds	r2, r2, r0
10005ff0:	414b      	adcs	r3, r1
10005ff2:	2b00      	cmp	r3, #0
10005ff4:	da02      	bge.n	10005ffc <stdio_usb_out_flush+0x18>
10005ff6:	2201      	movs	r2, #1
10005ff8:	4b0b      	ldr	r3, [pc, #44]	@ (10006028 <stdio_usb_out_flush+0x44>)
10005ffa:	4252      	negs	r2, r2
10005ffc:	4c0b      	ldr	r4, [pc, #44]	@ (1000602c <stdio_usb_out_flush+0x48>)
10005ffe:	0020      	movs	r0, r4
10006000:	f005 fad6 	bl	1000b5b0 <__mutex_try_enter_block_until_veneer>
10006004:	2800      	cmp	r0, #0
10006006:	d00c      	beq.n	10006022 <stdio_usb_out_flush+0x3e>
10006008:	2001      	movs	r0, #1
1000600a:	2100      	movs	r1, #0
1000600c:	4240      	negs	r0, r0
1000600e:	f000 fccf 	bl	100069b0 <tud_task_ext>
10006012:	2000      	movs	r0, #0
10006014:	f001 fb1a 	bl	1000764c <tud_cdc_n_write_flush>
10006018:	2800      	cmp	r0, #0
1000601a:	d1f5      	bne.n	10006008 <stdio_usb_out_flush+0x24>
1000601c:	0020      	movs	r0, r4
1000601e:	f005 fa87 	bl	1000b530 <__mutex_exit_veneer>
10006022:	bd10      	pop	{r4, pc}
10006024:	000f4240 	.word	0x000f4240
10006028:	7fffffff 	.word	0x7fffffff
1000602c:	2001fc04 	.word	0x2001fc04

10006030 <stdio_usb_out_chars>:
10006030:	b5f8      	push	{r3, r4, r5, r6, r7, lr}
10006032:	46de      	mov	lr, fp
10006034:	4657      	mov	r7, sl
10006036:	b580      	push	{r7, lr}
10006038:	0005      	movs	r5, r0
1000603a:	000c      	movs	r4, r1
1000603c:	f7fc fd94 	bl	10002b68 <time_us_64>
10006040:	2300      	movs	r3, #0
10006042:	4a36      	ldr	r2, [pc, #216]	@ (1000611c <stdio_usb_out_chars+0xec>)
10006044:	1812      	adds	r2, r2, r0
10006046:	414b      	adcs	r3, r1
10006048:	2b00      	cmp	r3, #0
1000604a:	da02      	bge.n	10006052 <stdio_usb_out_chars+0x22>
1000604c:	2201      	movs	r2, #1
1000604e:	4b34      	ldr	r3, [pc, #208]	@ (10006120 <stdio_usb_out_chars+0xf0>)
10006050:	4252      	negs	r2, r2
10006052:	4934      	ldr	r1, [pc, #208]	@ (10006124 <stdio_usb_out_chars+0xf4>)
10006054:	0008      	movs	r0, r1
10006056:	468a      	mov	sl, r1
10006058:	f005 faaa 	bl	1000b5b0 <__mutex_try_enter_block_until_veneer>
1000605c:	2800      	cmp	r0, #0
1000605e:	d103      	bne.n	10006068 <stdio_usb_out_chars+0x38>
10006060:	bcc0      	pop	{r6, r7}
10006062:	46bb      	mov	fp, r7
10006064:	46b2      	mov	sl, r6
10006066:	bdf8      	pop	{r3, r4, r5, r6, r7, pc}
10006068:	2000      	movs	r0, #0
1000606a:	f001 fa8b 	bl	10007584 <tud_cdc_n_connected>
1000606e:	2800      	cmp	r0, #0
10006070:	d04a      	beq.n	10006108 <stdio_usb_out_chars+0xd8>
10006072:	2600      	movs	r6, #0
10006074:	2c00      	cmp	r4, #0
10006076:	dd43      	ble.n	10006100 <stdio_usb_out_chars+0xd0>
10006078:	4b2b      	ldr	r3, [pc, #172]	@ (10006128 <stdio_usb_out_chars+0xf8>)
1000607a:	469b      	mov	fp, r3
1000607c:	e014      	b.n	100060a8 <stdio_usb_out_chars+0x78>
1000607e:	19a9      	adds	r1, r5, r6
10006080:	2000      	movs	r0, #0
10006082:	f001 fb1d 	bl	100076c0 <tud_cdc_n_write>
10006086:	0007      	movs	r7, r0
10006088:	2001      	movs	r0, #1
1000608a:	2100      	movs	r1, #0
1000608c:	4240      	negs	r0, r0
1000608e:	f000 fc8f 	bl	100069b0 <tud_task_ext>
10006092:	2000      	movs	r0, #0
10006094:	f001 fada 	bl	1000764c <tud_cdc_n_write_flush>
10006098:	f7fc fd66 	bl	10002b68 <time_us_64>
1000609c:	4b22      	ldr	r3, [pc, #136]	@ (10006128 <stdio_usb_out_chars+0xf8>)
1000609e:	19f6      	adds	r6, r6, r7
100060a0:	6018      	str	r0, [r3, #0]
100060a2:	6059      	str	r1, [r3, #4]
100060a4:	42b4      	cmp	r4, r6
100060a6:	dd2b      	ble.n	10006100 <stdio_usb_out_chars+0xd0>
100060a8:	2000      	movs	r0, #0
100060aa:	f001 fb29 	bl	10007700 <tud_cdc_n_write_available>
100060ae:	1ba7      	subs	r7, r4, r6
100060b0:	0002      	movs	r2, r0
100060b2:	42b8      	cmp	r0, r7
100060b4:	dd00      	ble.n	100060b8 <stdio_usb_out_chars+0x88>
100060b6:	003a      	movs	r2, r7
100060b8:	2a00      	cmp	r2, #0
100060ba:	d1e0      	bne.n	1000607e <stdio_usb_out_chars+0x4e>
100060bc:	2001      	movs	r0, #1
100060be:	2100      	movs	r1, #0
100060c0:	4240      	negs	r0, r0
100060c2:	f000 fc75 	bl	100069b0 <tud_task_ext>
100060c6:	2000      	movs	r0, #0
100060c8:	f001 fac0 	bl	1000764c <tud_cdc_n_write_flush>
100060cc:	2000      	movs	r0, #0
100060ce:	f001 fa59 	bl	10007584 <tud_cdc_n_connected>
100060d2:	2800      	cmp	r0, #0
100060d4:	d014      	beq.n	10006100 <stdio_usb_out_chars+0xd0>
100060d6:	2000      	movs	r0, #0
100060d8:	f001 fb12 	bl	10007700 <tud_cdc_n_write_available>
100060dc:	2800      	cmp	r0, #0
100060de:	d1e1      	bne.n	100060a4 <stdio_usb_out_chars+0x74>
100060e0:	f7fc fd42 	bl	10002b68 <time_us_64>
100060e4:	465b      	mov	r3, fp
100060e6:	000f      	movs	r7, r1
100060e8:	681a      	ldr	r2, [r3, #0]
100060ea:	685b      	ldr	r3, [r3, #4]
100060ec:	2100      	movs	r1, #0
100060ee:	4684      	mov	ip, r0
100060f0:	480e      	ldr	r0, [pc, #56]	@ (1000612c <stdio_usb_out_chars+0xfc>)
100060f2:	1812      	adds	r2, r2, r0
100060f4:	414b      	adcs	r3, r1
100060f6:	429f      	cmp	r7, r3
100060f8:	d802      	bhi.n	10006100 <stdio_usb_out_chars+0xd0>
100060fa:	d1d3      	bne.n	100060a4 <stdio_usb_out_chars+0x74>
100060fc:	4594      	cmp	ip, r2
100060fe:	d9d1      	bls.n	100060a4 <stdio_usb_out_chars+0x74>
10006100:	4650      	mov	r0, sl
10006102:	f005 fa15 	bl	1000b530 <__mutex_exit_veneer>
10006106:	e7ab      	b.n	10006060 <stdio_usb_out_chars+0x30>
10006108:	2000      	movs	r0, #0
1000610a:	2100      	movs	r1, #0
1000610c:	4b06      	ldr	r3, [pc, #24]	@ (10006128 <stdio_usb_out_chars+0xf8>)
1000610e:	6018      	str	r0, [r3, #0]
10006110:	6059      	str	r1, [r3, #4]
10006112:	4650      	mov	r0, sl
10006114:	f005 fa0c 	bl	1000b530 <__mutex_exit_veneer>
10006118:	e7a2      	b.n	10006060 <stdio_usb_out_chars+0x30>
1000611a:	46c0      	nop			@ (mov r8, r8)
1000611c:	000f4240 	.word	0x000f4240
10006120:	7fffffff 	.word	0x7fffffff
10006124:	2001fc04 	.word	0x2001fc04
10006128:	20001810 	.word	0x20001810
1000612c:	0007a120 	.word	0x0007a120

10006130 <low_priority_worker_irq>:
10006130:	b530      	push	{r4, r5, lr}
10006132:	4c2a      	ldr	r4, [pc, #168]	@ (100061dc <low_priority_worker_irq+0xac>)
10006134:	b085      	sub	sp, #20
10006136:	2100      	movs	r1, #0
10006138:	0020      	movs	r0, r4
1000613a:	f005 fa19 	bl	1000b570 <__mutex_try_enter_veneer>
1000613e:	2800      	cmp	r0, #0
10006140:	d11c      	bne.n	1000617c <low_priority_worker_irq+0x4c>
10006142:	4b27      	ldr	r3, [pc, #156]	@ (100061e0 <low_priority_worker_irq+0xb0>)
10006144:	681a      	ldr	r2, [r3, #0]
10006146:	2a00      	cmp	r2, #0
10006148:	d016      	beq.n	10006178 <low_priority_worker_irq+0x48>
1000614a:	f3ef 8110 	mrs	r1, PRIMASK
1000614e:	b672      	cpsid	i
10006150:	6810      	ldr	r0, [r2, #0]
10006152:	2800      	cmp	r0, #0
10006154:	d0fc      	beq.n	10006150 <low_priority_worker_irq+0x20>
10006156:	f3bf 8f5f 	dmb	sy
1000615a:	2401      	movs	r4, #1
1000615c:	4821      	ldr	r0, [pc, #132]	@ (100061e4 <low_priority_worker_irq+0xb4>)
1000615e:	6059      	str	r1, [r3, #4]
10006160:	7802      	ldrb	r2, [r0, #0]
10006162:	681b      	ldr	r3, [r3, #0]
10006164:	b2d2      	uxtb	r2, r2
10006166:	7004      	strb	r4, [r0, #0]
10006168:	f3bf 8f5f 	dmb	sy
1000616c:	2000      	movs	r0, #0
1000616e:	6018      	str	r0, [r3, #0]
10006170:	f381 8810 	msr	PRIMASK, r1
10006174:	2a00      	cmp	r2, #0
10006176:	d017      	beq.n	100061a8 <low_priority_worker_irq+0x78>
10006178:	b005      	add	sp, #20
1000617a:	bd30      	pop	{r4, r5, pc}
1000617c:	2001      	movs	r0, #1
1000617e:	2100      	movs	r1, #0
10006180:	4240      	negs	r0, r0
10006182:	f000 fc15 	bl	100069b0 <tud_task_ext>
10006186:	2000      	movs	r0, #0
10006188:	f001 fa12 	bl	100075b0 <tud_cdc_n_available>
1000618c:	0005      	movs	r5, r0
1000618e:	0020      	movs	r0, r4
10006190:	f005 f9ce 	bl	1000b530 <__mutex_exit_veneer>
10006194:	2d00      	cmp	r5, #0
10006196:	d0ef      	beq.n	10006178 <low_priority_worker_irq+0x48>
10006198:	4b13      	ldr	r3, [pc, #76]	@ (100061e8 <low_priority_worker_irq+0xb8>)
1000619a:	681b      	ldr	r3, [r3, #0]
1000619c:	2b00      	cmp	r3, #0
1000619e:	d0eb      	beq.n	10006178 <low_priority_worker_irq+0x48>
100061a0:	4a12      	ldr	r2, [pc, #72]	@ (100061ec <low_priority_worker_irq+0xbc>)
100061a2:	6810      	ldr	r0, [r2, #0]
100061a4:	4798      	blx	r3
100061a6:	e7e7      	b.n	10006178 <low_priority_worker_irq+0x48>
100061a8:	f7fc faca 	bl	10002740 <alarm_pool_get_default>
100061ac:	0004      	movs	r4, r0
100061ae:	f7fc fcdb 	bl	10002b68 <time_us_64>
100061b2:	22fa      	movs	r2, #250	@ 0xfa
100061b4:	2300      	movs	r3, #0
100061b6:	0092      	lsls	r2, r2, #2
100061b8:	1812      	adds	r2, r2, r0
100061ba:	414b      	adcs	r3, r1
100061bc:	2b00      	cmp	r3, #0
100061be:	da02      	bge.n	100061c6 <low_priority_worker_irq+0x96>
100061c0:	2201      	movs	r2, #1
100061c2:	4b0b      	ldr	r3, [pc, #44]	@ (100061f0 <low_priority_worker_irq+0xc0>)
100061c4:	4252      	negs	r2, r2
100061c6:	2101      	movs	r1, #1
100061c8:	9102      	str	r1, [sp, #8]
100061ca:	2100      	movs	r1, #0
100061cc:	9101      	str	r1, [sp, #4]
100061ce:	4909      	ldr	r1, [pc, #36]	@ (100061f4 <low_priority_worker_irq+0xc4>)
100061d0:	0020      	movs	r0, r4
100061d2:	9100      	str	r1, [sp, #0]
100061d4:	f7fc fab8 	bl	10002748 <alarm_pool_add_alarm_at>
100061d8:	e7ce      	b.n	10006178 <low_priority_worker_irq+0x48>
100061da:	46c0      	nop			@ (mov r8, r8)
100061dc:	2001fc04 	.word	0x2001fc04
100061e0:	200037cc 	.word	0x200037cc
100061e4:	20027d1d 	.word	0x20027d1d
100061e8:	200022fc 	.word	0x200022fc
100061ec:	20002300 	.word	0x20002300
100061f0:	7fffffff 	.word	0x7fffffff
100061f4:	10005ef5 	.word	0x10005ef5

100061f8 <stdio_usb_init>:
100061f8:	23d0      	movs	r3, #208	@ 0xd0
100061fa:	b510      	push	{r4, lr}
100061fc:	061b      	lsls	r3, r3, #24
100061fe:	b084      	sub	sp, #16
10006200:	681c      	ldr	r4, [r3, #0]
10006202:	f7fc fa9d 	bl	10002740 <alarm_pool_get_default>
10006206:	f7fc fb99 	bl	1000293c <alarm_pool_core_num>
1000620a:	42a0      	cmp	r0, r4
1000620c:	d002      	beq.n	10006214 <stdio_usb_init+0x1c>
1000620e:	2000      	movs	r0, #0
10006210:	b004      	add	sp, #16
10006212:	bd10      	pop	{r4, pc}
10006214:	4b29      	ldr	r3, [pc, #164]	@ (100062bc <stdio_usb_init+0xc4>)
10006216:	2100      	movs	r1, #0
10006218:	2000      	movs	r0, #0
1000621a:	781b      	ldrb	r3, [r3, #0]
1000621c:	f001 fd64 	bl	10007ce8 <tusb_rhport_init>
10006220:	4827      	ldr	r0, [pc, #156]	@ (100062c0 <stdio_usb_init+0xc8>)
10006222:	6803      	ldr	r3, [r0, #0]
10006224:	2b00      	cmp	r3, #0
10006226:	d045      	beq.n	100062b4 <stdio_usb_init+0xbc>
10006228:	2001      	movs	r0, #1
1000622a:	f7fc f81b 	bl	10002264 <user_irq_claim_unused>
1000622e:	23ff      	movs	r3, #255	@ 0xff
10006230:	4c24      	ldr	r4, [pc, #144]	@ (100062c4 <stdio_usb_init+0xcc>)
10006232:	4925      	ldr	r1, [pc, #148]	@ (100062c8 <stdio_usb_init+0xd0>)
10006234:	7020      	strb	r0, [r4, #0]
10006236:	4018      	ands	r0, r3
10006238:	f7fb fe82 	bl	10001f40 <irq_set_exclusive_handler>
1000623c:	7820      	ldrb	r0, [r4, #0]
1000623e:	2101      	movs	r1, #1
10006240:	f7fb fe46 	bl	10001ed0 <irq_set_enabled>
10006244:	2005      	movs	r0, #5
10006246:	f7fb fe69 	bl	10001f1c <irq_has_shared_handler>
1000624a:	2800      	cmp	r0, #0
1000624c:	d124      	bne.n	10006298 <stdio_usb_init+0xa0>
1000624e:	2208      	movs	r2, #8
10006250:	2100      	movs	r1, #0
10006252:	481e      	ldr	r0, [pc, #120]	@ (100062cc <stdio_usb_init+0xd4>)
10006254:	f7fd fee0 	bl	10004018 <__wrap_memset>
10006258:	f7fc fa72 	bl	10002740 <alarm_pool_get_default>
1000625c:	0004      	movs	r4, r0
1000625e:	f7fc fc83 	bl	10002b68 <time_us_64>
10006262:	22fa      	movs	r2, #250	@ 0xfa
10006264:	2300      	movs	r3, #0
10006266:	0092      	lsls	r2, r2, #2
10006268:	1812      	adds	r2, r2, r0
1000626a:	414b      	adcs	r3, r1
1000626c:	2b00      	cmp	r3, #0
1000626e:	da02      	bge.n	10006276 <stdio_usb_init+0x7e>
10006270:	2201      	movs	r2, #1
10006272:	4b17      	ldr	r3, [pc, #92]	@ (100062d0 <stdio_usb_init+0xd8>)
10006274:	4252      	negs	r2, r2
10006276:	2101      	movs	r1, #1
10006278:	9102      	str	r1, [sp, #8]
1000627a:	2100      	movs	r1, #0
1000627c:	9101      	str	r1, [sp, #4]
1000627e:	4915      	ldr	r1, [pc, #84]	@ (100062d4 <stdio_usb_init+0xdc>)
10006280:	0020      	movs	r0, r4
10006282:	9100      	str	r1, [sp, #0]
10006284:	f7fc fa60 	bl	10002748 <alarm_pool_add_alarm_at>
10006288:	2800      	cmp	r0, #0
1000628a:	dbc0      	blt.n	1000620e <stdio_usb_init+0x16>
1000628c:	4812      	ldr	r0, [pc, #72]	@ (100062d8 <stdio_usb_init+0xe0>)
1000628e:	2101      	movs	r1, #1
10006290:	f7ff fca6 	bl	10005be0 <stdio_set_driver_enabled>
10006294:	2001      	movs	r0, #1
10006296:	e7bb      	b.n	10006210 <stdio_usb_init+0x18>
10006298:	2001      	movs	r0, #1
1000629a:	f7fb fde7 	bl	10001e6c <spin_lock_claim_unused>
1000629e:	4b0b      	ldr	r3, [pc, #44]	@ (100062cc <stdio_usb_init+0xd4>)
100062a0:	0001      	movs	r1, r0
100062a2:	0018      	movs	r0, r3
100062a4:	f7fc f842 	bl	1000232c <critical_section_init_with_lock_num>
100062a8:	2200      	movs	r2, #0
100062aa:	2005      	movs	r0, #5
100062ac:	490b      	ldr	r1, [pc, #44]	@ (100062dc <stdio_usb_init+0xe4>)
100062ae:	f7fb fe71 	bl	10001f94 <irq_add_shared_handler>
100062b2:	e7eb      	b.n	1000628c <stdio_usb_init+0x94>
100062b4:	f7fc f81e 	bl	100022f4 <mutex_init>
100062b8:	e7b6      	b.n	10006228 <stdio_usb_init+0x30>
100062ba:	46c0      	nop			@ (mov r8, r8)
100062bc:	1000ca5c 	.word	0x1000ca5c
100062c0:	2001fc04 	.word	0x2001fc04
100062c4:	20027d1c 	.word	0x20027d1c
100062c8:	10006131 	.word	0x10006131
100062cc:	200037cc 	.word	0x200037cc
100062d0:	7fffffff 	.word	0x7fffffff
100062d4:	10005ef5 	.word	0x10005ef5
100062d8:	200010e0 	.word	0x200010e0
100062dc:	10005ee5 	.word	0x10005ee5

100062e0 <stdio_usb_connected>:
100062e0:	b510      	push	{r4, lr}
100062e2:	2000      	movs	r0, #0
100062e4:	f001 f94e 	bl	10007584 <tud_cdc_n_connected>
100062e8:	bd10      	pop	{r4, pc}
100062ea:	46c0      	nop			@ (mov r8, r8)

100062ec <tud_descriptor_device_cb>:
100062ec:	4800      	ldr	r0, [pc, #0]	@ (100062f0 <tud_descriptor_device_cb+0x4>)
100062ee:	4770      	bx	lr
100062f0:	1000c918 	.word	0x1000c918

100062f4 <tud_descriptor_configuration_cb>:
100062f4:	4800      	ldr	r0, [pc, #0]	@ (100062f8 <tud_descriptor_configuration_cb+0x4>)
100062f6:	4770      	bx	lr
100062f8:	1000c8c4 	.word	0x1000c8c4

100062fc <tud_descriptor_string_cb>:
100062fc:	b510      	push	{r4, lr}
100062fe:	0004      	movs	r4, r0
10006300:	4817      	ldr	r0, [pc, #92]	@ (10006360 <tud_descriptor_string_cb+0x64>)
10006302:	7803      	ldrb	r3, [r0, #0]
10006304:	2b00      	cmp	r3, #0
10006306:	d020      	beq.n	1000634a <tud_descriptor_string_cb+0x4e>
10006308:	2c00      	cmp	r4, #0
1000630a:	d106      	bne.n	1000631a <tud_descriptor_string_cb+0x1e>
1000630c:	4b15      	ldr	r3, [pc, #84]	@ (10006364 <tud_descriptor_string_cb+0x68>)
1000630e:	4816      	ldr	r0, [pc, #88]	@ (10006368 <tud_descriptor_string_cb+0x6c>)
10006310:	8043      	strh	r3, [r0, #2]
10006312:	3b06      	subs	r3, #6
10006314:	3bff      	subs	r3, #255	@ 0xff
10006316:	8003      	strh	r3, [r0, #0]
10006318:	bd10      	pop	{r4, pc}
1000631a:	2c05      	cmp	r4, #5
1000631c:	d81d      	bhi.n	1000635a <tud_descriptor_string_cb+0x5e>
1000631e:	4b13      	ldr	r3, [pc, #76]	@ (1000636c <tud_descriptor_string_cb+0x70>)
10006320:	00a4      	lsls	r4, r4, #2
10006322:	58e0      	ldr	r0, [r4, r3]
10006324:	4912      	ldr	r1, [pc, #72]	@ (10006370 <tud_descriptor_string_cb+0x74>)
10006326:	2301      	movs	r3, #1
10006328:	3801      	subs	r0, #1
1000632a:	e004      	b.n	10006336 <tud_descriptor_string_cb+0x3a>
1000632c:	3301      	adds	r3, #1
1000632e:	800a      	strh	r2, [r1, #0]
10006330:	3102      	adds	r1, #2
10006332:	2b14      	cmp	r3, #20
10006334:	d00d      	beq.n	10006352 <tud_descriptor_string_cb+0x56>
10006336:	5cc2      	ldrb	r2, [r0, r3]
10006338:	2a00      	cmp	r2, #0
1000633a:	d1f7      	bne.n	1000632c <tud_descriptor_string_cb+0x30>
1000633c:	22c0      	movs	r2, #192	@ 0xc0
1000633e:	b2db      	uxtb	r3, r3
10006340:	005b      	lsls	r3, r3, #1
10006342:	0092      	lsls	r2, r2, #2
10006344:	4808      	ldr	r0, [pc, #32]	@ (10006368 <tud_descriptor_string_cb+0x6c>)
10006346:	4313      	orrs	r3, r2
10006348:	e7e5      	b.n	10006316 <tud_descriptor_string_cb+0x1a>
1000634a:	2111      	movs	r1, #17
1000634c:	f000 f81a 	bl	10006384 <pico_get_unique_board_id_string>
10006350:	e7da      	b.n	10006308 <tud_descriptor_string_cb+0xc>
10006352:	23ca      	movs	r3, #202	@ 0xca
10006354:	4804      	ldr	r0, [pc, #16]	@ (10006368 <tud_descriptor_string_cb+0x6c>)
10006356:	009b      	lsls	r3, r3, #2
10006358:	e7dd      	b.n	10006316 <tud_descriptor_string_cb+0x1a>
1000635a:	2000      	movs	r0, #0
1000635c:	e7dc      	b.n	10006318 <tud_descriptor_string_cb+0x1c>
1000635e:	46c0      	nop			@ (mov r8, r8)
10006360:	20027c0c 	.word	0x20027c0c
10006364:	00000409 	.word	0x00000409
10006368:	20002334 	.word	0x20002334
1000636c:	1000c8ac 	.word	0x1000c8ac
10006370:	20002336 	.word	0x20002336

10006374 <_retrieve_unique_id_on_boot>:
10006374:	b510      	push	{r4, lr}
10006376:	4802      	ldr	r0, [pc, #8]	@ (10006380 <_retrieve_unique_id_on_boot+0xc>)
10006378:	f000 f8d8 	bl	1000652c <flash_get_unique_id>
1000637c:	bd10      	pop	{r4, pc}
1000637e:	46c0      	nop			@ (mov r8, r8)
10006380:	200039e0 	.word	0x200039e0

10006384 <pico_get_unique_board_id_string>:
10006384:	b530      	push	{r4, r5, lr}
10006386:	1e4b      	subs	r3, r1, #1
10006388:	2901      	cmp	r1, #1
1000638a:	d100      	bne.n	1000638e <pico_get_unique_board_id_string+0xa>
1000638c:	e0a7      	b.n	100064de <pico_get_unique_board_id_string+0x15a>
1000638e:	4a66      	ldr	r2, [pc, #408]	@ (10006528 <pico_get_unique_board_id_string+0x1a4>)
10006390:	7811      	ldrb	r1, [r2, #0]
10006392:	090d      	lsrs	r5, r1, #4
10006394:	002c      	movs	r4, r5
10006396:	3430      	adds	r4, #48	@ 0x30
10006398:	299f      	cmp	r1, #159	@ 0x9f
1000639a:	d900      	bls.n	1000639e <pico_get_unique_board_id_string+0x1a>
1000639c:	e0a2      	b.n	100064e4 <pico_get_unique_board_id_string+0x160>
1000639e:	7004      	strb	r4, [r0, #0]
100063a0:	2b01      	cmp	r3, #1
100063a2:	d100      	bne.n	100063a6 <pico_get_unique_board_id_string+0x22>
100063a4:	e0be      	b.n	10006524 <pico_get_unique_board_id_string+0x1a0>
100063a6:	210f      	movs	r1, #15
100063a8:	7814      	ldrb	r4, [r2, #0]
100063aa:	4021      	ands	r1, r4
100063ac:	000c      	movs	r4, r1
100063ae:	3430      	adds	r4, #48	@ 0x30
100063b0:	2909      	cmp	r1, #9
100063b2:	d900      	bls.n	100063b6 <pico_get_unique_board_id_string+0x32>
100063b4:	e098      	b.n	100064e8 <pico_get_unique_board_id_string+0x164>
100063b6:	7044      	strb	r4, [r0, #1]
100063b8:	2b02      	cmp	r3, #2
100063ba:	d100      	bne.n	100063be <pico_get_unique_board_id_string+0x3a>
100063bc:	e0b2      	b.n	10006524 <pico_get_unique_board_id_string+0x1a0>
100063be:	7854      	ldrb	r4, [r2, #1]
100063c0:	0925      	lsrs	r5, r4, #4
100063c2:	0029      	movs	r1, r5
100063c4:	3130      	adds	r1, #48	@ 0x30
100063c6:	2c9f      	cmp	r4, #159	@ 0x9f
100063c8:	d900      	bls.n	100063cc <pico_get_unique_board_id_string+0x48>
100063ca:	e090      	b.n	100064ee <pico_get_unique_board_id_string+0x16a>
100063cc:	7081      	strb	r1, [r0, #2]
100063ce:	2b03      	cmp	r3, #3
100063d0:	d100      	bne.n	100063d4 <pico_get_unique_board_id_string+0x50>
100063d2:	e0a7      	b.n	10006524 <pico_get_unique_board_id_string+0x1a0>
100063d4:	210f      	movs	r1, #15
100063d6:	4021      	ands	r1, r4
100063d8:	000c      	movs	r4, r1
100063da:	3430      	adds	r4, #48	@ 0x30
100063dc:	2909      	cmp	r1, #9
100063de:	d900      	bls.n	100063e2 <pico_get_unique_board_id_string+0x5e>
100063e0:	e087      	b.n	100064f2 <pico_get_unique_board_id_string+0x16e>
100063e2:	70c4      	strb	r4, [r0, #3]
100063e4:	2b04      	cmp	r3, #4
100063e6:	d100      	bne.n	100063ea <pico_get_unique_board_id_string+0x66>
100063e8:	e09c      	b.n	10006524 <pico_get_unique_board_id_string+0x1a0>
100063ea:	7894      	ldrb	r4, [r2, #2]
100063ec:	0925      	lsrs	r5, r4, #4
100063ee:	0029      	movs	r1, r5
100063f0:	3130      	adds	r1, #48	@ 0x30
100063f2:	2c9f      	cmp	r4, #159	@ 0x9f
100063f4:	d900      	bls.n	100063f8 <pico_get_unique_board_id_string+0x74>
100063f6:	e07f      	b.n	100064f8 <pico_get_unique_board_id_string+0x174>
100063f8:	7101      	strb	r1, [r0, #4]
100063fa:	2b05      	cmp	r3, #5
100063fc:	d100      	bne.n	10006400 <pico_get_unique_board_id_string+0x7c>
100063fe:	e091      	b.n	10006524 <pico_get_unique_board_id_string+0x1a0>
10006400:	210f      	movs	r1, #15
10006402:	4021      	ands	r1, r4
10006404:	000c      	movs	r4, r1
10006406:	3430      	adds	r4, #48	@ 0x30
10006408:	2909      	cmp	r1, #9
1000640a:	d900      	bls.n	1000640e <pico_get_unique_board_id_string+0x8a>
1000640c:	e076      	b.n	100064fc <pico_get_unique_board_id_string+0x178>
1000640e:	7144      	strb	r4, [r0, #5]
10006410:	2b06      	cmp	r3, #6
10006412:	d100      	bne.n	10006416 <pico_get_unique_board_id_string+0x92>
10006414:	e086      	b.n	10006524 <pico_get_unique_board_id_string+0x1a0>
10006416:	78d4      	ldrb	r4, [r2, #3]
10006418:	0925      	lsrs	r5, r4, #4
1000641a:	0029      	movs	r1, r5
1000641c:	3130      	adds	r1, #48	@ 0x30
1000641e:	2c9f      	cmp	r4, #159	@ 0x9f
10006420:	d900      	bls.n	10006424 <pico_get_unique_board_id_string+0xa0>
10006422:	e06e      	b.n	10006502 <pico_get_unique_board_id_string+0x17e>
10006424:	7181      	strb	r1, [r0, #6]
10006426:	2b07      	cmp	r3, #7
10006428:	d100      	bne.n	1000642c <pico_get_unique_board_id_string+0xa8>
1000642a:	e07b      	b.n	10006524 <pico_get_unique_board_id_string+0x1a0>
1000642c:	210f      	movs	r1, #15
1000642e:	4021      	ands	r1, r4
10006430:	000c      	movs	r4, r1
10006432:	3430      	adds	r4, #48	@ 0x30
10006434:	2909      	cmp	r1, #9
10006436:	d866      	bhi.n	10006506 <pico_get_unique_board_id_string+0x182>
10006438:	71c4      	strb	r4, [r0, #7]
1000643a:	2b08      	cmp	r3, #8
1000643c:	d100      	bne.n	10006440 <pico_get_unique_board_id_string+0xbc>
1000643e:	e071      	b.n	10006524 <pico_get_unique_board_id_string+0x1a0>
10006440:	7914      	ldrb	r4, [r2, #4]
10006442:	0925      	lsrs	r5, r4, #4
10006444:	0029      	movs	r1, r5
10006446:	3130      	adds	r1, #48	@ 0x30
10006448:	2c9f      	cmp	r4, #159	@ 0x9f
1000644a:	d85f      	bhi.n	1000650c <pico_get_unique_board_id_string+0x188>
1000644c:	7201      	strb	r1, [r0, #8]
1000644e:	2b09      	cmp	r3, #9
10006450:	d068      	beq.n	10006524 <pico_get_unique_board_id_string+0x1a0>
10006452:	210f      	movs	r1, #15
10006454:	4021      	ands	r1, r4
10006456:	000c      	movs	r4, r1
10006458:	3430      	adds	r4, #48	@ 0x30
1000645a:	2909      	cmp	r1, #9
1000645c:	d858      	bhi.n	10006510 <pico_get_unique_board_id_string+0x18c>
1000645e:	7244      	strb	r4, [r0, #9]
10006460:	2b0a      	cmp	r3, #10
10006462:	d05f      	beq.n	10006524 <pico_get_unique_board_id_string+0x1a0>
10006464:	7954      	ldrb	r4, [r2, #5]
10006466:	0925      	lsrs	r5, r4, #4
10006468:	0029      	movs	r1, r5
1000646a:	3130      	adds	r1, #48	@ 0x30
1000646c:	2c9f      	cmp	r4, #159	@ 0x9f
1000646e:	d852      	bhi.n	10006516 <pico_get_unique_board_id_string+0x192>
10006470:	7281      	strb	r1, [r0, #10]
10006472:	2b0b      	cmp	r3, #11
10006474:	d056      	beq.n	10006524 <pico_get_unique_board_id_string+0x1a0>
10006476:	210f      	movs	r1, #15
10006478:	4021      	ands	r1, r4
1000647a:	000c      	movs	r4, r1
1000647c:	3430      	adds	r4, #48	@ 0x30
1000647e:	2909      	cmp	r1, #9
10006480:	d84b      	bhi.n	1000651a <pico_get_unique_board_id_string+0x196>
10006482:	72c4      	strb	r4, [r0, #11]
10006484:	2b0c      	cmp	r3, #12
10006486:	d04d      	beq.n	10006524 <pico_get_unique_board_id_string+0x1a0>
10006488:	7994      	ldrb	r4, [r2, #6]
1000648a:	0925      	lsrs	r5, r4, #4
1000648c:	0029      	movs	r1, r5
1000648e:	3130      	adds	r1, #48	@ 0x30
10006490:	2c9f      	cmp	r4, #159	@ 0x9f
10006492:	d900      	bls.n	10006496 <pico_get_unique_board_id_string+0x112>
10006494:	3107      	adds	r1, #7
10006496:	7301      	strb	r1, [r0, #12]
10006498:	2b0d      	cmp	r3, #13
1000649a:	d043      	beq.n	10006524 <pico_get_unique_board_id_string+0x1a0>
1000649c:	210f      	movs	r1, #15
1000649e:	4021      	ands	r1, r4
100064a0:	000c      	movs	r4, r1
100064a2:	3430      	adds	r4, #48	@ 0x30
100064a4:	2909      	cmp	r1, #9
100064a6:	d901      	bls.n	100064ac <pico_get_unique_board_id_string+0x128>
100064a8:	3137      	adds	r1, #55	@ 0x37
100064aa:	000c      	movs	r4, r1
100064ac:	7344      	strb	r4, [r0, #13]
100064ae:	2b0e      	cmp	r3, #14
100064b0:	d038      	beq.n	10006524 <pico_get_unique_board_id_string+0x1a0>
100064b2:	79d1      	ldrb	r1, [r2, #7]
100064b4:	090c      	lsrs	r4, r1, #4
100064b6:	0022      	movs	r2, r4
100064b8:	3230      	adds	r2, #48	@ 0x30
100064ba:	299f      	cmp	r1, #159	@ 0x9f
100064bc:	d900      	bls.n	100064c0 <pico_get_unique_board_id_string+0x13c>
100064be:	3207      	adds	r2, #7
100064c0:	7382      	strb	r2, [r0, #14]
100064c2:	2b0f      	cmp	r3, #15
100064c4:	d02e      	beq.n	10006524 <pico_get_unique_board_id_string+0x1a0>
100064c6:	220f      	movs	r2, #15
100064c8:	400a      	ands	r2, r1
100064ca:	0011      	movs	r1, r2
100064cc:	3137      	adds	r1, #55	@ 0x37
100064ce:	2a09      	cmp	r2, #9
100064d0:	d801      	bhi.n	100064d6 <pico_get_unique_board_id_string+0x152>
100064d2:	3230      	adds	r2, #48	@ 0x30
100064d4:	0011      	movs	r1, r2
100064d6:	73c1      	strb	r1, [r0, #15]
100064d8:	2b10      	cmp	r3, #16
100064da:	d023      	beq.n	10006524 <pico_get_unique_board_id_string+0x1a0>
100064dc:	3010      	adds	r0, #16
100064de:	2300      	movs	r3, #0
100064e0:	7003      	strb	r3, [r0, #0]
100064e2:	bd30      	pop	{r4, r5, pc}
100064e4:	3407      	adds	r4, #7
100064e6:	e75a      	b.n	1000639e <pico_get_unique_board_id_string+0x1a>
100064e8:	3137      	adds	r1, #55	@ 0x37
100064ea:	000c      	movs	r4, r1
100064ec:	e763      	b.n	100063b6 <pico_get_unique_board_id_string+0x32>
100064ee:	3107      	adds	r1, #7
100064f0:	e76c      	b.n	100063cc <pico_get_unique_board_id_string+0x48>
100064f2:	3137      	adds	r1, #55	@ 0x37
100064f4:	000c      	movs	r4, r1
100064f6:	e774      	b.n	100063e2 <pico_get_unique_board_id_string+0x5e>
100064f8:	3107      	adds	r1, #7
100064fa:	e77d      	b.n	100063f8 <pico_get_unique_board_id_string+0x74>
100064fc:	3137      	adds	r1, #55	@ 0x37
100064fe:	000c      	movs	r4, r1
10006500:	e785      	b.n	1000640e <pico_get_unique_board_id_string+0x8a>
10006502:	3107      	adds	r1, #7
10006504:	e78e      	b.n	10006424 <pico_get_unique_board_id_string+0xa0>
10006506:	3137      	adds	r1, #55	@ 0x37
10006508:	000c      	movs	r4, r1
1000650a:	e795      	b.n	10006438 <pico_get_unique_board_id_string+0xb4>
1000650c:	3107      	adds	r1, #7
1000650e:	e79d      	b.n	1000644c <pico_get_unique_board_id_string+0xc8>
10006510:	3137      	adds	r1, #55	@ 0x37
10006512:	000c      	movs	r4, r1
10006514:	e7a3      	b.n	1000645e <pico_get_unique_board_id_string+0xda>
10006516:	3107      	adds	r1, #7
10006518:	e7aa      	b.n	10006470 <pico_get_unique_board_id_string+0xec>
1000651a:	3137      	adds	r1, #55	@ 0x37
1000651c:	000c      	movs	r4, r1
1000651e:	72c4      	strb	r4, [r0, #11]
10006520:	2b0c      	cmp	r3, #12
10006522:	d1b1      	bne.n	10006488 <pico_get_unique_board_id_string+0x104>
10006524:	18c0      	adds	r0, r0, r3
10006526:	e7da      	b.n	100064de <pico_get_unique_board_id_string+0x15a>
10006528:	200039e0 	.word	0x200039e0

1000652c <flash_get_unique_id>:
1000652c:	b510      	push	{r4, lr}
1000652e:	b088      	sub	sp, #32
10006530:	0004      	movs	r4, r0
10006532:	220d      	movs	r2, #13
10006534:	2100      	movs	r1, #0
10006536:	4668      	mov	r0, sp
10006538:	f7fd fd6e 	bl	10004018 <__wrap_memset>
1000653c:	220d      	movs	r2, #13
1000653e:	2100      	movs	r1, #0
10006540:	a804      	add	r0, sp, #16
10006542:	f7fd fd69 	bl	10004018 <__wrap_memset>
10006546:	234b      	movs	r3, #75	@ 0x4b
10006548:	466a      	mov	r2, sp
1000654a:	4668      	mov	r0, sp
1000654c:	7013      	strb	r3, [r2, #0]
1000654e:	a904      	add	r1, sp, #16
10006550:	220d      	movs	r2, #13
10006552:	f004 ffe5 	bl	1000b520 <__flash_do_cmd_veneer>
10006556:	2115      	movs	r1, #21
10006558:	2208      	movs	r2, #8
1000655a:	0020      	movs	r0, r4
1000655c:	4469      	add	r1, sp
1000655e:	f7fd fd61 	bl	10004024 <__wrap___aeabi_memcpy>
10006562:	b008      	add	sp, #32
10006564:	bd10      	pop	{r4, pc}
10006566:	46c0      	nop			@ (mov r8, r8)

10006568 <dcd_init>:
10006568:	b5f8      	push	{r3, r4, r5, r6, r7, lr}
1000656a:	f000 f947 	bl	100067fc <rp2040_usb_init>
1000656e:	230c      	movs	r3, #12
10006570:	4d19      	ldr	r5, [pc, #100]	@ (100065d8 <dcd_init+0x70>)
10006572:	22ff      	movs	r2, #255	@ 0xff
10006574:	67ab      	str	r3, [r5, #120]	@ 0x78
10006576:	2005      	movs	r0, #5
10006578:	4918      	ldr	r1, [pc, #96]	@ (100065dc <dcd_init+0x74>)
1000657a:	f7fb fd0b 	bl	10001f94 <irq_add_shared_handler>
1000657e:	4c18      	ldr	r4, [pc, #96]	@ (100065e0 <dcd_init+0x78>)
10006580:	2240      	movs	r2, #64	@ 0x40
10006582:	2100      	movs	r1, #0
10006584:	0020      	movs	r0, r4
10006586:	f7fd fd47 	bl	10004018 <__wrap_memset>
1000658a:	2740      	movs	r7, #64	@ 0x40
1000658c:	2300      	movs	r3, #0
1000658e:	2601      	movs	r6, #1
10006590:	2121      	movs	r1, #33	@ 0x21
10006592:	4a14      	ldr	r2, [pc, #80]	@ (100065e4 <dcd_init+0x7c>)
10006594:	7066      	strb	r6, [r4, #1]
10006596:	8327      	strh	r7, [r4, #24]
10006598:	60a2      	str	r2, [r4, #8]
1000659a:	6013      	str	r3, [r2, #0]
1000659c:	5463      	strb	r3, [r4, r1]
1000659e:	315f      	adds	r1, #95	@ 0x5f
100065a0:	8461      	strh	r1, [r4, #34]	@ 0x22
100065a2:	3945      	subs	r1, #69	@ 0x45
100065a4:	5463      	strb	r3, [r4, r1]
100065a6:	4a10      	ldr	r2, [pc, #64]	@ (100065e8 <dcd_init+0x80>)
100065a8:	4910      	ldr	r1, [pc, #64]	@ (100065ec <dcd_init+0x84>)
100065aa:	6063      	str	r3, [r4, #4]
100065ac:	60e2      	str	r2, [r4, #12]
100065ae:	8727      	strh	r7, [r4, #56]	@ 0x38
100065b0:	62a1      	str	r1, [r4, #40]	@ 0x28
100065b2:	600b      	str	r3, [r1, #0]
100065b4:	6263      	str	r3, [r4, #36]	@ 0x24
100065b6:	62e2      	str	r2, [r4, #44]	@ 0x2c
100065b8:	f005 f80a 	bl	1000b5d0 <__reset_non_control_endpoints_veneer>
100065bc:	2380      	movs	r3, #128	@ 0x80
100065be:	059b      	lsls	r3, r3, #22
100065c0:	642e      	str	r6, [r5, #64]	@ 0x40
100065c2:	64eb      	str	r3, [r5, #76]	@ 0x4c
100065c4:	2390      	movs	r3, #144	@ 0x90
100065c6:	4a0a      	ldr	r2, [pc, #40]	@ (100065f0 <dcd_init+0x88>)
100065c8:	2001      	movs	r0, #1
100065ca:	50ea      	str	r2, [r5, r3]
100065cc:	2280      	movs	r2, #128	@ 0x80
100065ce:	4b09      	ldr	r3, [pc, #36]	@ (100065f4 <dcd_init+0x8c>)
100065d0:	0252      	lsls	r2, r2, #9
100065d2:	64da      	str	r2, [r3, #76]	@ 0x4c
100065d4:	bdf8      	pop	{r3, r4, r5, r6, r7, pc}
100065d6:	46c0      	nop			@ (mov r8, r8)
100065d8:	50110000 	.word	0x50110000
100065dc:	2000052d 	.word	0x2000052d
100065e0:	200033a8 	.word	0x200033a8
100065e4:	50100084 	.word	0x50100084
100065e8:	50100100 	.word	0x50100100
100065ec:	50100080 	.word	0x50100080
100065f0:	0001d010 	.word	0x0001d010
100065f4:	50112000 	.word	0x50112000

100065f8 <dcd_int_enable>:
100065f8:	b510      	push	{r4, lr}
100065fa:	2101      	movs	r1, #1
100065fc:	2005      	movs	r0, #5
100065fe:	f7fb fc67 	bl	10001ed0 <irq_set_enabled>
10006602:	bd10      	pop	{r4, pc}

10006604 <dcd_set_address>:
10006604:	b510      	push	{r4, lr}
10006606:	2200      	movs	r2, #0
10006608:	2100      	movs	r1, #0
1000660a:	4802      	ldr	r0, [pc, #8]	@ (10006614 <dcd_set_address+0x10>)
1000660c:	f000 f916 	bl	1000683c <hw_endpoint_xfer_start>
10006610:	bd10      	pop	{r4, pc}
10006612:	46c0      	nop			@ (mov r8, r8)
10006614:	200033c8 	.word	0x200033c8

10006618 <dcd_sof_enable>:
10006618:	4b04      	ldr	r3, [pc, #16]	@ (1000662c <dcd_sof_enable+0x14>)
1000661a:	7019      	strb	r1, [r3, #0]
1000661c:	2900      	cmp	r1, #0
1000661e:	d004      	beq.n	1000662a <dcd_sof_enable+0x12>
10006620:	2180      	movs	r1, #128	@ 0x80
10006622:	2390      	movs	r3, #144	@ 0x90
10006624:	4a02      	ldr	r2, [pc, #8]	@ (10006630 <dcd_sof_enable+0x18>)
10006626:	0289      	lsls	r1, r1, #10
10006628:	50d1      	str	r1, [r2, r3]
1000662a:	4770      	bx	lr
1000662c:	20027d17 	.word	0x20027d17
10006630:	50112000 	.word	0x50112000

10006634 <dcd_edpt0_status_complete>:
10006634:	780b      	ldrb	r3, [r1, #0]
10006636:	065b      	lsls	r3, r3, #25
10006638:	d102      	bne.n	10006640 <dcd_edpt0_status_complete+0xc>
1000663a:	784b      	ldrb	r3, [r1, #1]
1000663c:	2b05      	cmp	r3, #5
1000663e:	d000      	beq.n	10006642 <dcd_edpt0_status_complete+0xe>
10006640:	4770      	bx	lr
10006642:	788a      	ldrb	r2, [r1, #2]
10006644:	4b01      	ldr	r3, [pc, #4]	@ (1000664c <dcd_edpt0_status_complete+0x18>)
10006646:	601a      	str	r2, [r3, #0]
10006648:	e7fa      	b.n	10006640 <dcd_edpt0_status_complete+0xc>
1000664a:	46c0      	nop			@ (mov r8, r8)
1000664c:	50110000 	.word	0x50110000

10006650 <dcd_edpt_open>:
10006650:	b5f0      	push	{r4, r5, r6, r7, lr}
10006652:	46c6      	mov	lr, r8
10006654:	78c8      	ldrb	r0, [r1, #3]
10006656:	b500      	push	{lr}
10006658:	0780      	lsls	r0, r0, #30
1000665a:	0f83      	lsrs	r3, r0, #30
1000665c:	0018      	movs	r0, r3
1000665e:	2b01      	cmp	r3, #1
10006660:	d060      	beq.n	10006724 <dcd_edpt_open+0xd4>
10006662:	788f      	ldrb	r7, [r1, #2]
10006664:	790a      	ldrb	r2, [r1, #4]
10006666:	794b      	ldrb	r3, [r1, #5]
10006668:	217f      	movs	r1, #127	@ 0x7f
1000666a:	4039      	ands	r1, r7
1000666c:	09fc      	lsrs	r4, r7, #7
1000666e:	021b      	lsls	r3, r3, #8
10006670:	004e      	lsls	r6, r1, #1
10006672:	4313      	orrs	r3, r2
10006674:	4d33      	ldr	r5, [pc, #204]	@ (10006744 <dcd_edpt_open+0xf4>)
10006676:	1932      	adds	r2, r6, r4
10006678:	0152      	lsls	r2, r2, #5
1000667a:	18aa      	adds	r2, r5, r2
1000667c:	7097      	strb	r7, [r2, #2]
1000667e:	2701      	movs	r7, #1
10006680:	4067      	eors	r7, r4
10006682:	7057      	strb	r7, [r2, #1]
10006684:	2700      	movs	r7, #0
10006686:	055b      	lsls	r3, r3, #21
10006688:	0d5b      	lsrs	r3, r3, #21
1000668a:	70d7      	strb	r7, [r2, #3]
1000668c:	8313      	strh	r3, [r2, #24]
1000668e:	76d0      	strb	r0, [r2, #27]
10006690:	46b8      	mov	r8, r7
10006692:	00ca      	lsls	r2, r1, #3
10006694:	2c01      	cmp	r4, #1
10006696:	d032      	beq.n	100066fe <dcd_edpt_open+0xae>
10006698:	4f2b      	ldr	r7, [pc, #172]	@ (10006748 <dcd_edpt_open+0xf8>)
1000669a:	46bc      	mov	ip, r7
1000669c:	018f      	lsls	r7, r1, #6
1000669e:	4462      	add	r2, ip
100066a0:	46bc      	mov	ip, r7
100066a2:	44ac      	add	ip, r5
100066a4:	4667      	mov	r7, ip
100066a6:	60ba      	str	r2, [r7, #8]
100066a8:	4647      	mov	r7, r8
100066aa:	6017      	str	r7, [r2, #0]
100066ac:	2900      	cmp	r1, #0
100066ae:	d032      	beq.n	10006716 <dcd_edpt_open+0xc6>
100066b0:	4a26      	ldr	r2, [pc, #152]	@ (1000674c <dcd_edpt_open+0xfc>)
100066b2:	00c9      	lsls	r1, r1, #3
100066b4:	4690      	mov	r8, r2
100066b6:	4662      	mov	r2, ip
100066b8:	4441      	add	r1, r8
100066ba:	6051      	str	r1, [r2, #4]
100066bc:	223f      	movs	r2, #63	@ 0x3f
100066be:	333f      	adds	r3, #63	@ 0x3f
100066c0:	4393      	bics	r3, r2
100066c2:	2802      	cmp	r0, #2
100066c4:	d037      	beq.n	10006736 <dcd_edpt_open+0xe6>
100066c6:	4922      	ldr	r1, [pc, #136]	@ (10006750 <dcd_edpt_open+0x100>)
100066c8:	1937      	adds	r7, r6, r4
100066ca:	680a      	ldr	r2, [r1, #0]
100066cc:	017f      	lsls	r7, r7, #5
100066ce:	18d3      	adds	r3, r2, r3
100066d0:	600b      	str	r3, [r1, #0]
100066d2:	4920      	ldr	r1, [pc, #128]	@ (10006754 <dcd_edpt_open+0x104>)
100066d4:	19ef      	adds	r7, r5, r7
100066d6:	60fa      	str	r2, [r7, #12]
100066d8:	428b      	cmp	r3, r1
100066da:	d82e      	bhi.n	1000673a <dcd_edpt_open+0xea>
100066dc:	1936      	adds	r6, r6, r4
100066de:	0176      	lsls	r6, r6, #5
100066e0:	19ad      	adds	r5, r5, r6
100066e2:	7eeb      	ldrb	r3, [r5, #27]
100066e4:	491c      	ldr	r1, [pc, #112]	@ (10006758 <dcd_edpt_open+0x108>)
100066e6:	069b      	lsls	r3, r3, #26
100066e8:	404a      	eors	r2, r1
100066ea:	4313      	orrs	r3, r2
100066ec:	2280      	movs	r2, #128	@ 0x80
100066ee:	0612      	lsls	r2, r2, #24
100066f0:	4313      	orrs	r3, r2
100066f2:	686a      	ldr	r2, [r5, #4]
100066f4:	6013      	str	r3, [r2, #0]
100066f6:	2001      	movs	r0, #1
100066f8:	bc80      	pop	{r7}
100066fa:	46b8      	mov	r8, r7
100066fc:	bdf0      	pop	{r4, r5, r6, r7, pc}
100066fe:	4f17      	ldr	r7, [pc, #92]	@ (1000675c <dcd_edpt_open+0x10c>)
10006700:	46bc      	mov	ip, r7
10006702:	018f      	lsls	r7, r1, #6
10006704:	4462      	add	r2, ip
10006706:	46bc      	mov	ip, r7
10006708:	44ac      	add	ip, r5
1000670a:	4667      	mov	r7, ip
1000670c:	62ba      	str	r2, [r7, #40]	@ 0x28
1000670e:	4647      	mov	r7, r8
10006710:	6017      	str	r7, [r2, #0]
10006712:	2900      	cmp	r1, #0
10006714:	d108      	bne.n	10006728 <dcd_edpt_open+0xd8>
10006716:	2300      	movs	r3, #0
10006718:	0164      	lsls	r4, r4, #5
1000671a:	192c      	adds	r4, r5, r4
1000671c:	6063      	str	r3, [r4, #4]
1000671e:	4b10      	ldr	r3, [pc, #64]	@ (10006760 <dcd_edpt_open+0x110>)
10006720:	60e3      	str	r3, [r4, #12]
10006722:	e7e8      	b.n	100066f6 <dcd_edpt_open+0xa6>
10006724:	2000      	movs	r0, #0
10006726:	e7e7      	b.n	100066f8 <dcd_edpt_open+0xa8>
10006728:	4a0b      	ldr	r2, [pc, #44]	@ (10006758 <dcd_edpt_open+0x108>)
1000672a:	00c9      	lsls	r1, r1, #3
1000672c:	4690      	mov	r8, r2
1000672e:	4662      	mov	r2, ip
10006730:	4441      	add	r1, r8
10006732:	6251      	str	r1, [r2, #36]	@ 0x24
10006734:	e7c2      	b.n	100066bc <dcd_edpt_open+0x6c>
10006736:	005b      	lsls	r3, r3, #1
10006738:	e7c5      	b.n	100066c6 <dcd_edpt_open+0x76>
1000673a:	f7fc fc25 	bl	10002f88 <hard_assertion_failure>
1000673e:	68fa      	ldr	r2, [r7, #12]
10006740:	e7cc      	b.n	100066dc <dcd_edpt_open+0x8c>
10006742:	46c0      	nop			@ (mov r8, r8)
10006744:	200033a8 	.word	0x200033a8
10006748:	50100084 	.word	0x50100084
1000674c:	50100004 	.word	0x50100004
10006750:	200037b0 	.word	0x200037b0
10006754:	50100fff 	.word	0x50100fff
10006758:	50100000 	.word	0x50100000
1000675c:	50100080 	.word	0x50100080
10006760:	50100100 	.word	0x50100100

10006764 <dcd_edpt_close_all>:
10006764:	b510      	push	{r4, lr}
10006766:	f004 ff33 	bl	1000b5d0 <__reset_non_control_endpoints_veneer>
1000676a:	bd10      	pop	{r4, pc}

1000676c <dcd_edpt_xfer>:
1000676c:	b510      	push	{r4, lr}
1000676e:	207f      	movs	r0, #127	@ 0x7f
10006770:	000c      	movs	r4, r1
10006772:	4020      	ands	r0, r4
10006774:	0040      	lsls	r0, r0, #1
10006776:	09e4      	lsrs	r4, r4, #7
10006778:	0011      	movs	r1, r2
1000677a:	1900      	adds	r0, r0, r4
1000677c:	001a      	movs	r2, r3
1000677e:	4b03      	ldr	r3, [pc, #12]	@ (1000678c <dcd_edpt_xfer+0x20>)
10006780:	0140      	lsls	r0, r0, #5
10006782:	18c0      	adds	r0, r0, r3
10006784:	f000 f85a 	bl	1000683c <hw_endpoint_xfer_start>
10006788:	2001      	movs	r0, #1
1000678a:	bd10      	pop	{r4, pc}
1000678c:	200033a8 	.word	0x200033a8

10006790 <dcd_edpt_stall>:
10006790:	237f      	movs	r3, #127	@ 0x7f
10006792:	0018      	movs	r0, r3
10006794:	b500      	push	{lr}
10006796:	4008      	ands	r0, r1
10006798:	b083      	sub	sp, #12
1000679a:	420b      	tst	r3, r1
1000679c:	d104      	bne.n	100067a8 <dcd_edpt_stall+0x18>
1000679e:	424b      	negs	r3, r1
100067a0:	414b      	adcs	r3, r1
100067a2:	4a08      	ldr	r2, [pc, #32]	@ (100067c4 <dcd_edpt_stall+0x34>)
100067a4:	3301      	adds	r3, #1
100067a6:	6693      	str	r3, [r2, #104]	@ 0x68
100067a8:	2280      	movs	r2, #128	@ 0x80
100067aa:	09c9      	lsrs	r1, r1, #7
100067ac:	0040      	lsls	r0, r0, #1
100067ae:	4b06      	ldr	r3, [pc, #24]	@ (100067c8 <dcd_edpt_stall+0x38>)
100067b0:	1840      	adds	r0, r0, r1
100067b2:	0140      	lsls	r0, r0, #5
100067b4:	2100      	movs	r1, #0
100067b6:	18c0      	adds	r0, r0, r3
100067b8:	0112      	lsls	r2, r2, #4
100067ba:	f004 ff11 	bl	1000b5e0 <___hw_endpoint_buffer_control_update32_veneer>
100067be:	b003      	add	sp, #12
100067c0:	bd00      	pop	{pc}
100067c2:	46c0      	nop			@ (mov r8, r8)
100067c4:	50112000 	.word	0x50112000
100067c8:	200033a8 	.word	0x200033a8

100067cc <dcd_edpt_clear_stall>:
100067cc:	227f      	movs	r2, #127	@ 0x7f
100067ce:	0013      	movs	r3, r2
100067d0:	b510      	push	{r4, lr}
100067d2:	400b      	ands	r3, r1
100067d4:	420a      	tst	r2, r1
100067d6:	d100      	bne.n	100067da <dcd_edpt_clear_stall+0xe>
100067d8:	bd10      	pop	{r4, pc}
100067da:	09c9      	lsrs	r1, r1, #7
100067dc:	005b      	lsls	r3, r3, #1
100067de:	185b      	adds	r3, r3, r1
100067e0:	4804      	ldr	r0, [pc, #16]	@ (100067f4 <dcd_edpt_clear_stall+0x28>)
100067e2:	015b      	lsls	r3, r3, #5
100067e4:	18c0      	adds	r0, r0, r3
100067e6:	2300      	movs	r3, #0
100067e8:	2200      	movs	r2, #0
100067ea:	4903      	ldr	r1, [pc, #12]	@ (100067f8 <dcd_edpt_clear_stall+0x2c>)
100067ec:	70c3      	strb	r3, [r0, #3]
100067ee:	f004 fef7 	bl	1000b5e0 <___hw_endpoint_buffer_control_update32_veneer>
100067f2:	e7f1      	b.n	100067d8 <dcd_edpt_clear_stall+0xc>
100067f4:	200033a8 	.word	0x200033a8
100067f8:	fffff7ff 	.word	0xfffff7ff

100067fc <rp2040_usb_init>:
100067fc:	2280      	movs	r2, #128	@ 0x80
100067fe:	4b0a      	ldr	r3, [pc, #40]	@ (10006828 <rp2040_usb_init+0x2c>)
10006800:	0452      	lsls	r2, r2, #17
10006802:	b510      	push	{r4, lr}
10006804:	601a      	str	r2, [r3, #0]
10006806:	4b09      	ldr	r3, [pc, #36]	@ (1000682c <rp2040_usb_init+0x30>)
10006808:	4909      	ldr	r1, [pc, #36]	@ (10006830 <rp2040_usb_init+0x34>)
1000680a:	601a      	str	r2, [r3, #0]
1000680c:	0010      	movs	r0, r2
1000680e:	680b      	ldr	r3, [r1, #0]
10006810:	4398      	bics	r0, r3
10006812:	d1fb      	bne.n	1000680c <rp2040_usb_init+0x10>
10006814:	2280      	movs	r2, #128	@ 0x80
10006816:	2100      	movs	r1, #0
10006818:	0152      	lsls	r2, r2, #5
1000681a:	4806      	ldr	r0, [pc, #24]	@ (10006834 <rp2040_usb_init+0x38>)
1000681c:	f7fd fbfc 	bl	10004018 <__wrap_memset>
10006820:	2209      	movs	r2, #9
10006822:	4b05      	ldr	r3, [pc, #20]	@ (10006838 <rp2040_usb_init+0x3c>)
10006824:	675a      	str	r2, [r3, #116]	@ 0x74
10006826:	bd10      	pop	{r4, pc}
10006828:	4000e000 	.word	0x4000e000
1000682c:	4000f000 	.word	0x4000f000
10006830:	4000c008 	.word	0x4000c008
10006834:	50100000 	.word	0x50100000
10006838:	50110000 	.word	0x50110000

1000683c <hw_endpoint_xfer_start>:
1000683c:	2300      	movs	r3, #0
1000683e:	b510      	push	{r4, lr}
10006840:	82c3      	strh	r3, [r0, #22]
10006842:	3301      	adds	r3, #1
10006844:	8282      	strh	r2, [r0, #20]
10006846:	7683      	strb	r3, [r0, #26]
10006848:	6101      	str	r1, [r0, #16]
1000684a:	0004      	movs	r4, r0
1000684c:	f004 fe80 	bl	1000b550 <__e15_is_bulkin_ep_veneer>
10006850:	2800      	cmp	r0, #0
10006852:	d004      	beq.n	1000685e <hw_endpoint_xfer_start+0x22>
10006854:	2180      	movs	r1, #128	@ 0x80
10006856:	2390      	movs	r3, #144	@ 0x90
10006858:	4a07      	ldr	r2, [pc, #28]	@ (10006878 <hw_endpoint_xfer_start+0x3c>)
1000685a:	0289      	lsls	r1, r1, #10
1000685c:	50d1      	str	r1, [r2, r3]
1000685e:	0020      	movs	r0, r4
10006860:	f004 fe8e 	bl	1000b580 <__e15_is_critical_frame_period_veneer>
10006864:	2800      	cmp	r0, #0
10006866:	d002      	beq.n	1000686e <hw_endpoint_xfer_start+0x32>
10006868:	2301      	movs	r3, #1
1000686a:	7723      	strb	r3, [r4, #28]
1000686c:	bd10      	pop	{r4, pc}
1000686e:	0020      	movs	r0, r4
10006870:	f004 fea6 	bl	1000b5c0 <__hw_endpoint_start_next_buffer_veneer>
10006874:	e7fa      	b.n	1000686c <hw_endpoint_xfer_start+0x30>
10006876:	46c0      	nop			@ (mov r8, r8)
10006878:	50112000 	.word	0x50112000

1000687c <tud_event_hook_cb>:
1000687c:	4770      	bx	lr
1000687e:	46c0      	nop			@ (mov r8, r8)

10006880 <tud_sof_cb>:
10006880:	4770      	bx	lr
10006882:	46c0      	nop			@ (mov r8, r8)

10006884 <tud_descriptor_device_qualifier_cb>:
10006884:	2000      	movs	r0, #0
10006886:	4770      	bx	lr

10006888 <tud_descriptor_other_speed_configuration_cb>:
10006888:	2000      	movs	r0, #0
1000688a:	4770      	bx	lr

1000688c <tud_mount_cb>:
1000688c:	4770      	bx	lr
1000688e:	46c0      	nop			@ (mov r8, r8)

10006890 <tud_umount_cb>:
10006890:	4770      	bx	lr
10006892:	46c0      	nop			@ (mov r8, r8)

10006894 <tud_suspend_cb>:
10006894:	4770      	bx	lr
10006896:	46c0      	nop			@ (mov r8, r8)

10006898 <tud_resume_cb>:
10006898:	4770      	bx	lr
1000689a:	46c0      	nop			@ (mov r8, r8)

1000689c <tud_mounted>:
1000689c:	4b02      	ldr	r3, [pc, #8]	@ (100068a8 <tud_mounted+0xc>)
1000689e:	7858      	ldrb	r0, [r3, #1]
100068a0:	1e43      	subs	r3, r0, #1
100068a2:	4198      	sbcs	r0, r3
100068a4:	b2c0      	uxtb	r0, r0
100068a6:	4770      	bx	lr
100068a8:	20001da0 	.word	0x20001da0

100068ac <tud_suspended>:
100068ac:	4b02      	ldr	r3, [pc, #8]	@ (100068b8 <tud_suspended+0xc>)
100068ae:	7818      	ldrb	r0, [r3, #0]
100068b0:	0740      	lsls	r0, r0, #29
100068b2:	0fc0      	lsrs	r0, r0, #31
100068b4:	4770      	bx	lr
100068b6:	46c0      	nop			@ (mov r8, r8)
100068b8:	20001da0 	.word	0x20001da0

100068bc <tud_rhport_init>:
100068bc:	b5f0      	push	{r4, r5, r6, r7, lr}
100068be:	46d6      	mov	lr, sl
100068c0:	464f      	mov	r7, r9
100068c2:	4646      	mov	r6, r8
100068c4:	b5c0      	push	{r6, r7, lr}
100068c6:	4b2f      	ldr	r3, [pc, #188]	@ (10006984 <tud_rhport_init+0xc8>)
100068c8:	0007      	movs	r7, r0
100068ca:	469a      	mov	sl, r3
100068cc:	781b      	ldrb	r3, [r3, #0]
100068ce:	000e      	movs	r6, r1
100068d0:	2bff      	cmp	r3, #255	@ 0xff
100068d2:	d150      	bne.n	10006976 <tud_rhport_init+0xba>
100068d4:	2900      	cmp	r1, #0
100068d6:	d041      	beq.n	1000695c <tud_rhport_init+0xa0>
100068d8:	2100      	movs	r1, #0
100068da:	2254      	movs	r2, #84	@ 0x54
100068dc:	482a      	ldr	r0, [pc, #168]	@ (10006988 <tud_rhport_init+0xcc>)
100068de:	f7fd fb9b 	bl	10004018 <__wrap_memset>
100068e2:	2200      	movs	r2, #0
100068e4:	4c29      	ldr	r4, [pc, #164]	@ (1000698c <tud_rhport_init+0xd0>)
100068e6:	4b2a      	ldr	r3, [pc, #168]	@ (10006990 <tud_rhport_init+0xd4>)
100068e8:	0020      	movs	r0, r4
100068ea:	701a      	strb	r2, [r3, #0]
100068ec:	f7fb fd02 	bl	100022f4 <mutex_init>
100068f0:	4b28      	ldr	r3, [pc, #160]	@ (10006994 <tud_rhport_init+0xd8>)
100068f2:	601c      	str	r4, [r3, #0]
100068f4:	4c28      	ldr	r4, [pc, #160]	@ (10006998 <tud_rhport_init+0xdc>)
100068f6:	0020      	movs	r0, r4
100068f8:	3c14      	subs	r4, #20
100068fa:	f7fb fd09 	bl	10002310 <critical_section_init>
100068fe:	0020      	movs	r0, r4
10006900:	f001 fdfa 	bl	100084f8 <tu_fifo_clear>
10006904:	4b25      	ldr	r3, [pc, #148]	@ (1000699c <tud_rhport_init+0xe0>)
10006906:	4d26      	ldr	r5, [pc, #152]	@ (100069a0 <tud_rhport_init+0xe4>)
10006908:	601c      	str	r4, [r3, #0]
1000690a:	4b26      	ldr	r3, [pc, #152]	@ (100069a4 <tud_rhport_init+0xe8>)
1000690c:	2b00      	cmp	r3, #0
1000690e:	d004      	beq.n	1000691a <tud_rhport_init+0x5e>
10006910:	0028      	movs	r0, r5
10006912:	f7ff fac1 	bl	10005e98 <usbd_app_driver_get_cb>
10006916:	4b24      	ldr	r3, [pc, #144]	@ (100069a8 <tud_rhport_init+0xec>)
10006918:	6018      	str	r0, [r3, #0]
1000691a:	4924      	ldr	r1, [pc, #144]	@ (100069ac <tud_rhport_init+0xf0>)
1000691c:	2400      	movs	r4, #0
1000691e:	4689      	mov	r9, r1
10006920:	4921      	ldr	r1, [pc, #132]	@ (100069a8 <tud_rhport_init+0xec>)
10006922:	2300      	movs	r3, #0
10006924:	4688      	mov	r8, r1
10006926:	782a      	ldrb	r2, [r5, #0]
10006928:	e010      	b.n	1000694c <tud_rhport_init+0x90>
1000692a:	4643      	mov	r3, r8
1000692c:	681b      	ldr	r3, [r3, #0]
1000692e:	0162      	lsls	r2, r4, #5
10006930:	189b      	adds	r3, r3, r2
10006932:	2b00      	cmp	r3, #0
10006934:	d012      	beq.n	1000695c <tud_rhport_init+0xa0>
10006936:	685b      	ldr	r3, [r3, #4]
10006938:	2b00      	cmp	r3, #0
1000693a:	d00f      	beq.n	1000695c <tud_rhport_init+0xa0>
1000693c:	4798      	blx	r3
1000693e:	782a      	ldrb	r2, [r5, #0]
10006940:	3401      	adds	r4, #1
10006942:	b2e4      	uxtb	r4, r4
10006944:	1c51      	adds	r1, r2, #1
10006946:	0023      	movs	r3, r4
10006948:	42a1      	cmp	r1, r4
1000694a:	db09      	blt.n	10006960 <tud_rhport_init+0xa4>
1000694c:	42a2      	cmp	r2, r4
1000694e:	d8ec      	bhi.n	1000692a <tud_rhport_init+0x6e>
10006950:	1a9b      	subs	r3, r3, r2
10006952:	015b      	lsls	r3, r3, #5
10006954:	444b      	add	r3, r9
10006956:	685b      	ldr	r3, [r3, #4]
10006958:	2b00      	cmp	r3, #0
1000695a:	d1ef      	bne.n	1000693c <tud_rhport_init+0x80>
1000695c:	2000      	movs	r0, #0
1000695e:	e00b      	b.n	10006978 <tud_rhport_init+0xbc>
10006960:	4653      	mov	r3, sl
10006962:	0031      	movs	r1, r6
10006964:	0038      	movs	r0, r7
10006966:	701f      	strb	r7, [r3, #0]
10006968:	f7ff fdfe 	bl	10006568 <dcd_init>
1000696c:	2800      	cmp	r0, #0
1000696e:	d0f5      	beq.n	1000695c <tud_rhport_init+0xa0>
10006970:	0038      	movs	r0, r7
10006972:	f7ff fe41 	bl	100065f8 <dcd_int_enable>
10006976:	2001      	movs	r0, #1
10006978:	bce0      	pop	{r5, r6, r7}
1000697a:	46ba      	mov	sl, r7
1000697c:	46b1      	mov	r9, r6
1000697e:	46a8      	mov	r8, r5
10006980:	bdf0      	pop	{r4, r5, r6, r7, pc}
10006982:	46c0      	nop			@ (mov r8, r8)
10006984:	20001114 	.word	0x20001114
10006988:	20001da0 	.word	0x20001da0
1000698c:	20001d98 	.word	0x20001d98
10006990:	20027d18 	.word	0x20027d18
10006994:	20001df4 	.word	0x20001df4
10006998:	2000110c 	.word	0x2000110c
1000699c:	20001df8 	.word	0x20001df8
100069a0:	20027d16 	.word	0x20027d16
100069a4:	10005e99 	.word	0x10005e99
100069a8:	20001bf0 	.word	0x20001bf0
100069ac:	1000c9d4 	.word	0x1000c9d4

100069b0 <tud_task_ext>:
100069b0:	b5f0      	push	{r4, r5, r6, r7, lr}
100069b2:	46de      	mov	lr, fp
100069b4:	4657      	mov	r7, sl
100069b6:	464e      	mov	r6, r9
100069b8:	4645      	mov	r5, r8
100069ba:	b5e0      	push	{r5, r6, r7, lr}
100069bc:	4bc8      	ldr	r3, [pc, #800]	@ (10006ce0 <tud_task_ext+0x330>)
100069be:	b091      	sub	sp, #68	@ 0x44
100069c0:	9302      	str	r3, [sp, #8]
100069c2:	781b      	ldrb	r3, [r3, #0]
100069c4:	2bff      	cmp	r3, #255	@ 0xff
100069c6:	d100      	bne.n	100069ca <tud_task_ext+0x1a>
100069c8:	e13e      	b.n	10006c48 <tud_task_ext+0x298>
100069ca:	4bc6      	ldr	r3, [pc, #792]	@ (10006ce4 <tud_task_ext+0x334>)
100069cc:	4ec6      	ldr	r6, [pc, #792]	@ (10006ce8 <tud_task_ext+0x338>)
100069ce:	469b      	mov	fp, r3
100069d0:	465f      	mov	r7, fp
100069d2:	4bc6      	ldr	r3, [pc, #792]	@ (10006cec <tud_task_ext+0x33c>)
100069d4:	ac0d      	add	r4, sp, #52	@ 0x34
100069d6:	9301      	str	r3, [sp, #4]
100069d8:	4bc5      	ldr	r3, [pc, #788]	@ (10006cf0 <tud_task_ext+0x340>)
100069da:	9300      	str	r3, [sp, #0]
100069dc:	6835      	ldr	r5, [r6, #0]
100069de:	696a      	ldr	r2, [r5, #20]
100069e0:	f3ef 8110 	mrs	r1, PRIMASK
100069e4:	b672      	cpsid	i
100069e6:	6813      	ldr	r3, [r2, #0]
100069e8:	2b00      	cmp	r3, #0
100069ea:	d0fc      	beq.n	100069e6 <tud_task_ext+0x36>
100069ec:	f3bf 8f5f 	dmb	sy
100069f0:	61a9      	str	r1, [r5, #24]
100069f2:	0028      	movs	r0, r5
100069f4:	0021      	movs	r1, r4
100069f6:	f001 fbaf 	bl	10008158 <tu_fifo_read>
100069fa:	696a      	ldr	r2, [r5, #20]
100069fc:	69ab      	ldr	r3, [r5, #24]
100069fe:	f3bf 8f5f 	dmb	sy
10006a02:	2100      	movs	r1, #0
10006a04:	6011      	str	r1, [r2, #0]
10006a06:	f383 8810 	msr	PRIMASK, r3
10006a0a:	2800      	cmp	r0, #0
10006a0c:	d100      	bne.n	10006a10 <tud_task_ext+0x60>
10006a0e:	e11b      	b.n	10006c48 <tud_task_ext+0x298>
10006a10:	7863      	ldrb	r3, [r4, #1]
10006a12:	2b08      	cmp	r3, #8
10006a14:	d8e2      	bhi.n	100069dc <tud_task_ext+0x2c>
10006a16:	009b      	lsls	r3, r3, #2
10006a18:	58fb      	ldr	r3, [r7, r3]
10006a1a:	469f      	mov	pc, r3
10006a1c:	6863      	ldr	r3, [r4, #4]
10006a1e:	2b00      	cmp	r3, #0
10006a20:	d0dc      	beq.n	100069dc <tud_task_ext+0x2c>
10006a22:	68a0      	ldr	r0, [r4, #8]
10006a24:	4798      	blx	r3
10006a26:	e7d9      	b.n	100069dc <tud_task_ext+0x2c>
10006a28:	227f      	movs	r2, #127	@ 0x7f
10006a2a:	7921      	ldrb	r1, [r4, #4]
10006a2c:	4daf      	ldr	r5, [pc, #700]	@ (10006cec <tud_task_ext+0x33c>)
10006a2e:	400a      	ands	r2, r1
10006a30:	0053      	lsls	r3, r2, #1
10006a32:	18eb      	adds	r3, r5, r3
10006a34:	4698      	mov	r8, r3
10006a36:	09c8      	lsrs	r0, r1, #7
10006a38:	4480      	add	r8, r0
10006a3a:	4640      	mov	r0, r8
10006a3c:	2301      	movs	r3, #1
10006a3e:	3030      	adds	r0, #48	@ 0x30
10006a40:	7905      	ldrb	r5, [r0, #4]
10006a42:	439d      	bics	r5, r3
10006a44:	7105      	strb	r5, [r0, #4]
10006a46:	7905      	ldrb	r5, [r0, #4]
10006a48:	3303      	adds	r3, #3
10006a4a:	439d      	bics	r5, r3
10006a4c:	7105      	strb	r5, [r0, #4]
10006a4e:	2a00      	cmp	r2, #0
10006a50:	d100      	bne.n	10006a54 <tud_task_ext+0xa4>
10006a52:	e100      	b.n	10006c56 <tud_task_ext+0x2a6>
10006a54:	4643      	mov	r3, r8
10006a56:	4aa7      	ldr	r2, [pc, #668]	@ (10006cf4 <tud_task_ext+0x344>)
10006a58:	7d1b      	ldrb	r3, [r3, #20]
10006a5a:	7812      	ldrb	r2, [r2, #0]
10006a5c:	4293      	cmp	r3, r2
10006a5e:	d300      	bcc.n	10006a62 <tud_task_ext+0xb2>
10006a60:	e0ef      	b.n	10006c42 <tud_task_ext+0x292>
10006a62:	4aa5      	ldr	r2, [pc, #660]	@ (10006cf8 <tud_task_ext+0x348>)
10006a64:	015b      	lsls	r3, r3, #5
10006a66:	6815      	ldr	r5, [r2, #0]
10006a68:	18ed      	adds	r5, r5, r3
10006a6a:	2d00      	cmp	r5, #0
10006a6c:	d100      	bne.n	10006a70 <tud_task_ext+0xc0>
10006a6e:	e0eb      	b.n	10006c48 <tud_task_ext+0x298>
10006a70:	68a3      	ldr	r3, [r4, #8]
10006a72:	7962      	ldrb	r2, [r4, #5]
10006a74:	7820      	ldrb	r0, [r4, #0]
10006a76:	69ad      	ldr	r5, [r5, #24]
10006a78:	47a8      	blx	r5
10006a7a:	e7af      	b.n	100069dc <tud_task_ext+0x2c>
10006a7c:	4a9f      	ldr	r2, [pc, #636]	@ (10006cfc <tud_task_ext+0x34c>)
10006a7e:	7813      	ldrb	r3, [r2, #0]
10006a80:	2b00      	cmp	r3, #0
10006a82:	d100      	bne.n	10006a86 <tud_task_ext+0xd6>
10006a84:	e0e0      	b.n	10006c48 <tud_task_ext+0x298>
10006a86:	7813      	ldrb	r3, [r2, #0]
10006a88:	3b01      	subs	r3, #1
10006a8a:	b2db      	uxtb	r3, r3
10006a8c:	7013      	strb	r3, [r2, #0]
10006a8e:	7813      	ldrb	r3, [r2, #0]
10006a90:	2b00      	cmp	r3, #0
10006a92:	d1a3      	bne.n	100069dc <tud_task_ext+0x2c>
10006a94:	2201      	movs	r2, #1
10006a96:	4d95      	ldr	r5, [pc, #596]	@ (10006cec <tud_task_ext+0x33c>)
10006a98:	2101      	movs	r1, #1
10006a9a:	782b      	ldrb	r3, [r5, #0]
10006a9c:	2004      	movs	r0, #4
10006a9e:	4313      	orrs	r3, r2
10006aa0:	702b      	strb	r3, [r5, #0]
10006aa2:	2334      	movs	r3, #52	@ 0x34
10006aa4:	5cea      	ldrb	r2, [r5, r3]
10006aa6:	438a      	bics	r2, r1
10006aa8:	54ea      	strb	r2, [r5, r3]
10006aaa:	5cea      	ldrb	r2, [r5, r3]
10006aac:	4382      	bics	r2, r0
10006aae:	54ea      	strb	r2, [r5, r3]
10006ab0:	3301      	adds	r3, #1
10006ab2:	5cea      	ldrb	r2, [r5, r3]
10006ab4:	438a      	bics	r2, r1
10006ab6:	54ea      	strb	r2, [r5, r3]
10006ab8:	5cea      	ldrb	r2, [r5, r3]
10006aba:	4382      	bics	r2, r0
10006abc:	54ea      	strb	r2, [r5, r3]
10006abe:	7823      	ldrb	r3, [r4, #0]
10006ac0:	2000      	movs	r0, #0
10006ac2:	469b      	mov	fp, r3
10006ac4:	f000 fc9e 	bl	10007404 <usbd_control_set_complete_callback>
10006ac8:	2260      	movs	r2, #96	@ 0x60
10006aca:	7923      	ldrb	r3, [r4, #4]
10006acc:	401a      	ands	r2, r3
10006ace:	2a60      	cmp	r2, #96	@ 0x60
10006ad0:	d100      	bne.n	10006ad4 <tud_task_ext+0x124>
10006ad2:	e0ef      	b.n	10006cb4 <tud_task_ext+0x304>
10006ad4:	2a40      	cmp	r2, #64	@ 0x40
10006ad6:	d100      	bne.n	10006ada <tud_task_ext+0x12a>
10006ad8:	e0f5      	b.n	10006cc6 <tud_task_ext+0x316>
10006ada:	06db      	lsls	r3, r3, #27
10006adc:	0edb      	lsrs	r3, r3, #27
10006ade:	2b01      	cmp	r3, #1
10006ae0:	d100      	bne.n	10006ae4 <tud_task_ext+0x134>
10006ae2:	e113      	b.n	10006d0c <tud_task_ext+0x35c>
10006ae4:	2b02      	cmp	r3, #2
10006ae6:	d100      	bne.n	10006aea <tud_task_ext+0x13a>
10006ae8:	e0c7      	b.n	10006c7a <tud_task_ext+0x2ca>
10006aea:	2b00      	cmp	r3, #0
10006aec:	d000      	beq.n	10006af0 <tud_task_ext+0x140>
10006aee:	e0e1      	b.n	10006cb4 <tud_task_ext+0x304>
10006af0:	2a20      	cmp	r2, #32
10006af2:	d100      	bne.n	10006af6 <tud_task_ext+0x146>
10006af4:	e21c      	b.n	10006f30 <tud_task_ext+0x580>
10006af6:	2a00      	cmp	r2, #0
10006af8:	d000      	beq.n	10006afc <tud_task_ext+0x14c>
10006afa:	e0db      	b.n	10006cb4 <tud_task_ext+0x304>
10006afc:	7963      	ldrb	r3, [r4, #5]
10006afe:	2b09      	cmp	r3, #9
10006b00:	d900      	bls.n	10006b04 <tud_task_ext+0x154>
10006b02:	e0d7      	b.n	10006cb4 <tud_task_ext+0x304>
10006b04:	4a7e      	ldr	r2, [pc, #504]	@ (10006d00 <tud_task_ext+0x350>)
10006b06:	009b      	lsls	r3, r3, #2
10006b08:	58d3      	ldr	r3, [r2, r3]
10006b0a:	469f      	mov	pc, r3
10006b0c:	4d77      	ldr	r5, [pc, #476]	@ (10006cec <tud_task_ext+0x33c>)
10006b0e:	782b      	ldrb	r3, [r5, #0]
10006b10:	07db      	lsls	r3, r3, #31
10006b12:	d400      	bmi.n	10006b16 <tud_task_ext+0x166>
10006b14:	e762      	b.n	100069dc <tud_task_ext+0x2c>
10006b16:	f7ff febf 	bl	10006898 <tud_resume_cb>
10006b1a:	e75f      	b.n	100069dc <tud_task_ext+0x2c>
10006b1c:	9b01      	ldr	r3, [sp, #4]
10006b1e:	78db      	ldrb	r3, [r3, #3]
10006b20:	07db      	lsls	r3, r3, #31
10006b22:	d400      	bmi.n	10006b26 <tud_task_ext+0x176>
10006b24:	e75a      	b.n	100069dc <tud_task_ext+0x2c>
10006b26:	6860      	ldr	r0, [r4, #4]
10006b28:	f7ff feaa 	bl	10006880 <tud_sof_cb>
10006b2c:	e756      	b.n	100069dc <tud_task_ext+0x2c>
10006b2e:	4d6f      	ldr	r5, [pc, #444]	@ (10006cec <tud_task_ext+0x33c>)
10006b30:	782b      	ldrb	r3, [r5, #0]
10006b32:	07db      	lsls	r3, r3, #31
10006b34:	d400      	bmi.n	10006b38 <tud_task_ext+0x188>
10006b36:	e751      	b.n	100069dc <tud_task_ext+0x2c>
10006b38:	7828      	ldrb	r0, [r5, #0]
10006b3a:	0700      	lsls	r0, r0, #28
10006b3c:	0fc0      	lsrs	r0, r0, #31
10006b3e:	f7ff fea9 	bl	10006894 <tud_suspend_cb>
10006b42:	e74b      	b.n	100069dc <tud_task_ext+0x2c>
10006b44:	7823      	ldrb	r3, [r4, #0]
10006b46:	496a      	ldr	r1, [pc, #424]	@ (10006cf0 <tud_task_ext+0x340>)
10006b48:	4699      	mov	r9, r3
10006b4a:	468b      	mov	fp, r1
10006b4c:	4b69      	ldr	r3, [pc, #420]	@ (10006cf4 <tud_task_ext+0x344>)
10006b4e:	496a      	ldr	r1, [pc, #424]	@ (10006cf8 <tud_task_ext+0x348>)
10006b50:	4698      	mov	r8, r3
10006b52:	468a      	mov	sl, r1
10006b54:	0039      	movs	r1, r7
10006b56:	781a      	ldrb	r2, [r3, #0]
10006b58:	4647      	mov	r7, r8
10006b5a:	2300      	movs	r3, #0
10006b5c:	46b0      	mov	r8, r6
10006b5e:	2500      	movs	r5, #0
10006b60:	464e      	mov	r6, r9
10006b62:	4689      	mov	r9, r1
10006b64:	e010      	b.n	10006b88 <tud_task_ext+0x1d8>
10006b66:	4653      	mov	r3, sl
10006b68:	681b      	ldr	r3, [r3, #0]
10006b6a:	016a      	lsls	r2, r5, #5
10006b6c:	189b      	adds	r3, r3, r2
10006b6e:	2b00      	cmp	r3, #0
10006b70:	d100      	bne.n	10006b74 <tud_task_ext+0x1c4>
10006b72:	e076      	b.n	10006c62 <tud_task_ext+0x2b2>
10006b74:	68db      	ldr	r3, [r3, #12]
10006b76:	0030      	movs	r0, r6
10006b78:	4798      	blx	r3
10006b7a:	783a      	ldrb	r2, [r7, #0]
10006b7c:	3501      	adds	r5, #1
10006b7e:	b2ed      	uxtb	r5, r5
10006b80:	1c51      	adds	r1, r2, #1
10006b82:	002b      	movs	r3, r5
10006b84:	428d      	cmp	r5, r1
10006b86:	dc44      	bgt.n	10006c12 <tud_task_ext+0x262>
10006b88:	4295      	cmp	r5, r2
10006b8a:	d3ec      	bcc.n	10006b66 <tud_task_ext+0x1b6>
10006b8c:	1a9b      	subs	r3, r3, r2
10006b8e:	015b      	lsls	r3, r3, #5
10006b90:	445b      	add	r3, fp
10006b92:	e7ef      	b.n	10006b74 <tud_task_ext+0x1c4>
10006b94:	7823      	ldrb	r3, [r4, #0]
10006b96:	4958      	ldr	r1, [pc, #352]	@ (10006cf8 <tud_task_ext+0x348>)
10006b98:	4699      	mov	r9, r3
10006b9a:	4b56      	ldr	r3, [pc, #344]	@ (10006cf4 <tud_task_ext+0x344>)
10006b9c:	468a      	mov	sl, r1
10006b9e:	4698      	mov	r8, r3
10006ba0:	0031      	movs	r1, r6
10006ba2:	46bb      	mov	fp, r7
10006ba4:	464e      	mov	r6, r9
10006ba6:	781a      	ldrb	r2, [r3, #0]
10006ba8:	2500      	movs	r5, #0
10006baa:	2300      	movs	r3, #0
10006bac:	4647      	mov	r7, r8
10006bae:	4689      	mov	r9, r1
10006bb0:	e00f      	b.n	10006bd2 <tud_task_ext+0x222>
10006bb2:	4653      	mov	r3, sl
10006bb4:	681b      	ldr	r3, [r3, #0]
10006bb6:	016a      	lsls	r2, r5, #5
10006bb8:	189b      	adds	r3, r3, r2
10006bba:	2b00      	cmp	r3, #0
10006bbc:	d055      	beq.n	10006c6a <tud_task_ext+0x2ba>
10006bbe:	68db      	ldr	r3, [r3, #12]
10006bc0:	0030      	movs	r0, r6
10006bc2:	4798      	blx	r3
10006bc4:	783a      	ldrb	r2, [r7, #0]
10006bc6:	3501      	adds	r5, #1
10006bc8:	b2ed      	uxtb	r5, r5
10006bca:	1c51      	adds	r1, r2, #1
10006bcc:	002b      	movs	r3, r5
10006bce:	428d      	cmp	r5, r1
10006bd0:	dc07      	bgt.n	10006be2 <tud_task_ext+0x232>
10006bd2:	4295      	cmp	r5, r2
10006bd4:	d3ed      	bcc.n	10006bb2 <tud_task_ext+0x202>
10006bd6:	1a9b      	subs	r3, r3, r2
10006bd8:	9a00      	ldr	r2, [sp, #0]
10006bda:	015b      	lsls	r3, r3, #5
10006bdc:	4694      	mov	ip, r2
10006bde:	4463      	add	r3, ip
10006be0:	e7ed      	b.n	10006bbe <tud_task_ext+0x20e>
10006be2:	9d01      	ldr	r5, [sp, #4]
10006be4:	2254      	movs	r2, #84	@ 0x54
10006be6:	2100      	movs	r1, #0
10006be8:	0028      	movs	r0, r5
10006bea:	f7fd fa15 	bl	10004018 <__wrap_memset>
10006bee:	2210      	movs	r2, #16
10006bf0:	21ff      	movs	r1, #255	@ 0xff
10006bf2:	4844      	ldr	r0, [pc, #272]	@ (10006d04 <tud_task_ext+0x354>)
10006bf4:	f7fd fa10 	bl	10004018 <__wrap_memset>
10006bf8:	0028      	movs	r0, r5
10006bfa:	2220      	movs	r2, #32
10006bfc:	21ff      	movs	r1, #255	@ 0xff
10006bfe:	3014      	adds	r0, #20
10006c00:	464e      	mov	r6, r9
10006c02:	465f      	mov	r7, fp
10006c04:	f7fd fa08 	bl	10004018 <__wrap_memset>
10006c08:	f000 fbf2 	bl	100073f0 <usbd_control_reset>
10006c0c:	f7ff fe40 	bl	10006890 <tud_umount_cb>
10006c10:	e6e4      	b.n	100069dc <tud_task_ext+0x2c>
10006c12:	4d36      	ldr	r5, [pc, #216]	@ (10006cec <tud_task_ext+0x33c>)
10006c14:	2254      	movs	r2, #84	@ 0x54
10006c16:	2100      	movs	r1, #0
10006c18:	0028      	movs	r0, r5
10006c1a:	f7fd f9fd 	bl	10004018 <__wrap_memset>
10006c1e:	2210      	movs	r2, #16
10006c20:	21ff      	movs	r1, #255	@ 0xff
10006c22:	1d28      	adds	r0, r5, #4
10006c24:	f7fd f9f8 	bl	10004018 <__wrap_memset>
10006c28:	0028      	movs	r0, r5
10006c2a:	2220      	movs	r2, #32
10006c2c:	21ff      	movs	r1, #255	@ 0xff
10006c2e:	3014      	adds	r0, #20
10006c30:	4646      	mov	r6, r8
10006c32:	464f      	mov	r7, r9
10006c34:	f7fd f9f0 	bl	10004018 <__wrap_memset>
10006c38:	f000 fbda 	bl	100073f0 <usbd_control_reset>
10006c3c:	7923      	ldrb	r3, [r4, #4]
10006c3e:	70ab      	strb	r3, [r5, #2]
10006c40:	e6cc      	b.n	100069dc <tud_task_ext+0x2c>
10006c42:	1c50      	adds	r0, r2, #1
10006c44:	4298      	cmp	r0, r3
10006c46:	da13      	bge.n	10006c70 <tud_task_ext+0x2c0>
10006c48:	b011      	add	sp, #68	@ 0x44
10006c4a:	bcf0      	pop	{r4, r5, r6, r7}
10006c4c:	46bb      	mov	fp, r7
10006c4e:	46b2      	mov	sl, r6
10006c50:	46a9      	mov	r9, r5
10006c52:	46a0      	mov	r8, r4
10006c54:	bdf0      	pop	{r4, r5, r6, r7, pc}
10006c56:	68a3      	ldr	r3, [r4, #8]
10006c58:	7962      	ldrb	r2, [r4, #5]
10006c5a:	7820      	ldrb	r0, [r4, #0]
10006c5c:	f000 fbe6 	bl	1000742c <usbd_control_xfer_cb>
10006c60:	e6bc      	b.n	100069dc <tud_task_ext+0x2c>
10006c62:	4646      	mov	r6, r8
10006c64:	464f      	mov	r7, r9
10006c66:	4d21      	ldr	r5, [pc, #132]	@ (10006cec <tud_task_ext+0x33c>)
10006c68:	e7e6      	b.n	10006c38 <tud_task_ext+0x288>
10006c6a:	464e      	mov	r6, r9
10006c6c:	465f      	mov	r7, fp
10006c6e:	e7cb      	b.n	10006c08 <tud_task_ext+0x258>
10006c70:	4d1f      	ldr	r5, [pc, #124]	@ (10006cf0 <tud_task_ext+0x340>)
10006c72:	1a9b      	subs	r3, r3, r2
10006c74:	015b      	lsls	r3, r3, #5
10006c76:	195d      	adds	r5, r3, r5
10006c78:	e6fa      	b.n	10006a70 <tud_task_ext+0xc0>
10006c7a:	2370      	movs	r3, #112	@ 0x70
10006c7c:	7a21      	ldrb	r1, [r4, #8]
10006c7e:	420b      	tst	r3, r1
10006c80:	d118      	bne.n	10006cb4 <tud_task_ext+0x304>
10006c82:	09c8      	lsrs	r0, r1, #7
10006c84:	4682      	mov	sl, r0
10006c86:	330f      	adds	r3, #15
10006c88:	400b      	ands	r3, r1
10006c8a:	005b      	lsls	r3, r3, #1
10006c8c:	4698      	mov	r8, r3
10006c8e:	4819      	ldr	r0, [pc, #100]	@ (10006cf4 <tud_task_ext+0x344>)
10006c90:	18eb      	adds	r3, r5, r3
10006c92:	4453      	add	r3, sl
10006c94:	7d1b      	ldrb	r3, [r3, #20]
10006c96:	7800      	ldrb	r0, [r0, #0]
10006c98:	4699      	mov	r9, r3
10006c9a:	4283      	cmp	r3, r0
10006c9c:	d266      	bcs.n	10006d6c <tud_task_ext+0x3bc>
10006c9e:	4816      	ldr	r0, [pc, #88]	@ (10006cf8 <tud_task_ext+0x348>)
10006ca0:	015b      	lsls	r3, r3, #5
10006ca2:	6800      	ldr	r0, [r0, #0]
10006ca4:	4681      	mov	r9, r0
10006ca6:	4499      	add	r9, r3
10006ca8:	2a00      	cmp	r2, #0
10006caa:	d100      	bne.n	10006cae <tud_task_ext+0x2fe>
10006cac:	e15f      	b.n	10006f6e <tud_task_ext+0x5be>
10006cae:	464b      	mov	r3, r9
10006cb0:	2b00      	cmp	r3, #0
10006cb2:	d168      	bne.n	10006d86 <tud_task_ext+0x3d6>
10006cb4:	7820      	ldrb	r0, [r4, #0]
10006cb6:	2100      	movs	r1, #0
10006cb8:	f7ff fd6a 	bl	10006790 <dcd_edpt_stall>
10006cbc:	2180      	movs	r1, #128	@ 0x80
10006cbe:	7820      	ldrb	r0, [r4, #0]
10006cc0:	f7ff fd66 	bl	10006790 <dcd_edpt_stall>
10006cc4:	e68a      	b.n	100069dc <tud_task_ext+0x2c>
10006cc6:	4810      	ldr	r0, [pc, #64]	@ (10006d08 <tud_task_ext+0x358>)
10006cc8:	f000 fb9c 	bl	10007404 <usbd_control_set_complete_callback>
10006ccc:	2101      	movs	r1, #1
10006cce:	4658      	mov	r0, fp
10006cd0:	aa0e      	add	r2, sp, #56	@ 0x38
10006cd2:	f7ff f8c7 	bl	10005e64 <tud_vendor_control_xfer_cb>
10006cd6:	2800      	cmp	r0, #0
10006cd8:	d000      	beq.n	10006cdc <tud_task_ext+0x32c>
10006cda:	e67f      	b.n	100069dc <tud_task_ext+0x2c>
10006cdc:	e7ea      	b.n	10006cb4 <tud_task_ext+0x304>
10006cde:	46c0      	nop			@ (mov r8, r8)
10006ce0:	20001114 	.word	0x20001114
10006ce4:	1000c92c 	.word	0x1000c92c
10006ce8:	20001df8 	.word	0x20001df8
10006cec:	20001da0 	.word	0x20001da0
10006cf0:	1000c9d4 	.word	0x1000c9d4
10006cf4:	20027d16 	.word	0x20027d16
10006cf8:	20001bf0 	.word	0x20001bf0
10006cfc:	20027d18 	.word	0x20027d18
10006d00:	1000c950 	.word	0x1000c950
10006d04:	20001da4 	.word	0x20001da4
10006d08:	10005e65 	.word	0x10005e65
10006d0c:	7a23      	ldrb	r3, [r4, #8]
10006d0e:	2b0f      	cmp	r3, #15
10006d10:	d8d0      	bhi.n	10006cb4 <tud_task_ext+0x304>
10006d12:	4acf      	ldr	r2, [pc, #828]	@ (10007050 <tud_task_ext+0x6a0>)
10006d14:	18eb      	adds	r3, r5, r3
10006d16:	791b      	ldrb	r3, [r3, #4]
10006d18:	7815      	ldrb	r5, [r2, #0]
10006d1a:	42ab      	cmp	r3, r5
10006d1c:	d33e      	bcc.n	10006d9c <tud_task_ext+0x3ec>
10006d1e:	1c69      	adds	r1, r5, #1
10006d20:	4299      	cmp	r1, r3
10006d22:	dbc7      	blt.n	10006cb4 <tud_task_ext+0x304>
10006d24:	1b5d      	subs	r5, r3, r5
10006d26:	4bcb      	ldr	r3, [pc, #812]	@ (10007054 <tud_task_ext+0x6a4>)
10006d28:	016d      	lsls	r5, r5, #5
10006d2a:	18ed      	adds	r5, r5, r3
10006d2c:	6968      	ldr	r0, [r5, #20]
10006d2e:	f000 fb69 	bl	10007404 <usbd_control_set_complete_callback>
10006d32:	2101      	movs	r1, #1
10006d34:	4658      	mov	r0, fp
10006d36:	696b      	ldr	r3, [r5, #20]
10006d38:	aa0e      	add	r2, sp, #56	@ 0x38
10006d3a:	4798      	blx	r3
10006d3c:	2800      	cmp	r0, #0
10006d3e:	d000      	beq.n	10006d42 <tud_task_ext+0x392>
10006d40:	e64c      	b.n	100069dc <tud_task_ext+0x2c>
10006d42:	2260      	movs	r2, #96	@ 0x60
10006d44:	0015      	movs	r5, r2
10006d46:	7923      	ldrb	r3, [r4, #4]
10006d48:	401d      	ands	r5, r3
10006d4a:	421a      	tst	r2, r3
10006d4c:	d1b2      	bne.n	10006cb4 <tud_task_ext+0x304>
10006d4e:	7963      	ldrb	r3, [r4, #5]
10006d50:	3b0a      	subs	r3, #10
10006d52:	2b01      	cmp	r3, #1
10006d54:	d8ae      	bhi.n	10006cb4 <tud_task_ext+0x304>
10006d56:	f000 fb55 	bl	10007404 <usbd_control_set_complete_callback>
10006d5a:	7963      	ldrb	r3, [r4, #5]
10006d5c:	2b0a      	cmp	r3, #10
10006d5e:	d100      	bne.n	10006d62 <tud_task_ext+0x3b2>
10006d60:	e199      	b.n	10007096 <tud_task_ext+0x6e6>
10006d62:	4658      	mov	r0, fp
10006d64:	a90e      	add	r1, sp, #56	@ 0x38
10006d66:	f000 fad9 	bl	1000731c <tud_control_status>
10006d6a:	e637      	b.n	100069dc <tud_task_ext+0x2c>
10006d6c:	1c43      	adds	r3, r0, #1
10006d6e:	454b      	cmp	r3, r9
10006d70:	da00      	bge.n	10006d74 <tud_task_ext+0x3c4>
10006d72:	e0f7      	b.n	10006f64 <tud_task_ext+0x5b4>
10006d74:	464b      	mov	r3, r9
10006d76:	1a1b      	subs	r3, r3, r0
10006d78:	015b      	lsls	r3, r3, #5
10006d7a:	4699      	mov	r9, r3
10006d7c:	48b5      	ldr	r0, [pc, #724]	@ (10007054 <tud_task_ext+0x6a4>)
10006d7e:	4481      	add	r9, r0
10006d80:	2a00      	cmp	r2, #0
10006d82:	d100      	bne.n	10006d86 <tud_task_ext+0x3d6>
10006d84:	e0f3      	b.n	10006f6e <tud_task_ext+0x5be>
10006d86:	464b      	mov	r3, r9
10006d88:	6958      	ldr	r0, [r3, #20]
10006d8a:	f000 fb3b 	bl	10007404 <usbd_control_set_complete_callback>
10006d8e:	464b      	mov	r3, r9
10006d90:	2101      	movs	r1, #1
10006d92:	4658      	mov	r0, fp
10006d94:	695b      	ldr	r3, [r3, #20]
10006d96:	aa0e      	add	r2, sp, #56	@ 0x38
10006d98:	4798      	blx	r3
10006d9a:	e79c      	b.n	10006cd6 <tud_task_ext+0x326>
10006d9c:	4aae      	ldr	r2, [pc, #696]	@ (10007058 <tud_task_ext+0x6a8>)
10006d9e:	015b      	lsls	r3, r3, #5
10006da0:	6815      	ldr	r5, [r2, #0]
10006da2:	18ed      	adds	r5, r5, r3
10006da4:	2d00      	cmp	r5, #0
10006da6:	d1c1      	bne.n	10006d2c <tud_task_ext+0x37c>
10006da8:	e784      	b.n	10006cb4 <tud_task_ext+0x304>
10006daa:	79a3      	ldrb	r3, [r4, #6]
10006dac:	4699      	mov	r9, r3
10006dae:	786b      	ldrb	r3, [r5, #1]
10006db0:	4599      	cmp	r9, r3
10006db2:	d0d6      	beq.n	10006d62 <tud_task_ext+0x3b2>
10006db4:	786b      	ldrb	r3, [r5, #1]
10006db6:	2b00      	cmp	r3, #0
10006db8:	d000      	beq.n	10006dbc <tud_task_ext+0x40c>
10006dba:	e133      	b.n	10007024 <tud_task_ext+0x674>
10006dbc:	464b      	mov	r3, r9
10006dbe:	706b      	strb	r3, [r5, #1]
10006dc0:	2b00      	cmp	r3, #0
10006dc2:	d100      	bne.n	10006dc6 <tud_task_ext+0x416>
10006dc4:	e12b      	b.n	1000701e <tud_task_ext+0x66e>
10006dc6:	4648      	mov	r0, r9
10006dc8:	3801      	subs	r0, #1
10006dca:	b2c0      	uxtb	r0, r0
10006dcc:	f7ff fa92 	bl	100062f4 <tud_descriptor_configuration_cb>
10006dd0:	2800      	cmp	r0, #0
10006dd2:	d100      	bne.n	10006dd6 <tud_task_ext+0x426>
10006dd4:	e17e      	b.n	100070d4 <tud_task_ext+0x724>
10006dd6:	7843      	ldrb	r3, [r0, #1]
10006dd8:	9307      	str	r3, [sp, #28]
10006dda:	2b02      	cmp	r3, #2
10006ddc:	d000      	beq.n	10006de0 <tud_task_ext+0x430>
10006dde:	e179      	b.n	100070d4 <tud_task_ext+0x724>
10006de0:	2201      	movs	r2, #1
10006de2:	79c1      	ldrb	r1, [r0, #7]
10006de4:	46b1      	mov	r9, r6
10006de6:	118b      	asrs	r3, r1, #6
10006de8:	1149      	asrs	r1, r1, #5
10006dea:	4013      	ands	r3, r2
10006dec:	400a      	ands	r2, r1
10006dee:	2130      	movs	r1, #48	@ 0x30
10006df0:	0112      	lsls	r2, r2, #4
10006df2:	015b      	lsls	r3, r3, #5
10006df4:	4313      	orrs	r3, r2
10006df6:	782a      	ldrb	r2, [r5, #0]
10006df8:	46a8      	mov	r8, r5
10006dfa:	438a      	bics	r2, r1
10006dfc:	4313      	orrs	r3, r2
10006dfe:	702b      	strb	r3, [r5, #0]
10006e00:	2309      	movs	r3, #9
10006e02:	469a      	mov	sl, r3
10006e04:	4482      	add	sl, r0
10006e06:	4656      	mov	r6, sl
10006e08:	46ba      	mov	sl, r7
10006e0a:	78c3      	ldrb	r3, [r0, #3]
10006e0c:	7882      	ldrb	r2, [r0, #2]
10006e0e:	021b      	lsls	r3, r3, #8
10006e10:	4313      	orrs	r3, r2
10006e12:	18c3      	adds	r3, r0, r3
10006e14:	9305      	str	r3, [sp, #20]
10006e16:	4b8e      	ldr	r3, [pc, #568]	@ (10007050 <tud_task_ext+0x6a0>)
10006e18:	9304      	str	r3, [sp, #16]
10006e1a:	4b8e      	ldr	r3, [pc, #568]	@ (10007054 <tud_task_ext+0x6a4>)
10006e1c:	9308      	str	r3, [sp, #32]
10006e1e:	4b8e      	ldr	r3, [pc, #568]	@ (10007058 <tud_task_ext+0x6a8>)
10006e20:	9309      	str	r3, [sp, #36]	@ 0x24
10006e22:	4b8e      	ldr	r3, [pc, #568]	@ (1000705c <tud_task_ext+0x6ac>)
10006e24:	930a      	str	r3, [sp, #40]	@ 0x28
10006e26:	9b05      	ldr	r3, [sp, #20]
10006e28:	42b3      	cmp	r3, r6
10006e2a:	d800      	bhi.n	10006e2e <tud_task_ext+0x47e>
10006e2c:	e155      	b.n	100070da <tud_task_ext+0x72a>
10006e2e:	7873      	ldrb	r3, [r6, #1]
10006e30:	2201      	movs	r2, #1
10006e32:	2b0b      	cmp	r3, #11
10006e34:	d103      	bne.n	10006e3e <tud_task_ext+0x48e>
10006e36:	7833      	ldrb	r3, [r6, #0]
10006e38:	78f2      	ldrb	r2, [r6, #3]
10006e3a:	18f6      	adds	r6, r6, r3
10006e3c:	7873      	ldrb	r3, [r6, #1]
10006e3e:	2b04      	cmp	r3, #4
10006e40:	d000      	beq.n	10006e44 <tud_task_ext+0x494>
10006e42:	e144      	b.n	100070ce <tud_task_ext+0x71e>
10006e44:	9b05      	ldr	r3, [sp, #20]
10006e46:	2700      	movs	r7, #0
10006e48:	1b9b      	subs	r3, r3, r6
10006e4a:	b29b      	uxth	r3, r3
10006e4c:	9306      	str	r3, [sp, #24]
10006e4e:	9b04      	ldr	r3, [sp, #16]
10006e50:	920b      	str	r2, [sp, #44]	@ 0x2c
10006e52:	781d      	ldrb	r5, [r3, #0]
10006e54:	2300      	movs	r3, #0
10006e56:	9303      	str	r3, [sp, #12]
10006e58:	e01b      	b.n	10006e92 <tud_task_ext+0x4e2>
10006e5a:	9a09      	ldr	r2, [sp, #36]	@ 0x24
10006e5c:	017b      	lsls	r3, r7, #5
10006e5e:	6815      	ldr	r5, [r2, #0]
10006e60:	18ed      	adds	r5, r5, r3
10006e62:	2d00      	cmp	r5, #0
10006e64:	d100      	bne.n	10006e68 <tud_task_ext+0x4b8>
10006e66:	e132      	b.n	100070ce <tud_task_ext+0x71e>
10006e68:	0031      	movs	r1, r6
10006e6a:	4658      	mov	r0, fp
10006e6c:	692b      	ldr	r3, [r5, #16]
10006e6e:	9a06      	ldr	r2, [sp, #24]
10006e70:	4798      	blx	r3
10006e72:	4684      	mov	ip, r0
10006e74:	2808      	cmp	r0, #8
10006e76:	d903      	bls.n	10006e80 <tud_task_ext+0x4d0>
10006e78:	9a06      	ldr	r2, [sp, #24]
10006e7a:	4282      	cmp	r2, r0
10006e7c:	d300      	bcc.n	10006e80 <tud_task_ext+0x4d0>
10006e7e:	e113      	b.n	100070a8 <tud_task_ext+0x6f8>
10006e80:	9b04      	ldr	r3, [sp, #16]
10006e82:	3701      	adds	r7, #1
10006e84:	781d      	ldrb	r5, [r3, #0]
10006e86:	b2ff      	uxtb	r7, r7
10006e88:	1c6b      	adds	r3, r5, #1
10006e8a:	9703      	str	r7, [sp, #12]
10006e8c:	429f      	cmp	r7, r3
10006e8e:	dd00      	ble.n	10006e92 <tud_task_ext+0x4e2>
10006e90:	e11d      	b.n	100070ce <tud_task_ext+0x71e>
10006e92:	42bd      	cmp	r5, r7
10006e94:	d8e1      	bhi.n	10006e5a <tud_task_ext+0x4aa>
10006e96:	9b03      	ldr	r3, [sp, #12]
10006e98:	1b5d      	subs	r5, r3, r5
10006e9a:	9b08      	ldr	r3, [sp, #32]
10006e9c:	016d      	lsls	r5, r5, #5
10006e9e:	469c      	mov	ip, r3
10006ea0:	4465      	add	r5, ip
10006ea2:	e7e1      	b.n	10006e68 <tud_task_ext+0x4b8>
10006ea4:	786b      	ldrb	r3, [r5, #1]
10006ea6:	aa0c      	add	r2, sp, #48	@ 0x30
10006ea8:	3202      	adds	r2, #2
10006eaa:	7013      	strb	r3, [r2, #0]
10006eac:	4658      	mov	r0, fp
10006eae:	2301      	movs	r3, #1
10006eb0:	a90e      	add	r1, sp, #56	@ 0x38
10006eb2:	f000 fa49 	bl	10007348 <tud_control_xfer>
10006eb6:	e591      	b.n	100069dc <tud_task_ext+0x2c>
10006eb8:	88e3      	ldrh	r3, [r4, #6]
10006eba:	0a1a      	lsrs	r2, r3, #8
10006ebc:	b2d8      	uxtb	r0, r3
10006ebe:	2a0f      	cmp	r2, #15
10006ec0:	d900      	bls.n	10006ec4 <tud_task_ext+0x514>
10006ec2:	e6f7      	b.n	10006cb4 <tud_task_ext+0x304>
10006ec4:	4966      	ldr	r1, [pc, #408]	@ (10007060 <tud_task_ext+0x6b0>)
10006ec6:	0093      	lsls	r3, r2, #2
10006ec8:	58cb      	ldr	r3, [r1, r3]
10006eca:	469f      	mov	pc, r3
10006ecc:	a80e      	add	r0, sp, #56	@ 0x38
10006ece:	f000 fa9f 	bl	10007410 <usbd_control_set_request>
10006ed2:	4658      	mov	r0, fp
10006ed4:	79a1      	ldrb	r1, [r4, #6]
10006ed6:	f7ff fb95 	bl	10006604 <dcd_set_address>
10006eda:	2202      	movs	r2, #2
10006edc:	782b      	ldrb	r3, [r5, #0]
10006ede:	4313      	orrs	r3, r2
10006ee0:	702b      	strb	r3, [r5, #0]
10006ee2:	e57b      	b.n	100069dc <tud_task_ext+0x2c>
10006ee4:	88e3      	ldrh	r3, [r4, #6]
10006ee6:	2b01      	cmp	r3, #1
10006ee8:	d000      	beq.n	10006eec <tud_task_ext+0x53c>
10006eea:	e6e3      	b.n	10006cb4 <tud_task_ext+0x304>
10006eec:	2208      	movs	r2, #8
10006eee:	782b      	ldrb	r3, [r5, #0]
10006ef0:	4658      	mov	r0, fp
10006ef2:	4393      	bics	r3, r2
10006ef4:	a90e      	add	r1, sp, #56	@ 0x38
10006ef6:	702b      	strb	r3, [r5, #0]
10006ef8:	f000 fa10 	bl	1000731c <tud_control_status>
10006efc:	e56e      	b.n	100069dc <tud_task_ext+0x2c>
10006efe:	2002      	movs	r0, #2
10006f00:	7829      	ldrb	r1, [r5, #0]
10006f02:	ab0c      	add	r3, sp, #48	@ 0x30
10006f04:	1c9a      	adds	r2, r3, #2
10006f06:	068b      	lsls	r3, r1, #26
10006f08:	0889      	lsrs	r1, r1, #2
10006f0a:	0fdb      	lsrs	r3, r3, #31
10006f0c:	4001      	ands	r1, r0
10006f0e:	430b      	orrs	r3, r1
10006f10:	8013      	strh	r3, [r2, #0]
10006f12:	4658      	mov	r0, fp
10006f14:	2302      	movs	r3, #2
10006f16:	a90e      	add	r1, sp, #56	@ 0x38
10006f18:	f000 fa16 	bl	10007348 <tud_control_xfer>
10006f1c:	e55e      	b.n	100069dc <tud_task_ext+0x2c>
10006f1e:	88e3      	ldrh	r3, [r4, #6]
10006f20:	2b01      	cmp	r3, #1
10006f22:	d000      	beq.n	10006f26 <tud_task_ext+0x576>
10006f24:	e6c6      	b.n	10006cb4 <tud_task_ext+0x304>
10006f26:	2208      	movs	r2, #8
10006f28:	782b      	ldrb	r3, [r5, #0]
10006f2a:	4313      	orrs	r3, r2
10006f2c:	702b      	strb	r3, [r5, #0]
10006f2e:	e718      	b.n	10006d62 <tud_task_ext+0x3b2>
10006f30:	7a23      	ldrb	r3, [r4, #8]
10006f32:	2b0f      	cmp	r3, #15
10006f34:	d900      	bls.n	10006f38 <tud_task_ext+0x588>
10006f36:	e6bd      	b.n	10006cb4 <tud_task_ext+0x304>
10006f38:	18eb      	adds	r3, r5, r3
10006f3a:	791d      	ldrb	r5, [r3, #4]
10006f3c:	4b44      	ldr	r3, [pc, #272]	@ (10007050 <tud_task_ext+0x6a0>)
10006f3e:	781b      	ldrb	r3, [r3, #0]
10006f40:	429d      	cmp	r5, r3
10006f42:	d228      	bcs.n	10006f96 <tud_task_ext+0x5e6>
10006f44:	4b44      	ldr	r3, [pc, #272]	@ (10007058 <tud_task_ext+0x6a8>)
10006f46:	016d      	lsls	r5, r5, #5
10006f48:	681b      	ldr	r3, [r3, #0]
10006f4a:	195d      	adds	r5, r3, r5
10006f4c:	2d00      	cmp	r5, #0
10006f4e:	d100      	bne.n	10006f52 <tud_task_ext+0x5a2>
10006f50:	e6b0      	b.n	10006cb4 <tud_task_ext+0x304>
10006f52:	6968      	ldr	r0, [r5, #20]
10006f54:	f000 fa56 	bl	10007404 <usbd_control_set_complete_callback>
10006f58:	2101      	movs	r1, #1
10006f5a:	4658      	mov	r0, fp
10006f5c:	696b      	ldr	r3, [r5, #20]
10006f5e:	aa0e      	add	r2, sp, #56	@ 0x38
10006f60:	4798      	blx	r3
10006f62:	e6b8      	b.n	10006cd6 <tud_task_ext+0x326>
10006f64:	2a00      	cmp	r2, #0
10006f66:	d000      	beq.n	10006f6a <tud_task_ext+0x5ba>
10006f68:	e6a4      	b.n	10006cb4 <tud_task_ext+0x304>
10006f6a:	2300      	movs	r3, #0
10006f6c:	4699      	mov	r9, r3
10006f6e:	7962      	ldrb	r2, [r4, #5]
10006f70:	2002      	movs	r0, #2
10006f72:	0013      	movs	r3, r2
10006f74:	9203      	str	r2, [sp, #12]
10006f76:	4383      	bics	r3, r0
10006f78:	2b01      	cmp	r3, #1
10006f7a:	d015      	beq.n	10006fa8 <tud_task_ext+0x5f8>
10006f7c:	2a00      	cmp	r2, #0
10006f7e:	d000      	beq.n	10006f82 <tud_task_ext+0x5d2>
10006f80:	e698      	b.n	10006cb4 <tud_task_ext+0x304>
10006f82:	002b      	movs	r3, r5
10006f84:	4443      	add	r3, r8
10006f86:	4453      	add	r3, sl
10006f88:	3330      	adds	r3, #48	@ 0x30
10006f8a:	791b      	ldrb	r3, [r3, #4]
10006f8c:	aa0c      	add	r2, sp, #48	@ 0x30
10006f8e:	079b      	lsls	r3, r3, #30
10006f90:	0fdb      	lsrs	r3, r3, #31
10006f92:	3202      	adds	r2, #2
10006f94:	e7bc      	b.n	10006f10 <tud_task_ext+0x560>
10006f96:	1c5a      	adds	r2, r3, #1
10006f98:	42aa      	cmp	r2, r5
10006f9a:	da00      	bge.n	10006f9e <tud_task_ext+0x5ee>
10006f9c:	e68a      	b.n	10006cb4 <tud_task_ext+0x304>
10006f9e:	1aed      	subs	r5, r5, r3
10006fa0:	4b2c      	ldr	r3, [pc, #176]	@ (10007054 <tud_task_ext+0x6a4>)
10006fa2:	016d      	lsls	r5, r5, #5
10006fa4:	18ed      	adds	r5, r5, r3
10006fa6:	e7d4      	b.n	10006f52 <tud_task_ext+0x5a2>
10006fa8:	88e3      	ldrh	r3, [r4, #6]
10006faa:	2b00      	cmp	r3, #0
10006fac:	d112      	bne.n	10006fd4 <tud_task_ext+0x624>
10006fae:	9b02      	ldr	r3, [sp, #8]
10006fb0:	7818      	ldrb	r0, [r3, #0]
10006fb2:	9b03      	ldr	r3, [sp, #12]
10006fb4:	2b01      	cmp	r3, #1
10006fb6:	d023      	beq.n	10007000 <tud_task_ext+0x650>
10006fb8:	f7ff fbea 	bl	10006790 <dcd_edpt_stall>
10006fbc:	4643      	mov	r3, r8
10006fbe:	2102      	movs	r1, #2
10006fc0:	18eb      	adds	r3, r5, r3
10006fc2:	4453      	add	r3, sl
10006fc4:	3330      	adds	r3, #48	@ 0x30
10006fc6:	791a      	ldrb	r2, [r3, #4]
10006fc8:	430a      	orrs	r2, r1
10006fca:	2101      	movs	r1, #1
10006fcc:	711a      	strb	r2, [r3, #4]
10006fce:	791a      	ldrb	r2, [r3, #4]
10006fd0:	430a      	orrs	r2, r1
10006fd2:	711a      	strb	r2, [r3, #4]
10006fd4:	464b      	mov	r3, r9
10006fd6:	2b00      	cmp	r3, #0
10006fd8:	d100      	bne.n	10006fdc <tud_task_ext+0x62c>
10006fda:	e4ff      	b.n	100069dc <tud_task_ext+0x2c>
10006fdc:	6958      	ldr	r0, [r3, #20]
10006fde:	f000 fa11 	bl	10007404 <usbd_control_set_complete_callback>
10006fe2:	464b      	mov	r3, r9
10006fe4:	2101      	movs	r1, #1
10006fe6:	695b      	ldr	r3, [r3, #20]
10006fe8:	aa0e      	add	r2, sp, #56	@ 0x38
10006fea:	4658      	mov	r0, fp
10006fec:	4798      	blx	r3
10006fee:	2000      	movs	r0, #0
10006ff0:	f000 fa08 	bl	10007404 <usbd_control_set_complete_callback>
10006ff4:	2335      	movs	r3, #53	@ 0x35
10006ff6:	5ceb      	ldrb	r3, [r5, r3]
10006ff8:	07db      	lsls	r3, r3, #31
10006ffa:	d500      	bpl.n	10006ffe <tud_task_ext+0x64e>
10006ffc:	e4ee      	b.n	100069dc <tud_task_ext+0x2c>
10006ffe:	e6b0      	b.n	10006d62 <tud_task_ext+0x3b2>
10007000:	f7ff fbe4 	bl	100067cc <dcd_edpt_clear_stall>
10007004:	4643      	mov	r3, r8
10007006:	2102      	movs	r1, #2
10007008:	18eb      	adds	r3, r5, r3
1000700a:	4453      	add	r3, sl
1000700c:	3330      	adds	r3, #48	@ 0x30
1000700e:	791a      	ldrb	r2, [r3, #4]
10007010:	438a      	bics	r2, r1
10007012:	711a      	strb	r2, [r3, #4]
10007014:	791a      	ldrb	r2, [r3, #4]
10007016:	9903      	ldr	r1, [sp, #12]
10007018:	438a      	bics	r2, r1
1000701a:	711a      	strb	r2, [r3, #4]
1000701c:	e7da      	b.n	10006fd4 <tud_task_ext+0x624>
1000701e:	f7ff fc37 	bl	10006890 <tud_umount_cb>
10007022:	e69e      	b.n	10006d62 <tud_task_ext+0x3b2>
10007024:	2100      	movs	r1, #0
10007026:	4658      	mov	r0, fp
10007028:	f7ff faf6 	bl	10006618 <dcd_sof_enable>
1000702c:	4658      	mov	r0, fp
1000702e:	f7ff fb99 	bl	10006764 <dcd_edpt_close_all>
10007032:	78ab      	ldrb	r3, [r5, #2]
10007034:	4907      	ldr	r1, [pc, #28]	@ (10007054 <tud_task_ext+0x6a4>)
10007036:	9303      	str	r3, [sp, #12]
10007038:	9104      	str	r1, [sp, #16]
1000703a:	4b05      	ldr	r3, [pc, #20]	@ (10007050 <tud_task_ext+0x6a0>)
1000703c:	4906      	ldr	r1, [pc, #24]	@ (10007058 <tud_task_ext+0x6a8>)
1000703e:	4698      	mov	r8, r3
10007040:	781a      	ldrb	r2, [r3, #0]
10007042:	9105      	str	r1, [sp, #20]
10007044:	2300      	movs	r3, #0
10007046:	0029      	movs	r1, r5
10007048:	001d      	movs	r5, r3
1000704a:	468a      	mov	sl, r1
1000704c:	e01b      	b.n	10007086 <tud_task_ext+0x6d6>
1000704e:	46c0      	nop			@ (mov r8, r8)
10007050:	20027d16 	.word	0x20027d16
10007054:	1000c9d4 	.word	0x1000c9d4
10007058:	20001bf0 	.word	0x20001bf0
1000705c:	20001db4 	.word	0x20001db4
10007060:	1000c978 	.word	0x1000c978
10007064:	9b05      	ldr	r3, [sp, #20]
10007066:	016a      	lsls	r2, r5, #5
10007068:	681b      	ldr	r3, [r3, #0]
1000706a:	189b      	adds	r3, r3, r2
1000706c:	2b00      	cmp	r3, #0
1000706e:	d04d      	beq.n	1000710c <tud_task_ext+0x75c>
10007070:	68db      	ldr	r3, [r3, #12]
10007072:	4658      	mov	r0, fp
10007074:	4798      	blx	r3
10007076:	4643      	mov	r3, r8
10007078:	781a      	ldrb	r2, [r3, #0]
1000707a:	3501      	adds	r5, #1
1000707c:	b2ed      	uxtb	r5, r5
1000707e:	1c51      	adds	r1, r2, #1
10007080:	002b      	movs	r3, r5
10007082:	428d      	cmp	r5, r1
10007084:	dc2e      	bgt.n	100070e4 <tud_task_ext+0x734>
10007086:	4295      	cmp	r5, r2
10007088:	d3ec      	bcc.n	10007064 <tud_task_ext+0x6b4>
1000708a:	1a9b      	subs	r3, r3, r2
1000708c:	9a04      	ldr	r2, [sp, #16]
1000708e:	015b      	lsls	r3, r3, #5
10007090:	4694      	mov	ip, r2
10007092:	4463      	add	r3, ip
10007094:	e7ec      	b.n	10007070 <tud_task_ext+0x6c0>
10007096:	ab0c      	add	r3, sp, #48	@ 0x30
10007098:	1c9a      	adds	r2, r3, #2
1000709a:	4658      	mov	r0, fp
1000709c:	2301      	movs	r3, #1
1000709e:	a90e      	add	r1, sp, #56	@ 0x38
100070a0:	7015      	strb	r5, [r2, #0]
100070a2:	f000 f951 	bl	10007348 <tud_control_xfer>
100070a6:	e499      	b.n	100069dc <tud_task_ext+0x2c>
100070a8:	9a0b      	ldr	r2, [sp, #44]	@ 0x2c
100070aa:	2a01      	cmp	r2, #1
100070ac:	d04f      	beq.n	1000714e <tud_task_ext+0x79e>
100070ae:	2a00      	cmp	r2, #0
100070b0:	d03c      	beq.n	1000712c <tud_task_ext+0x77c>
100070b2:	2300      	movs	r3, #0
100070b4:	78b0      	ldrb	r0, [r6, #2]
100070b6:	e004      	b.n	100070c2 <tud_task_ext+0x712>
100070b8:	3301      	adds	r3, #1
100070ba:	b2db      	uxtb	r3, r3
100070bc:	710f      	strb	r7, [r1, #4]
100070be:	4293      	cmp	r3, r2
100070c0:	d234      	bcs.n	1000712c <tud_task_ext+0x77c>
100070c2:	18c1      	adds	r1, r0, r3
100070c4:	b2c9      	uxtb	r1, r1
100070c6:	4441      	add	r1, r8
100070c8:	790d      	ldrb	r5, [r1, #4]
100070ca:	2dff      	cmp	r5, #255	@ 0xff
100070cc:	d0f4      	beq.n	100070b8 <tud_task_ext+0x708>
100070ce:	464e      	mov	r6, r9
100070d0:	4645      	mov	r5, r8
100070d2:	4657      	mov	r7, sl
100070d4:	2300      	movs	r3, #0
100070d6:	706b      	strb	r3, [r5, #1]
100070d8:	e5ec      	b.n	10006cb4 <tud_task_ext+0x304>
100070da:	464e      	mov	r6, r9
100070dc:	4657      	mov	r7, sl
100070de:	f7ff fbd5 	bl	1000688c <tud_mount_cb>
100070e2:	e63e      	b.n	10006d62 <tud_task_ext+0x3b2>
100070e4:	4655      	mov	r5, sl
100070e6:	2254      	movs	r2, #84	@ 0x54
100070e8:	2100      	movs	r1, #0
100070ea:	0028      	movs	r0, r5
100070ec:	f7fc ff94 	bl	10004018 <__wrap_memset>
100070f0:	2210      	movs	r2, #16
100070f2:	21ff      	movs	r1, #255	@ 0xff
100070f4:	1d28      	adds	r0, r5, #4
100070f6:	f7fc ff8f 	bl	10004018 <__wrap_memset>
100070fa:	0028      	movs	r0, r5
100070fc:	2220      	movs	r2, #32
100070fe:	21ff      	movs	r1, #255	@ 0xff
10007100:	3014      	adds	r0, #20
10007102:	f7fc ff89 	bl	10004018 <__wrap_memset>
10007106:	9b03      	ldr	r3, [sp, #12]
10007108:	70ab      	strb	r3, [r5, #2]
1000710a:	e657      	b.n	10006dbc <tud_task_ext+0x40c>
1000710c:	4655      	mov	r5, sl
1000710e:	e7fa      	b.n	10007106 <tud_task_ext+0x756>
10007110:	f7fe fea4 	bl	10005e5c <tud_descriptor_bos_cb>
10007114:	1e02      	subs	r2, r0, #0
10007116:	d100      	bne.n	1000711a <tud_task_ext+0x76a>
10007118:	e5cc      	b.n	10006cb4 <tud_task_ext+0x304>
1000711a:	78d3      	ldrb	r3, [r2, #3]
1000711c:	7891      	ldrb	r1, [r2, #2]
1000711e:	021b      	lsls	r3, r3, #8
10007120:	430b      	orrs	r3, r1
10007122:	4658      	mov	r0, fp
10007124:	a90e      	add	r1, sp, #56	@ 0x38
10007126:	f000 f90f 	bl	10007348 <tud_control_xfer>
1000712a:	e5d4      	b.n	10006cd6 <tud_task_ext+0x326>
1000712c:	4665      	mov	r5, ip
1000712e:	003b      	movs	r3, r7
10007130:	002a      	movs	r2, r5
10007132:	0031      	movs	r1, r6
10007134:	980a      	ldr	r0, [sp, #40]	@ 0x28
10007136:	f000 fe7f 	bl	10007e38 <tu_edpt_bind_driver>
1000713a:	46ac      	mov	ip, r5
1000713c:	9b04      	ldr	r3, [sp, #16]
1000713e:	9a03      	ldr	r2, [sp, #12]
10007140:	781b      	ldrb	r3, [r3, #0]
10007142:	4466      	add	r6, ip
10007144:	3301      	adds	r3, #1
10007146:	4293      	cmp	r3, r2
10007148:	db00      	blt.n	1000714c <tud_task_ext+0x79c>
1000714a:	e66c      	b.n	10006e26 <tud_task_ext+0x476>
1000714c:	e7bf      	b.n	100070ce <tud_task_ext+0x71e>
1000714e:	4b17      	ldr	r3, [pc, #92]	@ (100071ac <tud_task_ext+0x7fc>)
10007150:	6929      	ldr	r1, [r5, #16]
10007152:	4299      	cmp	r1, r3
10007154:	d1ad      	bne.n	100070b2 <tud_task_ext+0x702>
10007156:	9a07      	ldr	r2, [sp, #28]
10007158:	e7ab      	b.n	100070b2 <tud_task_ext+0x702>
1000715a:	f7ff fb93 	bl	10006884 <tud_descriptor_device_qualifier_cb>
1000715e:	1e02      	subs	r2, r0, #0
10007160:	d100      	bne.n	10007164 <tud_task_ext+0x7b4>
10007162:	e5a7      	b.n	10006cb4 <tud_task_ext+0x304>
10007164:	4658      	mov	r0, fp
10007166:	7813      	ldrb	r3, [r2, #0]
10007168:	a90e      	add	r1, sp, #56	@ 0x38
1000716a:	f000 f8ed 	bl	10007348 <tud_control_xfer>
1000716e:	e5b2      	b.n	10006cd6 <tud_task_ext+0x326>
10007170:	8921      	ldrh	r1, [r4, #8]
10007172:	f7ff f8c3 	bl	100062fc <tud_descriptor_string_cb>
10007176:	1e02      	subs	r2, r0, #0
10007178:	d1f4      	bne.n	10007164 <tud_task_ext+0x7b4>
1000717a:	e59b      	b.n	10006cb4 <tud_task_ext+0x304>
1000717c:	2a02      	cmp	r2, #2
1000717e:	d00f      	beq.n	100071a0 <tud_task_ext+0x7f0>
10007180:	f7ff fb82 	bl	10006888 <tud_descriptor_other_speed_configuration_cb>
10007184:	1e02      	subs	r2, r0, #0
10007186:	d1c8      	bne.n	1000711a <tud_task_ext+0x76a>
10007188:	e594      	b.n	10006cb4 <tud_task_ext+0x304>
1000718a:	f7ff f8af 	bl	100062ec <tud_descriptor_device_cb>
1000718e:	1e02      	subs	r2, r0, #0
10007190:	d100      	bne.n	10007194 <tud_task_ext+0x7e4>
10007192:	e58f      	b.n	10006cb4 <tud_task_ext+0x304>
10007194:	2312      	movs	r3, #18
10007196:	4658      	mov	r0, fp
10007198:	a90e      	add	r1, sp, #56	@ 0x38
1000719a:	f000 f8d5 	bl	10007348 <tud_control_xfer>
1000719e:	e59a      	b.n	10006cd6 <tud_task_ext+0x326>
100071a0:	f7ff f8a8 	bl	100062f4 <tud_descriptor_configuration_cb>
100071a4:	1e02      	subs	r2, r0, #0
100071a6:	d1b8      	bne.n	1000711a <tud_task_ext+0x76a>
100071a8:	e584      	b.n	10006cb4 <tud_task_ext+0x304>
100071aa:	46c0      	nop			@ (mov r8, r8)
100071ac:	10007801 	.word	0x10007801

100071b0 <usbd_open_edpt_pair>:
100071b0:	b5f8      	push	{r3, r4, r5, r6, r7, lr}
100071b2:	4657      	mov	r7, sl
100071b4:	464e      	mov	r6, r9
100071b6:	46de      	mov	lr, fp
100071b8:	4645      	mov	r5, r8
100071ba:	000c      	movs	r4, r1
100071bc:	b5e0      	push	{r5, r6, r7, lr}
100071be:	0016      	movs	r6, r2
100071c0:	001f      	movs	r7, r3
100071c2:	2a00      	cmp	r2, #0
100071c4:	d03c      	beq.n	10007240 <usbd_open_edpt_pair+0x90>
100071c6:	2370      	movs	r3, #112	@ 0x70
100071c8:	4698      	mov	r8, r3
100071ca:	4b1e      	ldr	r3, [pc, #120]	@ (10007244 <usbd_open_edpt_pair+0x94>)
100071cc:	2500      	movs	r5, #0
100071ce:	469b      	mov	fp, r3
100071d0:	4b1d      	ldr	r3, [pc, #116]	@ (10007248 <usbd_open_edpt_pair+0x98>)
100071d2:	469a      	mov	sl, r3
100071d4:	e01a      	b.n	1000720c <usbd_open_edpt_pair+0x5c>
100071d6:	465b      	mov	r3, fp
100071d8:	781b      	ldrb	r3, [r3, #0]
100071da:	0020      	movs	r0, r4
100071dc:	4699      	mov	r9, r3
100071de:	4653      	mov	r3, sl
100071e0:	7899      	ldrb	r1, [r3, #2]
100071e2:	f000 fdeb 	bl	10007dbc <tu_edpt_validate>
100071e6:	2800      	cmp	r0, #0
100071e8:	d01c      	beq.n	10007224 <usbd_open_edpt_pair+0x74>
100071ea:	0021      	movs	r1, r4
100071ec:	4648      	mov	r0, r9
100071ee:	f7ff fa2f 	bl	10006650 <dcd_edpt_open>
100071f2:	2800      	cmp	r0, #0
100071f4:	d016      	beq.n	10007224 <usbd_open_edpt_pair+0x74>
100071f6:	78a3      	ldrb	r3, [r4, #2]
100071f8:	09da      	lsrs	r2, r3, #7
100071fa:	2a01      	cmp	r2, #1
100071fc:	d019      	beq.n	10007232 <usbd_open_edpt_pair+0x82>
100071fe:	9a0a      	ldr	r2, [sp, #40]	@ 0x28
10007200:	3501      	adds	r5, #1
10007202:	7013      	strb	r3, [r2, #0]
10007204:	7823      	ldrb	r3, [r4, #0]
10007206:	18e4      	adds	r4, r4, r3
10007208:	42b5      	cmp	r5, r6
1000720a:	da19      	bge.n	10007240 <usbd_open_edpt_pair+0x90>
1000720c:	7863      	ldrb	r3, [r4, #1]
1000720e:	2b05      	cmp	r3, #5
10007210:	d108      	bne.n	10007224 <usbd_open_edpt_pair+0x74>
10007212:	78e3      	ldrb	r3, [r4, #3]
10007214:	079b      	lsls	r3, r3, #30
10007216:	0f9b      	lsrs	r3, r3, #30
10007218:	42bb      	cmp	r3, r7
1000721a:	d103      	bne.n	10007224 <usbd_open_edpt_pair+0x74>
1000721c:	4642      	mov	r2, r8
1000721e:	78a3      	ldrb	r3, [r4, #2]
10007220:	421a      	tst	r2, r3
10007222:	d0d8      	beq.n	100071d6 <usbd_open_edpt_pair+0x26>
10007224:	2000      	movs	r0, #0
10007226:	bcf0      	pop	{r4, r5, r6, r7}
10007228:	46bb      	mov	fp, r7
1000722a:	46b2      	mov	sl, r6
1000722c:	46a9      	mov	r9, r5
1000722e:	46a0      	mov	r8, r4
10007230:	bdf8      	pop	{r3, r4, r5, r6, r7, pc}
10007232:	9a0b      	ldr	r2, [sp, #44]	@ 0x2c
10007234:	3501      	adds	r5, #1
10007236:	7013      	strb	r3, [r2, #0]
10007238:	7823      	ldrb	r3, [r4, #0]
1000723a:	18e4      	adds	r4, r4, r3
1000723c:	42b5      	cmp	r5, r6
1000723e:	dbe5      	blt.n	1000720c <usbd_open_edpt_pair+0x5c>
10007240:	2001      	movs	r0, #1
10007242:	e7f0      	b.n	10007226 <usbd_open_edpt_pair+0x76>
10007244:	20001114 	.word	0x20001114
10007248:	20001da0 	.word	0x20001da0

1000724c <usbd_edpt_open>:
1000724c:	2270      	movs	r2, #112	@ 0x70
1000724e:	b570      	push	{r4, r5, r6, lr}
10007250:	788b      	ldrb	r3, [r1, #2]
10007252:	000c      	movs	r4, r1
10007254:	421a      	tst	r2, r3
10007256:	d001      	beq.n	1000725c <usbd_edpt_open+0x10>
10007258:	2000      	movs	r0, #0
1000725a:	bd70      	pop	{r4, r5, r6, pc}
1000725c:	4b06      	ldr	r3, [pc, #24]	@ (10007278 <usbd_edpt_open+0x2c>)
1000725e:	0020      	movs	r0, r4
10007260:	781d      	ldrb	r5, [r3, #0]
10007262:	4b06      	ldr	r3, [pc, #24]	@ (1000727c <usbd_edpt_open+0x30>)
10007264:	7899      	ldrb	r1, [r3, #2]
10007266:	f000 fda9 	bl	10007dbc <tu_edpt_validate>
1000726a:	2800      	cmp	r0, #0
1000726c:	d0f4      	beq.n	10007258 <usbd_edpt_open+0xc>
1000726e:	0021      	movs	r1, r4
10007270:	0028      	movs	r0, r5
10007272:	f7ff f9ed 	bl	10006650 <dcd_edpt_open>
10007276:	e7f0      	b.n	1000725a <usbd_edpt_open+0xe>
10007278:	20001114 	.word	0x20001114
1000727c:	20001da0 	.word	0x20001da0

10007280 <usbd_edpt_claim>:
10007280:	000b      	movs	r3, r1
10007282:	207f      	movs	r0, #127	@ 0x7f
10007284:	b510      	push	{r4, lr}
10007286:	4018      	ands	r0, r3
10007288:	09db      	lsrs	r3, r3, #7
1000728a:	3334      	adds	r3, #52	@ 0x34
1000728c:	0040      	lsls	r0, r0, #1
1000728e:	4a04      	ldr	r2, [pc, #16]	@ (100072a0 <usbd_edpt_claim+0x20>)
10007290:	18c0      	adds	r0, r0, r3
10007292:	4b04      	ldr	r3, [pc, #16]	@ (100072a4 <usbd_edpt_claim+0x24>)
10007294:	6811      	ldr	r1, [r2, #0]
10007296:	18c0      	adds	r0, r0, r3
10007298:	f000 fd4c 	bl	10007d34 <tu_edpt_claim>
1000729c:	bd10      	pop	{r4, pc}
1000729e:	46c0      	nop			@ (mov r8, r8)
100072a0:	20001df4 	.word	0x20001df4
100072a4:	20001da0 	.word	0x20001da0

100072a8 <usbd_edpt_release>:
100072a8:	000b      	movs	r3, r1
100072aa:	207f      	movs	r0, #127	@ 0x7f
100072ac:	b510      	push	{r4, lr}
100072ae:	4018      	ands	r0, r3
100072b0:	09db      	lsrs	r3, r3, #7
100072b2:	3334      	adds	r3, #52	@ 0x34
100072b4:	0040      	lsls	r0, r0, #1
100072b6:	4a04      	ldr	r2, [pc, #16]	@ (100072c8 <usbd_edpt_release+0x20>)
100072b8:	18c0      	adds	r0, r0, r3
100072ba:	4b04      	ldr	r3, [pc, #16]	@ (100072cc <usbd_edpt_release+0x24>)
100072bc:	6811      	ldr	r1, [r2, #0]
100072be:	18c0      	adds	r0, r0, r3
100072c0:	f000 fd60 	bl	10007d84 <tu_edpt_release>
100072c4:	bd10      	pop	{r4, pc}
100072c6:	46c0      	nop			@ (mov r8, r8)
100072c8:	20001df4 	.word	0x20001df4
100072cc:	20001da0 	.word	0x20001da0

100072d0 <usbd_edpt_xfer>:
100072d0:	b570      	push	{r4, r5, r6, lr}
100072d2:	247f      	movs	r4, #127	@ 0x7f
100072d4:	480f      	ldr	r0, [pc, #60]	@ (10007314 <usbd_edpt_xfer+0x44>)
100072d6:	400c      	ands	r4, r1
100072d8:	0064      	lsls	r4, r4, #1
100072da:	1904      	adds	r4, r0, r4
100072dc:	09cd      	lsrs	r5, r1, #7
100072de:	1964      	adds	r4, r4, r5
100072e0:	3430      	adds	r4, #48	@ 0x30
100072e2:	7920      	ldrb	r0, [r4, #4]
100072e4:	07c0      	lsls	r0, r0, #31
100072e6:	d501      	bpl.n	100072ec <usbd_edpt_xfer+0x1c>
100072e8:	2000      	movs	r0, #0
100072ea:	bd70      	pop	{r4, r5, r6, pc}
100072ec:	2601      	movs	r6, #1
100072ee:	7925      	ldrb	r5, [r4, #4]
100072f0:	4809      	ldr	r0, [pc, #36]	@ (10007318 <usbd_edpt_xfer+0x48>)
100072f2:	4335      	orrs	r5, r6
100072f4:	7800      	ldrb	r0, [r0, #0]
100072f6:	7125      	strb	r5, [r4, #4]
100072f8:	f7ff fa38 	bl	1000676c <dcd_edpt_xfer>
100072fc:	2800      	cmp	r0, #0
100072fe:	d1f4      	bne.n	100072ea <usbd_edpt_xfer+0x1a>
10007300:	2201      	movs	r2, #1
10007302:	7923      	ldrb	r3, [r4, #4]
10007304:	4393      	bics	r3, r2
10007306:	7123      	strb	r3, [r4, #4]
10007308:	7923      	ldrb	r3, [r4, #4]
1000730a:	3203      	adds	r2, #3
1000730c:	4393      	bics	r3, r2
1000730e:	7123      	strb	r3, [r4, #4]
10007310:	e7ea      	b.n	100072e8 <usbd_edpt_xfer+0x18>
10007312:	46c0      	nop			@ (mov r8, r8)
10007314:	20001da0 	.word	0x20001da0
10007318:	20001114 	.word	0x20001114

1000731c <tud_control_status>:
1000731c:	b570      	push	{r4, r5, r6, lr}
1000731e:	4c09      	ldr	r4, [pc, #36]	@ (10007344 <tud_control_status+0x28>)
10007320:	0006      	movs	r6, r0
10007322:	2208      	movs	r2, #8
10007324:	0020      	movs	r0, r4
10007326:	000d      	movs	r5, r1
10007328:	f7fc fe7c 	bl	10004024 <__wrap___aeabi_memcpy>
1000732c:	2300      	movs	r3, #0
1000732e:	2180      	movs	r1, #128	@ 0x80
10007330:	60e3      	str	r3, [r4, #12]
10007332:	60a3      	str	r3, [r4, #8]
10007334:	782b      	ldrb	r3, [r5, #0]
10007336:	0030      	movs	r0, r6
10007338:	4399      	bics	r1, r3
1000733a:	2200      	movs	r2, #0
1000733c:	2300      	movs	r3, #0
1000733e:	f7ff ffc7 	bl	100072d0 <usbd_edpt_xfer>
10007342:	bd70      	pop	{r4, r5, r6, pc}
10007344:	20001d80 	.word	0x20001d80

10007348 <tud_control_xfer>:
10007348:	b5f8      	push	{r3, r4, r5, r6, r7, lr}
1000734a:	46ce      	mov	lr, r9
1000734c:	4647      	mov	r7, r8
1000734e:	4690      	mov	r8, r2
10007350:	4e25      	ldr	r6, [pc, #148]	@ (100073e8 <tud_control_xfer+0xa0>)
10007352:	b580      	push	{r7, lr}
10007354:	4681      	mov	r9, r0
10007356:	2208      	movs	r2, #8
10007358:	0030      	movs	r0, r6
1000735a:	000d      	movs	r5, r1
1000735c:	001f      	movs	r7, r3
1000735e:	f7fc fe61 	bl	10004024 <__wrap___aeabi_memcpy>
10007362:	4643      	mov	r3, r8
10007364:	60b3      	str	r3, [r6, #8]
10007366:	2300      	movs	r3, #0
10007368:	81f3      	strh	r3, [r6, #14]
1000736a:	79ec      	ldrb	r4, [r5, #7]
1000736c:	79ab      	ldrb	r3, [r5, #6]
1000736e:	0224      	lsls	r4, r4, #8
10007370:	431c      	orrs	r4, r3
10007372:	1c23      	adds	r3, r4, #0
10007374:	42bc      	cmp	r4, r7
10007376:	d900      	bls.n	1000737a <tud_control_xfer+0x32>
10007378:	1c3b      	adds	r3, r7, #0
1000737a:	b29f      	uxth	r7, r3
1000737c:	81b3      	strh	r3, [r6, #12]
1000737e:	2c00      	cmp	r4, #0
10007380:	d00d      	beq.n	1000739e <tud_control_xfer+0x56>
10007382:	2f00      	cmp	r7, #0
10007384:	d017      	beq.n	100073b6 <tud_control_xfer+0x6e>
10007386:	4642      	mov	r2, r8
10007388:	2a00      	cmp	r2, #0
1000738a:	d02b      	beq.n	100073e4 <tud_control_xfer+0x9c>
1000738c:	2f40      	cmp	r7, #64	@ 0x40
1000738e:	d81b      	bhi.n	100073c8 <tud_control_xfer+0x80>
10007390:	b29f      	uxth	r7, r3
10007392:	7833      	ldrb	r3, [r6, #0]
10007394:	2b7f      	cmp	r3, #127	@ 0x7f
10007396:	d81c      	bhi.n	100073d2 <tud_control_xfer+0x8a>
10007398:	2100      	movs	r1, #0
1000739a:	4a14      	ldr	r2, [pc, #80]	@ (100073ec <tud_control_xfer+0xa4>)
1000739c:	e00f      	b.n	100073be <tud_control_xfer+0x76>
1000739e:	2180      	movs	r1, #128	@ 0x80
100073a0:	782b      	ldrb	r3, [r5, #0]
100073a2:	2200      	movs	r2, #0
100073a4:	4399      	bics	r1, r3
100073a6:	4648      	mov	r0, r9
100073a8:	2300      	movs	r3, #0
100073aa:	f7ff ff91 	bl	100072d0 <usbd_edpt_xfer>
100073ae:	bcc0      	pop	{r6, r7}
100073b0:	46b9      	mov	r9, r7
100073b2:	46b0      	mov	r8, r6
100073b4:	bdf8      	pop	{r3, r4, r5, r6, r7, pc}
100073b6:	237f      	movs	r3, #127	@ 0x7f
100073b8:	2200      	movs	r2, #0
100073ba:	7831      	ldrb	r1, [r6, #0]
100073bc:	4399      	bics	r1, r3
100073be:	003b      	movs	r3, r7
100073c0:	4648      	mov	r0, r9
100073c2:	f7ff ff85 	bl	100072d0 <usbd_edpt_xfer>
100073c6:	e7f2      	b.n	100073ae <tud_control_xfer+0x66>
100073c8:	2340      	movs	r3, #64	@ 0x40
100073ca:	b29f      	uxth	r7, r3
100073cc:	7833      	ldrb	r3, [r6, #0]
100073ce:	2b7f      	cmp	r3, #127	@ 0x7f
100073d0:	d9e2      	bls.n	10007398 <tud_control_xfer+0x50>
100073d2:	4c06      	ldr	r4, [pc, #24]	@ (100073ec <tud_control_xfer+0xa4>)
100073d4:	003a      	movs	r2, r7
100073d6:	4641      	mov	r1, r8
100073d8:	0020      	movs	r0, r4
100073da:	f7fc fe23 	bl	10004024 <__wrap___aeabi_memcpy>
100073de:	2180      	movs	r1, #128	@ 0x80
100073e0:	0022      	movs	r2, r4
100073e2:	e7ec      	b.n	100073be <tud_control_xfer+0x76>
100073e4:	2000      	movs	r0, #0
100073e6:	e7e2      	b.n	100073ae <tud_control_xfer+0x66>
100073e8:	20001d80 	.word	0x20001d80
100073ec:	20001d40 	.word	0x20001d40

100073f0 <usbd_control_reset>:
100073f0:	b510      	push	{r4, lr}
100073f2:	2214      	movs	r2, #20
100073f4:	2100      	movs	r1, #0
100073f6:	4802      	ldr	r0, [pc, #8]	@ (10007400 <usbd_control_reset+0x10>)
100073f8:	f7fc fe0e 	bl	10004018 <__wrap_memset>
100073fc:	bd10      	pop	{r4, pc}
100073fe:	46c0      	nop			@ (mov r8, r8)
10007400:	20001d80 	.word	0x20001d80

10007404 <usbd_control_set_complete_callback>:
10007404:	4b01      	ldr	r3, [pc, #4]	@ (1000740c <usbd_control_set_complete_callback+0x8>)
10007406:	6118      	str	r0, [r3, #16]
10007408:	4770      	bx	lr
1000740a:	46c0      	nop			@ (mov r8, r8)
1000740c:	20001d80 	.word	0x20001d80

10007410 <usbd_control_set_request>:
10007410:	b510      	push	{r4, lr}
10007412:	4c05      	ldr	r4, [pc, #20]	@ (10007428 <usbd_control_set_request+0x18>)
10007414:	0001      	movs	r1, r0
10007416:	2208      	movs	r2, #8
10007418:	0020      	movs	r0, r4
1000741a:	f7fc fe03 	bl	10004024 <__wrap___aeabi_memcpy>
1000741e:	2300      	movs	r3, #0
10007420:	60a3      	str	r3, [r4, #8]
10007422:	60e3      	str	r3, [r4, #12]
10007424:	bd10      	pop	{r4, pc}
10007426:	46c0      	nop			@ (mov r8, r8)
10007428:	20001d80 	.word	0x20001d80

1000742c <usbd_control_xfer_cb>:
1000742c:	b570      	push	{r4, r5, r6, lr}
1000742e:	4c38      	ldr	r4, [pc, #224]	@ (10007510 <usbd_control_xfer_cb+0xe4>)
10007430:	001d      	movs	r5, r3
10007432:	7823      	ldrb	r3, [r4, #0]
10007434:	0006      	movs	r6, r0
10007436:	09da      	lsrs	r2, r3, #7
10007438:	09c9      	lsrs	r1, r1, #7
1000743a:	428a      	cmp	r2, r1
1000743c:	d010      	beq.n	10007460 <usbd_control_xfer_cb+0x34>
1000743e:	2000      	movs	r0, #0
10007440:	2d00      	cmp	r5, #0
10007442:	d000      	beq.n	10007446 <usbd_control_xfer_cb+0x1a>
10007444:	bd70      	pop	{r4, r5, r6, pc}
10007446:	0021      	movs	r1, r4
10007448:	0030      	movs	r0, r6
1000744a:	f7ff f8f3 	bl	10006634 <dcd_edpt0_status_complete>
1000744e:	6923      	ldr	r3, [r4, #16]
10007450:	2b00      	cmp	r3, #0
10007452:	d003      	beq.n	1000745c <usbd_control_xfer_cb+0x30>
10007454:	0022      	movs	r2, r4
10007456:	2103      	movs	r1, #3
10007458:	0030      	movs	r0, r6
1000745a:	4798      	blx	r3
1000745c:	2001      	movs	r0, #1
1000745e:	e7f1      	b.n	10007444 <usbd_control_xfer_cb+0x18>
10007460:	2b7f      	cmp	r3, #127	@ 0x7f
10007462:	d806      	bhi.n	10007472 <usbd_control_xfer_cb+0x46>
10007464:	68a0      	ldr	r0, [r4, #8]
10007466:	2800      	cmp	r0, #0
10007468:	d034      	beq.n	100074d4 <usbd_control_xfer_cb+0xa8>
1000746a:	002a      	movs	r2, r5
1000746c:	4929      	ldr	r1, [pc, #164]	@ (10007514 <usbd_control_xfer_cb+0xe8>)
1000746e:	f7fc fdd9 	bl	10004024 <__wrap___aeabi_memcpy>
10007472:	89e2      	ldrh	r2, [r4, #14]
10007474:	68a1      	ldr	r1, [r4, #8]
10007476:	1952      	adds	r2, r2, r5
10007478:	88e3      	ldrh	r3, [r4, #6]
1000747a:	b292      	uxth	r2, r2
1000747c:	1949      	adds	r1, r1, r5
1000747e:	81e2      	strh	r2, [r4, #14]
10007480:	60a1      	str	r1, [r4, #8]
10007482:	4293      	cmp	r3, r2
10007484:	d014      	beq.n	100074b0 <usbd_control_xfer_cb+0x84>
10007486:	2d3f      	cmp	r5, #63	@ 0x3f
10007488:	d912      	bls.n	100074b0 <usbd_control_xfer_cb+0x84>
1000748a:	89a3      	ldrh	r3, [r4, #12]
1000748c:	1a98      	subs	r0, r3, r2
1000748e:	1c05      	adds	r5, r0, #0
10007490:	b280      	uxth	r0, r0
10007492:	2840      	cmp	r0, #64	@ 0x40
10007494:	d82a      	bhi.n	100074ec <usbd_control_xfer_cb+0xc0>
10007496:	7820      	ldrb	r0, [r4, #0]
10007498:	b2ad      	uxth	r5, r5
1000749a:	287f      	cmp	r0, #127	@ 0x7f
1000749c:	d828      	bhi.n	100074f0 <usbd_control_xfer_cb+0xc4>
1000749e:	2100      	movs	r1, #0
100074a0:	429a      	cmp	r2, r3
100074a2:	d032      	beq.n	1000750a <usbd_control_xfer_cb+0xde>
100074a4:	4a1b      	ldr	r2, [pc, #108]	@ (10007514 <usbd_control_xfer_cb+0xe8>)
100074a6:	002b      	movs	r3, r5
100074a8:	0030      	movs	r0, r6
100074aa:	f7ff ff11 	bl	100072d0 <usbd_edpt_xfer>
100074ae:	e7c9      	b.n	10007444 <usbd_control_xfer_cb+0x18>
100074b0:	6923      	ldr	r3, [r4, #16]
100074b2:	2b00      	cmp	r3, #0
100074b4:	d005      	beq.n	100074c2 <usbd_control_xfer_cb+0x96>
100074b6:	0022      	movs	r2, r4
100074b8:	2102      	movs	r1, #2
100074ba:	0030      	movs	r0, r6
100074bc:	4798      	blx	r3
100074be:	2800      	cmp	r0, #0
100074c0:	d00a      	beq.n	100074d8 <usbd_control_xfer_cb+0xac>
100074c2:	2180      	movs	r1, #128	@ 0x80
100074c4:	7823      	ldrb	r3, [r4, #0]
100074c6:	2200      	movs	r2, #0
100074c8:	4399      	bics	r1, r3
100074ca:	0030      	movs	r0, r6
100074cc:	2300      	movs	r3, #0
100074ce:	f7ff feff 	bl	100072d0 <usbd_edpt_xfer>
100074d2:	e7b7      	b.n	10007444 <usbd_control_xfer_cb+0x18>
100074d4:	2000      	movs	r0, #0
100074d6:	e7b5      	b.n	10007444 <usbd_control_xfer_cb+0x18>
100074d8:	2100      	movs	r1, #0
100074da:	0030      	movs	r0, r6
100074dc:	f7ff f958 	bl	10006790 <dcd_edpt_stall>
100074e0:	0030      	movs	r0, r6
100074e2:	2180      	movs	r1, #128	@ 0x80
100074e4:	f7ff f954 	bl	10006790 <dcd_edpt_stall>
100074e8:	2001      	movs	r0, #1
100074ea:	e7ab      	b.n	10007444 <usbd_control_xfer_cb+0x18>
100074ec:	2540      	movs	r5, #64	@ 0x40
100074ee:	e7d2      	b.n	10007496 <usbd_control_xfer_cb+0x6a>
100074f0:	429a      	cmp	r2, r3
100074f2:	d007      	beq.n	10007504 <usbd_control_xfer_cb+0xd8>
100074f4:	4c07      	ldr	r4, [pc, #28]	@ (10007514 <usbd_control_xfer_cb+0xe8>)
100074f6:	002a      	movs	r2, r5
100074f8:	0020      	movs	r0, r4
100074fa:	f7fc fd93 	bl	10004024 <__wrap___aeabi_memcpy>
100074fe:	2180      	movs	r1, #128	@ 0x80
10007500:	0022      	movs	r2, r4
10007502:	e7d0      	b.n	100074a6 <usbd_control_xfer_cb+0x7a>
10007504:	2180      	movs	r1, #128	@ 0x80
10007506:	2200      	movs	r2, #0
10007508:	e7cd      	b.n	100074a6 <usbd_control_xfer_cb+0x7a>
1000750a:	2200      	movs	r2, #0
1000750c:	e7cb      	b.n	100074a6 <usbd_control_xfer_cb+0x7a>
1000750e:	46c0      	nop			@ (mov r8, r8)
10007510:	20001d80 	.word	0x20001d80
10007514:	20001d40 	.word	0x20001d40

10007518 <_prep_out_transaction.isra.0>:
10007518:	b570      	push	{r4, r5, r6, lr}
1000751a:	0004      	movs	r4, r0
1000751c:	f7ff f9be 	bl	1000689c <tud_mounted>
10007520:	2800      	cmp	r0, #0
10007522:	d100      	bne.n	10007526 <_prep_out_transaction.isra.0+0xe>
10007524:	bd70      	pop	{r4, r5, r6, pc}
10007526:	f7ff f9c1 	bl	100068ac <tud_suspended>
1000752a:	2800      	cmp	r0, #0
1000752c:	d1fa      	bne.n	10007524 <_prep_out_transaction.isra.0+0xc>
1000752e:	23c8      	movs	r3, #200	@ 0xc8
10007530:	4363      	muls	r3, r4
10007532:	4d12      	ldr	r5, [pc, #72]	@ (1000757c <_prep_out_transaction.isra.0+0x64>)
10007534:	18ee      	adds	r6, r5, r3
10007536:	78f1      	ldrb	r1, [r6, #3]
10007538:	2900      	cmp	r1, #0
1000753a:	d0f3      	beq.n	10007524 <_prep_out_transaction.isra.0+0xc>
1000753c:	3310      	adds	r3, #16
1000753e:	195d      	adds	r5, r3, r5
10007540:	0028      	movs	r0, r5
10007542:	f000 fdf3 	bl	1000812c <tu_fifo_remaining>
10007546:	283f      	cmp	r0, #63	@ 0x3f
10007548:	d9ec      	bls.n	10007524 <_prep_out_transaction.isra.0+0xc>
1000754a:	2000      	movs	r0, #0
1000754c:	78f1      	ldrb	r1, [r6, #3]
1000754e:	f7ff fe97 	bl	10007280 <usbd_edpt_claim>
10007552:	2800      	cmp	r0, #0
10007554:	d0e6      	beq.n	10007524 <_prep_out_transaction.isra.0+0xc>
10007556:	0028      	movs	r0, r5
10007558:	f000 fde8 	bl	1000812c <tu_fifo_remaining>
1000755c:	78f1      	ldrb	r1, [r6, #3]
1000755e:	283f      	cmp	r0, #63	@ 0x3f
10007560:	d907      	bls.n	10007572 <_prep_out_transaction.isra.0+0x5a>
10007562:	4b07      	ldr	r3, [pc, #28]	@ (10007580 <_prep_out_transaction.isra.0+0x68>)
10007564:	01e2      	lsls	r2, r4, #7
10007566:	18d2      	adds	r2, r2, r3
10007568:	2000      	movs	r0, #0
1000756a:	2340      	movs	r3, #64	@ 0x40
1000756c:	f7ff feb0 	bl	100072d0 <usbd_edpt_xfer>
10007570:	e7d8      	b.n	10007524 <_prep_out_transaction.isra.0+0xc>
10007572:	2000      	movs	r0, #0
10007574:	f7ff fe98 	bl	100072a8 <usbd_edpt_release>
10007578:	e7d4      	b.n	10007524 <_prep_out_transaction.isra.0+0xc>
1000757a:	46c0      	nop			@ (mov r8, r8)
1000757c:	20001c78 	.word	0x20001c78
10007580:	20001bf4 	.word	0x20001bf4

10007584 <tud_cdc_n_connected>:
10007584:	b510      	push	{r4, lr}
10007586:	0004      	movs	r4, r0
10007588:	f7ff f988 	bl	1000689c <tud_mounted>
1000758c:	2800      	cmp	r0, #0
1000758e:	d101      	bne.n	10007594 <tud_cdc_n_connected+0x10>
10007590:	2000      	movs	r0, #0
10007592:	bd10      	pop	{r4, pc}
10007594:	f7ff f98a 	bl	100068ac <tud_suspended>
10007598:	2800      	cmp	r0, #0
1000759a:	d1f9      	bne.n	10007590 <tud_cdc_n_connected+0xc>
1000759c:	22c8      	movs	r2, #200	@ 0xc8
1000759e:	4362      	muls	r2, r4
100075a0:	4b02      	ldr	r3, [pc, #8]	@ (100075ac <tud_cdc_n_connected+0x28>)
100075a2:	3001      	adds	r0, #1
100075a4:	189b      	adds	r3, r3, r2
100075a6:	791b      	ldrb	r3, [r3, #4]
100075a8:	4018      	ands	r0, r3
100075aa:	e7f2      	b.n	10007592 <tud_cdc_n_connected+0xe>
100075ac:	20001c78 	.word	0x20001c78

100075b0 <tud_cdc_n_available>:
100075b0:	23c8      	movs	r3, #200	@ 0xc8
100075b2:	b510      	push	{r4, lr}
100075b4:	4343      	muls	r3, r0
100075b6:	4802      	ldr	r0, [pc, #8]	@ (100075c0 <tud_cdc_n_available+0x10>)
100075b8:	1818      	adds	r0, r3, r0
100075ba:	f000 fd99 	bl	100080f0 <tu_fifo_count>
100075be:	bd10      	pop	{r4, pc}
100075c0:	20001c88 	.word	0x20001c88

100075c4 <tud_cdc_n_read>:
100075c4:	b5f8      	push	{r3, r4, r5, r6, r7, lr}
100075c6:	24c8      	movs	r4, #200	@ 0xc8
100075c8:	2380      	movs	r3, #128	@ 0x80
100075ca:	4344      	muls	r4, r0
100075cc:	4f1c      	ldr	r7, [pc, #112]	@ (10007640 <tud_cdc_n_read+0x7c>)
100075ce:	3410      	adds	r4, #16
100075d0:	0005      	movs	r5, r0
100075d2:	193c      	adds	r4, r7, r4
100075d4:	025b      	lsls	r3, r3, #9
100075d6:	429a      	cmp	r2, r3
100075d8:	d300      	bcc.n	100075dc <tud_cdc_n_read+0x18>
100075da:	4a1a      	ldr	r2, [pc, #104]	@ (10007644 <tud_cdc_n_read+0x80>)
100075dc:	0020      	movs	r0, r4
100075de:	b292      	uxth	r2, r2
100075e0:	f000 fe08 	bl	100081f4 <tu_fifo_read_n>
100075e4:	0006      	movs	r6, r0
100075e6:	f7ff f959 	bl	1000689c <tud_mounted>
100075ea:	2800      	cmp	r0, #0
100075ec:	d101      	bne.n	100075f2 <tud_cdc_n_read+0x2e>
100075ee:	0030      	movs	r0, r6
100075f0:	bdf8      	pop	{r3, r4, r5, r6, r7, pc}
100075f2:	f7ff f95b 	bl	100068ac <tud_suspended>
100075f6:	2800      	cmp	r0, #0
100075f8:	d1f9      	bne.n	100075ee <tud_cdc_n_read+0x2a>
100075fa:	23c8      	movs	r3, #200	@ 0xc8
100075fc:	436b      	muls	r3, r5
100075fe:	18ff      	adds	r7, r7, r3
10007600:	78fb      	ldrb	r3, [r7, #3]
10007602:	2b00      	cmp	r3, #0
10007604:	d0f3      	beq.n	100075ee <tud_cdc_n_read+0x2a>
10007606:	0020      	movs	r0, r4
10007608:	f000 fd90 	bl	1000812c <tu_fifo_remaining>
1000760c:	283f      	cmp	r0, #63	@ 0x3f
1000760e:	d9ee      	bls.n	100075ee <tud_cdc_n_read+0x2a>
10007610:	2000      	movs	r0, #0
10007612:	78f9      	ldrb	r1, [r7, #3]
10007614:	f7ff fe34 	bl	10007280 <usbd_edpt_claim>
10007618:	2800      	cmp	r0, #0
1000761a:	d0e8      	beq.n	100075ee <tud_cdc_n_read+0x2a>
1000761c:	0020      	movs	r0, r4
1000761e:	f000 fd85 	bl	1000812c <tu_fifo_remaining>
10007622:	78f9      	ldrb	r1, [r7, #3]
10007624:	283f      	cmp	r0, #63	@ 0x3f
10007626:	d907      	bls.n	10007638 <tud_cdc_n_read+0x74>
10007628:	4b07      	ldr	r3, [pc, #28]	@ (10007648 <tud_cdc_n_read+0x84>)
1000762a:	01ea      	lsls	r2, r5, #7
1000762c:	18d2      	adds	r2, r2, r3
1000762e:	2000      	movs	r0, #0
10007630:	2340      	movs	r3, #64	@ 0x40
10007632:	f7ff fe4d 	bl	100072d0 <usbd_edpt_xfer>
10007636:	e7da      	b.n	100075ee <tud_cdc_n_read+0x2a>
10007638:	2000      	movs	r0, #0
1000763a:	f7ff fe35 	bl	100072a8 <usbd_edpt_release>
1000763e:	e7d6      	b.n	100075ee <tud_cdc_n_read+0x2a>
10007640:	20001c78 	.word	0x20001c78
10007644:	0000ffff 	.word	0x0000ffff
10007648:	20001bf4 	.word	0x20001bf4

1000764c <tud_cdc_n_write_flush>:
1000764c:	b5f8      	push	{r3, r4, r5, r6, r7, lr}
1000764e:	0004      	movs	r4, r0
10007650:	f7ff f924 	bl	1000689c <tud_mounted>
10007654:	2800      	cmp	r0, #0
10007656:	d101      	bne.n	1000765c <tud_cdc_n_write_flush+0x10>
10007658:	2000      	movs	r0, #0
1000765a:	bdf8      	pop	{r3, r4, r5, r6, r7, pc}
1000765c:	f7ff f926 	bl	100068ac <tud_suspended>
10007660:	2800      	cmp	r0, #0
10007662:	d1f9      	bne.n	10007658 <tud_cdc_n_write_flush+0xc>
10007664:	25c8      	movs	r5, #200	@ 0xc8
10007666:	4365      	muls	r5, r4
10007668:	002e      	movs	r6, r5
1000766a:	4f13      	ldr	r7, [pc, #76]	@ (100076b8 <tud_cdc_n_write_flush+0x6c>)
1000766c:	3624      	adds	r6, #36	@ 0x24
1000766e:	19f6      	adds	r6, r6, r7
10007670:	0030      	movs	r0, r6
10007672:	f000 fd3d 	bl	100080f0 <tu_fifo_count>
10007676:	2800      	cmp	r0, #0
10007678:	d0ee      	beq.n	10007658 <tud_cdc_n_write_flush+0xc>
1000767a:	197f      	adds	r7, r7, r5
1000767c:	2000      	movs	r0, #0
1000767e:	78b9      	ldrb	r1, [r7, #2]
10007680:	f7ff fdfe 	bl	10007280 <usbd_edpt_claim>
10007684:	2800      	cmp	r0, #0
10007686:	d0e7      	beq.n	10007658 <tud_cdc_n_write_flush+0xc>
10007688:	4d0c      	ldr	r5, [pc, #48]	@ (100076bc <tud_cdc_n_write_flush+0x70>)
1000768a:	01e4      	lsls	r4, r4, #7
1000768c:	1965      	adds	r5, r4, r5
1000768e:	0029      	movs	r1, r5
10007690:	2240      	movs	r2, #64	@ 0x40
10007692:	0030      	movs	r0, r6
10007694:	f000 fdae 	bl	100081f4 <tu_fifo_read_n>
10007698:	78b9      	ldrb	r1, [r7, #2]
1000769a:	1e04      	subs	r4, r0, #0
1000769c:	d008      	beq.n	100076b0 <tud_cdc_n_write_flush+0x64>
1000769e:	0003      	movs	r3, r0
100076a0:	002a      	movs	r2, r5
100076a2:	2000      	movs	r0, #0
100076a4:	f7ff fe14 	bl	100072d0 <usbd_edpt_xfer>
100076a8:	2800      	cmp	r0, #0
100076aa:	d0d5      	beq.n	10007658 <tud_cdc_n_write_flush+0xc>
100076ac:	0020      	movs	r0, r4
100076ae:	e7d4      	b.n	1000765a <tud_cdc_n_write_flush+0xe>
100076b0:	2000      	movs	r0, #0
100076b2:	f7ff fdf9 	bl	100072a8 <usbd_edpt_release>
100076b6:	e7cf      	b.n	10007658 <tud_cdc_n_write_flush+0xc>
100076b8:	20001c78 	.word	0x20001c78
100076bc:	20001c34 	.word	0x20001c34

100076c0 <tud_cdc_n_write>:
100076c0:	b570      	push	{r4, r5, r6, lr}
100076c2:	24c8      	movs	r4, #200	@ 0xc8
100076c4:	4344      	muls	r4, r0
100076c6:	4b0c      	ldr	r3, [pc, #48]	@ (100076f8 <tud_cdc_n_write+0x38>)
100076c8:	0005      	movs	r5, r0
100076ca:	18e4      	adds	r4, r4, r3
100076cc:	2380      	movs	r3, #128	@ 0x80
100076ce:	025b      	lsls	r3, r3, #9
100076d0:	429a      	cmp	r2, r3
100076d2:	d300      	bcc.n	100076d6 <tud_cdc_n_write+0x16>
100076d4:	4a09      	ldr	r2, [pc, #36]	@ (100076fc <tud_cdc_n_write+0x3c>)
100076d6:	0020      	movs	r0, r4
100076d8:	b292      	uxth	r2, r2
100076da:	f000 fe51 	bl	10008380 <tu_fifo_write_n>
100076de:	0006      	movs	r6, r0
100076e0:	0020      	movs	r0, r4
100076e2:	f000 fd05 	bl	100080f0 <tu_fifo_count>
100076e6:	283f      	cmp	r0, #63	@ 0x3f
100076e8:	d801      	bhi.n	100076ee <tud_cdc_n_write+0x2e>
100076ea:	0030      	movs	r0, r6
100076ec:	bd70      	pop	{r4, r5, r6, pc}
100076ee:	0028      	movs	r0, r5
100076f0:	f7ff ffac 	bl	1000764c <tud_cdc_n_write_flush>
100076f4:	e7f9      	b.n	100076ea <tud_cdc_n_write+0x2a>
100076f6:	46c0      	nop			@ (mov r8, r8)
100076f8:	20001c9c 	.word	0x20001c9c
100076fc:	0000ffff 	.word	0x0000ffff

10007700 <tud_cdc_n_write_available>:
10007700:	23c8      	movs	r3, #200	@ 0xc8
10007702:	b510      	push	{r4, lr}
10007704:	4343      	muls	r3, r0
10007706:	4802      	ldr	r0, [pc, #8]	@ (10007710 <tud_cdc_n_write_available+0x10>)
10007708:	1818      	adds	r0, r3, r0
1000770a:	f000 fd0f 	bl	1000812c <tu_fifo_remaining>
1000770e:	bd10      	pop	{r4, pc}
10007710:	20001c9c 	.word	0x20001c9c

10007714 <cdcd_init>:
10007714:	b5f0      	push	{r4, r5, r6, r7, lr}
10007716:	2500      	movs	r5, #0
10007718:	4c18      	ldr	r4, [pc, #96]	@ (1000777c <cdcd_init+0x68>)
1000771a:	b083      	sub	sp, #12
1000771c:	22c8      	movs	r2, #200	@ 0xc8
1000771e:	2100      	movs	r1, #0
10007720:	0020      	movs	r0, r4
10007722:	f7fc fc79 	bl	10004018 <__wrap_memset>
10007726:	4b16      	ldr	r3, [pc, #88]	@ (10007780 <cdcd_init+0x6c>)
10007728:	0021      	movs	r1, r4
1000772a:	701d      	strb	r5, [r3, #0]
1000772c:	23ff      	movs	r3, #255	@ 0xff
1000772e:	7163      	strb	r3, [r4, #5]
10007730:	23e1      	movs	r3, #225	@ 0xe1
10007732:	025b      	lsls	r3, r3, #9
10007734:	60a3      	str	r3, [r4, #8]
10007736:	0020      	movs	r0, r4
10007738:	2308      	movs	r3, #8
1000773a:	2240      	movs	r2, #64	@ 0x40
1000773c:	73a3      	strb	r3, [r4, #14]
1000773e:	3138      	adds	r1, #56	@ 0x38
10007740:	9500      	str	r5, [sp, #0]
10007742:	3b07      	subs	r3, #7
10007744:	3010      	adds	r0, #16
10007746:	f000 fc9d 	bl	10008084 <tu_fifo_config>
1000774a:	0027      	movs	r7, r4
1000774c:	2301      	movs	r3, #1
1000774e:	0021      	movs	r1, r4
10007750:	0020      	movs	r0, r4
10007752:	0026      	movs	r6, r4
10007754:	2240      	movs	r2, #64	@ 0x40
10007756:	3178      	adds	r1, #120	@ 0x78
10007758:	9300      	str	r3, [sp, #0]
1000775a:	37b8      	adds	r7, #184	@ 0xb8
1000775c:	3024      	adds	r0, #36	@ 0x24
1000775e:	f000 fc91 	bl	10008084 <tu_fifo_config>
10007762:	36c0      	adds	r6, #192	@ 0xc0
10007764:	0038      	movs	r0, r7
10007766:	f7fa fdc5 	bl	100022f4 <mutex_init>
1000776a:	0030      	movs	r0, r6
1000776c:	f7fa fdc2 	bl	100022f4 <mutex_init>
10007770:	61e5      	str	r5, [r4, #28]
10007772:	6227      	str	r7, [r4, #32]
10007774:	6326      	str	r6, [r4, #48]	@ 0x30
10007776:	6365      	str	r5, [r4, #52]	@ 0x34
10007778:	b003      	add	sp, #12
1000777a:	bdf0      	pop	{r4, r5, r6, r7, pc}
1000777c:	20001c78 	.word	0x20001c78
10007780:	20001c74 	.word	0x20001c74

10007784 <cdcd_deinit>:
10007784:	4a0a      	ldr	r2, [pc, #40]	@ (100077b0 <cdcd_deinit+0x2c>)
10007786:	6b11      	ldr	r1, [r2, #48]	@ 0x30
10007788:	6a13      	ldr	r3, [r2, #32]
1000778a:	2900      	cmp	r1, #0
1000778c:	d00c      	beq.n	100077a8 <cdcd_deinit+0x24>
1000778e:	2b00      	cmp	r3, #0
10007790:	d007      	beq.n	100077a2 <cdcd_deinit+0x1e>
10007792:	2300      	movs	r3, #0
10007794:	61d3      	str	r3, [r2, #28]
10007796:	6353      	str	r3, [r2, #52]	@ 0x34
10007798:	6313      	str	r3, [r2, #48]	@ 0x30
1000779a:	2300      	movs	r3, #0
1000779c:	6213      	str	r3, [r2, #32]
1000779e:	2001      	movs	r0, #1
100077a0:	4770      	bx	lr
100077a2:	6353      	str	r3, [r2, #52]	@ 0x34
100077a4:	6313      	str	r3, [r2, #48]	@ 0x30
100077a6:	e7fa      	b.n	1000779e <cdcd_deinit+0x1a>
100077a8:	2b00      	cmp	r3, #0
100077aa:	d0f8      	beq.n	1000779e <cdcd_deinit+0x1a>
100077ac:	61d1      	str	r1, [r2, #28]
100077ae:	e7f4      	b.n	1000779a <cdcd_deinit+0x16>
100077b0:	20001c78 	.word	0x20001c78

100077b4 <cdcd_reset>:
100077b4:	b570      	push	{r4, r5, r6, lr}
100077b6:	4c0f      	ldr	r4, [pc, #60]	@ (100077f4 <cdcd_reset+0x40>)
100077b8:	2205      	movs	r2, #5
100077ba:	2100      	movs	r1, #0
100077bc:	0020      	movs	r0, r4
100077be:	f7fc fc2b 	bl	10004018 <__wrap_memset>
100077c2:	4d0d      	ldr	r5, [pc, #52]	@ (100077f8 <cdcd_reset+0x44>)
100077c4:	782b      	ldrb	r3, [r5, #0]
100077c6:	07da      	lsls	r2, r3, #31
100077c8:	d507      	bpl.n	100077da <cdcd_reset+0x26>
100077ca:	4c0c      	ldr	r4, [pc, #48]	@ (100077fc <cdcd_reset+0x48>)
100077cc:	079b      	lsls	r3, r3, #30
100077ce:	d50c      	bpl.n	100077ea <cdcd_reset+0x36>
100077d0:	2101      	movs	r1, #1
100077d2:	0020      	movs	r0, r4
100077d4:	f000 feb0 	bl	10008538 <tu_fifo_set_overwritable>
100077d8:	bd70      	pop	{r4, r5, r6, pc}
100077da:	0020      	movs	r0, r4
100077dc:	3010      	adds	r0, #16
100077de:	f000 fe8b 	bl	100084f8 <tu_fifo_clear>
100077e2:	782b      	ldrb	r3, [r5, #0]
100077e4:	4c05      	ldr	r4, [pc, #20]	@ (100077fc <cdcd_reset+0x48>)
100077e6:	079b      	lsls	r3, r3, #30
100077e8:	d4f2      	bmi.n	100077d0 <cdcd_reset+0x1c>
100077ea:	0020      	movs	r0, r4
100077ec:	f000 fe84 	bl	100084f8 <tu_fifo_clear>
100077f0:	e7ee      	b.n	100077d0 <cdcd_reset+0x1c>
100077f2:	46c0      	nop			@ (mov r8, r8)
100077f4:	20001c78 	.word	0x20001c78
100077f8:	20001c74 	.word	0x20001c74
100077fc:	20001c9c 	.word	0x20001c9c

10007800 <cdcd_open>:
10007800:	b5f0      	push	{r4, r5, r6, r7, lr}
10007802:	794b      	ldrb	r3, [r1, #5]
10007804:	0006      	movs	r6, r0
10007806:	b083      	sub	sp, #12
10007808:	2b02      	cmp	r3, #2
1000780a:	d102      	bne.n	10007812 <cdcd_open+0x12>
1000780c:	798b      	ldrb	r3, [r1, #6]
1000780e:	2b02      	cmp	r3, #2
10007810:	d003      	beq.n	1000781a <cdcd_open+0x1a>
10007812:	2500      	movs	r5, #0
10007814:	0028      	movs	r0, r5
10007816:	b003      	add	sp, #12
10007818:	bdf0      	pop	{r4, r5, r6, r7, pc}
1000781a:	4f20      	ldr	r7, [pc, #128]	@ (1000789c <cdcd_open+0x9c>)
1000781c:	78bb      	ldrb	r3, [r7, #2]
1000781e:	2b00      	cmp	r3, #0
10007820:	d1f7      	bne.n	10007812 <cdcd_open+0x12>
10007822:	788b      	ldrb	r3, [r1, #2]
10007824:	2509      	movs	r5, #9
10007826:	703b      	strb	r3, [r7, #0]
10007828:	780c      	ldrb	r4, [r1, #0]
1000782a:	190c      	adds	r4, r1, r4
1000782c:	7863      	ldrb	r3, [r4, #1]
1000782e:	2b24      	cmp	r3, #36	@ 0x24
10007830:	d007      	beq.n	10007842 <cdcd_open+0x42>
10007832:	e00c      	b.n	1000784e <cdcd_open+0x4e>
10007834:	7823      	ldrb	r3, [r4, #0]
10007836:	18e4      	adds	r4, r4, r3
10007838:	195d      	adds	r5, r3, r5
1000783a:	7863      	ldrb	r3, [r4, #1]
1000783c:	b2ad      	uxth	r5, r5
1000783e:	2b24      	cmp	r3, #36	@ 0x24
10007840:	d105      	bne.n	1000784e <cdcd_open+0x4e>
10007842:	4295      	cmp	r5, r2
10007844:	d9f6      	bls.n	10007834 <cdcd_open+0x34>
10007846:	2000      	movs	r0, #0
10007848:	f7ff fe66 	bl	10007518 <_prep_out_transaction.isra.0>
1000784c:	e7e2      	b.n	10007814 <cdcd_open+0x14>
1000784e:	001a      	movs	r2, r3
10007850:	2b05      	cmp	r3, #5
10007852:	d015      	beq.n	10007880 <cdcd_open+0x80>
10007854:	2a04      	cmp	r2, #4
10007856:	d1f6      	bne.n	10007846 <cdcd_open+0x46>
10007858:	7963      	ldrb	r3, [r4, #5]
1000785a:	2b0a      	cmp	r3, #10
1000785c:	d1f3      	bne.n	10007846 <cdcd_open+0x46>
1000785e:	4b10      	ldr	r3, [pc, #64]	@ (100078a0 <cdcd_open+0xa0>)
10007860:	7827      	ldrb	r7, [r4, #0]
10007862:	9301      	str	r3, [sp, #4]
10007864:	3301      	adds	r3, #1
10007866:	9300      	str	r3, [sp, #0]
10007868:	0030      	movs	r0, r6
1000786a:	2302      	movs	r3, #2
1000786c:	19e1      	adds	r1, r4, r7
1000786e:	3a02      	subs	r2, #2
10007870:	f7ff fc9e 	bl	100071b0 <usbd_open_edpt_pair>
10007874:	2800      	cmp	r0, #0
10007876:	d0cc      	beq.n	10007812 <cdcd_open+0x12>
10007878:	350e      	adds	r5, #14
1000787a:	19ed      	adds	r5, r5, r7
1000787c:	b2ad      	uxth	r5, r5
1000787e:	e7e2      	b.n	10007846 <cdcd_open+0x46>
10007880:	0021      	movs	r1, r4
10007882:	0030      	movs	r0, r6
10007884:	f7ff fce2 	bl	1000724c <usbd_edpt_open>
10007888:	2800      	cmp	r0, #0
1000788a:	d0c2      	beq.n	10007812 <cdcd_open+0x12>
1000788c:	78a3      	ldrb	r3, [r4, #2]
1000788e:	707b      	strb	r3, [r7, #1]
10007890:	7823      	ldrb	r3, [r4, #0]
10007892:	195d      	adds	r5, r3, r5
10007894:	18e4      	adds	r4, r4, r3
10007896:	7862      	ldrb	r2, [r4, #1]
10007898:	b2ad      	uxth	r5, r5
1000789a:	e7db      	b.n	10007854 <cdcd_open+0x54>
1000789c:	20001c78 	.word	0x20001c78
100078a0:	20001c7a 	.word	0x20001c7a

100078a4 <cdcd_control_xfer_cb>:
100078a4:	b5f8      	push	{r3, r4, r5, r6, r7, lr}
100078a6:	2360      	movs	r3, #96	@ 0x60
100078a8:	0014      	movs	r4, r2
100078aa:	7812      	ldrb	r2, [r2, #0]
100078ac:	0005      	movs	r5, r0
100078ae:	4013      	ands	r3, r2
100078b0:	2000      	movs	r0, #0
100078b2:	2b20      	cmp	r3, #32
100078b4:	d107      	bne.n	100078c6 <cdcd_control_xfer_cb+0x22>
100078b6:	4a30      	ldr	r2, [pc, #192]	@ (10007978 <cdcd_control_xfer_cb+0xd4>)
100078b8:	7963      	ldrb	r3, [r4, #5]
100078ba:	7927      	ldrb	r7, [r4, #4]
100078bc:	7816      	ldrb	r6, [r2, #0]
100078be:	021b      	lsls	r3, r3, #8
100078c0:	433b      	orrs	r3, r7
100078c2:	429e      	cmp	r6, r3
100078c4:	d000      	beq.n	100078c8 <cdcd_control_xfer_cb+0x24>
100078c6:	bdf8      	pop	{r3, r4, r5, r6, r7, pc}
100078c8:	7863      	ldrb	r3, [r4, #1]
100078ca:	2b22      	cmp	r3, #34	@ 0x22
100078cc:	d01a      	beq.n	10007904 <cdcd_control_xfer_cb+0x60>
100078ce:	d807      	bhi.n	100078e0 <cdcd_control_xfer_cb+0x3c>
100078d0:	2b20      	cmp	r3, #32
100078d2:	d034      	beq.n	1000793e <cdcd_control_xfer_cb+0x9a>
100078d4:	2b21      	cmp	r3, #33	@ 0x21
100078d6:	d1f6      	bne.n	100078c6 <cdcd_control_xfer_cb+0x22>
100078d8:	2901      	cmp	r1, #1
100078da:	d03e      	beq.n	1000795a <cdcd_control_xfer_cb+0xb6>
100078dc:	2001      	movs	r0, #1
100078de:	e7f2      	b.n	100078c6 <cdcd_control_xfer_cb+0x22>
100078e0:	2b23      	cmp	r3, #35	@ 0x23
100078e2:	d1f0      	bne.n	100078c6 <cdcd_control_xfer_cb+0x22>
100078e4:	2901      	cmp	r1, #1
100078e6:	d040      	beq.n	1000796a <cdcd_control_xfer_cb+0xc6>
100078e8:	2903      	cmp	r1, #3
100078ea:	d1f7      	bne.n	100078dc <cdcd_control_xfer_cb+0x38>
100078ec:	4b23      	ldr	r3, [pc, #140]	@ (1000797c <cdcd_control_xfer_cb+0xd8>)
100078ee:	2b00      	cmp	r3, #0
100078f0:	d0f4      	beq.n	100078dc <cdcd_control_xfer_cb+0x38>
100078f2:	78e1      	ldrb	r1, [r4, #3]
100078f4:	78a3      	ldrb	r3, [r4, #2]
100078f6:	0209      	lsls	r1, r1, #8
100078f8:	2000      	movs	r0, #0
100078fa:	4319      	orrs	r1, r3
100078fc:	e000      	b.n	10007900 <cdcd_control_xfer_cb+0x5c>
100078fe:	bf00      	nop
10007900:	2001      	movs	r0, #1
10007902:	e7e0      	b.n	100078c6 <cdcd_control_xfer_cb+0x22>
10007904:	2901      	cmp	r1, #1
10007906:	d030      	beq.n	1000796a <cdcd_control_xfer_cb+0xc6>
10007908:	2903      	cmp	r1, #3
1000790a:	d1e7      	bne.n	100078dc <cdcd_control_xfer_cb+0x38>
1000790c:	2501      	movs	r5, #1
1000790e:	002e      	movs	r6, r5
10007910:	78a3      	ldrb	r3, [r4, #2]
10007912:	78e4      	ldrb	r4, [r4, #3]
10007914:	3902      	subs	r1, #2
10007916:	0224      	lsls	r4, r4, #8
10007918:	431c      	orrs	r4, r3
1000791a:	7114      	strb	r4, [r2, #4]
1000791c:	4026      	ands	r6, r4
1000791e:	3224      	adds	r2, #36	@ 0x24
10007920:	0010      	movs	r0, r2
10007922:	4071      	eors	r1, r6
10007924:	f000 fe08 	bl	10008538 <tu_fifo_set_overwritable>
10007928:	4b15      	ldr	r3, [pc, #84]	@ (10007980 <cdcd_control_xfer_cb+0xdc>)
1000792a:	2b00      	cmp	r3, #0
1000792c:	d0d6      	beq.n	100078dc <cdcd_control_xfer_cb+0x38>
1000792e:	0862      	lsrs	r2, r4, #1
10007930:	2000      	movs	r0, #0
10007932:	0031      	movs	r1, r6
10007934:	402a      	ands	r2, r5
10007936:	e000      	b.n	1000793a <cdcd_control_xfer_cb+0x96>
10007938:	bf00      	nop
1000793a:	2001      	movs	r0, #1
1000793c:	e7c3      	b.n	100078c6 <cdcd_control_xfer_cb+0x22>
1000793e:	2901      	cmp	r1, #1
10007940:	d00b      	beq.n	1000795a <cdcd_control_xfer_cb+0xb6>
10007942:	2903      	cmp	r1, #3
10007944:	d1ca      	bne.n	100078dc <cdcd_control_xfer_cb+0x38>
10007946:	4b0f      	ldr	r3, [pc, #60]	@ (10007984 <cdcd_control_xfer_cb+0xe0>)
10007948:	2b00      	cmp	r3, #0
1000794a:	d0c7      	beq.n	100078dc <cdcd_control_xfer_cb+0x38>
1000794c:	3208      	adds	r2, #8
1000794e:	2000      	movs	r0, #0
10007950:	0011      	movs	r1, r2
10007952:	f7fe faa7 	bl	10005ea4 <tud_cdc_line_coding_cb>
10007956:	2001      	movs	r0, #1
10007958:	e7b5      	b.n	100078c6 <cdcd_control_xfer_cb+0x22>
1000795a:	2307      	movs	r3, #7
1000795c:	0021      	movs	r1, r4
1000795e:	0028      	movs	r0, r5
10007960:	4a09      	ldr	r2, [pc, #36]	@ (10007988 <cdcd_control_xfer_cb+0xe4>)
10007962:	f7ff fcf1 	bl	10007348 <tud_control_xfer>
10007966:	2001      	movs	r0, #1
10007968:	e7ad      	b.n	100078c6 <cdcd_control_xfer_cb+0x22>
1000796a:	0021      	movs	r1, r4
1000796c:	0028      	movs	r0, r5
1000796e:	f7ff fcd5 	bl	1000731c <tud_control_status>
10007972:	2001      	movs	r0, #1
10007974:	e7a7      	b.n	100078c6 <cdcd_control_xfer_cb+0x22>
10007976:	46c0      	nop			@ (mov r8, r8)
10007978:	20001c78 	.word	0x20001c78
	...
10007984:	10005ea5 	.word	0x10005ea5
10007988:	20001c80 	.word	0x20001c80

1000798c <cdcd_xfer_cb>:
1000798c:	b5f0      	push	{r4, r5, r6, r7, lr}
1000798e:	464f      	mov	r7, r9
10007990:	4646      	mov	r6, r8
10007992:	46d6      	mov	lr, sl
10007994:	b5c0      	push	{r6, r7, lr}
10007996:	4d36      	ldr	r5, [pc, #216]	@ (10007a70 <cdcd_xfer_cb+0xe4>)
10007998:	4680      	mov	r8, r0
1000799a:	78ea      	ldrb	r2, [r5, #3]
1000799c:	000c      	movs	r4, r1
1000799e:	001f      	movs	r7, r3
100079a0:	428a      	cmp	r2, r1
100079a2:	d03c      	beq.n	10007a1e <cdcd_xfer_cb+0x92>
100079a4:	78ab      	ldrb	r3, [r5, #2]
100079a6:	428b      	cmp	r3, r1
100079a8:	d010      	beq.n	100079cc <cdcd_xfer_cb+0x40>
100079aa:	2000      	movs	r0, #0
100079ac:	bce0      	pop	{r5, r6, r7}
100079ae:	46ba      	mov	sl, r7
100079b0:	46b1      	mov	r9, r6
100079b2:	46a8      	mov	r8, r5
100079b4:	bdf0      	pop	{r4, r5, r6, r7, pc}
100079b6:	4b2f      	ldr	r3, [pc, #188]	@ (10007a74 <cdcd_xfer_cb+0xe8>)
100079b8:	2b00      	cmp	r3, #0
100079ba:	d004      	beq.n	100079c6 <cdcd_xfer_cb+0x3a>
100079bc:	482e      	ldr	r0, [pc, #184]	@ (10007a78 <cdcd_xfer_cb+0xec>)
100079be:	f000 fbad 	bl	1000811c <tu_fifo_empty>
100079c2:	2800      	cmp	r0, #0
100079c4:	d051      	beq.n	10007a6a <cdcd_xfer_cb+0xde>
100079c6:	2000      	movs	r0, #0
100079c8:	f7ff fda6 	bl	10007518 <_prep_out_transaction.isra.0>
100079cc:	78ab      	ldrb	r3, [r5, #2]
100079ce:	42a3      	cmp	r3, r4
100079d0:	d001      	beq.n	100079d6 <cdcd_xfer_cb+0x4a>
100079d2:	2001      	movs	r0, #1
100079d4:	e7ea      	b.n	100079ac <cdcd_xfer_cb+0x20>
100079d6:	4b29      	ldr	r3, [pc, #164]	@ (10007a7c <cdcd_xfer_cb+0xf0>)
100079d8:	2b00      	cmp	r3, #0
100079da:	d002      	beq.n	100079e2 <cdcd_xfer_cb+0x56>
100079dc:	2000      	movs	r0, #0
100079de:	e000      	b.n	100079e2 <cdcd_xfer_cb+0x56>
100079e0:	bf00      	nop
100079e2:	2000      	movs	r0, #0
100079e4:	f7ff fe32 	bl	1000764c <tud_cdc_n_write_flush>
100079e8:	2800      	cmp	r0, #0
100079ea:	d1f2      	bne.n	100079d2 <cdcd_xfer_cb+0x46>
100079ec:	4c24      	ldr	r4, [pc, #144]	@ (10007a80 <cdcd_xfer_cb+0xf4>)
100079ee:	0020      	movs	r0, r4
100079f0:	f000 fb7e 	bl	100080f0 <tu_fifo_count>
100079f4:	2800      	cmp	r0, #0
100079f6:	d1ec      	bne.n	100079d2 <cdcd_xfer_cb+0x46>
100079f8:	2f00      	cmp	r7, #0
100079fa:	d0ea      	beq.n	100079d2 <cdcd_xfer_cb+0x46>
100079fc:	06bf      	lsls	r7, r7, #26
100079fe:	d1e8      	bne.n	100079d2 <cdcd_xfer_cb+0x46>
10007a00:	3c24      	subs	r4, #36	@ 0x24
10007a02:	4640      	mov	r0, r8
10007a04:	78a1      	ldrb	r1, [r4, #2]
10007a06:	f7ff fc3b 	bl	10007280 <usbd_edpt_claim>
10007a0a:	2800      	cmp	r0, #0
10007a0c:	d0e1      	beq.n	100079d2 <cdcd_xfer_cb+0x46>
10007a0e:	2300      	movs	r3, #0
10007a10:	2200      	movs	r2, #0
10007a12:	4640      	mov	r0, r8
10007a14:	78a1      	ldrb	r1, [r4, #2]
10007a16:	f7ff fc5b 	bl	100072d0 <usbd_edpt_xfer>
10007a1a:	2001      	movs	r0, #1
10007a1c:	e7c6      	b.n	100079ac <cdcd_xfer_cb+0x20>
10007a1e:	b29a      	uxth	r2, r3
10007a20:	2310      	movs	r3, #16
10007a22:	469a      	mov	sl, r3
10007a24:	4e17      	ldr	r6, [pc, #92]	@ (10007a84 <cdcd_xfer_cb+0xf8>)
10007a26:	44aa      	add	sl, r5
10007a28:	0031      	movs	r1, r6
10007a2a:	4650      	mov	r0, sl
10007a2c:	f000 fca8 	bl	10008380 <tu_fifo_write_n>
10007a30:	4b15      	ldr	r3, [pc, #84]	@ (10007a88 <cdcd_xfer_cb+0xfc>)
10007a32:	2b00      	cmp	r3, #0
10007a34:	d0bf      	beq.n	100079b6 <cdcd_xfer_cb+0x2a>
10007a36:	796b      	ldrb	r3, [r5, #5]
10007a38:	2bff      	cmp	r3, #255	@ 0xff
10007a3a:	d0bc      	beq.n	100079b6 <cdcd_xfer_cb+0x2a>
10007a3c:	2f00      	cmp	r7, #0
10007a3e:	d0ba      	beq.n	100079b6 <cdcd_xfer_cb+0x2a>
10007a40:	19f2      	adds	r2, r6, r7
10007a42:	4691      	mov	r9, r2
10007a44:	e003      	b.n	10007a4e <cdcd_xfer_cb+0xc2>
10007a46:	3601      	adds	r6, #1
10007a48:	454e      	cmp	r6, r9
10007a4a:	d0b4      	beq.n	100079b6 <cdcd_xfer_cb+0x2a>
10007a4c:	796b      	ldrb	r3, [r5, #5]
10007a4e:	7832      	ldrb	r2, [r6, #0]
10007a50:	429a      	cmp	r2, r3
10007a52:	d1f8      	bne.n	10007a46 <cdcd_xfer_cb+0xba>
10007a54:	4650      	mov	r0, sl
10007a56:	f000 fb61 	bl	1000811c <tu_fifo_empty>
10007a5a:	2800      	cmp	r0, #0
10007a5c:	d1f3      	bne.n	10007a46 <cdcd_xfer_cb+0xba>
10007a5e:	4653      	mov	r3, sl
10007a60:	3b10      	subs	r3, #16
10007a62:	7959      	ldrb	r1, [r3, #5]
10007a64:	e000      	b.n	10007a68 <cdcd_xfer_cb+0xdc>
10007a66:	bf00      	nop
10007a68:	e7ed      	b.n	10007a46 <cdcd_xfer_cb+0xba>
10007a6a:	e000      	b.n	10007a6e <cdcd_xfer_cb+0xe2>
10007a6c:	bf00      	nop
10007a6e:	e7aa      	b.n	100079c6 <cdcd_xfer_cb+0x3a>
10007a70:	20001c78 	.word	0x20001c78
10007a74:	00000000 	.word	0x00000000
10007a78:	20001c88 	.word	0x20001c88
10007a7c:	00000000 	.word	0x00000000
10007a80:	20001c9c 	.word	0x20001c9c
10007a84:	20001bf4 	.word	0x20001bf4
10007a88:	00000000 	.word	0x00000000

10007a8c <vendord_init>:
10007a8c:	2293      	movs	r2, #147	@ 0x93
10007a8e:	b5f0      	push	{r4, r5, r6, r7, lr}
10007a90:	4c13      	ldr	r4, [pc, #76]	@ (10007ae0 <vendord_init+0x54>)
10007a92:	b085      	sub	sp, #20
10007a94:	2100      	movs	r1, #0
10007a96:	0020      	movs	r0, r4
10007a98:	0092      	lsls	r2, r2, #2
10007a9a:	f7fc fabd 	bl	10004018 <__wrap_memset>
10007a9e:	0023      	movs	r3, r4
10007aa0:	0020      	movs	r0, r4
10007aa2:	2680      	movs	r6, #128	@ 0x80
10007aa4:	2740      	movs	r7, #64	@ 0x40
10007aa6:	4d0f      	ldr	r5, [pc, #60]	@ (10007ae4 <vendord_init+0x58>)
10007aa8:	334d      	adds	r3, #77	@ 0x4d
10007aaa:	0076      	lsls	r6, r6, #1
10007aac:	33ff      	adds	r3, #255	@ 0xff
10007aae:	3029      	adds	r0, #41	@ 0x29
10007ab0:	9502      	str	r5, [sp, #8]
10007ab2:	9300      	str	r3, [sp, #0]
10007ab4:	2200      	movs	r2, #0
10007ab6:	2300      	movs	r3, #0
10007ab8:	2100      	movs	r1, #0
10007aba:	9703      	str	r7, [sp, #12]
10007abc:	9601      	str	r6, [sp, #4]
10007abe:	30ff      	adds	r0, #255	@ 0xff
10007ac0:	f000 f9d4 	bl	10007e6c <tu_edpt_stream_init>
10007ac4:	3540      	adds	r5, #64	@ 0x40
10007ac6:	1d20      	adds	r0, r4, #4
10007ac8:	3428      	adds	r4, #40	@ 0x28
10007aca:	2300      	movs	r3, #0
10007acc:	2201      	movs	r2, #1
10007ace:	2100      	movs	r1, #0
10007ad0:	9703      	str	r7, [sp, #12]
10007ad2:	9502      	str	r5, [sp, #8]
10007ad4:	9601      	str	r6, [sp, #4]
10007ad6:	9400      	str	r4, [sp, #0]
10007ad8:	f000 f9c8 	bl	10007e6c <tu_edpt_stream_init>
10007adc:	b005      	add	sp, #20
10007ade:	bdf0      	pop	{r4, r5, r6, r7, pc}
10007ae0:	20001f3c 	.word	0x20001f3c
10007ae4:	20001ebc 	.word	0x20001ebc

10007ae8 <vendord_deinit>:
10007ae8:	b510      	push	{r4, lr}
10007aea:	4c05      	ldr	r4, [pc, #20]	@ (10007b00 <vendord_deinit+0x18>)
10007aec:	0020      	movs	r0, r4
10007aee:	f000 f9f3 	bl	10007ed8 <tu_edpt_stream_deinit>
10007af2:	0020      	movs	r0, r4
10007af4:	3825      	subs	r0, #37	@ 0x25
10007af6:	38ff      	subs	r0, #255	@ 0xff
10007af8:	f000 f9ee 	bl	10007ed8 <tu_edpt_stream_deinit>
10007afc:	2001      	movs	r0, #1
10007afe:	bd10      	pop	{r4, pc}
10007b00:	20002064 	.word	0x20002064

10007b04 <vendord_reset>:
10007b04:	b570      	push	{r4, r5, r6, lr}
10007b06:	4c08      	ldr	r4, [pc, #32]	@ (10007b28 <vendord_reset+0x24>)
10007b08:	2500      	movs	r5, #0
10007b0a:	0020      	movs	r0, r4
10007b0c:	3031      	adds	r0, #49	@ 0x31
10007b0e:	30ff      	adds	r0, #255	@ 0xff
10007b10:	7025      	strb	r5, [r4, #0]
10007b12:	f000 fcf1 	bl	100084f8 <tu_fifo_clear>
10007b16:	0020      	movs	r0, r4
10007b18:	300c      	adds	r0, #12
10007b1a:	f000 fced 	bl	100084f8 <tu_fifo_clear>
10007b1e:	232a      	movs	r3, #42	@ 0x2a
10007b20:	33ff      	adds	r3, #255	@ 0xff
10007b22:	54e5      	strb	r5, [r4, r3]
10007b24:	7165      	strb	r5, [r4, #5]
10007b26:	bd70      	pop	{r4, r5, r6, pc}
10007b28:	20001f3c 	.word	0x20001f3c

10007b2c <vendord_open>:
10007b2c:	b5f8      	push	{r3, r4, r5, r6, r7, lr}
10007b2e:	4657      	mov	r7, sl
10007b30:	4645      	mov	r5, r8
10007b32:	46de      	mov	lr, fp
10007b34:	464e      	mov	r6, r9
10007b36:	b5e0      	push	{r5, r6, r7, lr}
10007b38:	794b      	ldrb	r3, [r1, #5]
10007b3a:	4680      	mov	r8, r0
10007b3c:	000f      	movs	r7, r1
10007b3e:	2bff      	cmp	r3, #255	@ 0xff
10007b40:	d15b      	bne.n	10007bfa <vendord_open+0xce>
10007b42:	4b40      	ldr	r3, [pc, #256]	@ (10007c44 <vendord_open+0x118>)
10007b44:	4699      	mov	r9, r3
10007b46:	232a      	movs	r3, #42	@ 0x2a
10007b48:	4649      	mov	r1, r9
10007b4a:	33ff      	adds	r3, #255	@ 0xff
10007b4c:	5ccb      	ldrb	r3, [r1, r3]
10007b4e:	2b00      	cmp	r3, #0
10007b50:	d153      	bne.n	10007bfa <vendord_open+0xce>
10007b52:	794e      	ldrb	r6, [r1, #5]
10007b54:	2e00      	cmp	r6, #0
10007b56:	d150      	bne.n	10007bfa <vendord_open+0xce>
10007b58:	78bb      	ldrb	r3, [r7, #2]
10007b5a:	783c      	ldrb	r4, [r7, #0]
10007b5c:	700b      	strb	r3, [r1, #0]
10007b5e:	793b      	ldrb	r3, [r7, #4]
10007b60:	193c      	adds	r4, r7, r4
10007b62:	2b00      	cmp	r3, #0
10007b64:	d046      	beq.n	10007bf4 <vendord_open+0xc8>
10007b66:	2398      	movs	r3, #152	@ 0x98
10007b68:	005b      	lsls	r3, r3, #1
10007b6a:	444b      	add	r3, r9
10007b6c:	469a      	mov	sl, r3
10007b6e:	230c      	movs	r3, #12
10007b70:	444b      	add	r3, r9
10007b72:	469b      	mov	fp, r3
10007b74:	18a5      	adds	r5, r4, r2
10007b76:	e003      	b.n	10007b80 <vendord_open+0x54>
10007b78:	42ac      	cmp	r4, r5
10007b7a:	d23b      	bcs.n	10007bf4 <vendord_open+0xc8>
10007b7c:	7823      	ldrb	r3, [r4, #0]
10007b7e:	18e4      	adds	r4, r4, r3
10007b80:	7863      	ldrb	r3, [r4, #1]
10007b82:	2b05      	cmp	r3, #5
10007b84:	d1f8      	bne.n	10007b78 <vendord_open+0x4c>
10007b86:	42ac      	cmp	r4, r5
10007b88:	d234      	bcs.n	10007bf4 <vendord_open+0xc8>
10007b8a:	0021      	movs	r1, r4
10007b8c:	4640      	mov	r0, r8
10007b8e:	f7ff fb5d 	bl	1000724c <usbd_edpt_open>
10007b92:	2800      	cmp	r0, #0
10007b94:	d031      	beq.n	10007bfa <vendord_open+0xce>
10007b96:	78a3      	ldrb	r3, [r4, #2]
10007b98:	3601      	adds	r6, #1
10007b9a:	b2f6      	uxtb	r6, r6
10007b9c:	09db      	lsrs	r3, r3, #7
10007b9e:	2b01      	cmp	r3, #1
10007ba0:	d032      	beq.n	10007c08 <vendord_open+0xdc>
10007ba2:	4650      	mov	r0, sl
10007ba4:	f000 fca8 	bl	100084f8 <tu_fifo_clear>
10007ba8:	232a      	movs	r3, #42	@ 0x2a
10007baa:	4649      	mov	r1, r9
10007bac:	78a2      	ldrb	r2, [r4, #2]
10007bae:	33ff      	adds	r3, #255	@ 0xff
10007bb0:	54ca      	strb	r2, [r1, r3]
10007bb2:	7963      	ldrb	r3, [r4, #5]
10007bb4:	7922      	ldrb	r2, [r4, #4]
10007bb6:	021b      	lsls	r3, r3, #8
10007bb8:	4313      	orrs	r3, r2
10007bba:	4a23      	ldr	r2, [pc, #140]	@ (10007c48 <vendord_open+0x11c>)
10007bbc:	055b      	lsls	r3, r3, #21
10007bbe:	4694      	mov	ip, r2
10007bc0:	0d5b      	lsrs	r3, r3, #21
10007bc2:	2194      	movs	r1, #148	@ 0x94
10007bc4:	4463      	add	r3, ip
10007bc6:	425a      	negs	r2, r3
10007bc8:	4153      	adcs	r3, r2
10007bca:	464a      	mov	r2, r9
10007bcc:	2002      	movs	r0, #2
10007bce:	0049      	lsls	r1, r1, #1
10007bd0:	5c52      	ldrb	r2, [r2, r1]
10007bd2:	005b      	lsls	r3, r3, #1
10007bd4:	4382      	bics	r2, r0
10007bd6:	4313      	orrs	r3, r2
10007bd8:	464a      	mov	r2, r9
10007bda:	5453      	strb	r3, [r2, r1]
10007bdc:	4651      	mov	r1, sl
10007bde:	4640      	mov	r0, r8
10007be0:	3908      	subs	r1, #8
10007be2:	f000 f9e3 	bl	10007fac <tu_edpt_stream_read_xfer>
10007be6:	2800      	cmp	r0, #0
10007be8:	d007      	beq.n	10007bfa <vendord_open+0xce>
10007bea:	7823      	ldrb	r3, [r4, #0]
10007bec:	18e4      	adds	r4, r4, r3
10007bee:	793b      	ldrb	r3, [r7, #4]
10007bf0:	42b3      	cmp	r3, r6
10007bf2:	d8c5      	bhi.n	10007b80 <vendord_open+0x54>
10007bf4:	1be0      	subs	r0, r4, r7
10007bf6:	b280      	uxth	r0, r0
10007bf8:	e000      	b.n	10007bfc <vendord_open+0xd0>
10007bfa:	2000      	movs	r0, #0
10007bfc:	bcf0      	pop	{r4, r5, r6, r7}
10007bfe:	46bb      	mov	fp, r7
10007c00:	46b2      	mov	sl, r6
10007c02:	46a9      	mov	r9, r5
10007c04:	46a0      	mov	r8, r4
10007c06:	bdf8      	pop	{r3, r4, r5, r6, r7, pc}
10007c08:	4658      	mov	r0, fp
10007c0a:	f000 fc75 	bl	100084f8 <tu_fifo_clear>
10007c0e:	465a      	mov	r2, fp
10007c10:	78a3      	ldrb	r3, [r4, #2]
10007c12:	3a0c      	subs	r2, #12
10007c14:	7153      	strb	r3, [r2, #5]
10007c16:	7963      	ldrb	r3, [r4, #5]
10007c18:	7921      	ldrb	r1, [r4, #4]
10007c1a:	021b      	lsls	r3, r3, #8
10007c1c:	430b      	orrs	r3, r1
10007c1e:	490a      	ldr	r1, [pc, #40]	@ (10007c48 <vendord_open+0x11c>)
10007c20:	055b      	lsls	r3, r3, #21
10007c22:	468c      	mov	ip, r1
10007c24:	0d5b      	lsrs	r3, r3, #21
10007c26:	4463      	add	r3, ip
10007c28:	4259      	negs	r1, r3
10007c2a:	414b      	adcs	r3, r1
10007c2c:	2002      	movs	r0, #2
10007c2e:	7911      	ldrb	r1, [r2, #4]
10007c30:	005b      	lsls	r3, r3, #1
10007c32:	4381      	bics	r1, r0
10007c34:	430b      	orrs	r3, r1
10007c36:	4659      	mov	r1, fp
10007c38:	2000      	movs	r0, #0
10007c3a:	3908      	subs	r1, #8
10007c3c:	7113      	strb	r3, [r2, #4]
10007c3e:	f000 f981 	bl	10007f44 <tu_edpt_stream_write_xfer>
10007c42:	e7d2      	b.n	10007bea <vendord_open+0xbe>
10007c44:	20001f3c 	.word	0x20001f3c
10007c48:	fffffe00 	.word	0xfffffe00

10007c4c <vendord_xfer_cb>:
10007c4c:	b5f8      	push	{r3, r4, r5, r6, r7, lr}
10007c4e:	252a      	movs	r5, #42	@ 0x2a
10007c50:	0006      	movs	r6, r0
10007c52:	481f      	ldr	r0, [pc, #124]	@ (10007cd0 <vendord_xfer_cb+0x84>)
10007c54:	35ff      	adds	r5, #255	@ 0xff
10007c56:	5d45      	ldrb	r5, [r0, r5]
10007c58:	001f      	movs	r7, r3
10007c5a:	428d      	cmp	r5, r1
10007c5c:	d015      	beq.n	10007c8a <vendord_xfer_cb+0x3e>
10007c5e:	7943      	ldrb	r3, [r0, #5]
10007c60:	428b      	cmp	r3, r1
10007c62:	d001      	beq.n	10007c68 <vendord_xfer_cb+0x1c>
10007c64:	2000      	movs	r0, #0
10007c66:	bdf8      	pop	{r3, r4, r5, r6, r7, pc}
10007c68:	4b1a      	ldr	r3, [pc, #104]	@ (10007cd4 <vendord_xfer_cb+0x88>)
10007c6a:	2b00      	cmp	r3, #0
10007c6c:	d004      	beq.n	10007c78 <vendord_xfer_cb+0x2c>
10007c6e:	0439      	lsls	r1, r7, #16
10007c70:	2000      	movs	r0, #0
10007c72:	0c09      	lsrs	r1, r1, #16
10007c74:	e000      	b.n	10007c78 <vendord_xfer_cb+0x2c>
10007c76:	bf00      	nop
10007c78:	4c17      	ldr	r4, [pc, #92]	@ (10007cd8 <vendord_xfer_cb+0x8c>)
10007c7a:	0030      	movs	r0, r6
10007c7c:	0021      	movs	r1, r4
10007c7e:	f000 f961 	bl	10007f44 <tu_edpt_stream_write_xfer>
10007c82:	2800      	cmp	r0, #0
10007c84:	d01d      	beq.n	10007cc2 <vendord_xfer_cb+0x76>
10007c86:	2001      	movs	r0, #1
10007c88:	e7ed      	b.n	10007c66 <vendord_xfer_cb+0x1a>
10007c8a:	239a      	movs	r3, #154	@ 0x9a
10007c8c:	005b      	lsls	r3, r3, #1
10007c8e:	5ac3      	ldrh	r3, [r0, r3]
10007c90:	2b00      	cmp	r3, #0
10007c92:	d10d      	bne.n	10007cb0 <vendord_xfer_cb+0x64>
10007c94:	4b11      	ldr	r3, [pc, #68]	@ (10007cdc <vendord_xfer_cb+0x90>)
10007c96:	2b00      	cmp	r3, #0
10007c98:	d004      	beq.n	10007ca4 <vendord_xfer_cb+0x58>
10007c9a:	2000      	movs	r0, #0
10007c9c:	4910      	ldr	r1, [pc, #64]	@ (10007ce0 <vendord_xfer_cb+0x94>)
10007c9e:	b2ba      	uxth	r2, r7
10007ca0:	e000      	b.n	10007ca4 <vendord_xfer_cb+0x58>
10007ca2:	bf00      	nop
10007ca4:	0030      	movs	r0, r6
10007ca6:	490f      	ldr	r1, [pc, #60]	@ (10007ce4 <vendord_xfer_cb+0x98>)
10007ca8:	f000 f980 	bl	10007fac <tu_edpt_stream_read_xfer>
10007cac:	2001      	movs	r0, #1
10007cae:	e7da      	b.n	10007c66 <vendord_xfer_cb+0x1a>
10007cb0:	2396      	movs	r3, #150	@ 0x96
10007cb2:	005b      	lsls	r3, r3, #1
10007cb4:	58c1      	ldr	r1, [r0, r3]
10007cb6:	3031      	adds	r0, #49	@ 0x31
10007cb8:	b2ba      	uxth	r2, r7
10007cba:	30ff      	adds	r0, #255	@ 0xff
10007cbc:	f000 fb60 	bl	10008380 <tu_fifo_write_n>
10007cc0:	e7e8      	b.n	10007c94 <vendord_xfer_cb+0x48>
10007cc2:	003a      	movs	r2, r7
10007cc4:	0021      	movs	r1, r4
10007cc6:	0030      	movs	r0, r6
10007cc8:	f000 f908 	bl	10007edc <tu_edpt_stream_write_zlp_if_needed>
10007ccc:	2001      	movs	r0, #1
10007cce:	e7ca      	b.n	10007c66 <vendord_xfer_cb+0x1a>
10007cd0:	20001f3c 	.word	0x20001f3c
10007cd4:	00000000 	.word	0x00000000
10007cd8:	20001f40 	.word	0x20001f40
10007cdc:	00000000 	.word	0x00000000
10007ce0:	20001ebc 	.word	0x20001ebc
10007ce4:	20002064 	.word	0x20002064

10007ce8 <tusb_rhport_init>:
10007ce8:	b500      	push	{lr}
10007cea:	0003      	movs	r3, r0
10007cec:	b083      	sub	sp, #12
10007cee:	2900      	cmp	r1, #0
10007cf0:	d010      	beq.n	10007d14 <tusb_rhport_init+0x2c>
10007cf2:	2000      	movs	r0, #0
10007cf4:	2b01      	cmp	r3, #1
10007cf6:	d807      	bhi.n	10007d08 <tusb_rhport_init+0x20>
10007cf8:	780a      	ldrb	r2, [r1, #0]
10007cfa:	2a00      	cmp	r2, #0
10007cfc:	d004      	beq.n	10007d08 <tusb_rhport_init+0x20>
10007cfe:	480c      	ldr	r0, [pc, #48]	@ (10007d30 <tusb_rhport_init+0x48>)
10007d00:	54c2      	strb	r2, [r0, r3]
10007d02:	2001      	movs	r0, #1
10007d04:	2a01      	cmp	r2, #1
10007d06:	d001      	beq.n	10007d0c <tusb_rhport_init+0x24>
10007d08:	b003      	add	sp, #12
10007d0a:	bd00      	pop	{pc}
10007d0c:	0018      	movs	r0, r3
10007d0e:	f7fe fdd5 	bl	100068bc <tud_rhport_init>
10007d12:	e7f9      	b.n	10007d08 <tusb_rhport_init+0x20>
10007d14:	2301      	movs	r3, #1
10007d16:	466a      	mov	r2, sp
10007d18:	2000      	movs	r0, #0
10007d1a:	a901      	add	r1, sp, #4
10007d1c:	8093      	strh	r3, [r2, #4]
10007d1e:	f7fe fdcd 	bl	100068bc <tud_rhport_init>
10007d22:	2800      	cmp	r0, #0
10007d24:	d0f0      	beq.n	10007d08 <tusb_rhport_init+0x20>
10007d26:	2201      	movs	r2, #1
10007d28:	4b01      	ldr	r3, [pc, #4]	@ (10007d30 <tusb_rhport_init+0x48>)
10007d2a:	701a      	strb	r2, [r3, #0]
10007d2c:	e7ec      	b.n	10007d08 <tusb_rhport_init+0x20>
10007d2e:	46c0      	nop			@ (mov r8, r8)
10007d30:	20001d94 	.word	0x20001d94

10007d34 <tu_edpt_claim>:
10007d34:	7803      	ldrb	r3, [r0, #0]
10007d36:	b570      	push	{r4, r5, r6, lr}
10007d38:	07db      	lsls	r3, r3, #31
10007d3a:	0004      	movs	r4, r0
10007d3c:	000e      	movs	r6, r1
10007d3e:	0fdd      	lsrs	r5, r3, #31
10007d40:	2b00      	cmp	r3, #0
10007d42:	d117      	bne.n	10007d74 <tu_edpt_claim+0x40>
10007d44:	7803      	ldrb	r3, [r0, #0]
10007d46:	075b      	lsls	r3, r3, #29
10007d48:	d501      	bpl.n	10007d4e <tu_edpt_claim+0x1a>
10007d4a:	0028      	movs	r0, r5
10007d4c:	bd70      	pop	{r4, r5, r6, pc}
10007d4e:	2101      	movs	r1, #1
10007d50:	0030      	movs	r0, r6
10007d52:	4249      	negs	r1, r1
10007d54:	f003 fc1c 	bl	1000b590 <__mutex_enter_timeout_ms_veneer>
10007d58:	7823      	ldrb	r3, [r4, #0]
10007d5a:	07db      	lsls	r3, r3, #31
10007d5c:	0fdd      	lsrs	r5, r3, #31
10007d5e:	2b00      	cmp	r3, #0
10007d60:	d10a      	bne.n	10007d78 <tu_edpt_claim+0x44>
10007d62:	7823      	ldrb	r3, [r4, #0]
10007d64:	075b      	lsls	r3, r3, #29
10007d66:	d408      	bmi.n	10007d7a <tu_edpt_claim+0x46>
10007d68:	2204      	movs	r2, #4
10007d6a:	7823      	ldrb	r3, [r4, #0]
10007d6c:	2501      	movs	r5, #1
10007d6e:	4313      	orrs	r3, r2
10007d70:	7023      	strb	r3, [r4, #0]
10007d72:	e002      	b.n	10007d7a <tu_edpt_claim+0x46>
10007d74:	2500      	movs	r5, #0
10007d76:	e7e8      	b.n	10007d4a <tu_edpt_claim+0x16>
10007d78:	2500      	movs	r5, #0
10007d7a:	0030      	movs	r0, r6
10007d7c:	f003 fbd8 	bl	1000b530 <__mutex_exit_veneer>
10007d80:	e7e3      	b.n	10007d4a <tu_edpt_claim+0x16>
10007d82:	46c0      	nop			@ (mov r8, r8)

10007d84 <tu_edpt_release>:
10007d84:	b570      	push	{r4, r5, r6, lr}
10007d86:	000c      	movs	r4, r1
10007d88:	2101      	movs	r1, #1
10007d8a:	0006      	movs	r6, r0
10007d8c:	4249      	negs	r1, r1
10007d8e:	0020      	movs	r0, r4
10007d90:	f003 fbfe 	bl	1000b590 <__mutex_enter_timeout_ms_veneer>
10007d94:	7833      	ldrb	r3, [r6, #0]
10007d96:	075b      	lsls	r3, r3, #29
10007d98:	0fdd      	lsrs	r5, r3, #31
10007d9a:	2b00      	cmp	r3, #0
10007d9c:	db04      	blt.n	10007da8 <tu_edpt_release+0x24>
10007d9e:	0020      	movs	r0, r4
10007da0:	f003 fbc6 	bl	1000b530 <__mutex_exit_veneer>
10007da4:	0028      	movs	r0, r5
10007da6:	bd70      	pop	{r4, r5, r6, pc}
10007da8:	7833      	ldrb	r3, [r6, #0]
10007daa:	07db      	lsls	r3, r3, #31
10007dac:	d404      	bmi.n	10007db8 <tu_edpt_release+0x34>
10007dae:	2204      	movs	r2, #4
10007db0:	7833      	ldrb	r3, [r6, #0]
10007db2:	4393      	bics	r3, r2
10007db4:	7033      	strb	r3, [r6, #0]
10007db6:	e7f2      	b.n	10007d9e <tu_edpt_release+0x1a>
10007db8:	2500      	movs	r5, #0
10007dba:	e7f0      	b.n	10007d9e <tu_edpt_release+0x1a>

10007dbc <tu_edpt_validate>:
10007dbc:	7943      	ldrb	r3, [r0, #5]
10007dbe:	7902      	ldrb	r2, [r0, #4]
10007dc0:	021b      	lsls	r3, r3, #8
10007dc2:	4313      	orrs	r3, r2
10007dc4:	78c2      	ldrb	r2, [r0, #3]
10007dc6:	055b      	lsls	r3, r3, #21
10007dc8:	0792      	lsls	r2, r2, #30
10007dca:	0d5b      	lsrs	r3, r3, #21
10007dcc:	0f92      	lsrs	r2, r2, #30
10007dce:	2a02      	cmp	r2, #2
10007dd0:	d01d      	beq.n	10007e0e <tu_edpt_validate+0x52>
10007dd2:	2a03      	cmp	r2, #3
10007dd4:	d00c      	beq.n	10007df0 <tu_edpt_validate+0x34>
10007dd6:	2000      	movs	r0, #0
10007dd8:	2a01      	cmp	r2, #1
10007dda:	d108      	bne.n	10007dee <tu_edpt_validate+0x32>
10007ddc:	3902      	subs	r1, #2
10007dde:	424a      	negs	r2, r1
10007de0:	4151      	adcs	r1, r2
10007de2:	4a12      	ldr	r2, [pc, #72]	@ (10007e2c <tu_edpt_validate+0x70>)
10007de4:	4694      	mov	ip, r2
10007de6:	4461      	add	r1, ip
10007de8:	4299      	cmp	r1, r3
10007dea:	4140      	adcs	r0, r0
10007dec:	b2c0      	uxtb	r0, r0
10007dee:	4770      	bx	lr
10007df0:	3902      	subs	r1, #2
10007df2:	1e4a      	subs	r2, r1, #1
10007df4:	4191      	sbcs	r1, r2
10007df6:	4a0e      	ldr	r2, [pc, #56]	@ (10007e30 <tu_edpt_validate+0x74>)
10007df8:	4249      	negs	r1, r1
10007dfa:	4011      	ands	r1, r2
10007dfc:	2280      	movs	r2, #128	@ 0x80
10007dfe:	00d2      	lsls	r2, r2, #3
10007e00:	4694      	mov	ip, r2
10007e02:	2000      	movs	r0, #0
10007e04:	4461      	add	r1, ip
10007e06:	4299      	cmp	r1, r3
10007e08:	4140      	adcs	r0, r0
10007e0a:	b2c0      	uxtb	r0, r0
10007e0c:	e7ef      	b.n	10007dee <tu_edpt_validate+0x32>
10007e0e:	2902      	cmp	r1, #2
10007e10:	d005      	beq.n	10007e1e <tu_edpt_validate+0x62>
10007e12:	2000      	movs	r0, #0
10007e14:	2240      	movs	r2, #64	@ 0x40
10007e16:	429a      	cmp	r2, r3
10007e18:	4140      	adcs	r0, r0
10007e1a:	b2c0      	uxtb	r0, r0
10007e1c:	e7e7      	b.n	10007dee <tu_edpt_validate+0x32>
10007e1e:	4a05      	ldr	r2, [pc, #20]	@ (10007e34 <tu_edpt_validate+0x78>)
10007e20:	1898      	adds	r0, r3, r2
10007e22:	4243      	negs	r3, r0
10007e24:	4158      	adcs	r0, r3
10007e26:	b2c0      	uxtb	r0, r0
10007e28:	e7e1      	b.n	10007dee <tu_edpt_validate+0x32>
10007e2a:	46c0      	nop			@ (mov r8, r8)
10007e2c:	000003ff 	.word	0x000003ff
10007e30:	fffffc40 	.word	0xfffffc40
10007e34:	fffffe00 	.word	0xfffffe00

10007e38 <tu_edpt_bind_driver>:
10007e38:	188a      	adds	r2, r1, r2
10007e3a:	b570      	push	{r4, r5, r6, lr}
10007e3c:	4291      	cmp	r1, r2
10007e3e:	d207      	bcs.n	10007e50 <tu_edpt_bind_driver+0x18>
10007e40:	267f      	movs	r6, #127	@ 0x7f
10007e42:	784c      	ldrb	r4, [r1, #1]
10007e44:	2c05      	cmp	r4, #5
10007e46:	d004      	beq.n	10007e52 <tu_edpt_bind_driver+0x1a>
10007e48:	780c      	ldrb	r4, [r1, #0]
10007e4a:	1909      	adds	r1, r1, r4
10007e4c:	428a      	cmp	r2, r1
10007e4e:	d8f8      	bhi.n	10007e42 <tu_edpt_bind_driver+0xa>
10007e50:	bd70      	pop	{r4, r5, r6, pc}
10007e52:	0034      	movs	r4, r6
10007e54:	788d      	ldrb	r5, [r1, #2]
10007e56:	402c      	ands	r4, r5
10007e58:	0064      	lsls	r4, r4, #1
10007e5a:	1904      	adds	r4, r0, r4
10007e5c:	09ed      	lsrs	r5, r5, #7
10007e5e:	5563      	strb	r3, [r4, r5]
10007e60:	780c      	ldrb	r4, [r1, #0]
10007e62:	1909      	adds	r1, r1, r4
10007e64:	428a      	cmp	r2, r1
10007e66:	d8ec      	bhi.n	10007e42 <tu_edpt_bind_driver+0xa>
10007e68:	e7f2      	b.n	10007e50 <tu_edpt_bind_driver+0x18>
10007e6a:	46c0      	nop			@ (mov r8, r8)

10007e6c <tu_edpt_stream_init>:
10007e6c:	b5f0      	push	{r4, r5, r6, r7, lr}
10007e6e:	46c6      	mov	lr, r8
10007e70:	b500      	push	{lr}
10007e72:	b082      	sub	sp, #8
10007e74:	0015      	movs	r5, r2
10007e76:	aa08      	add	r2, sp, #32
10007e78:	ca40      	ldmia	r2!, {r6}
10007e7a:	0004      	movs	r4, r0
10007e7c:	8817      	ldrh	r7, [r2, #0]
10007e7e:	466a      	mov	r2, sp
10007e80:	8d92      	ldrh	r2, [r2, #44]	@ 0x2c
10007e82:	2001      	movs	r0, #1
10007e84:	4690      	mov	r8, r2
10007e86:	000a      	movs	r2, r1
10007e88:	7821      	ldrb	r1, [r4, #0]
10007e8a:	4002      	ands	r2, r0
10007e8c:	4381      	bics	r1, r0
10007e8e:	0020      	movs	r0, r4
10007e90:	4311      	orrs	r1, r2
10007e92:	7021      	strb	r1, [r4, #0]
10007e94:	003a      	movs	r2, r7
10007e96:	9300      	str	r3, [sp, #0]
10007e98:	0031      	movs	r1, r6
10007e9a:	2301      	movs	r3, #1
10007e9c:	3008      	adds	r0, #8
10007e9e:	f000 f8f1 	bl	10008084 <tu_fifo_config>
10007ea2:	2e00      	cmp	r6, #0
10007ea4:	d001      	beq.n	10007eaa <tu_edpt_stream_init+0x3e>
10007ea6:	2f00      	cmp	r7, #0
10007ea8:	d108      	bne.n	10007ebc <tu_edpt_stream_init+0x50>
10007eaa:	9b0a      	ldr	r3, [sp, #40]	@ 0x28
10007eac:	2001      	movs	r0, #1
10007eae:	6063      	str	r3, [r4, #4]
10007eb0:	4643      	mov	r3, r8
10007eb2:	8063      	strh	r3, [r4, #2]
10007eb4:	b002      	add	sp, #8
10007eb6:	bc80      	pop	{r7}
10007eb8:	46b8      	mov	r8, r7
10007eba:	bdf0      	pop	{r4, r5, r6, r7, pc}
10007ebc:	0026      	movs	r6, r4
10007ebe:	361c      	adds	r6, #28
10007ec0:	0030      	movs	r0, r6
10007ec2:	f7fa fa17 	bl	100022f4 <mutex_init>
10007ec6:	2300      	movs	r3, #0
10007ec8:	2d00      	cmp	r5, #0
10007eca:	d001      	beq.n	10007ed0 <tu_edpt_stream_init+0x64>
10007ecc:	0033      	movs	r3, r6
10007ece:	2600      	movs	r6, #0
10007ed0:	6163      	str	r3, [r4, #20]
10007ed2:	61a6      	str	r6, [r4, #24]
10007ed4:	e7e9      	b.n	10007eaa <tu_edpt_stream_init+0x3e>
10007ed6:	46c0      	nop			@ (mov r8, r8)

10007ed8 <tu_edpt_stream_deinit>:
10007ed8:	2001      	movs	r0, #1
10007eda:	4770      	bx	lr

10007edc <tu_edpt_stream_write_zlp_if_needed>:
10007edc:	b5f8      	push	{r3, r4, r5, r6, r7, lr}
10007ede:	2402      	movs	r4, #2
10007ee0:	780b      	ldrb	r3, [r1, #0]
10007ee2:	0007      	movs	r7, r0
10007ee4:	401c      	ands	r4, r3
10007ee6:	4263      	negs	r3, r4
10007ee8:	415c      	adcs	r4, r3
10007eea:	4b14      	ldr	r3, [pc, #80]	@ (10007f3c <tu_edpt_stream_write_zlp_if_needed+0x60>)
10007eec:	4264      	negs	r4, r4
10007eee:	401c      	ands	r4, r3
10007ef0:	4b13      	ldr	r3, [pc, #76]	@ (10007f40 <tu_edpt_stream_write_zlp_if_needed+0x64>)
10007ef2:	0008      	movs	r0, r1
10007ef4:	469c      	mov	ip, r3
10007ef6:	3008      	adds	r0, #8
10007ef8:	000d      	movs	r5, r1
10007efa:	0016      	movs	r6, r2
10007efc:	4464      	add	r4, ip
10007efe:	f000 f8f7 	bl	100080f0 <tu_fifo_count>
10007f02:	2800      	cmp	r0, #0
10007f04:	d107      	bne.n	10007f16 <tu_edpt_stream_write_zlp_if_needed+0x3a>
10007f06:	2e00      	cmp	r6, #0
10007f08:	d005      	beq.n	10007f16 <tu_edpt_stream_write_zlp_if_needed+0x3a>
10007f0a:	4234      	tst	r4, r6
10007f0c:	d103      	bne.n	10007f16 <tu_edpt_stream_write_zlp_if_needed+0x3a>
10007f0e:	2401      	movs	r4, #1
10007f10:	782b      	ldrb	r3, [r5, #0]
10007f12:	421c      	tst	r4, r3
10007f14:	d001      	beq.n	10007f1a <tu_edpt_stream_write_zlp_if_needed+0x3e>
10007f16:	2000      	movs	r0, #0
10007f18:	bdf8      	pop	{r3, r4, r5, r6, r7, pc}
10007f1a:	0038      	movs	r0, r7
10007f1c:	7869      	ldrb	r1, [r5, #1]
10007f1e:	f7ff f9af 	bl	10007280 <usbd_edpt_claim>
10007f22:	2800      	cmp	r0, #0
10007f24:	d0f7      	beq.n	10007f16 <tu_edpt_stream_write_zlp_if_needed+0x3a>
10007f26:	782b      	ldrb	r3, [r5, #0]
10007f28:	421c      	tst	r4, r3
10007f2a:	d1f4      	bne.n	10007f16 <tu_edpt_stream_write_zlp_if_needed+0x3a>
10007f2c:	2300      	movs	r3, #0
10007f2e:	2200      	movs	r2, #0
10007f30:	0038      	movs	r0, r7
10007f32:	7869      	ldrb	r1, [r5, #1]
10007f34:	f7ff f9cc 	bl	100072d0 <usbd_edpt_xfer>
10007f38:	e7ee      	b.n	10007f18 <tu_edpt_stream_write_zlp_if_needed+0x3c>
10007f3a:	46c0      	nop			@ (mov r8, r8)
10007f3c:	fffffe40 	.word	0xfffffe40
10007f40:	000001ff 	.word	0x000001ff

10007f44 <tu_edpt_stream_write_xfer>:
10007f44:	b5f8      	push	{r3, r4, r5, r6, r7, lr}
10007f46:	000d      	movs	r5, r1
10007f48:	3508      	adds	r5, #8
10007f4a:	0006      	movs	r6, r0
10007f4c:	0028      	movs	r0, r5
10007f4e:	000c      	movs	r4, r1
10007f50:	f000 f8ce 	bl	100080f0 <tu_fifo_count>
10007f54:	2800      	cmp	r0, #0
10007f56:	d003      	beq.n	10007f60 <tu_edpt_stream_write_xfer+0x1c>
10007f58:	2701      	movs	r7, #1
10007f5a:	7823      	ldrb	r3, [r4, #0]
10007f5c:	421f      	tst	r7, r3
10007f5e:	d001      	beq.n	10007f64 <tu_edpt_stream_write_xfer+0x20>
10007f60:	2000      	movs	r0, #0
10007f62:	bdf8      	pop	{r3, r4, r5, r6, r7, pc}
10007f64:	0030      	movs	r0, r6
10007f66:	7861      	ldrb	r1, [r4, #1]
10007f68:	f7ff f98a 	bl	10007280 <usbd_edpt_claim>
10007f6c:	2800      	cmp	r0, #0
10007f6e:	d0f7      	beq.n	10007f60 <tu_edpt_stream_write_xfer+0x1c>
10007f70:	0028      	movs	r0, r5
10007f72:	8862      	ldrh	r2, [r4, #2]
10007f74:	6861      	ldr	r1, [r4, #4]
10007f76:	f000 f93d 	bl	100081f4 <tu_fifo_read_n>
10007f7a:	7823      	ldrb	r3, [r4, #0]
10007f7c:	0005      	movs	r5, r0
10007f7e:	401f      	ands	r7, r3
10007f80:	2800      	cmp	r0, #0
10007f82:	d00b      	beq.n	10007f9c <tu_edpt_stream_write_xfer+0x58>
10007f84:	2f00      	cmp	r7, #0
10007f86:	d1eb      	bne.n	10007f60 <tu_edpt_stream_write_xfer+0x1c>
10007f88:	0003      	movs	r3, r0
10007f8a:	6862      	ldr	r2, [r4, #4]
10007f8c:	0030      	movs	r0, r6
10007f8e:	7861      	ldrb	r1, [r4, #1]
10007f90:	f7ff f99e 	bl	100072d0 <usbd_edpt_xfer>
10007f94:	2800      	cmp	r0, #0
10007f96:	d0e3      	beq.n	10007f60 <tu_edpt_stream_write_xfer+0x1c>
10007f98:	0028      	movs	r0, r5
10007f9a:	e7e2      	b.n	10007f62 <tu_edpt_stream_write_xfer+0x1e>
10007f9c:	2f00      	cmp	r7, #0
10007f9e:	d1df      	bne.n	10007f60 <tu_edpt_stream_write_xfer+0x1c>
10007fa0:	0030      	movs	r0, r6
10007fa2:	7861      	ldrb	r1, [r4, #1]
10007fa4:	f7ff f980 	bl	100072a8 <usbd_edpt_release>
10007fa8:	e7da      	b.n	10007f60 <tu_edpt_stream_write_xfer+0x1c>
10007faa:	46c0      	nop			@ (mov r8, r8)

10007fac <tu_edpt_stream_read_xfer>:
10007fac:	b5f8      	push	{r3, r4, r5, r6, r7, lr}
10007fae:	46ce      	mov	lr, r9
10007fb0:	4647      	mov	r7, r8
10007fb2:	b580      	push	{r7, lr}
10007fb4:	898a      	ldrh	r2, [r1, #12]
10007fb6:	0006      	movs	r6, r0
10007fb8:	000c      	movs	r4, r1
10007fba:	780b      	ldrb	r3, [r1, #0]
10007fbc:	2a00      	cmp	r2, #0
10007fbe:	d107      	bne.n	10007fd0 <tu_edpt_stream_read_xfer+0x24>
10007fc0:	2501      	movs	r5, #1
10007fc2:	421d      	tst	r5, r3
10007fc4:	d040      	beq.n	10008048 <tu_edpt_stream_read_xfer+0x9c>
10007fc6:	2000      	movs	r0, #0
10007fc8:	bcc0      	pop	{r6, r7}
10007fca:	46b9      	mov	r9, r7
10007fcc:	46b0      	mov	r8, r6
10007fce:	bdf8      	pop	{r3, r4, r5, r6, r7, pc}
10007fd0:	079b      	lsls	r3, r3, #30
10007fd2:	d433      	bmi.n	1000803c <tu_edpt_stream_read_xfer+0x90>
10007fd4:	4b2a      	ldr	r3, [pc, #168]	@ (10008080 <tu_edpt_stream_read_xfer+0xd4>)
10007fd6:	2540      	movs	r5, #64	@ 0x40
10007fd8:	4699      	mov	r9, r3
10007fda:	0027      	movs	r7, r4
10007fdc:	3708      	adds	r7, #8
10007fde:	0038      	movs	r0, r7
10007fe0:	f000 f8a4 	bl	1000812c <tu_fifo_remaining>
10007fe4:	4285      	cmp	r5, r0
10007fe6:	d8ee      	bhi.n	10007fc6 <tu_edpt_stream_read_xfer+0x1a>
10007fe8:	2201      	movs	r2, #1
10007fea:	7823      	ldrb	r3, [r4, #0]
10007fec:	4690      	mov	r8, r2
10007fee:	421a      	tst	r2, r3
10007ff0:	d1e9      	bne.n	10007fc6 <tu_edpt_stream_read_xfer+0x1a>
10007ff2:	0030      	movs	r0, r6
10007ff4:	7861      	ldrb	r1, [r4, #1]
10007ff6:	f7ff f943 	bl	10007280 <usbd_edpt_claim>
10007ffa:	2800      	cmp	r0, #0
10007ffc:	d0e3      	beq.n	10007fc6 <tu_edpt_stream_read_xfer+0x1a>
10007ffe:	0038      	movs	r0, r7
10008000:	f000 f894 	bl	1000812c <tu_fifo_remaining>
10008004:	4642      	mov	r2, r8
10008006:	7823      	ldrb	r3, [r4, #0]
10008008:	401a      	ands	r2, r3
1000800a:	4285      	cmp	r5, r0
1000800c:	d831      	bhi.n	10008072 <tu_edpt_stream_read_xfer+0xc6>
1000800e:	2a00      	cmp	r2, #0
10008010:	d1d9      	bne.n	10007fc6 <tu_edpt_stream_read_xfer+0x1a>
10008012:	464a      	mov	r2, r9
10008014:	8863      	ldrh	r3, [r4, #2]
10008016:	4002      	ands	r2, r0
10008018:	1c1d      	adds	r5, r3, #0
1000801a:	4293      	cmp	r3, r2
1000801c:	d900      	bls.n	10008020 <tu_edpt_stream_read_xfer+0x74>
1000801e:	1c15      	adds	r5, r2, #0
10008020:	b2ad      	uxth	r5, r5
10008022:	2200      	movs	r2, #0
10008024:	7861      	ldrb	r1, [r4, #1]
10008026:	2d00      	cmp	r5, #0
10008028:	d000      	beq.n	1000802c <tu_edpt_stream_read_xfer+0x80>
1000802a:	6862      	ldr	r2, [r4, #4]
1000802c:	002b      	movs	r3, r5
1000802e:	0030      	movs	r0, r6
10008030:	f7ff f94e 	bl	100072d0 <usbd_edpt_xfer>
10008034:	2800      	cmp	r0, #0
10008036:	d0c6      	beq.n	10007fc6 <tu_edpt_stream_read_xfer+0x1a>
10008038:	0028      	movs	r0, r5
1000803a:	e7c5      	b.n	10007fc8 <tu_edpt_stream_read_xfer+0x1c>
1000803c:	23fe      	movs	r3, #254	@ 0xfe
1000803e:	2580      	movs	r5, #128	@ 0x80
10008040:	021b      	lsls	r3, r3, #8
10008042:	4699      	mov	r9, r3
10008044:	00ad      	lsls	r5, r5, #2
10008046:	e7c8      	b.n	10007fda <tu_edpt_stream_read_xfer+0x2e>
10008048:	7849      	ldrb	r1, [r1, #1]
1000804a:	f7ff f919 	bl	10007280 <usbd_edpt_claim>
1000804e:	2800      	cmp	r0, #0
10008050:	d0b9      	beq.n	10007fc6 <tu_edpt_stream_read_xfer+0x1a>
10008052:	7823      	ldrb	r3, [r4, #0]
10008054:	421d      	tst	r5, r3
10008056:	d1b6      	bne.n	10007fc6 <tu_edpt_stream_read_xfer+0x1a>
10008058:	8863      	ldrh	r3, [r4, #2]
1000805a:	2200      	movs	r2, #0
1000805c:	7861      	ldrb	r1, [r4, #1]
1000805e:	2b00      	cmp	r3, #0
10008060:	d000      	beq.n	10008064 <tu_edpt_stream_read_xfer+0xb8>
10008062:	6862      	ldr	r2, [r4, #4]
10008064:	0030      	movs	r0, r6
10008066:	f7ff f933 	bl	100072d0 <usbd_edpt_xfer>
1000806a:	2800      	cmp	r0, #0
1000806c:	d0ab      	beq.n	10007fc6 <tu_edpt_stream_read_xfer+0x1a>
1000806e:	8860      	ldrh	r0, [r4, #2]
10008070:	e7aa      	b.n	10007fc8 <tu_edpt_stream_read_xfer+0x1c>
10008072:	2a00      	cmp	r2, #0
10008074:	d1a7      	bne.n	10007fc6 <tu_edpt_stream_read_xfer+0x1a>
10008076:	0030      	movs	r0, r6
10008078:	7861      	ldrb	r1, [r4, #1]
1000807a:	f7ff f915 	bl	100072a8 <usbd_edpt_release>
1000807e:	e7a2      	b.n	10007fc6 <tu_edpt_stream_read_xfer+0x1a>
10008080:	0000ffc0 	.word	0x0000ffc0

10008084 <tu_fifo_config>:
10008084:	b5f0      	push	{r4, r5, r6, r7, lr}
10008086:	46c6      	mov	lr, r8
10008088:	b500      	push	{lr}
1000808a:	0004      	movs	r4, r0
1000808c:	4668      	mov	r0, sp
1000808e:	7e05      	ldrb	r5, [r0, #24]
10008090:	2080      	movs	r0, #128	@ 0x80
10008092:	4688      	mov	r8, r1
10008094:	0017      	movs	r7, r2
10008096:	001e      	movs	r6, r3
10008098:	0200      	lsls	r0, r0, #8
1000809a:	4282      	cmp	r2, r0
1000809c:	d826      	bhi.n	100080ec <tu_fifo_config+0x68>
1000809e:	68e0      	ldr	r0, [r4, #12]
100080a0:	2800      	cmp	r0, #0
100080a2:	d003      	beq.n	100080ac <tu_fifo_config+0x28>
100080a4:	2101      	movs	r1, #1
100080a6:	4249      	negs	r1, r1
100080a8:	f003 fa72 	bl	1000b590 <__mutex_enter_timeout_ms_veneer>
100080ac:	6920      	ldr	r0, [r4, #16]
100080ae:	2800      	cmp	r0, #0
100080b0:	d003      	beq.n	100080ba <tu_fifo_config+0x36>
100080b2:	2101      	movs	r1, #1
100080b4:	4249      	negs	r1, r1
100080b6:	f003 fa6b 	bl	1000b590 <__mutex_enter_timeout_ms_veneer>
100080ba:	4643      	mov	r3, r8
100080bc:	6023      	str	r3, [r4, #0]
100080be:	0473      	lsls	r3, r6, #17
100080c0:	0c5b      	lsrs	r3, r3, #17
100080c2:	03ed      	lsls	r5, r5, #15
100080c4:	431d      	orrs	r5, r3
100080c6:	2300      	movs	r3, #0
100080c8:	68e0      	ldr	r0, [r4, #12]
100080ca:	8163      	strh	r3, [r4, #10]
100080cc:	80a7      	strh	r7, [r4, #4]
100080ce:	80e5      	strh	r5, [r4, #6]
100080d0:	8123      	strh	r3, [r4, #8]
100080d2:	2800      	cmp	r0, #0
100080d4:	d001      	beq.n	100080da <tu_fifo_config+0x56>
100080d6:	f003 fa2b 	bl	1000b530 <__mutex_exit_veneer>
100080da:	6920      	ldr	r0, [r4, #16]
100080dc:	2800      	cmp	r0, #0
100080de:	d001      	beq.n	100080e4 <tu_fifo_config+0x60>
100080e0:	f003 fa26 	bl	1000b530 <__mutex_exit_veneer>
100080e4:	2001      	movs	r0, #1
100080e6:	bc80      	pop	{r7}
100080e8:	46b8      	mov	r8, r7
100080ea:	bdf0      	pop	{r4, r5, r6, r7, pc}
100080ec:	2000      	movs	r0, #0
100080ee:	e7fa      	b.n	100080e6 <tu_fifo_config+0x62>

100080f0 <tu_fifo_count>:
100080f0:	b510      	push	{r4, lr}
100080f2:	8904      	ldrh	r4, [r0, #8]
100080f4:	8941      	ldrh	r1, [r0, #10]
100080f6:	8882      	ldrh	r2, [r0, #4]
100080f8:	b2a3      	uxth	r3, r4
100080fa:	b288      	uxth	r0, r1
100080fc:	428c      	cmp	r4, r1
100080fe:	d307      	bcc.n	10008110 <tu_fifo_count+0x20>
10008100:	1a1b      	subs	r3, r3, r0
10008102:	b29b      	uxth	r3, r3
10008104:	1c10      	adds	r0, r2, #0
10008106:	429a      	cmp	r2, r3
10008108:	d900      	bls.n	1000810c <tu_fifo_count+0x1c>
1000810a:	1c18      	adds	r0, r3, #0
1000810c:	b280      	uxth	r0, r0
1000810e:	bd10      	pop	{r4, pc}
10008110:	0051      	lsls	r1, r2, #1
10008112:	1a09      	subs	r1, r1, r0
10008114:	185b      	adds	r3, r3, r1
10008116:	b29b      	uxth	r3, r3
10008118:	e7f4      	b.n	10008104 <tu_fifo_count+0x14>
1000811a:	46c0      	nop			@ (mov r8, r8)

1000811c <tu_fifo_empty>:
1000811c:	8903      	ldrh	r3, [r0, #8]
1000811e:	8940      	ldrh	r0, [r0, #10]
10008120:	1a18      	subs	r0, r3, r0
10008122:	4243      	negs	r3, r0
10008124:	4158      	adcs	r0, r3
10008126:	b2c0      	uxtb	r0, r0
10008128:	4770      	bx	lr
1000812a:	46c0      	nop			@ (mov r8, r8)

1000812c <tu_fifo_remaining>:
1000812c:	b510      	push	{r4, lr}
1000812e:	8904      	ldrh	r4, [r0, #8]
10008130:	8941      	ldrh	r1, [r0, #10]
10008132:	8882      	ldrh	r2, [r0, #4]
10008134:	b2a3      	uxth	r3, r4
10008136:	b288      	uxth	r0, r1
10008138:	428c      	cmp	r4, r1
1000813a:	d307      	bcc.n	1000814c <tu_fifo_remaining+0x20>
1000813c:	1a1b      	subs	r3, r3, r0
1000813e:	b29b      	uxth	r3, r3
10008140:	2000      	movs	r0, #0
10008142:	429a      	cmp	r2, r3
10008144:	d901      	bls.n	1000814a <tu_fifo_remaining+0x1e>
10008146:	1ad2      	subs	r2, r2, r3
10008148:	b290      	uxth	r0, r2
1000814a:	bd10      	pop	{r4, pc}
1000814c:	0051      	lsls	r1, r2, #1
1000814e:	1a09      	subs	r1, r1, r0
10008150:	185b      	adds	r3, r3, r1
10008152:	b29b      	uxth	r3, r3
10008154:	e7f4      	b.n	10008140 <tu_fifo_remaining+0x14>
10008156:	46c0      	nop			@ (mov r8, r8)

10008158 <tu_fifo_read>:
10008158:	b570      	push	{r4, r5, r6, lr}
1000815a:	0004      	movs	r4, r0
1000815c:	6900      	ldr	r0, [r0, #16]
1000815e:	000e      	movs	r6, r1
10008160:	2800      	cmp	r0, #0
10008162:	d003      	beq.n	1000816c <tu_fifo_read+0x14>
10008164:	2101      	movs	r1, #1
10008166:	4249      	negs	r1, r1
10008168:	f003 fa12 	bl	1000b590 <__mutex_enter_timeout_ms_veneer>
1000816c:	8925      	ldrh	r5, [r4, #8]
1000816e:	8960      	ldrh	r0, [r4, #10]
10008170:	88a2      	ldrh	r2, [r4, #4]
10008172:	b2a9      	uxth	r1, r5
10008174:	b283      	uxth	r3, r0
10008176:	4285      	cmp	r5, r0
10008178:	d332      	bcc.n	100081e0 <tu_fifo_read+0x88>
1000817a:	1acd      	subs	r5, r1, r3
1000817c:	b2ad      	uxth	r5, r5
1000817e:	2d00      	cmp	r5, #0
10008180:	d028      	beq.n	100081d4 <tu_fifo_read+0x7c>
10008182:	42aa      	cmp	r2, r5
10008184:	d208      	bcs.n	10008198 <tu_fifo_read+0x40>
10008186:	4291      	cmp	r1, r2
10008188:	d32f      	bcc.n	100081ea <tu_fifo_read+0x92>
1000818a:	1a89      	subs	r1, r1, r2
1000818c:	b28b      	uxth	r3, r1
1000818e:	8163      	strh	r3, [r4, #10]
10008190:	429a      	cmp	r2, r3
10008192:	d803      	bhi.n	1000819c <tu_fifo_read+0x44>
10008194:	1a9b      	subs	r3, r3, r2
10008196:	b29b      	uxth	r3, r3
10008198:	429a      	cmp	r2, r3
1000819a:	d9fb      	bls.n	10008194 <tu_fifo_read+0x3c>
1000819c:	88e2      	ldrh	r2, [r4, #6]
1000819e:	6821      	ldr	r1, [r4, #0]
100081a0:	0452      	lsls	r2, r2, #17
100081a2:	0c52      	lsrs	r2, r2, #17
100081a4:	4353      	muls	r3, r2
100081a6:	0030      	movs	r0, r6
100081a8:	18c9      	adds	r1, r1, r3
100081aa:	f7fb ff3b 	bl	10004024 <__wrap___aeabi_memcpy>
100081ae:	8963      	ldrh	r3, [r4, #10]
100081b0:	2501      	movs	r5, #1
100081b2:	1c59      	adds	r1, r3, #1
100081b4:	b289      	uxth	r1, r1
100081b6:	88a2      	ldrh	r2, [r4, #4]
100081b8:	428b      	cmp	r3, r1
100081ba:	d90d      	bls.n	100081d8 <tu_fifo_read+0x80>
100081bc:	2100      	movs	r1, #0
100081be:	0052      	lsls	r2, r2, #1
100081c0:	1a89      	subs	r1, r1, r2
100081c2:	b289      	uxth	r1, r1
100081c4:	6920      	ldr	r0, [r4, #16]
100081c6:	8161      	strh	r1, [r4, #10]
100081c8:	2800      	cmp	r0, #0
100081ca:	d001      	beq.n	100081d0 <tu_fifo_read+0x78>
100081cc:	f003 f9b0 	bl	1000b530 <__mutex_exit_veneer>
100081d0:	0028      	movs	r0, r5
100081d2:	bd70      	pop	{r4, r5, r6, pc}
100081d4:	8961      	ldrh	r1, [r4, #10]
100081d6:	b289      	uxth	r1, r1
100081d8:	0052      	lsls	r2, r2, #1
100081da:	4291      	cmp	r1, r2
100081dc:	dbf2      	blt.n	100081c4 <tu_fifo_read+0x6c>
100081de:	e7ef      	b.n	100081c0 <tu_fifo_read+0x68>
100081e0:	0055      	lsls	r5, r2, #1
100081e2:	1aed      	subs	r5, r5, r3
100081e4:	194d      	adds	r5, r1, r5
100081e6:	b2ad      	uxth	r5, r5
100081e8:	e7c9      	b.n	1000817e <tu_fifo_read+0x26>
100081ea:	1889      	adds	r1, r1, r2
100081ec:	b28b      	uxth	r3, r1
100081ee:	8163      	strh	r3, [r4, #10]
100081f0:	e7ce      	b.n	10008190 <tu_fifo_read+0x38>
100081f2:	46c0      	nop			@ (mov r8, r8)

100081f4 <tu_fifo_read_n>:
100081f4:	b5f0      	push	{r4, r5, r6, r7, lr}
100081f6:	4646      	mov	r6, r8
100081f8:	464f      	mov	r7, r9
100081fa:	46d6      	mov	lr, sl
100081fc:	b5c0      	push	{r6, r7, lr}
100081fe:	0006      	movs	r6, r0
10008200:	6900      	ldr	r0, [r0, #16]
10008202:	4689      	mov	r9, r1
10008204:	4690      	mov	r8, r2
10008206:	2800      	cmp	r0, #0
10008208:	d003      	beq.n	10008212 <tu_fifo_read_n+0x1e>
1000820a:	2101      	movs	r1, #1
1000820c:	4249      	negs	r1, r1
1000820e:	f003 f9bf 	bl	1000b590 <__mutex_enter_timeout_ms_veneer>
10008212:	8931      	ldrh	r1, [r6, #8]
10008214:	8972      	ldrh	r2, [r6, #10]
10008216:	88b5      	ldrh	r5, [r6, #4]
10008218:	b28b      	uxth	r3, r1
1000821a:	b294      	uxth	r4, r2
1000821c:	4291      	cmp	r1, r2
1000821e:	d354      	bcc.n	100082ca <tu_fifo_read_n+0xd6>
10008220:	1b1f      	subs	r7, r3, r4
10008222:	b2bf      	uxth	r7, r7
10008224:	2f00      	cmp	r7, #0
10008226:	d04a      	beq.n	100082be <tu_fifo_read_n+0xca>
10008228:	42bd      	cmp	r5, r7
1000822a:	d205      	bcs.n	10008238 <tu_fifo_read_n+0x44>
1000822c:	42ab      	cmp	r3, r5
1000822e:	d251      	bcs.n	100082d4 <tu_fifo_read_n+0xe0>
10008230:	195b      	adds	r3, r3, r5
10008232:	b29c      	uxth	r4, r3
10008234:	002f      	movs	r7, r5
10008236:	8174      	strh	r4, [r6, #10]
10008238:	4643      	mov	r3, r8
1000823a:	45b8      	cmp	r8, r7
1000823c:	d83d      	bhi.n	100082ba <tu_fifo_read_n+0xc6>
1000823e:	b29f      	uxth	r7, r3
10008240:	42a5      	cmp	r5, r4
10008242:	d803      	bhi.n	1000824c <tu_fifo_read_n+0x58>
10008244:	1b64      	subs	r4, r4, r5
10008246:	b2a4      	uxth	r4, r4
10008248:	42a5      	cmp	r5, r4
1000824a:	d9fb      	bls.n	10008244 <tu_fifo_read_n+0x50>
1000824c:	88f2      	ldrh	r2, [r6, #6]
1000824e:	6831      	ldr	r1, [r6, #0]
10008250:	0452      	lsls	r2, r2, #17
10008252:	0c52      	lsrs	r2, r2, #17
10008254:	4690      	mov	r8, r2
10008256:	4362      	muls	r2, r4
10008258:	1b2b      	subs	r3, r5, r4
1000825a:	b29b      	uxth	r3, r3
1000825c:	1889      	adds	r1, r1, r2
1000825e:	4642      	mov	r2, r8
10008260:	429f      	cmp	r7, r3
10008262:	d925      	bls.n	100082b0 <tu_fifo_read_n+0xbc>
10008264:	4353      	muls	r3, r2
10008266:	b29b      	uxth	r3, r3
10008268:	001a      	movs	r2, r3
1000826a:	4648      	mov	r0, r9
1000826c:	469a      	mov	sl, r3
1000826e:	f7fb fed9 	bl	10004024 <__wrap___aeabi_memcpy>
10008272:	4643      	mov	r3, r8
10008274:	4648      	mov	r0, r9
10008276:	1b7d      	subs	r5, r7, r5
10008278:	1964      	adds	r4, r4, r5
1000827a:	435c      	muls	r4, r3
1000827c:	6831      	ldr	r1, [r6, #0]
1000827e:	4450      	add	r0, sl
10008280:	b2a2      	uxth	r2, r4
10008282:	f7fb fecf 	bl	10004024 <__wrap___aeabi_memcpy>
10008286:	8971      	ldrh	r1, [r6, #10]
10008288:	88b5      	ldrh	r5, [r6, #4]
1000828a:	19cb      	adds	r3, r1, r7
1000828c:	b29b      	uxth	r3, r3
1000828e:	006a      	lsls	r2, r5, #1
10008290:	4299      	cmp	r1, r3
10008292:	d916      	bls.n	100082c2 <tu_fifo_read_n+0xce>
10008294:	1a9b      	subs	r3, r3, r2
10008296:	b29b      	uxth	r3, r3
10008298:	6930      	ldr	r0, [r6, #16]
1000829a:	8173      	strh	r3, [r6, #10]
1000829c:	2800      	cmp	r0, #0
1000829e:	d001      	beq.n	100082a4 <tu_fifo_read_n+0xb0>
100082a0:	f003 f946 	bl	1000b530 <__mutex_exit_veneer>
100082a4:	0038      	movs	r0, r7
100082a6:	bce0      	pop	{r5, r6, r7}
100082a8:	46ba      	mov	sl, r7
100082aa:	46b1      	mov	r9, r6
100082ac:	46a8      	mov	r8, r5
100082ae:	bdf0      	pop	{r4, r5, r6, r7, pc}
100082b0:	4648      	mov	r0, r9
100082b2:	437a      	muls	r2, r7
100082b4:	f7fb feb6 	bl	10004024 <__wrap___aeabi_memcpy>
100082b8:	e7e5      	b.n	10008286 <tu_fifo_read_n+0x92>
100082ba:	1c3b      	adds	r3, r7, #0
100082bc:	e7bf      	b.n	1000823e <tu_fifo_read_n+0x4a>
100082be:	8973      	ldrh	r3, [r6, #10]
100082c0:	b29b      	uxth	r3, r3
100082c2:	006a      	lsls	r2, r5, #1
100082c4:	4293      	cmp	r3, r2
100082c6:	dbe7      	blt.n	10008298 <tu_fifo_read_n+0xa4>
100082c8:	e7e4      	b.n	10008294 <tu_fifo_read_n+0xa0>
100082ca:	006f      	lsls	r7, r5, #1
100082cc:	1b3f      	subs	r7, r7, r4
100082ce:	19df      	adds	r7, r3, r7
100082d0:	b2bf      	uxth	r7, r7
100082d2:	e7a7      	b.n	10008224 <tu_fifo_read_n+0x30>
100082d4:	1b5b      	subs	r3, r3, r5
100082d6:	b29c      	uxth	r4, r3
100082d8:	e7ac      	b.n	10008234 <tu_fifo_read_n+0x40>
100082da:	46c0      	nop			@ (mov r8, r8)

100082dc <tu_fifo_write>:
100082dc:	b5f8      	push	{r3, r4, r5, r6, r7, lr}
100082de:	0004      	movs	r4, r0
100082e0:	68c0      	ldr	r0, [r0, #12]
100082e2:	000e      	movs	r6, r1
100082e4:	2800      	cmp	r0, #0
100082e6:	d003      	beq.n	100082f0 <tu_fifo_write+0x14>
100082e8:	2101      	movs	r1, #1
100082ea:	4249      	negs	r1, r1
100082ec:	f003 f950 	bl	1000b590 <__mutex_enter_timeout_ms_veneer>
100082f0:	8925      	ldrh	r5, [r4, #8]
100082f2:	8920      	ldrh	r0, [r4, #8]
100082f4:	8961      	ldrh	r1, [r4, #10]
100082f6:	88a2      	ldrh	r2, [r4, #4]
100082f8:	b2ad      	uxth	r5, r5
100082fa:	b283      	uxth	r3, r0
100082fc:	b28f      	uxth	r7, r1
100082fe:	4288      	cmp	r0, r1
10008300:	d329      	bcc.n	10008356 <tu_fifo_write+0x7a>
10008302:	1bdb      	subs	r3, r3, r7
10008304:	b29b      	uxth	r3, r3
10008306:	429a      	cmp	r2, r3
10008308:	d809      	bhi.n	1000831e <tu_fifo_write+0x42>
1000830a:	79e7      	ldrb	r7, [r4, #7]
1000830c:	09ff      	lsrs	r7, r7, #7
1000830e:	d106      	bne.n	1000831e <tu_fifo_write+0x42>
10008310:	68e0      	ldr	r0, [r4, #12]
10008312:	2800      	cmp	r0, #0
10008314:	d001      	beq.n	1000831a <tu_fifo_write+0x3e>
10008316:	f003 f90b 	bl	1000b530 <__mutex_exit_veneer>
1000831a:	0038      	movs	r0, r7
1000831c:	bdf8      	pop	{r3, r4, r5, r6, r7, pc}
1000831e:	002b      	movs	r3, r5
10008320:	4295      	cmp	r5, r2
10008322:	d31d      	bcc.n	10008360 <tu_fifo_write+0x84>
10008324:	1a9b      	subs	r3, r3, r2
10008326:	b29b      	uxth	r3, r3
10008328:	4293      	cmp	r3, r2
1000832a:	d2fb      	bcs.n	10008324 <tu_fifo_write+0x48>
1000832c:	88e2      	ldrh	r2, [r4, #6]
1000832e:	6820      	ldr	r0, [r4, #0]
10008330:	0452      	lsls	r2, r2, #17
10008332:	0c52      	lsrs	r2, r2, #17
10008334:	4353      	muls	r3, r2
10008336:	0031      	movs	r1, r6
10008338:	18c0      	adds	r0, r0, r3
1000833a:	f7fb fe73 	bl	10004024 <__wrap___aeabi_memcpy>
1000833e:	1c6b      	adds	r3, r5, #1
10008340:	b29b      	uxth	r3, r3
10008342:	88a2      	ldrh	r2, [r4, #4]
10008344:	429d      	cmp	r5, r3
10008346:	d917      	bls.n	10008378 <tu_fifo_write+0x9c>
10008348:	2300      	movs	r3, #0
1000834a:	0052      	lsls	r2, r2, #1
1000834c:	1a9b      	subs	r3, r3, r2
1000834e:	b29b      	uxth	r3, r3
10008350:	2701      	movs	r7, #1
10008352:	8123      	strh	r3, [r4, #8]
10008354:	e7dc      	b.n	10008310 <tu_fifo_write+0x34>
10008356:	0051      	lsls	r1, r2, #1
10008358:	1bc9      	subs	r1, r1, r7
1000835a:	185b      	adds	r3, r3, r1
1000835c:	b29b      	uxth	r3, r3
1000835e:	e7d2      	b.n	10008306 <tu_fifo_write+0x2a>
10008360:	88e2      	ldrh	r2, [r4, #6]
10008362:	6820      	ldr	r0, [r4, #0]
10008364:	0452      	lsls	r2, r2, #17
10008366:	0c52      	lsrs	r2, r2, #17
10008368:	4353      	muls	r3, r2
1000836a:	0031      	movs	r1, r6
1000836c:	18c0      	adds	r0, r0, r3
1000836e:	f7fb fe59 	bl	10004024 <__wrap___aeabi_memcpy>
10008372:	3501      	adds	r5, #1
10008374:	88a2      	ldrh	r2, [r4, #4]
10008376:	b2ab      	uxth	r3, r5
10008378:	0052      	lsls	r2, r2, #1
1000837a:	4293      	cmp	r3, r2
1000837c:	dbe8      	blt.n	10008350 <tu_fifo_write+0x74>
1000837e:	e7e5      	b.n	1000834c <tu_fifo_write+0x70>

10008380 <tu_fifo_write_n>:
10008380:	b5f0      	push	{r4, r5, r6, r7, lr}
10008382:	464e      	mov	r6, r9
10008384:	4657      	mov	r7, sl
10008386:	46de      	mov	lr, fp
10008388:	4645      	mov	r5, r8
1000838a:	b5e0      	push	{r5, r6, r7, lr}
1000838c:	4689      	mov	r9, r1
1000838e:	0006      	movs	r6, r0
10008390:	0017      	movs	r7, r2
10008392:	b083      	sub	sp, #12
10008394:	2a00      	cmp	r2, #0
10008396:	d067      	beq.n	10008468 <tu_fifo_write_n+0xe8>
10008398:	68c0      	ldr	r0, [r0, #12]
1000839a:	2800      	cmp	r0, #0
1000839c:	d003      	beq.n	100083a6 <tu_fifo_write_n+0x26>
1000839e:	2101      	movs	r1, #1
100083a0:	4249      	negs	r1, r1
100083a2:	f003 f8f5 	bl	1000b590 <__mutex_enter_timeout_ms_veneer>
100083a6:	8933      	ldrh	r3, [r6, #8]
100083a8:	79f2      	ldrb	r2, [r6, #7]
100083aa:	b29b      	uxth	r3, r3
100083ac:	4698      	mov	r8, r3
100083ae:	8973      	ldrh	r3, [r6, #10]
100083b0:	88b5      	ldrh	r5, [r6, #4]
100083b2:	b29b      	uxth	r3, r3
100083b4:	09d2      	lsrs	r2, r2, #7
100083b6:	d140      	bne.n	1000843a <tu_fifo_write_n+0xba>
100083b8:	4598      	cmp	r8, r3
100083ba:	d25e      	bcs.n	1000847a <tu_fifo_write_n+0xfa>
100083bc:	006a      	lsls	r2, r5, #1
100083be:	1ad3      	subs	r3, r2, r3
100083c0:	4443      	add	r3, r8
100083c2:	b29b      	uxth	r3, r3
100083c4:	42ab      	cmp	r3, r5
100083c6:	d25d      	bcs.n	10008484 <tu_fifo_write_n+0x104>
100083c8:	1aeb      	subs	r3, r5, r3
100083ca:	1c1a      	adds	r2, r3, #0
100083cc:	b29b      	uxth	r3, r3
100083ce:	42bb      	cmp	r3, r7
100083d0:	d900      	bls.n	100083d4 <tu_fifo_write_n+0x54>
100083d2:	1c3a      	adds	r2, r7, #0
100083d4:	b297      	uxth	r7, r2
100083d6:	1b7b      	subs	r3, r7, r5
100083d8:	b29b      	uxth	r3, r3
100083da:	9301      	str	r3, [sp, #4]
100083dc:	88f3      	ldrh	r3, [r6, #6]
100083de:	045b      	lsls	r3, r3, #17
100083e0:	0c5b      	lsrs	r3, r3, #17
100083e2:	469a      	mov	sl, r3
100083e4:	4643      	mov	r3, r8
100083e6:	19db      	adds	r3, r3, r7
100083e8:	b29b      	uxth	r3, r3
100083ea:	469b      	mov	fp, r3
100083ec:	4644      	mov	r4, r8
100083ee:	45a8      	cmp	r8, r5
100083f0:	d303      	bcc.n	100083fa <tu_fifo_write_n+0x7a>
100083f2:	1b64      	subs	r4, r4, r5
100083f4:	b2a4      	uxth	r4, r4
100083f6:	42ac      	cmp	r4, r5
100083f8:	d2fb      	bcs.n	100083f2 <tu_fifo_write_n+0x72>
100083fa:	4653      	mov	r3, sl
100083fc:	4363      	muls	r3, r4
100083fe:	6830      	ldr	r0, [r6, #0]
10008400:	1b2d      	subs	r5, r5, r4
10008402:	b2ad      	uxth	r5, r5
10008404:	18c0      	adds	r0, r0, r3
10008406:	42bd      	cmp	r5, r7
10008408:	d34b      	bcc.n	100084a2 <tu_fifo_write_n+0x122>
1000840a:	4652      	mov	r2, sl
1000840c:	4649      	mov	r1, r9
1000840e:	437a      	muls	r2, r7
10008410:	f7fb fe08 	bl	10004024 <__wrap___aeabi_memcpy>
10008414:	88b3      	ldrh	r3, [r6, #4]
10008416:	005b      	lsls	r3, r3, #1
10008418:	45d8      	cmp	r8, fp
1000841a:	d801      	bhi.n	10008420 <tu_fifo_write_n+0xa0>
1000841c:	459b      	cmp	fp, r3
1000841e:	db03      	blt.n	10008428 <tu_fifo_write_n+0xa8>
10008420:	465a      	mov	r2, fp
10008422:	1ad3      	subs	r3, r2, r3
10008424:	b29b      	uxth	r3, r3
10008426:	469b      	mov	fp, r3
10008428:	465b      	mov	r3, fp
1000842a:	003d      	movs	r5, r7
1000842c:	8133      	strh	r3, [r6, #8]
1000842e:	68f0      	ldr	r0, [r6, #12]
10008430:	2800      	cmp	r0, #0
10008432:	d01a      	beq.n	1000846a <tu_fifo_write_n+0xea>
10008434:	f003 f87c 	bl	1000b530 <__mutex_exit_veneer>
10008438:	e017      	b.n	1000846a <tu_fifo_write_n+0xea>
1000843a:	88f2      	ldrh	r2, [r6, #6]
1000843c:	0452      	lsls	r2, r2, #17
1000843e:	0c52      	lsrs	r2, r2, #17
10008440:	4692      	mov	sl, r2
10008442:	42af      	cmp	r7, r5
10008444:	d220      	bcs.n	10008488 <tu_fifo_write_n+0x108>
10008446:	4598      	cmp	r8, r3
10008448:	d34d      	bcc.n	100084e6 <tu_fifo_write_n+0x166>
1000844a:	4642      	mov	r2, r8
1000844c:	1ad2      	subs	r2, r2, r3
1000844e:	b292      	uxth	r2, r2
10008450:	0069      	lsls	r1, r5, #1
10008452:	1b78      	subs	r0, r7, r5
10008454:	b280      	uxth	r0, r0
10008456:	19d2      	adds	r2, r2, r7
10008458:	9001      	str	r0, [sp, #4]
1000845a:	428a      	cmp	r2, r1
1000845c:	da33      	bge.n	100084c6 <tu_fifo_write_n+0x146>
1000845e:	4643      	mov	r3, r8
10008460:	18fb      	adds	r3, r7, r3
10008462:	b29b      	uxth	r3, r3
10008464:	469b      	mov	fp, r3
10008466:	e7c1      	b.n	100083ec <tu_fifo_write_n+0x6c>
10008468:	2500      	movs	r5, #0
1000846a:	0028      	movs	r0, r5
1000846c:	b003      	add	sp, #12
1000846e:	bcf0      	pop	{r4, r5, r6, r7}
10008470:	46bb      	mov	fp, r7
10008472:	46b2      	mov	sl, r6
10008474:	46a9      	mov	r9, r5
10008476:	46a0      	mov	r8, r4
10008478:	bdf0      	pop	{r4, r5, r6, r7, pc}
1000847a:	4642      	mov	r2, r8
1000847c:	1ad3      	subs	r3, r2, r3
1000847e:	b29b      	uxth	r3, r3
10008480:	42ab      	cmp	r3, r5
10008482:	d3a1      	bcc.n	100083c8 <tu_fifo_write_n+0x48>
10008484:	2500      	movs	r5, #0
10008486:	e7d2      	b.n	1000842e <tu_fifo_write_n+0xae>
10008488:	2d00      	cmp	r5, #0
1000848a:	d0d0      	beq.n	1000842e <tu_fifo_write_n+0xae>
1000848c:	1b7f      	subs	r7, r7, r5
1000848e:	4357      	muls	r7, r2
10008490:	4698      	mov	r8, r3
10008492:	195a      	adds	r2, r3, r5
10008494:	2300      	movs	r3, #0
10008496:	b292      	uxth	r2, r2
10008498:	44b9      	add	r9, r7
1000849a:	4693      	mov	fp, r2
1000849c:	002f      	movs	r7, r5
1000849e:	9301      	str	r3, [sp, #4]
100084a0:	e7a4      	b.n	100083ec <tu_fifo_write_n+0x6c>
100084a2:	4653      	mov	r3, sl
100084a4:	435d      	muls	r5, r3
100084a6:	b2ad      	uxth	r5, r5
100084a8:	002a      	movs	r2, r5
100084aa:	4649      	mov	r1, r9
100084ac:	f7fb fdba 	bl	10004024 <__wrap___aeabi_memcpy>
100084b0:	9b01      	ldr	r3, [sp, #4]
100084b2:	0029      	movs	r1, r5
100084b4:	18e2      	adds	r2, r4, r3
100084b6:	4653      	mov	r3, sl
100084b8:	435a      	muls	r2, r3
100084ba:	6830      	ldr	r0, [r6, #0]
100084bc:	b292      	uxth	r2, r2
100084be:	4449      	add	r1, r9
100084c0:	f7fb fdb0 	bl	10004024 <__wrap___aeabi_memcpy>
100084c4:	e7a6      	b.n	10008414 <tu_fifo_write_n+0x94>
100084c6:	195a      	adds	r2, r3, r5
100084c8:	b292      	uxth	r2, r2
100084ca:	4693      	mov	fp, r2
100084cc:	1bd2      	subs	r2, r2, r7
100084ce:	b292      	uxth	r2, r2
100084d0:	4690      	mov	r8, r2
100084d2:	4293      	cmp	r3, r2
100084d4:	d90c      	bls.n	100084f0 <tu_fifo_write_n+0x170>
100084d6:	4643      	mov	r3, r8
100084d8:	1a59      	subs	r1, r3, r1
100084da:	b28b      	uxth	r3, r1
100084dc:	4698      	mov	r8, r3
100084de:	18fb      	adds	r3, r7, r3
100084e0:	b29b      	uxth	r3, r3
100084e2:	469b      	mov	fp, r3
100084e4:	e782      	b.n	100083ec <tu_fifo_write_n+0x6c>
100084e6:	0069      	lsls	r1, r5, #1
100084e8:	1aca      	subs	r2, r1, r3
100084ea:	4442      	add	r2, r8
100084ec:	b292      	uxth	r2, r2
100084ee:	e7b0      	b.n	10008452 <tu_fifo_write_n+0xd2>
100084f0:	4291      	cmp	r1, r2
100084f2:	dd00      	ble.n	100084f6 <tu_fifo_write_n+0x176>
100084f4:	e77a      	b.n	100083ec <tu_fifo_write_n+0x6c>
100084f6:	e7ee      	b.n	100084d6 <tu_fifo_write_n+0x156>

100084f8 <tu_fifo_clear>:
100084f8:	b510      	push	{r4, lr}
100084fa:	0004      	movs	r4, r0
100084fc:	68c0      	ldr	r0, [r0, #12]
100084fe:	2800      	cmp	r0, #0
10008500:	d003      	beq.n	1000850a <tu_fifo_clear+0x12>
10008502:	2101      	movs	r1, #1
10008504:	4249      	negs	r1, r1
10008506:	f003 f843 	bl	1000b590 <__mutex_enter_timeout_ms_veneer>
1000850a:	6920      	ldr	r0, [r4, #16]
1000850c:	2800      	cmp	r0, #0
1000850e:	d003      	beq.n	10008518 <tu_fifo_clear+0x20>
10008510:	2101      	movs	r1, #1
10008512:	4249      	negs	r1, r1
10008514:	f003 f83c 	bl	1000b590 <__mutex_enter_timeout_ms_veneer>
10008518:	2300      	movs	r3, #0
1000851a:	68e0      	ldr	r0, [r4, #12]
1000851c:	8163      	strh	r3, [r4, #10]
1000851e:	8123      	strh	r3, [r4, #8]
10008520:	2800      	cmp	r0, #0
10008522:	d001      	beq.n	10008528 <tu_fifo_clear+0x30>
10008524:	f003 f804 	bl	1000b530 <__mutex_exit_veneer>
10008528:	6920      	ldr	r0, [r4, #16]
1000852a:	2800      	cmp	r0, #0
1000852c:	d001      	beq.n	10008532 <tu_fifo_clear+0x3a>
1000852e:	f002 ffff 	bl	1000b530 <__mutex_exit_veneer>
10008532:	2001      	movs	r0, #1
10008534:	bd10      	pop	{r4, pc}
10008536:	46c0      	nop			@ (mov r8, r8)

10008538 <tu_fifo_set_overwritable>:
10008538:	b570      	push	{r4, r5, r6, lr}
1000853a:	0004      	movs	r4, r0
1000853c:	68c0      	ldr	r0, [r0, #12]
1000853e:	000d      	movs	r5, r1
10008540:	2800      	cmp	r0, #0
10008542:	d003      	beq.n	1000854c <tu_fifo_set_overwritable+0x14>
10008544:	2101      	movs	r1, #1
10008546:	4249      	negs	r1, r1
10008548:	f003 f822 	bl	1000b590 <__mutex_enter_timeout_ms_veneer>
1000854c:	6920      	ldr	r0, [r4, #16]
1000854e:	2800      	cmp	r0, #0
10008550:	d003      	beq.n	1000855a <tu_fifo_set_overwritable+0x22>
10008552:	2101      	movs	r1, #1
10008554:	4249      	negs	r1, r1
10008556:	f003 f81b 	bl	1000b590 <__mutex_enter_timeout_ms_veneer>
1000855a:	217f      	movs	r1, #127	@ 0x7f
1000855c:	79e3      	ldrb	r3, [r4, #7]
1000855e:	01ed      	lsls	r5, r5, #7
10008560:	4019      	ands	r1, r3
10008562:	68e0      	ldr	r0, [r4, #12]
10008564:	4329      	orrs	r1, r5
10008566:	71e1      	strb	r1, [r4, #7]
10008568:	2800      	cmp	r0, #0
1000856a:	d001      	beq.n	10008570 <tu_fifo_set_overwritable+0x38>
1000856c:	f002 ffe0 	bl	1000b530 <__mutex_exit_veneer>
10008570:	6920      	ldr	r0, [r4, #16]
10008572:	2800      	cmp	r0, #0
10008574:	d001      	beq.n	1000857a <tu_fifo_set_overwritable+0x42>
10008576:	f002 ffdb 	bl	1000b530 <__mutex_exit_veneer>
1000857a:	2001      	movs	r0, #1
1000857c:	bd70      	pop	{r4, r5, r6, pc}
1000857e:	46c0      	nop			@ (mov r8, r8)

10008580 <vPortStartFirstTask>:
10008580:	4a0b      	ldr	r2, [pc, #44]	@ (100085b0 <pxCurrentTCBConst1>)
10008582:	6813      	ldr	r3, [r2, #0]
10008584:	6818      	ldr	r0, [r3, #0]
10008586:	3020      	adds	r0, #32
10008588:	f380 8809 	msr	PSP, r0
1000858c:	2002      	movs	r0, #2
1000858e:	f380 8814 	msr	CONTROL, r0
10008592:	f3bf 8f6f 	isb	sy
10008596:	bc3f      	pop	{r0, r1, r2, r3, r4, r5}
10008598:	46ae      	mov	lr, r5
1000859a:	bc08      	pop	{r3}
1000859c:	bc04      	pop	{r2}
1000859e:	b662      	cpsie	i
100085a0:	4718      	bx	r3
100085a2:	46c0      	nop			@ (mov r8, r8)
100085a4:	46c0      	nop			@ (mov r8, r8)
100085a6:	46c0      	nop			@ (mov r8, r8)
100085a8:	46c0      	nop			@ (mov r8, r8)
100085aa:	46c0      	nop			@ (mov r8, r8)
100085ac:	46c0      	nop			@ (mov r8, r8)
100085ae:	46c0      	nop			@ (mov r8, r8)

100085b0 <pxCurrentTCBConst1>:
100085b0:	200037e8 	.word	0x200037e8
	...

100085c0 <isr_pendsv>:
100085c0:	f3ef 8009 	mrs	r0, PSP
100085c4:	4b16      	ldr	r3, [pc, #88]	@ (10008620 <pxCurrentTCBConst2>)
100085c6:	681a      	ldr	r2, [r3, #0]
100085c8:	3820      	subs	r0, #32
100085ca:	6010      	str	r0, [r2, #0]
100085cc:	c0f0      	stmia	r0!, {r4, r5, r6, r7}
100085ce:	4644      	mov	r4, r8
100085d0:	464d      	mov	r5, r9
100085d2:	4656      	mov	r6, sl
100085d4:	465f      	mov	r7, fp
100085d6:	c0f0      	stmia	r0!, {r4, r5, r6, r7}
100085d8:	220d      	movs	r2, #13
100085da:	0712      	lsls	r2, r2, #28
100085dc:	6e14      	ldr	r4, [r2, #96]	@ 0x60
100085de:	6e55      	ldr	r5, [r2, #100]	@ 0x64
100085e0:	6f56      	ldr	r6, [r2, #116]	@ 0x74
100085e2:	6f17      	ldr	r7, [r2, #112]	@ 0x70
100085e4:	3830      	subs	r0, #48	@ 0x30
100085e6:	c0f0      	stmia	r0!, {r4, r5, r6, r7}
100085e8:	b508      	push	{r3, lr}
100085ea:	b672      	cpsid	i
100085ec:	f001 fd00 	bl	10009ff0 <vTaskSwitchContext>
100085f0:	b662      	cpsie	i
100085f2:	bc0c      	pop	{r2, r3}
100085f4:	6811      	ldr	r1, [r2, #0]
100085f6:	6808      	ldr	r0, [r1, #0]
100085f8:	3010      	adds	r0, #16
100085fa:	c8f0      	ldmia	r0!, {r4, r5, r6, r7}
100085fc:	46a0      	mov	r8, r4
100085fe:	46a9      	mov	r9, r5
10008600:	46b2      	mov	sl, r6
10008602:	46bb      	mov	fp, r7
10008604:	f380 8809 	msr	PSP, r0
10008608:	220d      	movs	r2, #13
1000860a:	0712      	lsls	r2, r2, #28
1000860c:	3830      	subs	r0, #48	@ 0x30
1000860e:	c8f0      	ldmia	r0!, {r4, r5, r6, r7}
10008610:	6614      	str	r4, [r2, #96]	@ 0x60
10008612:	6655      	str	r5, [r2, #100]	@ 0x64
10008614:	6756      	str	r6, [r2, #116]	@ 0x74
10008616:	6717      	str	r7, [r2, #112]	@ 0x70
10008618:	c8f0      	ldmia	r0!, {r4, r5, r6, r7}
1000861a:	4718      	bx	r3
1000861c:	46c0      	nop			@ (mov r8, r8)
1000861e:	46c0      	nop			@ (mov r8, r8)

10008620 <pxCurrentTCBConst2>:
10008620:	200037e8 	.word	0x200037e8

10008624 <prvTaskExitError>:
10008624:	b510      	push	{r4, lr}
10008626:	f7f9 fba9 	bl	10001d7c <panic_unsupported>
1000862a:	46c0      	nop			@ (mov r8, r8)

1000862c <prvFIFOInterruptHandler>:
1000862c:	23d0      	movs	r3, #208	@ 0xd0
1000862e:	b500      	push	{lr}
10008630:	061b      	lsls	r3, r3, #24
10008632:	6d1a      	ldr	r2, [r3, #80]	@ 0x50
10008634:	b083      	sub	sp, #12
10008636:	07d2      	lsls	r2, r2, #31
10008638:	d504      	bpl.n	10008644 <prvFIFOInterruptHandler+0x18>
1000863a:	2101      	movs	r1, #1
1000863c:	6d9a      	ldr	r2, [r3, #88]	@ 0x58
1000863e:	6d1a      	ldr	r2, [r3, #80]	@ 0x50
10008640:	4211      	tst	r1, r2
10008642:	d1fb      	bne.n	1000863c <prvFIFOInterruptHandler+0x10>
10008644:	23d0      	movs	r3, #208	@ 0xd0
10008646:	22ff      	movs	r2, #255	@ 0xff
10008648:	061b      	lsls	r3, r3, #24
1000864a:	651a      	str	r2, [r3, #80]	@ 0x50
1000864c:	2300      	movs	r3, #0
1000864e:	4a11      	ldr	r2, [pc, #68]	@ (10008694 <prvFIFOInterruptHandler+0x68>)
10008650:	9301      	str	r3, [sp, #4]
10008652:	6811      	ldr	r1, [r2, #0]
10008654:	f3ef 8c10 	mrs	ip, PRIMASK
10008658:	b672      	cpsid	i
1000865a:	680b      	ldr	r3, [r1, #0]
1000865c:	2b00      	cmp	r3, #0
1000865e:	d0fc      	beq.n	1000865a <prvFIFOInterruptHandler+0x2e>
10008660:	f3bf 8f5f 	dmb	sy
10008664:	2300      	movs	r3, #0
10008666:	480c      	ldr	r0, [pc, #48]	@ (10008698 <prvFIFOInterruptHandler+0x6c>)
10008668:	6812      	ldr	r2, [r2, #0]
1000866a:	6801      	ldr	r1, [r0, #0]
1000866c:	6003      	str	r3, [r0, #0]
1000866e:	f3bf 8f5f 	dmb	sy
10008672:	6013      	str	r3, [r2, #0]
10008674:	f38c 8810 	msr	PRIMASK, ip
10008678:	4b08      	ldr	r3, [pc, #32]	@ (1000869c <prvFIFOInterruptHandler+0x70>)
1000867a:	aa01      	add	r2, sp, #4
1000867c:	6818      	ldr	r0, [r3, #0]
1000867e:	f000 fb01 	bl	10008c84 <xEventGroupSetBitsFromISR>
10008682:	9b01      	ldr	r3, [sp, #4]
10008684:	2b00      	cmp	r3, #0
10008686:	d003      	beq.n	10008690 <prvFIFOInterruptHandler+0x64>
10008688:	2280      	movs	r2, #128	@ 0x80
1000868a:	4b05      	ldr	r3, [pc, #20]	@ (100086a0 <prvFIFOInterruptHandler+0x74>)
1000868c:	0552      	lsls	r2, r2, #21
1000868e:	601a      	str	r2, [r3, #0]
10008690:	b003      	add	sp, #12
10008692:	bd00      	pop	{pc}
10008694:	200037e4 	.word	0x200037e4
10008698:	20027c24 	.word	0x20027c24
1000869c:	20027c90 	.word	0x20027c90
100086a0:	e000ed04 	.word	0xe000ed04

100086a4 <isr_svcall>:
100086a4:	4770      	bx	lr
100086a6:	46c0      	nop			@ (mov r8, r8)

100086a8 <pxPortInitialiseStack>:
100086a8:	b510      	push	{r4, lr}
100086aa:	2480      	movs	r4, #128	@ 0x80
100086ac:	1f03      	subs	r3, r0, #4
100086ae:	0464      	lsls	r4, r4, #17
100086b0:	601c      	str	r4, [r3, #0]
100086b2:	3b04      	subs	r3, #4
100086b4:	6019      	str	r1, [r3, #0]
100086b6:	4903      	ldr	r1, [pc, #12]	@ (100086c4 <pxPortInitialiseStack+0x1c>)
100086b8:	3b04      	subs	r3, #4
100086ba:	6019      	str	r1, [r3, #0]
100086bc:	3b14      	subs	r3, #20
100086be:	3840      	subs	r0, #64	@ 0x40
100086c0:	601a      	str	r2, [r3, #0]
100086c2:	bd10      	pop	{r4, pc}
100086c4:	10008625 	.word	0x10008625

100086c8 <vPortYield>:
100086c8:	2280      	movs	r2, #128	@ 0x80
100086ca:	4b04      	ldr	r3, [pc, #16]	@ (100086dc <vPortYield+0x14>)
100086cc:	0552      	lsls	r2, r2, #21
100086ce:	601a      	str	r2, [r3, #0]
100086d0:	f3bf 8f4f 	dsb	sy
100086d4:	f3bf 8f6f 	isb	sy
100086d8:	4770      	bx	lr
100086da:	46c0      	nop			@ (mov r8, r8)
100086dc:	e000ed04 	.word	0xe000ed04

100086e0 <vPortEnterCritical>:
100086e0:	b672      	cpsid	i
100086e2:	4a04      	ldr	r2, [pc, #16]	@ (100086f4 <vPortEnterCritical+0x14>)
100086e4:	6813      	ldr	r3, [r2, #0]
100086e6:	3301      	adds	r3, #1
100086e8:	6013      	str	r3, [r2, #0]
100086ea:	f3bf 8f4f 	dsb	sy
100086ee:	f3bf 8f6f 	isb	sy
100086f2:	4770      	bx	lr
100086f4:	20027c20 	.word	0x20027c20

100086f8 <vPortExitCritical>:
100086f8:	4a03      	ldr	r2, [pc, #12]	@ (10008708 <vPortExitCritical+0x10>)
100086fa:	6813      	ldr	r3, [r2, #0]
100086fc:	3b01      	subs	r3, #1
100086fe:	6013      	str	r3, [r2, #0]
10008700:	2b00      	cmp	r3, #0
10008702:	d100      	bne.n	10008706 <vPortExitCritical+0xe>
10008704:	b662      	cpsie	i
10008706:	4770      	bx	lr
10008708:	20027c20 	.word	0x20027c20

1000870c <ulSetInterruptMaskFromISR>:
1000870c:	f3ef 8010 	mrs	r0, PRIMASK
10008710:	b672      	cpsid	i
10008712:	4770      	bx	lr

10008714 <vClearInterruptMaskFromISR>:
10008714:	f380 8810 	msr	PRIMASK, r0
10008718:	4770      	bx	lr
1000871a:	46c0      	nop			@ (mov r8, r8)

1000871c <isr_systick>:
1000871c:	b510      	push	{r4, lr}
1000871e:	f7ff fff5 	bl	1000870c <ulSetInterruptMaskFromISR>
10008722:	0004      	movs	r4, r0
10008724:	f001 fc52 	bl	10009fcc <xTaskIncrementTick>
10008728:	2800      	cmp	r0, #0
1000872a:	d003      	beq.n	10008734 <isr_systick+0x18>
1000872c:	2280      	movs	r2, #128	@ 0x80
1000872e:	4b03      	ldr	r3, [pc, #12]	@ (1000873c <isr_systick+0x20>)
10008730:	0552      	lsls	r2, r2, #21
10008732:	601a      	str	r2, [r3, #0]
10008734:	0020      	movs	r0, r4
10008736:	f7ff ffed 	bl	10008714 <vClearInterruptMaskFromISR>
1000873a:	bd10      	pop	{r4, pc}
1000873c:	e000ed04 	.word	0xe000ed04

10008740 <vPortSetupTimerInterrupt>:
10008740:	2300      	movs	r3, #0
10008742:	b510      	push	{r4, lr}
10008744:	4a08      	ldr	r2, [pc, #32]	@ (10008768 <vPortSetupTimerInterrupt+0x28>)
10008746:	4c09      	ldr	r4, [pc, #36]	@ (1000876c <vPortSetupTimerInterrupt+0x2c>)
10008748:	2005      	movs	r0, #5
1000874a:	6023      	str	r3, [r4, #0]
1000874c:	6013      	str	r3, [r2, #0]
1000874e:	f7fa fb13 	bl	10002d78 <clock_get_hz>
10008752:	21fa      	movs	r1, #250	@ 0xfa
10008754:	0089      	lsls	r1, r1, #2
10008756:	f7fa fd69 	bl	1000322c <__wrap___aeabi_uidiv>
1000875a:	4b05      	ldr	r3, [pc, #20]	@ (10008770 <vPortSetupTimerInterrupt+0x30>)
1000875c:	3801      	subs	r0, #1
1000875e:	6018      	str	r0, [r3, #0]
10008760:	2307      	movs	r3, #7
10008762:	6023      	str	r3, [r4, #0]
10008764:	bd10      	pop	{r4, pc}
10008766:	46c0      	nop			@ (mov r8, r8)
10008768:	e000e018 	.word	0xe000e018
1000876c:	e000e010 	.word	0xe000e010
10008770:	e000e014 	.word	0xe000e014

10008774 <xPortStartScheduler>:
10008774:	22ff      	movs	r2, #255	@ 0xff
10008776:	4b1f      	ldr	r3, [pc, #124]	@ (100087f4 <xPortStartScheduler+0x80>)
10008778:	0412      	lsls	r2, r2, #16
1000877a:	6819      	ldr	r1, [r3, #0]
1000877c:	b510      	push	{r4, lr}
1000877e:	430a      	orrs	r2, r1
10008780:	601a      	str	r2, [r3, #0]
10008782:	22ff      	movs	r2, #255	@ 0xff
10008784:	6819      	ldr	r1, [r3, #0]
10008786:	0612      	lsls	r2, r2, #24
10008788:	430a      	orrs	r2, r1
1000878a:	601a      	str	r2, [r3, #0]
1000878c:	491a      	ldr	r1, [pc, #104]	@ (100087f8 <xPortStartScheduler+0x84>)
1000878e:	200e      	movs	r0, #14
10008790:	f002 f99e 	bl	1000aad0 <exception_set_exclusive_handler>
10008794:	4919      	ldr	r1, [pc, #100]	@ (100087fc <xPortStartScheduler+0x88>)
10008796:	200f      	movs	r0, #15
10008798:	f002 f99a 	bl	1000aad0 <exception_set_exclusive_handler>
1000879c:	4918      	ldr	r1, [pc, #96]	@ (10008800 <xPortStartScheduler+0x8c>)
1000879e:	200b      	movs	r0, #11
100087a0:	f002 f996 	bl	1000aad0 <exception_set_exclusive_handler>
100087a4:	f7ff ffcc 	bl	10008740 <vPortSetupTimerInterrupt>
100087a8:	2200      	movs	r2, #0
100087aa:	4b16      	ldr	r3, [pc, #88]	@ (10008804 <xPortStartScheduler+0x90>)
100087ac:	601a      	str	r2, [r3, #0]
100087ae:	23d0      	movs	r3, #208	@ 0xd0
100087b0:	061b      	lsls	r3, r3, #24
100087b2:	4a15      	ldr	r2, [pc, #84]	@ (10008808 <xPortStartScheduler+0x94>)
100087b4:	681c      	ldr	r4, [r3, #0]
100087b6:	7014      	strb	r4, [r2, #0]
100087b8:	22ff      	movs	r2, #255	@ 0xff
100087ba:	651a      	str	r2, [r3, #80]	@ 0x50
100087bc:	6d1a      	ldr	r2, [r3, #80]	@ 0x50
100087be:	07d2      	lsls	r2, r2, #31
100087c0:	d504      	bpl.n	100087cc <xPortStartScheduler+0x58>
100087c2:	2101      	movs	r1, #1
100087c4:	6d9a      	ldr	r2, [r3, #88]	@ 0x58
100087c6:	6d1a      	ldr	r2, [r3, #80]	@ 0x50
100087c8:	4211      	tst	r1, r2
100087ca:	d1fb      	bne.n	100087c4 <xPortStartScheduler+0x50>
100087cc:	340f      	adds	r4, #15
100087ce:	21ff      	movs	r1, #255	@ 0xff
100087d0:	0020      	movs	r0, r4
100087d2:	f7f9 fcd9 	bl	10002188 <irq_set_priority>
100087d6:	0020      	movs	r0, r4
100087d8:	490c      	ldr	r1, [pc, #48]	@ (1000880c <xPortStartScheduler+0x98>)
100087da:	f7f9 fbb1 	bl	10001f40 <irq_set_exclusive_handler>
100087de:	2101      	movs	r1, #1
100087e0:	0020      	movs	r0, r4
100087e2:	f7f9 fb75 	bl	10001ed0 <irq_set_enabled>
100087e6:	f7ff fecb 	bl	10008580 <vPortStartFirstTask>
100087ea:	f001 fc01 	bl	10009ff0 <vTaskSwitchContext>
100087ee:	f7f9 fac5 	bl	10001d7c <panic_unsupported>
100087f2:	46c0      	nop			@ (mov r8, r8)
100087f4:	e000ed20 	.word	0xe000ed20
100087f8:	100085c1 	.word	0x100085c1
100087fc:	1000871d 	.word	0x1000871d
10008800:	100086a5 	.word	0x100086a5
10008804:	20027c20 	.word	0x20027c20
10008808:	20001115 	.word	0x20001115
1000880c:	1000862d 	.word	0x1000862d

10008810 <ulPortLockGetCurrentOwnerId>:
10008810:	23d0      	movs	r3, #208	@ 0xd0
10008812:	b510      	push	{r4, lr}
10008814:	061b      	lsls	r3, r3, #24
10008816:	6818      	ldr	r0, [r3, #0]
10008818:	4b07      	ldr	r3, [pc, #28]	@ (10008838 <ulPortLockGetCurrentOwnerId+0x28>)
1000881a:	781b      	ldrb	r3, [r3, #0]
1000881c:	4283      	cmp	r3, r0
1000881e:	d000      	beq.n	10008822 <ulPortLockGetCurrentOwnerId+0x12>
10008820:	bd10      	pop	{r4, pc}
10008822:	f3ef 8305 	mrs	r3, IPSR
10008826:	2b00      	cmp	r3, #0
10008828:	d002      	beq.n	10008830 <ulPortLockGetCurrentOwnerId+0x20>
1000882a:	005b      	lsls	r3, r3, #1
1000882c:	18c0      	adds	r0, r0, r3
1000882e:	e7f7      	b.n	10008820 <ulPortLockGetCurrentOwnerId+0x10>
10008830:	f001 fe4a 	bl	1000a4c8 <xTaskGetCurrentTaskHandle>
10008834:	e7f4      	b.n	10008820 <ulPortLockGetCurrentOwnerId+0x10>
10008836:	46c0      	nop			@ (mov r8, r8)
10008838:	20001115 	.word	0x20001115

1000883c <vPortLockInternalSpinUnlockWithWait>:
1000883c:	b510      	push	{r4, lr}
1000883e:	0003      	movs	r3, r0
10008840:	6802      	ldr	r2, [r0, #0]
10008842:	4815      	ldr	r0, [pc, #84]	@ (10008898 <vPortLockInternalSpinUnlockWithWait+0x5c>)
10008844:	b082      	sub	sp, #8
10008846:	7804      	ldrb	r4, [r0, #0]
10008848:	20d0      	movs	r0, #208	@ 0xd0
1000884a:	0600      	lsls	r0, r0, #24
1000884c:	6800      	ldr	r0, [r0, #0]
1000884e:	4284      	cmp	r4, r0
10008850:	d008      	beq.n	10008864 <vPortLockInternalSpinUnlockWithWait+0x28>
10008852:	f3bf 8f5f 	dmb	sy
10008856:	2300      	movs	r3, #0
10008858:	6013      	str	r3, [r2, #0]
1000885a:	f381 8810 	msr	PRIMASK, r1
1000885e:	bf20      	wfe
10008860:	b002      	add	sp, #8
10008862:	bd10      	pop	{r4, pc}
10008864:	f3bf 8f5f 	dmb	sy
10008868:	2000      	movs	r0, #0
1000886a:	6010      	str	r0, [r2, #0]
1000886c:	f381 8810 	msr	PRIMASK, r1
10008870:	4a0a      	ldr	r2, [pc, #40]	@ (1000889c <vPortLockInternalSpinUnlockWithWait+0x60>)
10008872:	681b      	ldr	r3, [r3, #0]
10008874:	6810      	ldr	r0, [r2, #0]
10008876:	4a0a      	ldr	r2, [pc, #40]	@ (100088a0 <vPortLockInternalSpinUnlockWithWait+0x64>)
10008878:	4694      	mov	ip, r2
1000887a:	4463      	add	r3, ip
1000887c:	109a      	asrs	r2, r3, #2
1000887e:	2b5c      	cmp	r3, #92	@ 0x5c
10008880:	d900      	bls.n	10008884 <vPortLockInternalSpinUnlockWithWait+0x48>
10008882:	3a18      	subs	r2, #24
10008884:	2301      	movs	r3, #1
10008886:	2101      	movs	r1, #1
10008888:	425b      	negs	r3, r3
1000888a:	4091      	lsls	r1, r2
1000888c:	9300      	str	r3, [sp, #0]
1000888e:	2201      	movs	r2, #1
10008890:	2300      	movs	r3, #0
10008892:	f000 f94d 	bl	10008b30 <xEventGroupWaitBits>
10008896:	e7e3      	b.n	10008860 <vPortLockInternalSpinUnlockWithWait+0x24>
10008898:	20001115 	.word	0x20001115
1000889c:	20027c90 	.word	0x20027c90
100088a0:	2fffff00 	.word	0x2fffff00

100088a4 <vPortLockInternalSpinUnlockWithNotify>:
100088a4:	000a      	movs	r2, r1
100088a6:	492b      	ldr	r1, [pc, #172]	@ (10008954 <vPortLockInternalSpinUnlockWithNotify+0xb0>)
100088a8:	b530      	push	{r4, r5, lr}
100088aa:	468c      	mov	ip, r1
100088ac:	6803      	ldr	r3, [r0, #0]
100088ae:	b083      	sub	sp, #12
100088b0:	4463      	add	r3, ip
100088b2:	109c      	asrs	r4, r3, #2
100088b4:	2b5c      	cmp	r3, #92	@ 0x5c
100088b6:	d900      	bls.n	100088ba <vPortLockInternalSpinUnlockWithNotify+0x16>
100088b8:	3c18      	subs	r4, #24
100088ba:	2101      	movs	r1, #1
100088bc:	4b26      	ldr	r3, [pc, #152]	@ (10008958 <vPortLockInternalSpinUnlockWithNotify+0xb4>)
100088be:	40a1      	lsls	r1, r4
100088c0:	781c      	ldrb	r4, [r3, #0]
100088c2:	23d0      	movs	r3, #208	@ 0xd0
100088c4:	061b      	lsls	r3, r3, #24
100088c6:	681b      	ldr	r3, [r3, #0]
100088c8:	429c      	cmp	r4, r3
100088ca:	d01f      	beq.n	1000890c <vPortLockInternalSpinUnlockWithNotify+0x68>
100088cc:	bf40      	sev
100088ce:	4d23      	ldr	r5, [pc, #140]	@ (1000895c <vPortLockInternalSpinUnlockWithNotify+0xb8>)
100088d0:	6803      	ldr	r3, [r0, #0]
100088d2:	682c      	ldr	r4, [r5, #0]
100088d4:	42a3      	cmp	r3, r4
100088d6:	d034      	beq.n	10008942 <vPortLockInternalSpinUnlockWithNotify+0x9e>
100088d8:	6823      	ldr	r3, [r4, #0]
100088da:	2b00      	cmp	r3, #0
100088dc:	d0fc      	beq.n	100088d8 <vPortLockInternalSpinUnlockWithNotify+0x34>
100088de:	f3bf 8f5f 	dmb	sy
100088e2:	4c1f      	ldr	r4, [pc, #124]	@ (10008960 <vPortLockInternalSpinUnlockWithNotify+0xbc>)
100088e4:	6823      	ldr	r3, [r4, #0]
100088e6:	430b      	orrs	r3, r1
100088e8:	6023      	str	r3, [r4, #0]
100088ea:	682b      	ldr	r3, [r5, #0]
100088ec:	f3bf 8f5f 	dmb	sy
100088f0:	2100      	movs	r1, #0
100088f2:	6019      	str	r1, [r3, #0]
100088f4:	6803      	ldr	r3, [r0, #0]
100088f6:	20d0      	movs	r0, #208	@ 0xd0
100088f8:	2100      	movs	r1, #0
100088fa:	0600      	lsls	r0, r0, #24
100088fc:	6541      	str	r1, [r0, #84]	@ 0x54
100088fe:	f3bf 8f5f 	dmb	sy
10008902:	6019      	str	r1, [r3, #0]
10008904:	f382 8810 	msr	PRIMASK, r2
10008908:	b003      	add	sp, #12
1000890a:	bd30      	pop	{r4, r5, pc}
1000890c:	bf40      	sev
1000890e:	6803      	ldr	r3, [r0, #0]
10008910:	f3bf 8f5f 	dmb	sy
10008914:	2400      	movs	r4, #0
10008916:	601c      	str	r4, [r3, #0]
10008918:	f382 8810 	msr	PRIMASK, r2
1000891c:	f3ef 8305 	mrs	r3, IPSR
10008920:	4a10      	ldr	r2, [pc, #64]	@ (10008964 <vPortLockInternalSpinUnlockWithNotify+0xc0>)
10008922:	b2db      	uxtb	r3, r3
10008924:	6810      	ldr	r0, [r2, #0]
10008926:	2b00      	cmp	r3, #0
10008928:	d010      	beq.n	1000894c <vPortLockInternalSpinUnlockWithNotify+0xa8>
1000892a:	aa01      	add	r2, sp, #4
1000892c:	9401      	str	r4, [sp, #4]
1000892e:	f000 f9a9 	bl	10008c84 <xEventGroupSetBitsFromISR>
10008932:	9b01      	ldr	r3, [sp, #4]
10008934:	2b00      	cmp	r3, #0
10008936:	d0e7      	beq.n	10008908 <vPortLockInternalSpinUnlockWithNotify+0x64>
10008938:	2280      	movs	r2, #128	@ 0x80
1000893a:	4b0b      	ldr	r3, [pc, #44]	@ (10008968 <vPortLockInternalSpinUnlockWithNotify+0xc4>)
1000893c:	0552      	lsls	r2, r2, #21
1000893e:	601a      	str	r2, [r3, #0]
10008940:	e7e2      	b.n	10008908 <vPortLockInternalSpinUnlockWithNotify+0x64>
10008942:	4c07      	ldr	r4, [pc, #28]	@ (10008960 <vPortLockInternalSpinUnlockWithNotify+0xbc>)
10008944:	6820      	ldr	r0, [r4, #0]
10008946:	4308      	orrs	r0, r1
10008948:	6020      	str	r0, [r4, #0]
1000894a:	e7d4      	b.n	100088f6 <vPortLockInternalSpinUnlockWithNotify+0x52>
1000894c:	f000 f94c 	bl	10008be8 <xEventGroupSetBits>
10008950:	e7da      	b.n	10008908 <vPortLockInternalSpinUnlockWithNotify+0x64>
10008952:	46c0      	nop			@ (mov r8, r8)
10008954:	2fffff00 	.word	0x2fffff00
10008958:	20001115 	.word	0x20001115
1000895c:	200037e4 	.word	0x200037e4
10008960:	20027c24 	.word	0x20027c24
10008964:	20027c90 	.word	0x20027c90
10008968:	e000ed04 	.word	0xe000ed04

1000896c <xPortLockInternalSpinUnlockWithBestEffortWaitOrTimeout>:
1000896c:	b5f0      	push	{r4, r5, r6, r7, lr}
1000896e:	46ce      	mov	lr, r9
10008970:	4647      	mov	r7, r8
10008972:	b580      	push	{r7, lr}
10008974:	001d      	movs	r5, r3
10008976:	4b34      	ldr	r3, [pc, #208]	@ (10008a48 <xPortLockInternalSpinUnlockWithBestEffortWaitOrTimeout+0xdc>)
10008978:	0014      	movs	r4, r2
1000897a:	781a      	ldrb	r2, [r3, #0]
1000897c:	23d0      	movs	r3, #208	@ 0xd0
1000897e:	061b      	lsls	r3, r3, #24
10008980:	681b      	ldr	r3, [r3, #0]
10008982:	4680      	mov	r8, r0
10008984:	4689      	mov	r9, r1
10008986:	b083      	sub	sp, #12
10008988:	429a      	cmp	r2, r3
1000898a:	d00f      	beq.n	100089ac <xPortLockInternalSpinUnlockWithBestEffortWaitOrTimeout+0x40>
1000898c:	6803      	ldr	r3, [r0, #0]
1000898e:	f3bf 8f5f 	dmb	sy
10008992:	2200      	movs	r2, #0
10008994:	601a      	str	r2, [r3, #0]
10008996:	f381 8810 	msr	PRIMASK, r1
1000899a:	0020      	movs	r0, r4
1000899c:	0029      	movs	r1, r5
1000899e:	f7fa f84b 	bl	10002a38 <best_effort_wfe_or_timeout>
100089a2:	b003      	add	sp, #12
100089a4:	bcc0      	pop	{r6, r7}
100089a6:	46b9      	mov	r9, r7
100089a8:	46b0      	mov	r8, r6
100089aa:	bdf0      	pop	{r4, r5, r6, r7, pc}
100089ac:	f7fa f8dc 	bl	10002b68 <time_us_64>
100089b0:	0026      	movs	r6, r4
100089b2:	002f      	movs	r7, r5
100089b4:	1a36      	subs	r6, r6, r0
100089b6:	418f      	sbcs	r7, r1
100089b8:	2101      	movs	r1, #1
100089ba:	4824      	ldr	r0, [pc, #144]	@ (10008a4c <xPortLockInternalSpinUnlockWithBestEffortWaitOrTimeout+0xe0>)
100089bc:	4249      	negs	r1, r1
100089be:	1980      	adds	r0, r0, r6
100089c0:	4179      	adcs	r1, r7
100089c2:	4643      	mov	r3, r8
100089c4:	681e      	ldr	r6, [r3, #0]
100089c6:	2900      	cmp	r1, #0
100089c8:	dc1e      	bgt.n	10008a08 <xPortLockInternalSpinUnlockWithBestEffortWaitOrTimeout+0x9c>
100089ca:	d019      	beq.n	10008a00 <xPortLockInternalSpinUnlockWithBestEffortWaitOrTimeout+0x94>
100089cc:	f3bf 8f5f 	dmb	sy
100089d0:	2300      	movs	r3, #0
100089d2:	6033      	str	r3, [r6, #0]
100089d4:	f389 8810 	msr	PRIMASK, r9
100089d8:	4b1d      	ldr	r3, [pc, #116]	@ (10008a50 <xPortLockInternalSpinUnlockWithBestEffortWaitOrTimeout+0xe4>)
100089da:	6a5a      	ldr	r2, [r3, #36]	@ 0x24
100089dc:	4295      	cmp	r5, r2
100089de:	d805      	bhi.n	100089ec <xPortLockInternalSpinUnlockWithBestEffortWaitOrTimeout+0x80>
100089e0:	6a9b      	ldr	r3, [r3, #40]	@ 0x28
100089e2:	2001      	movs	r0, #1
100089e4:	42a3      	cmp	r3, r4
100089e6:	d2dc      	bcs.n	100089a2 <xPortLockInternalSpinUnlockWithBestEffortWaitOrTimeout+0x36>
100089e8:	4295      	cmp	r5, r2
100089ea:	d1da      	bne.n	100089a2 <xPortLockInternalSpinUnlockWithBestEffortWaitOrTimeout+0x36>
100089ec:	2280      	movs	r2, #128	@ 0x80
100089ee:	4b19      	ldr	r3, [pc, #100]	@ (10008a54 <xPortLockInternalSpinUnlockWithBestEffortWaitOrTimeout+0xe8>)
100089f0:	0552      	lsls	r2, r2, #21
100089f2:	601a      	str	r2, [r3, #0]
100089f4:	f3bf 8f4f 	dsb	sy
100089f8:	f3bf 8f6f 	isb	sy
100089fc:	2000      	movs	r0, #0
100089fe:	e7d0      	b.n	100089a2 <xPortLockInternalSpinUnlockWithBestEffortWaitOrTimeout+0x36>
10008a00:	23fa      	movs	r3, #250	@ 0xfa
10008a02:	009b      	lsls	r3, r3, #2
10008a04:	4298      	cmp	r0, r3
10008a06:	d3e1      	bcc.n	100089cc <xPortLockInternalSpinUnlockWithBestEffortWaitOrTimeout+0x60>
10008a08:	22fa      	movs	r2, #250	@ 0xfa
10008a0a:	2300      	movs	r3, #0
10008a0c:	0092      	lsls	r2, r2, #2
10008a0e:	f7fa fc33 	bl	10003278 <__wrap___aeabi_ldivmod>
10008a12:	1e03      	subs	r3, r0, #0
10008a14:	d0da      	beq.n	100089cc <xPortLockInternalSpinUnlockWithBestEffortWaitOrTimeout+0x60>
10008a16:	f3bf 8f5f 	dmb	sy
10008a1a:	2200      	movs	r2, #0
10008a1c:	6032      	str	r2, [r6, #0]
10008a1e:	f389 8810 	msr	PRIMASK, r9
10008a22:	4a0d      	ldr	r2, [pc, #52]	@ (10008a58 <xPortLockInternalSpinUnlockWithBestEffortWaitOrTimeout+0xec>)
10008a24:	490d      	ldr	r1, [pc, #52]	@ (10008a5c <xPortLockInternalSpinUnlockWithBestEffortWaitOrTimeout+0xf0>)
10008a26:	6810      	ldr	r0, [r2, #0]
10008a28:	4642      	mov	r2, r8
10008a2a:	468c      	mov	ip, r1
10008a2c:	6812      	ldr	r2, [r2, #0]
10008a2e:	4462      	add	r2, ip
10008a30:	1096      	asrs	r6, r2, #2
10008a32:	2a5c      	cmp	r2, #92	@ 0x5c
10008a34:	d900      	bls.n	10008a38 <xPortLockInternalSpinUnlockWithBestEffortWaitOrTimeout+0xcc>
10008a36:	3e18      	subs	r6, #24
10008a38:	2101      	movs	r1, #1
10008a3a:	9300      	str	r3, [sp, #0]
10008a3c:	40b1      	lsls	r1, r6
10008a3e:	2300      	movs	r3, #0
10008a40:	2201      	movs	r2, #1
10008a42:	f000 f875 	bl	10008b30 <xEventGroupWaitBits>
10008a46:	e7c7      	b.n	100089d8 <xPortLockInternalSpinUnlockWithBestEffortWaitOrTimeout+0x6c>
10008a48:	20001115 	.word	0x20001115
10008a4c:	fffffc18 	.word	0xfffffc18
10008a50:	40054000 	.word	0x40054000
10008a54:	e000ed04 	.word	0xe000ed04
10008a58:	20027c90 	.word	0x20027c90
10008a5c:	2fffff00 	.word	0x2fffff00

10008a60 <prvRuntimeInitializer>:
10008a60:	b510      	push	{r4, lr}
10008a62:	f7f9 f9f7 	bl	10001e54 <next_striped_spin_lock_num>
10008a66:	4a05      	ldr	r2, [pc, #20]	@ (10008a7c <prvRuntimeInitializer+0x1c>)
10008a68:	4b05      	ldr	r3, [pc, #20]	@ (10008a80 <prvRuntimeInitializer+0x20>)
10008a6a:	4694      	mov	ip, r2
10008a6c:	4460      	add	r0, ip
10008a6e:	0080      	lsls	r0, r0, #2
10008a70:	6018      	str	r0, [r3, #0]
10008a72:	f000 f851 	bl	10008b18 <xEventGroupCreate>
10008a76:	4b03      	ldr	r3, [pc, #12]	@ (10008a84 <prvRuntimeInitializer+0x24>)
10008a78:	6018      	str	r0, [r3, #0]
10008a7a:	bd10      	pop	{r4, pc}
10008a7c:	34000040 	.word	0x34000040
10008a80:	200037e4 	.word	0x200037e4
10008a84:	20027c90 	.word	0x20027c90

10008a88 <vEventGroupSetBitsCallback>:
10008a88:	b5f8      	push	{r3, r4, r5, r6, r7, lr}
10008a8a:	46de      	mov	lr, fp
10008a8c:	4657      	mov	r7, sl
10008a8e:	464e      	mov	r6, r9
10008a90:	4645      	mov	r5, r8
10008a92:	b5e0      	push	{r5, r6, r7, lr}
10008a94:	0005      	movs	r5, r0
10008a96:	000f      	movs	r7, r1
10008a98:	0006      	movs	r6, r0
10008a9a:	f001 f921 	bl	10009ce0 <vTaskSuspendAll>
10008a9e:	6829      	ldr	r1, [r5, #0]
10008aa0:	692c      	ldr	r4, [r5, #16]
10008aa2:	4339      	orrs	r1, r7
10008aa4:	360c      	adds	r6, #12
10008aa6:	6029      	str	r1, [r5, #0]
10008aa8:	42a6      	cmp	r6, r4
10008aaa:	d02c      	beq.n	10008b06 <vEventGroupSetBitsCallback+0x7e>
10008aac:	2300      	movs	r3, #0
10008aae:	4698      	mov	r8, r3
10008ab0:	2380      	movs	r3, #128	@ 0x80
10008ab2:	04db      	lsls	r3, r3, #19
10008ab4:	469b      	mov	fp, r3
10008ab6:	2380      	movs	r3, #128	@ 0x80
10008ab8:	045b      	lsls	r3, r3, #17
10008aba:	469a      	mov	sl, r3
10008abc:	2380      	movs	r3, #128	@ 0x80
10008abe:	049b      	lsls	r3, r3, #18
10008ac0:	4699      	mov	r9, r3
10008ac2:	e00f      	b.n	10008ae4 <vEventGroupSetBitsCallback+0x5c>
10008ac4:	4667      	mov	r7, ip
10008ac6:	2f00      	cmp	r7, #0
10008ac8:	d00a      	beq.n	10008ae0 <vEventGroupSetBitsCallback+0x58>
10008aca:	4657      	mov	r7, sl
10008acc:	423a      	tst	r2, r7
10008ace:	d002      	beq.n	10008ad6 <vEventGroupSetBitsCallback+0x4e>
10008ad0:	4642      	mov	r2, r8
10008ad2:	431a      	orrs	r2, r3
10008ad4:	4690      	mov	r8, r2
10008ad6:	464b      	mov	r3, r9
10008ad8:	4319      	orrs	r1, r3
10008ada:	f001 fc5d 	bl	1000a398 <vTaskRemoveFromUnorderedEventList>
10008ade:	6829      	ldr	r1, [r5, #0]
10008ae0:	42a6      	cmp	r6, r4
10008ae2:	d00e      	beq.n	10008b02 <vEventGroupSetBitsCallback+0x7a>
10008ae4:	0020      	movs	r0, r4
10008ae6:	000f      	movs	r7, r1
10008ae8:	6802      	ldr	r2, [r0, #0]
10008aea:	6864      	ldr	r4, [r4, #4]
10008aec:	0213      	lsls	r3, r2, #8
10008aee:	0a1b      	lsrs	r3, r3, #8
10008af0:	401f      	ands	r7, r3
10008af2:	46bc      	mov	ip, r7
10008af4:	465f      	mov	r7, fp
10008af6:	423a      	tst	r2, r7
10008af8:	d0e4      	beq.n	10008ac4 <vEventGroupSetBitsCallback+0x3c>
10008afa:	4563      	cmp	r3, ip
10008afc:	d0e5      	beq.n	10008aca <vEventGroupSetBitsCallback+0x42>
10008afe:	42a6      	cmp	r6, r4
10008b00:	d1f0      	bne.n	10008ae4 <vEventGroupSetBitsCallback+0x5c>
10008b02:	4643      	mov	r3, r8
10008b04:	4399      	bics	r1, r3
10008b06:	6029      	str	r1, [r5, #0]
10008b08:	f001 f8f2 	bl	10009cf0 <xTaskResumeAll>
10008b0c:	bcf0      	pop	{r4, r5, r6, r7}
10008b0e:	46bb      	mov	fp, r7
10008b10:	46b2      	mov	sl, r6
10008b12:	46a9      	mov	r9, r5
10008b14:	46a0      	mov	r8, r4
10008b16:	bdf8      	pop	{r3, r4, r5, r6, r7, pc}

10008b18 <xEventGroupCreate>:
10008b18:	b510      	push	{r4, lr}
10008b1a:	2018      	movs	r0, #24
10008b1c:	f001 fffc 	bl	1000ab18 <pvPortMalloc>
10008b20:	1e04      	subs	r4, r0, #0
10008b22:	d003      	beq.n	10008b2c <xEventGroupCreate+0x14>
10008b24:	2300      	movs	r3, #0
10008b26:	c008      	stmia	r0!, {r3}
10008b28:	f000 f8b8 	bl	10008c9c <vListInitialise>
10008b2c:	0020      	movs	r0, r4
10008b2e:	bd10      	pop	{r4, pc}

10008b30 <xEventGroupWaitBits>:
10008b30:	b5f0      	push	{r4, r5, r6, r7, lr}
10008b32:	46c6      	mov	lr, r8
10008b34:	000d      	movs	r5, r1
10008b36:	0006      	movs	r6, r0
10008b38:	b500      	push	{lr}
10008b3a:	001f      	movs	r7, r3
10008b3c:	4690      	mov	r8, r2
10008b3e:	f001 f8cf 	bl	10009ce0 <vTaskSuspendAll>
10008b42:	002b      	movs	r3, r5
10008b44:	6834      	ldr	r4, [r6, #0]
10008b46:	4023      	ands	r3, r4
10008b48:	2f00      	cmp	r7, #0
10008b4a:	d10d      	bne.n	10008b68 <xEventGroupWaitBits+0x38>
10008b4c:	2b00      	cmp	r3, #0
10008b4e:	d028      	beq.n	10008ba2 <xEventGroupWaitBits+0x72>
10008b50:	4643      	mov	r3, r8
10008b52:	2b00      	cmp	r3, #0
10008b54:	d028      	beq.n	10008ba8 <xEventGroupWaitBits+0x78>
10008b56:	0023      	movs	r3, r4
10008b58:	43ab      	bics	r3, r5
10008b5a:	6033      	str	r3, [r6, #0]
10008b5c:	f001 f8c8 	bl	10009cf0 <xTaskResumeAll>
10008b60:	0020      	movs	r0, r4
10008b62:	bc80      	pop	{r7}
10008b64:	46b8      	mov	r8, r7
10008b66:	bdf0      	pop	{r4, r5, r6, r7, pc}
10008b68:	429d      	cmp	r5, r3
10008b6a:	d0f1      	beq.n	10008b50 <xEventGroupWaitBits+0x20>
10008b6c:	9b06      	ldr	r3, [sp, #24]
10008b6e:	2b00      	cmp	r3, #0
10008b70:	d01a      	beq.n	10008ba8 <xEventGroupWaitBits+0x78>
10008b72:	4643      	mov	r3, r8
10008b74:	2180      	movs	r1, #128	@ 0x80
10008b76:	1e5a      	subs	r2, r3, #1
10008b78:	4193      	sbcs	r3, r2
10008b7a:	04c9      	lsls	r1, r1, #19
10008b7c:	061b      	lsls	r3, r3, #24
10008b7e:	4319      	orrs	r1, r3
10008b80:	9a06      	ldr	r2, [sp, #24]
10008b82:	4329      	orrs	r1, r5
10008b84:	1d30      	adds	r0, r6, #4
10008b86:	f001 fac3 	bl	1000a110 <vTaskPlaceOnUnorderedEventList>
10008b8a:	f001 f8b1 	bl	10009cf0 <xTaskResumeAll>
10008b8e:	2800      	cmp	r0, #0
10008b90:	d024      	beq.n	10008bdc <xEventGroupWaitBits+0xac>
10008b92:	f001 fc9f 	bl	1000a4d4 <uxTaskResetEventItemValue>
10008b96:	0004      	movs	r4, r0
10008b98:	0183      	lsls	r3, r0, #6
10008b9a:	d50d      	bpl.n	10008bb8 <xEventGroupWaitBits+0x88>
10008b9c:	0224      	lsls	r4, r4, #8
10008b9e:	0a24      	lsrs	r4, r4, #8
10008ba0:	e7de      	b.n	10008b60 <xEventGroupWaitBits+0x30>
10008ba2:	9b06      	ldr	r3, [sp, #24]
10008ba4:	2b00      	cmp	r3, #0
10008ba6:	d102      	bne.n	10008bae <xEventGroupWaitBits+0x7e>
10008ba8:	f001 f8a2 	bl	10009cf0 <xTaskResumeAll>
10008bac:	e7d8      	b.n	10008b60 <xEventGroupWaitBits+0x30>
10008bae:	4641      	mov	r1, r8
10008bb0:	1e4b      	subs	r3, r1, #1
10008bb2:	4199      	sbcs	r1, r3
10008bb4:	0609      	lsls	r1, r1, #24
10008bb6:	e7e3      	b.n	10008b80 <xEventGroupWaitBits+0x50>
10008bb8:	f7ff fd92 	bl	100086e0 <vPortEnterCritical>
10008bbc:	6834      	ldr	r4, [r6, #0]
10008bbe:	0023      	movs	r3, r4
10008bc0:	402b      	ands	r3, r5
10008bc2:	2f00      	cmp	r7, #0
10008bc4:	d10d      	bne.n	10008be2 <xEventGroupWaitBits+0xb2>
10008bc6:	2b00      	cmp	r3, #0
10008bc8:	d005      	beq.n	10008bd6 <xEventGroupWaitBits+0xa6>
10008bca:	4643      	mov	r3, r8
10008bcc:	2b00      	cmp	r3, #0
10008bce:	d002      	beq.n	10008bd6 <xEventGroupWaitBits+0xa6>
10008bd0:	0023      	movs	r3, r4
10008bd2:	43ab      	bics	r3, r5
10008bd4:	6033      	str	r3, [r6, #0]
10008bd6:	f7ff fd8f 	bl	100086f8 <vPortExitCritical>
10008bda:	e7df      	b.n	10008b9c <xEventGroupWaitBits+0x6c>
10008bdc:	f7ff fd74 	bl	100086c8 <vPortYield>
10008be0:	e7d7      	b.n	10008b92 <xEventGroupWaitBits+0x62>
10008be2:	42ab      	cmp	r3, r5
10008be4:	d1f7      	bne.n	10008bd6 <xEventGroupWaitBits+0xa6>
10008be6:	e7f0      	b.n	10008bca <xEventGroupWaitBits+0x9a>

10008be8 <xEventGroupSetBits>:
10008be8:	b5f0      	push	{r4, r5, r6, r7, lr}
10008bea:	46de      	mov	lr, fp
10008bec:	4657      	mov	r7, sl
10008bee:	464e      	mov	r6, r9
10008bf0:	4645      	mov	r5, r8
10008bf2:	0004      	movs	r4, r0
10008bf4:	b5e0      	push	{r5, r6, r7, lr}
10008bf6:	b083      	sub	sp, #12
10008bf8:	000d      	movs	r5, r1
10008bfa:	0006      	movs	r6, r0
10008bfc:	9001      	str	r0, [sp, #4]
10008bfe:	f001 f86f 	bl	10009ce0 <vTaskSuspendAll>
10008c02:	0022      	movs	r2, r4
10008c04:	6813      	ldr	r3, [r2, #0]
10008c06:	6924      	ldr	r4, [r4, #16]
10008c08:	360c      	adds	r6, #12
10008c0a:	431d      	orrs	r5, r3
10008c0c:	0037      	movs	r7, r6
10008c0e:	6015      	str	r5, [r2, #0]
10008c10:	42a6      	cmp	r6, r4
10008c12:	d02b      	beq.n	10008c6c <xEventGroupSetBits+0x84>
10008c14:	2300      	movs	r3, #0
10008c16:	4699      	mov	r9, r3
10008c18:	2380      	movs	r3, #128	@ 0x80
10008c1a:	04db      	lsls	r3, r3, #19
10008c1c:	4698      	mov	r8, r3
10008c1e:	2380      	movs	r3, #128	@ 0x80
10008c20:	045b      	lsls	r3, r3, #17
10008c22:	469b      	mov	fp, r3
10008c24:	2380      	movs	r3, #128	@ 0x80
10008c26:	049b      	lsls	r3, r3, #18
10008c28:	469a      	mov	sl, r3
10008c2a:	e00f      	b.n	10008c4c <xEventGroupSetBits+0x64>
10008c2c:	2900      	cmp	r1, #0
10008c2e:	d00b      	beq.n	10008c48 <xEventGroupSetBits+0x60>
10008c30:	4659      	mov	r1, fp
10008c32:	420a      	tst	r2, r1
10008c34:	d002      	beq.n	10008c3c <xEventGroupSetBits+0x54>
10008c36:	464a      	mov	r2, r9
10008c38:	431a      	orrs	r2, r3
10008c3a:	4691      	mov	r9, r2
10008c3c:	4651      	mov	r1, sl
10008c3e:	4329      	orrs	r1, r5
10008c40:	f001 fbaa 	bl	1000a398 <vTaskRemoveFromUnorderedEventList>
10008c44:	9b01      	ldr	r3, [sp, #4]
10008c46:	681d      	ldr	r5, [r3, #0]
10008c48:	42a7      	cmp	r7, r4
10008c4a:	d00d      	beq.n	10008c68 <xEventGroupSetBits+0x80>
10008c4c:	0020      	movs	r0, r4
10008c4e:	0029      	movs	r1, r5
10008c50:	4646      	mov	r6, r8
10008c52:	6802      	ldr	r2, [r0, #0]
10008c54:	6864      	ldr	r4, [r4, #4]
10008c56:	0213      	lsls	r3, r2, #8
10008c58:	0a1b      	lsrs	r3, r3, #8
10008c5a:	4019      	ands	r1, r3
10008c5c:	4232      	tst	r2, r6
10008c5e:	d0e5      	beq.n	10008c2c <xEventGroupSetBits+0x44>
10008c60:	428b      	cmp	r3, r1
10008c62:	d0e5      	beq.n	10008c30 <xEventGroupSetBits+0x48>
10008c64:	42a7      	cmp	r7, r4
10008c66:	d1f1      	bne.n	10008c4c <xEventGroupSetBits+0x64>
10008c68:	464b      	mov	r3, r9
10008c6a:	439d      	bics	r5, r3
10008c6c:	9b01      	ldr	r3, [sp, #4]
10008c6e:	601d      	str	r5, [r3, #0]
10008c70:	f001 f83e 	bl	10009cf0 <xTaskResumeAll>
10008c74:	0028      	movs	r0, r5
10008c76:	b003      	add	sp, #12
10008c78:	bcf0      	pop	{r4, r5, r6, r7}
10008c7a:	46bb      	mov	fp, r7
10008c7c:	46b2      	mov	sl, r6
10008c7e:	46a9      	mov	r9, r5
10008c80:	46a0      	mov	r8, r4
10008c82:	bdf0      	pop	{r4, r5, r6, r7, pc}

10008c84 <xEventGroupSetBitsFromISR>:
10008c84:	b510      	push	{r4, lr}
10008c86:	4c04      	ldr	r4, [pc, #16]	@ (10008c98 <xEventGroupSetBitsFromISR+0x14>)
10008c88:	0013      	movs	r3, r2
10008c8a:	000a      	movs	r2, r1
10008c8c:	0001      	movs	r1, r0
10008c8e:	0020      	movs	r0, r4
10008c90:	f001 ff08 	bl	1000aaa4 <xTimerPendFunctionCallFromISR>
10008c94:	bd10      	pop	{r4, pc}
10008c96:	46c0      	nop			@ (mov r8, r8)
10008c98:	10008a89 	.word	0x10008a89

10008c9c <vListInitialise>:
10008c9c:	0003      	movs	r3, r0
10008c9e:	3308      	adds	r3, #8
10008ca0:	2201      	movs	r2, #1
10008ca2:	6043      	str	r3, [r0, #4]
10008ca4:	60c3      	str	r3, [r0, #12]
10008ca6:	6103      	str	r3, [r0, #16]
10008ca8:	2300      	movs	r3, #0
10008caa:	4252      	negs	r2, r2
10008cac:	6082      	str	r2, [r0, #8]
10008cae:	6003      	str	r3, [r0, #0]
10008cb0:	4770      	bx	lr
10008cb2:	46c0      	nop			@ (mov r8, r8)

10008cb4 <vListInitialiseItem>:
10008cb4:	2300      	movs	r3, #0
10008cb6:	6103      	str	r3, [r0, #16]
10008cb8:	4770      	bx	lr
10008cba:	46c0      	nop			@ (mov r8, r8)

10008cbc <vListInsert>:
10008cbc:	0003      	movs	r3, r0
10008cbe:	b530      	push	{r4, r5, lr}
10008cc0:	680d      	ldr	r5, [r1, #0]
10008cc2:	3308      	adds	r3, #8
10008cc4:	1c6a      	adds	r2, r5, #1
10008cc6:	d00d      	beq.n	10008ce4 <vListInsert+0x28>
10008cc8:	001c      	movs	r4, r3
10008cca:	685b      	ldr	r3, [r3, #4]
10008ccc:	681a      	ldr	r2, [r3, #0]
10008cce:	42aa      	cmp	r2, r5
10008cd0:	d9fa      	bls.n	10008cc8 <vListInsert+0xc>
10008cd2:	604b      	str	r3, [r1, #4]
10008cd4:	6099      	str	r1, [r3, #8]
10008cd6:	6803      	ldr	r3, [r0, #0]
10008cd8:	608c      	str	r4, [r1, #8]
10008cda:	3301      	adds	r3, #1
10008cdc:	6061      	str	r1, [r4, #4]
10008cde:	6108      	str	r0, [r1, #16]
10008ce0:	6003      	str	r3, [r0, #0]
10008ce2:	bd30      	pop	{r4, r5, pc}
10008ce4:	6904      	ldr	r4, [r0, #16]
10008ce6:	6863      	ldr	r3, [r4, #4]
10008ce8:	e7f3      	b.n	10008cd2 <vListInsert+0x16>
10008cea:	46c0      	nop			@ (mov r8, r8)

10008cec <uxListRemove>:
10008cec:	6903      	ldr	r3, [r0, #16]
10008cee:	6841      	ldr	r1, [r0, #4]
10008cf0:	6882      	ldr	r2, [r0, #8]
10008cf2:	608a      	str	r2, [r1, #8]
10008cf4:	6051      	str	r1, [r2, #4]
10008cf6:	6859      	ldr	r1, [r3, #4]
10008cf8:	4281      	cmp	r1, r0
10008cfa:	d005      	beq.n	10008d08 <uxListRemove+0x1c>
10008cfc:	2200      	movs	r2, #0
10008cfe:	6102      	str	r2, [r0, #16]
10008d00:	6818      	ldr	r0, [r3, #0]
10008d02:	3801      	subs	r0, #1
10008d04:	6018      	str	r0, [r3, #0]
10008d06:	4770      	bx	lr
10008d08:	605a      	str	r2, [r3, #4]
10008d0a:	e7f7      	b.n	10008cfc <uxListRemove+0x10>

10008d0c <xQueueGenericCreate>:
10008d0c:	b570      	push	{r4, r5, r6, lr}
10008d0e:	0005      	movs	r5, r0
10008d10:	000e      	movs	r6, r1
10008d12:	2800      	cmp	r0, #0
10008d14:	d03e      	beq.n	10008d94 <xQueueGenericCreate+0x88>
10008d16:	0c03      	lsrs	r3, r0, #16
10008d18:	0c0a      	lsrs	r2, r1, #16
10008d1a:	2b00      	cmp	r3, #0
10008d1c:	d13f      	bne.n	10008d9e <xQueueGenericCreate+0x92>
10008d1e:	2a00      	cmp	r2, #0
10008d20:	d12d      	bne.n	10008d7e <xQueueGenericCreate+0x72>
10008d22:	0030      	movs	r0, r6
10008d24:	4368      	muls	r0, r5
10008d26:	0003      	movs	r3, r0
10008d28:	3349      	adds	r3, #73	@ 0x49
10008d2a:	d833      	bhi.n	10008d94 <xQueueGenericCreate+0x88>
10008d2c:	3048      	adds	r0, #72	@ 0x48
10008d2e:	f001 fef3 	bl	1000ab18 <pvPortMalloc>
10008d32:	1e04      	subs	r4, r0, #0
10008d34:	d02e      	beq.n	10008d94 <xQueueGenericCreate+0x88>
10008d36:	0003      	movs	r3, r0
10008d38:	2e00      	cmp	r6, #0
10008d3a:	d12e      	bne.n	10008d9a <xQueueGenericCreate+0x8e>
10008d3c:	6023      	str	r3, [r4, #0]
10008d3e:	63e5      	str	r5, [r4, #60]	@ 0x3c
10008d40:	6426      	str	r6, [r4, #64]	@ 0x40
10008d42:	f7ff fccd 	bl	100086e0 <vPortEnterCritical>
10008d46:	6c21      	ldr	r1, [r4, #64]	@ 0x40
10008d48:	6be3      	ldr	r3, [r4, #60]	@ 0x3c
10008d4a:	6822      	ldr	r2, [r4, #0]
10008d4c:	434b      	muls	r3, r1
10008d4e:	18d0      	adds	r0, r2, r3
10008d50:	60a0      	str	r0, [r4, #8]
10008d52:	2000      	movs	r0, #0
10008d54:	1a5b      	subs	r3, r3, r1
10008d56:	6062      	str	r2, [r4, #4]
10008d58:	18d2      	adds	r2, r2, r3
10008d5a:	60e2      	str	r2, [r4, #12]
10008d5c:	23ff      	movs	r3, #255	@ 0xff
10008d5e:	2244      	movs	r2, #68	@ 0x44
10008d60:	63a0      	str	r0, [r4, #56]	@ 0x38
10008d62:	0020      	movs	r0, r4
10008d64:	54a3      	strb	r3, [r4, r2]
10008d66:	3201      	adds	r2, #1
10008d68:	54a3      	strb	r3, [r4, r2]
10008d6a:	3010      	adds	r0, #16
10008d6c:	f7ff ff96 	bl	10008c9c <vListInitialise>
10008d70:	0020      	movs	r0, r4
10008d72:	3024      	adds	r0, #36	@ 0x24
10008d74:	f7ff ff92 	bl	10008c9c <vListInitialise>
10008d78:	f7ff fcbe 	bl	100086f8 <vPortExitCritical>
10008d7c:	e00b      	b.n	10008d96 <xQueueGenericCreate+0x8a>
10008d7e:	1c13      	adds	r3, r2, #0
10008d80:	b2a9      	uxth	r1, r5
10008d82:	b2b2      	uxth	r2, r6
10008d84:	434a      	muls	r2, r1
10008d86:	b280      	uxth	r0, r0
10008d88:	b29b      	uxth	r3, r3
10008d8a:	4343      	muls	r3, r0
10008d8c:	0c12      	lsrs	r2, r2, #16
10008d8e:	189b      	adds	r3, r3, r2
10008d90:	0c1b      	lsrs	r3, r3, #16
10008d92:	d0c6      	beq.n	10008d22 <xQueueGenericCreate+0x16>
10008d94:	2400      	movs	r4, #0
10008d96:	0020      	movs	r0, r4
10008d98:	bd70      	pop	{r4, r5, r6, pc}
10008d9a:	3348      	adds	r3, #72	@ 0x48
10008d9c:	e7ce      	b.n	10008d3c <xQueueGenericCreate+0x30>
10008d9e:	2a00      	cmp	r2, #0
10008da0:	d1f8      	bne.n	10008d94 <xQueueGenericCreate+0x88>
10008da2:	1c08      	adds	r0, r1, #0
10008da4:	e7ec      	b.n	10008d80 <xQueueGenericCreate+0x74>
10008da6:	46c0      	nop			@ (mov r8, r8)

10008da8 <xQueueGenericSend>:
10008da8:	b5f0      	push	{r4, r5, r6, r7, lr}
10008daa:	46ce      	mov	lr, r9
10008dac:	4647      	mov	r7, r8
10008dae:	0004      	movs	r4, r0
10008db0:	b580      	push	{r7, lr}
10008db2:	b085      	sub	sp, #20
10008db4:	4699      	mov	r9, r3
10008db6:	9201      	str	r2, [sp, #4]
10008db8:	4688      	mov	r8, r1
10008dba:	f7ff fc91 	bl	100086e0 <vPortEnterCritical>
10008dbe:	6ba2      	ldr	r2, [r4, #56]	@ 0x38
10008dc0:	6be3      	ldr	r3, [r4, #60]	@ 0x3c
10008dc2:	429a      	cmp	r2, r3
10008dc4:	d37f      	bcc.n	10008ec6 <xQueueGenericSend+0x11e>
10008dc6:	464a      	mov	r2, r9
10008dc8:	2300      	movs	r3, #0
10008dca:	2a02      	cmp	r2, #2
10008dcc:	d100      	bne.n	10008dd0 <xQueueGenericSend+0x28>
10008dce:	e0e2      	b.n	10008f96 <xQueueGenericSend+0x1ee>
10008dd0:	0026      	movs	r6, r4
10008dd2:	3624      	adds	r6, #36	@ 0x24
10008dd4:	9a01      	ldr	r2, [sp, #4]
10008dd6:	2a00      	cmp	r2, #0
10008dd8:	d100      	bne.n	10008ddc <xQueueGenericSend+0x34>
10008dda:	e0f3      	b.n	10008fc4 <xQueueGenericSend+0x21c>
10008ddc:	2b00      	cmp	r3, #0
10008dde:	d100      	bne.n	10008de2 <xQueueGenericSend+0x3a>
10008de0:	e0d5      	b.n	10008f8e <xQueueGenericSend+0x1e6>
10008de2:	f7ff fc89 	bl	100086f8 <vPortExitCritical>
10008de6:	f000 ff7b 	bl	10009ce0 <vTaskSuspendAll>
10008dea:	f7ff fc79 	bl	100086e0 <vPortEnterCritical>
10008dee:	2244      	movs	r2, #68	@ 0x44
10008df0:	5ca3      	ldrb	r3, [r4, r2]
10008df2:	b25b      	sxtb	r3, r3
10008df4:	3301      	adds	r3, #1
10008df6:	d101      	bne.n	10008dfc <xQueueGenericSend+0x54>
10008df8:	2300      	movs	r3, #0
10008dfa:	54a3      	strb	r3, [r4, r2]
10008dfc:	2245      	movs	r2, #69	@ 0x45
10008dfe:	5ca3      	ldrb	r3, [r4, r2]
10008e00:	b25b      	sxtb	r3, r3
10008e02:	3301      	adds	r3, #1
10008e04:	d101      	bne.n	10008e0a <xQueueGenericSend+0x62>
10008e06:	2300      	movs	r3, #0
10008e08:	54a3      	strb	r3, [r4, r2]
10008e0a:	f7ff fc75 	bl	100086f8 <vPortExitCritical>
10008e0e:	a901      	add	r1, sp, #4
10008e10:	a802      	add	r0, sp, #8
10008e12:	f001 fb17 	bl	1000a444 <xTaskCheckForTimeOut>
10008e16:	2800      	cmp	r0, #0
10008e18:	d000      	beq.n	10008e1c <xQueueGenericSend+0x74>
10008e1a:	e0d7      	b.n	10008fcc <xQueueGenericSend+0x224>
10008e1c:	f7ff fc60 	bl	100086e0 <vPortEnterCritical>
10008e20:	6ba2      	ldr	r2, [r4, #56]	@ 0x38
10008e22:	6be3      	ldr	r3, [r4, #60]	@ 0x3c
10008e24:	429a      	cmp	r2, r3
10008e26:	d061      	beq.n	10008eec <xQueueGenericSend+0x144>
10008e28:	f7ff fc66 	bl	100086f8 <vPortExitCritical>
10008e2c:	f7ff fc58 	bl	100086e0 <vPortEnterCritical>
10008e30:	2345      	movs	r3, #69	@ 0x45
10008e32:	5ce5      	ldrb	r5, [r4, r3]
10008e34:	b26d      	sxtb	r5, r5
10008e36:	2d00      	cmp	r5, #0
10008e38:	dc05      	bgt.n	10008e46 <xQueueGenericSend+0x9e>
10008e3a:	e013      	b.n	10008e64 <xQueueGenericSend+0xbc>
10008e3c:	3d01      	subs	r5, #1
10008e3e:	b2eb      	uxtb	r3, r5
10008e40:	b26d      	sxtb	r5, r5
10008e42:	2b00      	cmp	r3, #0
10008e44:	d00e      	beq.n	10008e64 <xQueueGenericSend+0xbc>
10008e46:	6a63      	ldr	r3, [r4, #36]	@ 0x24
10008e48:	2b00      	cmp	r3, #0
10008e4a:	d00b      	beq.n	10008e64 <xQueueGenericSend+0xbc>
10008e4c:	0030      	movs	r0, r6
10008e4e:	f001 fa3d 	bl	1000a2cc <xTaskRemoveFromEventList>
10008e52:	2800      	cmp	r0, #0
10008e54:	d0f2      	beq.n	10008e3c <xQueueGenericSend+0x94>
10008e56:	3d01      	subs	r5, #1
10008e58:	f001 fb30 	bl	1000a4bc <vTaskMissedYield>
10008e5c:	b2eb      	uxtb	r3, r5
10008e5e:	b26d      	sxtb	r5, r5
10008e60:	2b00      	cmp	r3, #0
10008e62:	d1f0      	bne.n	10008e46 <xQueueGenericSend+0x9e>
10008e64:	2345      	movs	r3, #69	@ 0x45
10008e66:	22ff      	movs	r2, #255	@ 0xff
10008e68:	54e2      	strb	r2, [r4, r3]
10008e6a:	f7ff fc45 	bl	100086f8 <vPortExitCritical>
10008e6e:	f7ff fc37 	bl	100086e0 <vPortEnterCritical>
10008e72:	2344      	movs	r3, #68	@ 0x44
10008e74:	0027      	movs	r7, r4
10008e76:	5ce5      	ldrb	r5, [r4, r3]
10008e78:	3710      	adds	r7, #16
10008e7a:	b26d      	sxtb	r5, r5
10008e7c:	2d00      	cmp	r5, #0
10008e7e:	dc05      	bgt.n	10008e8c <xQueueGenericSend+0xe4>
10008e80:	e013      	b.n	10008eaa <xQueueGenericSend+0x102>
10008e82:	3d01      	subs	r5, #1
10008e84:	b2eb      	uxtb	r3, r5
10008e86:	b26d      	sxtb	r5, r5
10008e88:	2b00      	cmp	r3, #0
10008e8a:	d00e      	beq.n	10008eaa <xQueueGenericSend+0x102>
10008e8c:	6923      	ldr	r3, [r4, #16]
10008e8e:	2b00      	cmp	r3, #0
10008e90:	d00b      	beq.n	10008eaa <xQueueGenericSend+0x102>
10008e92:	0038      	movs	r0, r7
10008e94:	f001 fa1a 	bl	1000a2cc <xTaskRemoveFromEventList>
10008e98:	2800      	cmp	r0, #0
10008e9a:	d0f2      	beq.n	10008e82 <xQueueGenericSend+0xda>
10008e9c:	3d01      	subs	r5, #1
10008e9e:	f001 fb0d 	bl	1000a4bc <vTaskMissedYield>
10008ea2:	b2eb      	uxtb	r3, r5
10008ea4:	b26d      	sxtb	r5, r5
10008ea6:	2b00      	cmp	r3, #0
10008ea8:	d1f0      	bne.n	10008e8c <xQueueGenericSend+0xe4>
10008eaa:	2344      	movs	r3, #68	@ 0x44
10008eac:	22ff      	movs	r2, #255	@ 0xff
10008eae:	54e2      	strb	r2, [r4, r3]
10008eb0:	f7ff fc22 	bl	100086f8 <vPortExitCritical>
10008eb4:	f000 ff1c 	bl	10009cf0 <xTaskResumeAll>
10008eb8:	f7ff fc12 	bl	100086e0 <vPortEnterCritical>
10008ebc:	6ba2      	ldr	r2, [r4, #56]	@ 0x38
10008ebe:	6be1      	ldr	r1, [r4, #60]	@ 0x3c
10008ec0:	2301      	movs	r3, #1
10008ec2:	4291      	cmp	r1, r2
10008ec4:	d986      	bls.n	10008dd4 <xQueueGenericSend+0x2c>
10008ec6:	6c22      	ldr	r2, [r4, #64]	@ 0x40
10008ec8:	6ba5      	ldr	r5, [r4, #56]	@ 0x38
10008eca:	2a00      	cmp	r2, #0
10008ecc:	d000      	beq.n	10008ed0 <xQueueGenericSend+0x128>
10008ece:	e0c7      	b.n	10009060 <xQueueGenericSend+0x2b8>
10008ed0:	3501      	adds	r5, #1
10008ed2:	6a63      	ldr	r3, [r4, #36]	@ 0x24
10008ed4:	63a5      	str	r5, [r4, #56]	@ 0x38
10008ed6:	2b00      	cmp	r3, #0
10008ed8:	d000      	beq.n	10008edc <xQueueGenericSend+0x134>
10008eda:	e0d3      	b.n	10009084 <xQueueGenericSend+0x2dc>
10008edc:	f7ff fc0c 	bl	100086f8 <vPortExitCritical>
10008ee0:	2001      	movs	r0, #1
10008ee2:	b005      	add	sp, #20
10008ee4:	bcc0      	pop	{r6, r7}
10008ee6:	46b9      	mov	r9, r7
10008ee8:	46b0      	mov	r8, r6
10008eea:	bdf0      	pop	{r4, r5, r6, r7, pc}
10008eec:	0027      	movs	r7, r4
10008eee:	3710      	adds	r7, #16
10008ef0:	f7ff fc02 	bl	100086f8 <vPortExitCritical>
10008ef4:	0038      	movs	r0, r7
10008ef6:	9901      	ldr	r1, [sp, #4]
10008ef8:	f001 f8ba 	bl	1000a070 <vTaskPlaceOnEventList>
10008efc:	f7ff fbf0 	bl	100086e0 <vPortEnterCritical>
10008f00:	2345      	movs	r3, #69	@ 0x45
10008f02:	5ce5      	ldrb	r5, [r4, r3]
10008f04:	b26d      	sxtb	r5, r5
10008f06:	2d00      	cmp	r5, #0
10008f08:	dc05      	bgt.n	10008f16 <xQueueGenericSend+0x16e>
10008f0a:	e013      	b.n	10008f34 <xQueueGenericSend+0x18c>
10008f0c:	3d01      	subs	r5, #1
10008f0e:	b2ea      	uxtb	r2, r5
10008f10:	b26d      	sxtb	r5, r5
10008f12:	2a00      	cmp	r2, #0
10008f14:	d00e      	beq.n	10008f34 <xQueueGenericSend+0x18c>
10008f16:	6a63      	ldr	r3, [r4, #36]	@ 0x24
10008f18:	2b00      	cmp	r3, #0
10008f1a:	d00b      	beq.n	10008f34 <xQueueGenericSend+0x18c>
10008f1c:	0030      	movs	r0, r6
10008f1e:	f001 f9d5 	bl	1000a2cc <xTaskRemoveFromEventList>
10008f22:	2800      	cmp	r0, #0
10008f24:	d0f2      	beq.n	10008f0c <xQueueGenericSend+0x164>
10008f26:	3d01      	subs	r5, #1
10008f28:	f001 fac8 	bl	1000a4bc <vTaskMissedYield>
10008f2c:	b2ea      	uxtb	r2, r5
10008f2e:	b26d      	sxtb	r5, r5
10008f30:	2a00      	cmp	r2, #0
10008f32:	d1f0      	bne.n	10008f16 <xQueueGenericSend+0x16e>
10008f34:	2345      	movs	r3, #69	@ 0x45
10008f36:	22ff      	movs	r2, #255	@ 0xff
10008f38:	54e2      	strb	r2, [r4, r3]
10008f3a:	f7ff fbdd 	bl	100086f8 <vPortExitCritical>
10008f3e:	f7ff fbcf 	bl	100086e0 <vPortEnterCritical>
10008f42:	2344      	movs	r3, #68	@ 0x44
10008f44:	5ce5      	ldrb	r5, [r4, r3]
10008f46:	b26d      	sxtb	r5, r5
10008f48:	2d00      	cmp	r5, #0
10008f4a:	dc05      	bgt.n	10008f58 <xQueueGenericSend+0x1b0>
10008f4c:	e013      	b.n	10008f76 <xQueueGenericSend+0x1ce>
10008f4e:	3d01      	subs	r5, #1
10008f50:	b2ea      	uxtb	r2, r5
10008f52:	b26d      	sxtb	r5, r5
10008f54:	2a00      	cmp	r2, #0
10008f56:	d00e      	beq.n	10008f76 <xQueueGenericSend+0x1ce>
10008f58:	6923      	ldr	r3, [r4, #16]
10008f5a:	2b00      	cmp	r3, #0
10008f5c:	d00b      	beq.n	10008f76 <xQueueGenericSend+0x1ce>
10008f5e:	0038      	movs	r0, r7
10008f60:	f001 f9b4 	bl	1000a2cc <xTaskRemoveFromEventList>
10008f64:	2800      	cmp	r0, #0
10008f66:	d0f2      	beq.n	10008f4e <xQueueGenericSend+0x1a6>
10008f68:	3d01      	subs	r5, #1
10008f6a:	f001 faa7 	bl	1000a4bc <vTaskMissedYield>
10008f6e:	b2ea      	uxtb	r2, r5
10008f70:	b26d      	sxtb	r5, r5
10008f72:	2a00      	cmp	r2, #0
10008f74:	d1f0      	bne.n	10008f58 <xQueueGenericSend+0x1b0>
10008f76:	2344      	movs	r3, #68	@ 0x44
10008f78:	22ff      	movs	r2, #255	@ 0xff
10008f7a:	54e2      	strb	r2, [r4, r3]
10008f7c:	f7ff fbbc 	bl	100086f8 <vPortExitCritical>
10008f80:	f000 feb6 	bl	10009cf0 <xTaskResumeAll>
10008f84:	2800      	cmp	r0, #0
10008f86:	d197      	bne.n	10008eb8 <xQueueGenericSend+0x110>
10008f88:	f7ff fb9e 	bl	100086c8 <vPortYield>
10008f8c:	e794      	b.n	10008eb8 <xQueueGenericSend+0x110>
10008f8e:	a802      	add	r0, sp, #8
10008f90:	f001 fa4c 	bl	1000a42c <vTaskInternalSetTimeOutState>
10008f94:	e725      	b.n	10008de2 <xQueueGenericSend+0x3a>
10008f96:	6c22      	ldr	r2, [r4, #64]	@ 0x40
10008f98:	6ba5      	ldr	r5, [r4, #56]	@ 0x38
10008f9a:	2a00      	cmp	r2, #0
10008f9c:	d098      	beq.n	10008ed0 <xQueueGenericSend+0x128>
10008f9e:	4641      	mov	r1, r8
10008fa0:	68e0      	ldr	r0, [r4, #12]
10008fa2:	f7fb f83f 	bl	10004024 <__wrap___aeabi_memcpy>
10008fa6:	6c22      	ldr	r2, [r4, #64]	@ 0x40
10008fa8:	68e3      	ldr	r3, [r4, #12]
10008faa:	4251      	negs	r1, r2
10008fac:	1a9b      	subs	r3, r3, r2
10008fae:	6822      	ldr	r2, [r4, #0]
10008fb0:	60e3      	str	r3, [r4, #12]
10008fb2:	4293      	cmp	r3, r2
10008fb4:	d202      	bcs.n	10008fbc <xQueueGenericSend+0x214>
10008fb6:	68a3      	ldr	r3, [r4, #8]
10008fb8:	185b      	adds	r3, r3, r1
10008fba:	60e3      	str	r3, [r4, #12]
10008fbc:	2d00      	cmp	r5, #0
10008fbe:	d000      	beq.n	10008fc2 <xQueueGenericSend+0x21a>
10008fc0:	e787      	b.n	10008ed2 <xQueueGenericSend+0x12a>
10008fc2:	e785      	b.n	10008ed0 <xQueueGenericSend+0x128>
10008fc4:	f7ff fb98 	bl	100086f8 <vPortExitCritical>
10008fc8:	2000      	movs	r0, #0
10008fca:	e78a      	b.n	10008ee2 <xQueueGenericSend+0x13a>
10008fcc:	f7ff fb88 	bl	100086e0 <vPortEnterCritical>
10008fd0:	2345      	movs	r3, #69	@ 0x45
10008fd2:	0026      	movs	r6, r4
10008fd4:	5ce5      	ldrb	r5, [r4, r3]
10008fd6:	3624      	adds	r6, #36	@ 0x24
10008fd8:	b26d      	sxtb	r5, r5
10008fda:	2d00      	cmp	r5, #0
10008fdc:	dc05      	bgt.n	10008fea <xQueueGenericSend+0x242>
10008fde:	e013      	b.n	10009008 <xQueueGenericSend+0x260>
10008fe0:	3d01      	subs	r5, #1
10008fe2:	b2ea      	uxtb	r2, r5
10008fe4:	b26d      	sxtb	r5, r5
10008fe6:	2a00      	cmp	r2, #0
10008fe8:	d00e      	beq.n	10009008 <xQueueGenericSend+0x260>
10008fea:	6a63      	ldr	r3, [r4, #36]	@ 0x24
10008fec:	2b00      	cmp	r3, #0
10008fee:	d00b      	beq.n	10009008 <xQueueGenericSend+0x260>
10008ff0:	0030      	movs	r0, r6
10008ff2:	f001 f96b 	bl	1000a2cc <xTaskRemoveFromEventList>
10008ff6:	2800      	cmp	r0, #0
10008ff8:	d0f2      	beq.n	10008fe0 <xQueueGenericSend+0x238>
10008ffa:	3d01      	subs	r5, #1
10008ffc:	f001 fa5e 	bl	1000a4bc <vTaskMissedYield>
10009000:	b2ea      	uxtb	r2, r5
10009002:	b26d      	sxtb	r5, r5
10009004:	2a00      	cmp	r2, #0
10009006:	d1f0      	bne.n	10008fea <xQueueGenericSend+0x242>
10009008:	2345      	movs	r3, #69	@ 0x45
1000900a:	22ff      	movs	r2, #255	@ 0xff
1000900c:	54e2      	strb	r2, [r4, r3]
1000900e:	f7ff fb73 	bl	100086f8 <vPortExitCritical>
10009012:	f7ff fb65 	bl	100086e0 <vPortEnterCritical>
10009016:	2344      	movs	r3, #68	@ 0x44
10009018:	0026      	movs	r6, r4
1000901a:	5ce5      	ldrb	r5, [r4, r3]
1000901c:	3610      	adds	r6, #16
1000901e:	b26d      	sxtb	r5, r5
10009020:	2d00      	cmp	r5, #0
10009022:	dc05      	bgt.n	10009030 <xQueueGenericSend+0x288>
10009024:	e013      	b.n	1000904e <xQueueGenericSend+0x2a6>
10009026:	3d01      	subs	r5, #1
10009028:	b2ea      	uxtb	r2, r5
1000902a:	b26d      	sxtb	r5, r5
1000902c:	2a00      	cmp	r2, #0
1000902e:	d00e      	beq.n	1000904e <xQueueGenericSend+0x2a6>
10009030:	6923      	ldr	r3, [r4, #16]
10009032:	2b00      	cmp	r3, #0
10009034:	d00b      	beq.n	1000904e <xQueueGenericSend+0x2a6>
10009036:	0030      	movs	r0, r6
10009038:	f001 f948 	bl	1000a2cc <xTaskRemoveFromEventList>
1000903c:	2800      	cmp	r0, #0
1000903e:	d0f2      	beq.n	10009026 <xQueueGenericSend+0x27e>
10009040:	3d01      	subs	r5, #1
10009042:	f001 fa3b 	bl	1000a4bc <vTaskMissedYield>
10009046:	b2ea      	uxtb	r2, r5
10009048:	b26d      	sxtb	r5, r5
1000904a:	2a00      	cmp	r2, #0
1000904c:	d1f0      	bne.n	10009030 <xQueueGenericSend+0x288>
1000904e:	2344      	movs	r3, #68	@ 0x44
10009050:	22ff      	movs	r2, #255	@ 0xff
10009052:	54e2      	strb	r2, [r4, r3]
10009054:	f7ff fb50 	bl	100086f8 <vPortExitCritical>
10009058:	f000 fe4a 	bl	10009cf0 <xTaskResumeAll>
1000905c:	2000      	movs	r0, #0
1000905e:	e740      	b.n	10008ee2 <xQueueGenericSend+0x13a>
10009060:	464b      	mov	r3, r9
10009062:	2b00      	cmp	r3, #0
10009064:	d118      	bne.n	10009098 <xQueueGenericSend+0x2f0>
10009066:	4641      	mov	r1, r8
10009068:	6860      	ldr	r0, [r4, #4]
1000906a:	f7fa ffdb 	bl	10004024 <__wrap___aeabi_memcpy>
1000906e:	6863      	ldr	r3, [r4, #4]
10009070:	6c22      	ldr	r2, [r4, #64]	@ 0x40
10009072:	189b      	adds	r3, r3, r2
10009074:	68a2      	ldr	r2, [r4, #8]
10009076:	6063      	str	r3, [r4, #4]
10009078:	4293      	cmp	r3, r2
1000907a:	d200      	bcs.n	1000907e <xQueueGenericSend+0x2d6>
1000907c:	e728      	b.n	10008ed0 <xQueueGenericSend+0x128>
1000907e:	6823      	ldr	r3, [r4, #0]
10009080:	6063      	str	r3, [r4, #4]
10009082:	e725      	b.n	10008ed0 <xQueueGenericSend+0x128>
10009084:	0020      	movs	r0, r4
10009086:	3024      	adds	r0, #36	@ 0x24
10009088:	f001 f920 	bl	1000a2cc <xTaskRemoveFromEventList>
1000908c:	2800      	cmp	r0, #0
1000908e:	d100      	bne.n	10009092 <xQueueGenericSend+0x2ea>
10009090:	e724      	b.n	10008edc <xQueueGenericSend+0x134>
10009092:	f7ff fb19 	bl	100086c8 <vPortYield>
10009096:	e721      	b.n	10008edc <xQueueGenericSend+0x134>
10009098:	4641      	mov	r1, r8
1000909a:	68e0      	ldr	r0, [r4, #12]
1000909c:	f7fa ffc2 	bl	10004024 <__wrap___aeabi_memcpy>
100090a0:	6c22      	ldr	r2, [r4, #64]	@ 0x40
100090a2:	68e3      	ldr	r3, [r4, #12]
100090a4:	4251      	negs	r1, r2
100090a6:	1a9b      	subs	r3, r3, r2
100090a8:	6822      	ldr	r2, [r4, #0]
100090aa:	60e3      	str	r3, [r4, #12]
100090ac:	4293      	cmp	r3, r2
100090ae:	d304      	bcc.n	100090ba <xQueueGenericSend+0x312>
100090b0:	464b      	mov	r3, r9
100090b2:	2b02      	cmp	r3, #2
100090b4:	d000      	beq.n	100090b8 <xQueueGenericSend+0x310>
100090b6:	e70b      	b.n	10008ed0 <xQueueGenericSend+0x128>
100090b8:	e780      	b.n	10008fbc <xQueueGenericSend+0x214>
100090ba:	68a3      	ldr	r3, [r4, #8]
100090bc:	185b      	adds	r3, r3, r1
100090be:	60e3      	str	r3, [r4, #12]
100090c0:	e7f6      	b.n	100090b0 <xQueueGenericSend+0x308>
100090c2:	46c0      	nop			@ (mov r8, r8)

100090c4 <xQueueGenericSendFromISR>:
100090c4:	b5f0      	push	{r4, r5, r6, r7, lr}
100090c6:	464f      	mov	r7, r9
100090c8:	46d6      	mov	lr, sl
100090ca:	4646      	mov	r6, r8
100090cc:	0004      	movs	r4, r0
100090ce:	b5c0      	push	{r6, r7, lr}
100090d0:	4691      	mov	r9, r2
100090d2:	001e      	movs	r6, r3
100090d4:	000f      	movs	r7, r1
100090d6:	f7ff fb19 	bl	1000870c <ulSetInterruptMaskFromISR>
100090da:	6ba2      	ldr	r2, [r4, #56]	@ 0x38
100090dc:	6be3      	ldr	r3, [r4, #60]	@ 0x3c
100090de:	0005      	movs	r5, r0
100090e0:	429a      	cmp	r2, r3
100090e2:	d321      	bcc.n	10009128 <xQueueGenericSendFromISR+0x64>
100090e4:	2300      	movs	r3, #0
100090e6:	4698      	mov	r8, r3
100090e8:	2e02      	cmp	r6, #2
100090ea:	d008      	beq.n	100090fe <xQueueGenericSendFromISR+0x3a>
100090ec:	0028      	movs	r0, r5
100090ee:	f7ff fb11 	bl	10008714 <vClearInterruptMaskFromISR>
100090f2:	4640      	mov	r0, r8
100090f4:	bce0      	pop	{r5, r6, r7}
100090f6:	46ba      	mov	sl, r7
100090f8:	46b1      	mov	r9, r6
100090fa:	46a8      	mov	r8, r5
100090fc:	bdf0      	pop	{r4, r5, r6, r7, pc}
100090fe:	3345      	adds	r3, #69	@ 0x45
10009100:	5ce3      	ldrb	r3, [r4, r3]
10009102:	6c22      	ldr	r2, [r4, #64]	@ 0x40
10009104:	b25b      	sxtb	r3, r3
10009106:	4698      	mov	r8, r3
10009108:	6ba3      	ldr	r3, [r4, #56]	@ 0x38
1000910a:	6ba3      	ldr	r3, [r4, #56]	@ 0x38
1000910c:	469a      	mov	sl, r3
1000910e:	2a00      	cmp	r2, #0
10009110:	d132      	bne.n	10009178 <xQueueGenericSendFromISR+0xb4>
10009112:	3301      	adds	r3, #1
10009114:	63a3      	str	r3, [r4, #56]	@ 0x38
10009116:	4643      	mov	r3, r8
10009118:	3301      	adds	r3, #1
1000911a:	d121      	bne.n	10009160 <xQueueGenericSendFromISR+0x9c>
1000911c:	6a63      	ldr	r3, [r4, #36]	@ 0x24
1000911e:	2b00      	cmp	r3, #0
10009120:	d13d      	bne.n	1000919e <xQueueGenericSendFromISR+0xda>
10009122:	2301      	movs	r3, #1
10009124:	4698      	mov	r8, r3
10009126:	e7e1      	b.n	100090ec <xQueueGenericSendFromISR+0x28>
10009128:	2345      	movs	r3, #69	@ 0x45
1000912a:	5ce3      	ldrb	r3, [r4, r3]
1000912c:	6c22      	ldr	r2, [r4, #64]	@ 0x40
1000912e:	b25b      	sxtb	r3, r3
10009130:	4698      	mov	r8, r3
10009132:	6ba3      	ldr	r3, [r4, #56]	@ 0x38
10009134:	6ba3      	ldr	r3, [r4, #56]	@ 0x38
10009136:	469a      	mov	sl, r3
10009138:	2a00      	cmp	r2, #0
1000913a:	d0ea      	beq.n	10009112 <xQueueGenericSendFromISR+0x4e>
1000913c:	2e00      	cmp	r6, #0
1000913e:	d13b      	bne.n	100091b8 <xQueueGenericSendFromISR+0xf4>
10009140:	0039      	movs	r1, r7
10009142:	6860      	ldr	r0, [r4, #4]
10009144:	f7fa ff6e 	bl	10004024 <__wrap___aeabi_memcpy>
10009148:	6862      	ldr	r2, [r4, #4]
1000914a:	6c23      	ldr	r3, [r4, #64]	@ 0x40
1000914c:	68a1      	ldr	r1, [r4, #8]
1000914e:	18d2      	adds	r2, r2, r3
10009150:	4653      	mov	r3, sl
10009152:	6062      	str	r2, [r4, #4]
10009154:	3301      	adds	r3, #1
10009156:	428a      	cmp	r2, r1
10009158:	d3dc      	bcc.n	10009114 <xQueueGenericSendFromISR+0x50>
1000915a:	6822      	ldr	r2, [r4, #0]
1000915c:	6062      	str	r2, [r4, #4]
1000915e:	e7d9      	b.n	10009114 <xQueueGenericSendFromISR+0x50>
10009160:	f000 ff2e 	bl	10009fc0 <uxTaskGetNumberOfTasks>
10009164:	4580      	cmp	r8, r0
10009166:	d2dc      	bcs.n	10009122 <xQueueGenericSendFromISR+0x5e>
10009168:	4643      	mov	r3, r8
1000916a:	2245      	movs	r2, #69	@ 0x45
1000916c:	3301      	adds	r3, #1
1000916e:	b25b      	sxtb	r3, r3
10009170:	54a3      	strb	r3, [r4, r2]
10009172:	2301      	movs	r3, #1
10009174:	4698      	mov	r8, r3
10009176:	e7b9      	b.n	100090ec <xQueueGenericSendFromISR+0x28>
10009178:	0039      	movs	r1, r7
1000917a:	68e0      	ldr	r0, [r4, #12]
1000917c:	f7fa ff52 	bl	10004024 <__wrap___aeabi_memcpy>
10009180:	6c22      	ldr	r2, [r4, #64]	@ 0x40
10009182:	68e3      	ldr	r3, [r4, #12]
10009184:	4251      	negs	r1, r2
10009186:	1a9b      	subs	r3, r3, r2
10009188:	6822      	ldr	r2, [r4, #0]
1000918a:	60e3      	str	r3, [r4, #12]
1000918c:	4293      	cmp	r3, r2
1000918e:	d202      	bcs.n	10009196 <xQueueGenericSendFromISR+0xd2>
10009190:	68a3      	ldr	r3, [r4, #8]
10009192:	185b      	adds	r3, r3, r1
10009194:	60e3      	str	r3, [r4, #12]
10009196:	4653      	mov	r3, sl
10009198:	2b00      	cmp	r3, #0
1000919a:	d1bb      	bne.n	10009114 <xQueueGenericSendFromISR+0x50>
1000919c:	e7b9      	b.n	10009112 <xQueueGenericSendFromISR+0x4e>
1000919e:	0020      	movs	r0, r4
100091a0:	3024      	adds	r0, #36	@ 0x24
100091a2:	f001 f893 	bl	1000a2cc <xTaskRemoveFromEventList>
100091a6:	2800      	cmp	r0, #0
100091a8:	d0bb      	beq.n	10009122 <xQueueGenericSendFromISR+0x5e>
100091aa:	464b      	mov	r3, r9
100091ac:	2b00      	cmp	r3, #0
100091ae:	d0b8      	beq.n	10009122 <xQueueGenericSendFromISR+0x5e>
100091b0:	2301      	movs	r3, #1
100091b2:	464a      	mov	r2, r9
100091b4:	6013      	str	r3, [r2, #0]
100091b6:	e7b4      	b.n	10009122 <xQueueGenericSendFromISR+0x5e>
100091b8:	0039      	movs	r1, r7
100091ba:	68e0      	ldr	r0, [r4, #12]
100091bc:	f7fa ff32 	bl	10004024 <__wrap___aeabi_memcpy>
100091c0:	6c22      	ldr	r2, [r4, #64]	@ 0x40
100091c2:	68e3      	ldr	r3, [r4, #12]
100091c4:	4251      	negs	r1, r2
100091c6:	1a9b      	subs	r3, r3, r2
100091c8:	6822      	ldr	r2, [r4, #0]
100091ca:	60e3      	str	r3, [r4, #12]
100091cc:	4293      	cmp	r3, r2
100091ce:	d304      	bcc.n	100091da <xQueueGenericSendFromISR+0x116>
100091d0:	2e02      	cmp	r6, #2
100091d2:	d0e0      	beq.n	10009196 <xQueueGenericSendFromISR+0xd2>
100091d4:	4653      	mov	r3, sl
100091d6:	3301      	adds	r3, #1
100091d8:	e79c      	b.n	10009114 <xQueueGenericSendFromISR+0x50>
100091da:	68a3      	ldr	r3, [r4, #8]
100091dc:	185b      	adds	r3, r3, r1
100091de:	60e3      	str	r3, [r4, #12]
100091e0:	e7f6      	b.n	100091d0 <xQueueGenericSendFromISR+0x10c>
100091e2:	46c0      	nop			@ (mov r8, r8)

100091e4 <xQueueReceive>:
100091e4:	b5f0      	push	{r4, r5, r6, r7, lr}
100091e6:	46ce      	mov	lr, r9
100091e8:	4647      	mov	r7, r8
100091ea:	0004      	movs	r4, r0
100091ec:	b580      	push	{r7, lr}
100091ee:	b085      	sub	sp, #20
100091f0:	4688      	mov	r8, r1
100091f2:	9201      	str	r2, [sp, #4]
100091f4:	f7ff fa74 	bl	100086e0 <vPortEnterCritical>
100091f8:	6ba5      	ldr	r5, [r4, #56]	@ 0x38
100091fa:	2d00      	cmp	r5, #0
100091fc:	d000      	beq.n	10009200 <xQueueReceive+0x1c>
100091fe:	e129      	b.n	10009454 <xQueueReceive+0x270>
10009200:	9b01      	ldr	r3, [sp, #4]
10009202:	2b00      	cmp	r3, #0
10009204:	d100      	bne.n	10009208 <xQueueReceive+0x24>
10009206:	e0d0      	b.n	100093aa <xQueueReceive+0x1c6>
10009208:	0026      	movs	r6, r4
1000920a:	a802      	add	r0, sp, #8
1000920c:	f001 f90e 	bl	1000a42c <vTaskInternalSetTimeOutState>
10009210:	2744      	movs	r7, #68	@ 0x44
10009212:	3624      	adds	r6, #36	@ 0x24
10009214:	f7ff fa70 	bl	100086f8 <vPortExitCritical>
10009218:	f000 fd62 	bl	10009ce0 <vTaskSuspendAll>
1000921c:	f7ff fa60 	bl	100086e0 <vPortEnterCritical>
10009220:	5de3      	ldrb	r3, [r4, r7]
10009222:	b25b      	sxtb	r3, r3
10009224:	3301      	adds	r3, #1
10009226:	d101      	bne.n	1000922c <xQueueReceive+0x48>
10009228:	2300      	movs	r3, #0
1000922a:	55e3      	strb	r3, [r4, r7]
1000922c:	2245      	movs	r2, #69	@ 0x45
1000922e:	5ca3      	ldrb	r3, [r4, r2]
10009230:	b25b      	sxtb	r3, r3
10009232:	3301      	adds	r3, #1
10009234:	d101      	bne.n	1000923a <xQueueReceive+0x56>
10009236:	2300      	movs	r3, #0
10009238:	54a3      	strb	r3, [r4, r2]
1000923a:	f7ff fa5d 	bl	100086f8 <vPortExitCritical>
1000923e:	a901      	add	r1, sp, #4
10009240:	a802      	add	r0, sp, #8
10009242:	f001 f8ff 	bl	1000a444 <xTaskCheckForTimeOut>
10009246:	2800      	cmp	r0, #0
10009248:	d15a      	bne.n	10009300 <xQueueReceive+0x11c>
1000924a:	f7ff fa49 	bl	100086e0 <vPortEnterCritical>
1000924e:	6ba3      	ldr	r3, [r4, #56]	@ 0x38
10009250:	2b00      	cmp	r3, #0
10009252:	d000      	beq.n	10009256 <xQueueReceive+0x72>
10009254:	e0b1      	b.n	100093ba <xQueueReceive+0x1d6>
10009256:	f7ff fa4f 	bl	100086f8 <vPortExitCritical>
1000925a:	2324      	movs	r3, #36	@ 0x24
1000925c:	4699      	mov	r9, r3
1000925e:	44a1      	add	r9, r4
10009260:	4648      	mov	r0, r9
10009262:	9901      	ldr	r1, [sp, #4]
10009264:	f000 ff04 	bl	1000a070 <vTaskPlaceOnEventList>
10009268:	f7ff fa3a 	bl	100086e0 <vPortEnterCritical>
1000926c:	2345      	movs	r3, #69	@ 0x45
1000926e:	5ce5      	ldrb	r5, [r4, r3]
10009270:	b26d      	sxtb	r5, r5
10009272:	2d00      	cmp	r5, #0
10009274:	dc05      	bgt.n	10009282 <xQueueReceive+0x9e>
10009276:	e013      	b.n	100092a0 <xQueueReceive+0xbc>
10009278:	3d01      	subs	r5, #1
1000927a:	b2ea      	uxtb	r2, r5
1000927c:	b26d      	sxtb	r5, r5
1000927e:	2a00      	cmp	r2, #0
10009280:	d00e      	beq.n	100092a0 <xQueueReceive+0xbc>
10009282:	6a63      	ldr	r3, [r4, #36]	@ 0x24
10009284:	2b00      	cmp	r3, #0
10009286:	d00b      	beq.n	100092a0 <xQueueReceive+0xbc>
10009288:	4648      	mov	r0, r9
1000928a:	f001 f81f 	bl	1000a2cc <xTaskRemoveFromEventList>
1000928e:	2800      	cmp	r0, #0
10009290:	d0f2      	beq.n	10009278 <xQueueReceive+0x94>
10009292:	3d01      	subs	r5, #1
10009294:	f001 f912 	bl	1000a4bc <vTaskMissedYield>
10009298:	b2ea      	uxtb	r2, r5
1000929a:	b26d      	sxtb	r5, r5
1000929c:	2a00      	cmp	r2, #0
1000929e:	d1f0      	bne.n	10009282 <xQueueReceive+0x9e>
100092a0:	2345      	movs	r3, #69	@ 0x45
100092a2:	22ff      	movs	r2, #255	@ 0xff
100092a4:	54e2      	strb	r2, [r4, r3]
100092a6:	f7ff fa27 	bl	100086f8 <vPortExitCritical>
100092aa:	f7ff fa19 	bl	100086e0 <vPortEnterCritical>
100092ae:	2344      	movs	r3, #68	@ 0x44
100092b0:	5ce5      	ldrb	r5, [r4, r3]
100092b2:	3b34      	subs	r3, #52	@ 0x34
100092b4:	4699      	mov	r9, r3
100092b6:	b26d      	sxtb	r5, r5
100092b8:	44a1      	add	r9, r4
100092ba:	2d00      	cmp	r5, #0
100092bc:	dc05      	bgt.n	100092ca <xQueueReceive+0xe6>
100092be:	e013      	b.n	100092e8 <xQueueReceive+0x104>
100092c0:	3d01      	subs	r5, #1
100092c2:	b2ea      	uxtb	r2, r5
100092c4:	b26d      	sxtb	r5, r5
100092c6:	2a00      	cmp	r2, #0
100092c8:	d00e      	beq.n	100092e8 <xQueueReceive+0x104>
100092ca:	6923      	ldr	r3, [r4, #16]
100092cc:	2b00      	cmp	r3, #0
100092ce:	d00b      	beq.n	100092e8 <xQueueReceive+0x104>
100092d0:	4648      	mov	r0, r9
100092d2:	f000 fffb 	bl	1000a2cc <xTaskRemoveFromEventList>
100092d6:	2800      	cmp	r0, #0
100092d8:	d0f2      	beq.n	100092c0 <xQueueReceive+0xdc>
100092da:	3d01      	subs	r5, #1
100092dc:	f001 f8ee 	bl	1000a4bc <vTaskMissedYield>
100092e0:	b2ea      	uxtb	r2, r5
100092e2:	b26d      	sxtb	r5, r5
100092e4:	2a00      	cmp	r2, #0
100092e6:	d1f0      	bne.n	100092ca <xQueueReceive+0xe6>
100092e8:	2344      	movs	r3, #68	@ 0x44
100092ea:	22ff      	movs	r2, #255	@ 0xff
100092ec:	54e2      	strb	r2, [r4, r3]
100092ee:	f7ff fa03 	bl	100086f8 <vPortExitCritical>
100092f2:	f000 fcfd 	bl	10009cf0 <xTaskResumeAll>
100092f6:	2800      	cmp	r0, #0
100092f8:	d14e      	bne.n	10009398 <xQueueReceive+0x1b4>
100092fa:	f7ff f9e5 	bl	100086c8 <vPortYield>
100092fe:	e04b      	b.n	10009398 <xQueueReceive+0x1b4>
10009300:	f7ff f9ee 	bl	100086e0 <vPortEnterCritical>
10009304:	2345      	movs	r3, #69	@ 0x45
10009306:	5ce5      	ldrb	r5, [r4, r3]
10009308:	b26d      	sxtb	r5, r5
1000930a:	2d00      	cmp	r5, #0
1000930c:	dc05      	bgt.n	1000931a <xQueueReceive+0x136>
1000930e:	e013      	b.n	10009338 <xQueueReceive+0x154>
10009310:	3d01      	subs	r5, #1
10009312:	b2ea      	uxtb	r2, r5
10009314:	b26d      	sxtb	r5, r5
10009316:	2a00      	cmp	r2, #0
10009318:	d00e      	beq.n	10009338 <xQueueReceive+0x154>
1000931a:	6a63      	ldr	r3, [r4, #36]	@ 0x24
1000931c:	2b00      	cmp	r3, #0
1000931e:	d00b      	beq.n	10009338 <xQueueReceive+0x154>
10009320:	0030      	movs	r0, r6
10009322:	f000 ffd3 	bl	1000a2cc <xTaskRemoveFromEventList>
10009326:	2800      	cmp	r0, #0
10009328:	d0f2      	beq.n	10009310 <xQueueReceive+0x12c>
1000932a:	3d01      	subs	r5, #1
1000932c:	f001 f8c6 	bl	1000a4bc <vTaskMissedYield>
10009330:	b2ea      	uxtb	r2, r5
10009332:	b26d      	sxtb	r5, r5
10009334:	2a00      	cmp	r2, #0
10009336:	d1f0      	bne.n	1000931a <xQueueReceive+0x136>
10009338:	2345      	movs	r3, #69	@ 0x45
1000933a:	22ff      	movs	r2, #255	@ 0xff
1000933c:	54e2      	strb	r2, [r4, r3]
1000933e:	f7ff f9db 	bl	100086f8 <vPortExitCritical>
10009342:	f7ff f9cd 	bl	100086e0 <vPortEnterCritical>
10009346:	2310      	movs	r3, #16
10009348:	4699      	mov	r9, r3
1000934a:	5de5      	ldrb	r5, [r4, r7]
1000934c:	44a1      	add	r9, r4
1000934e:	b26d      	sxtb	r5, r5
10009350:	2d00      	cmp	r5, #0
10009352:	dc05      	bgt.n	10009360 <xQueueReceive+0x17c>
10009354:	e013      	b.n	1000937e <xQueueReceive+0x19a>
10009356:	3d01      	subs	r5, #1
10009358:	b2ea      	uxtb	r2, r5
1000935a:	b26d      	sxtb	r5, r5
1000935c:	2a00      	cmp	r2, #0
1000935e:	d00e      	beq.n	1000937e <xQueueReceive+0x19a>
10009360:	6923      	ldr	r3, [r4, #16]
10009362:	2b00      	cmp	r3, #0
10009364:	d00b      	beq.n	1000937e <xQueueReceive+0x19a>
10009366:	4648      	mov	r0, r9
10009368:	f000 ffb0 	bl	1000a2cc <xTaskRemoveFromEventList>
1000936c:	2800      	cmp	r0, #0
1000936e:	d0f2      	beq.n	10009356 <xQueueReceive+0x172>
10009370:	3d01      	subs	r5, #1
10009372:	f001 f8a3 	bl	1000a4bc <vTaskMissedYield>
10009376:	b2ea      	uxtb	r2, r5
10009378:	b26d      	sxtb	r5, r5
1000937a:	2a00      	cmp	r2, #0
1000937c:	d1f0      	bne.n	10009360 <xQueueReceive+0x17c>
1000937e:	23ff      	movs	r3, #255	@ 0xff
10009380:	55e3      	strb	r3, [r4, r7]
10009382:	f7ff f9b9 	bl	100086f8 <vPortExitCritical>
10009386:	f000 fcb3 	bl	10009cf0 <xTaskResumeAll>
1000938a:	f7ff f9a9 	bl	100086e0 <vPortEnterCritical>
1000938e:	6ba3      	ldr	r3, [r4, #56]	@ 0x38
10009390:	2b00      	cmp	r3, #0
10009392:	d00a      	beq.n	100093aa <xQueueReceive+0x1c6>
10009394:	f7ff f9b0 	bl	100086f8 <vPortExitCritical>
10009398:	f7ff f9a2 	bl	100086e0 <vPortEnterCritical>
1000939c:	6ba5      	ldr	r5, [r4, #56]	@ 0x38
1000939e:	2d00      	cmp	r5, #0
100093a0:	d158      	bne.n	10009454 <xQueueReceive+0x270>
100093a2:	9b01      	ldr	r3, [sp, #4]
100093a4:	2b00      	cmp	r3, #0
100093a6:	d000      	beq.n	100093aa <xQueueReceive+0x1c6>
100093a8:	e734      	b.n	10009214 <xQueueReceive+0x30>
100093aa:	f7ff f9a5 	bl	100086f8 <vPortExitCritical>
100093ae:	2000      	movs	r0, #0
100093b0:	b005      	add	sp, #20
100093b2:	bcc0      	pop	{r6, r7}
100093b4:	46b9      	mov	r9, r7
100093b6:	46b0      	mov	r8, r6
100093b8:	bdf0      	pop	{r4, r5, r6, r7, pc}
100093ba:	f7ff f99d 	bl	100086f8 <vPortExitCritical>
100093be:	f7ff f98f 	bl	100086e0 <vPortEnterCritical>
100093c2:	2345      	movs	r3, #69	@ 0x45
100093c4:	5ce5      	ldrb	r5, [r4, r3]
100093c6:	3b21      	subs	r3, #33	@ 0x21
100093c8:	4699      	mov	r9, r3
100093ca:	b26d      	sxtb	r5, r5
100093cc:	44a1      	add	r9, r4
100093ce:	2d00      	cmp	r5, #0
100093d0:	dc05      	bgt.n	100093de <xQueueReceive+0x1fa>
100093d2:	e013      	b.n	100093fc <xQueueReceive+0x218>
100093d4:	3d01      	subs	r5, #1
100093d6:	b2ea      	uxtb	r2, r5
100093d8:	b26d      	sxtb	r5, r5
100093da:	2a00      	cmp	r2, #0
100093dc:	d00e      	beq.n	100093fc <xQueueReceive+0x218>
100093de:	6a63      	ldr	r3, [r4, #36]	@ 0x24
100093e0:	2b00      	cmp	r3, #0
100093e2:	d00b      	beq.n	100093fc <xQueueReceive+0x218>
100093e4:	4648      	mov	r0, r9
100093e6:	f000 ff71 	bl	1000a2cc <xTaskRemoveFromEventList>
100093ea:	2800      	cmp	r0, #0
100093ec:	d0f2      	beq.n	100093d4 <xQueueReceive+0x1f0>
100093ee:	3d01      	subs	r5, #1
100093f0:	f001 f864 	bl	1000a4bc <vTaskMissedYield>
100093f4:	b2ea      	uxtb	r2, r5
100093f6:	b26d      	sxtb	r5, r5
100093f8:	2a00      	cmp	r2, #0
100093fa:	d1f0      	bne.n	100093de <xQueueReceive+0x1fa>
100093fc:	2345      	movs	r3, #69	@ 0x45
100093fe:	22ff      	movs	r2, #255	@ 0xff
10009400:	54e2      	strb	r2, [r4, r3]
10009402:	f7ff f979 	bl	100086f8 <vPortExitCritical>
10009406:	f7ff f96b 	bl	100086e0 <vPortEnterCritical>
1000940a:	2344      	movs	r3, #68	@ 0x44
1000940c:	5ce5      	ldrb	r5, [r4, r3]
1000940e:	3b34      	subs	r3, #52	@ 0x34
10009410:	4699      	mov	r9, r3
10009412:	b26d      	sxtb	r5, r5
10009414:	44a1      	add	r9, r4
10009416:	2d00      	cmp	r5, #0
10009418:	dc05      	bgt.n	10009426 <xQueueReceive+0x242>
1000941a:	e013      	b.n	10009444 <xQueueReceive+0x260>
1000941c:	3d01      	subs	r5, #1
1000941e:	b2ea      	uxtb	r2, r5
10009420:	b26d      	sxtb	r5, r5
10009422:	2a00      	cmp	r2, #0
10009424:	d00e      	beq.n	10009444 <xQueueReceive+0x260>
10009426:	6923      	ldr	r3, [r4, #16]
10009428:	2b00      	cmp	r3, #0
1000942a:	d00b      	beq.n	10009444 <xQueueReceive+0x260>
1000942c:	4648      	mov	r0, r9
1000942e:	f000 ff4d 	bl	1000a2cc <xTaskRemoveFromEventList>
10009432:	2800      	cmp	r0, #0
10009434:	d0f2      	beq.n	1000941c <xQueueReceive+0x238>
10009436:	3d01      	subs	r5, #1
10009438:	f001 f840 	bl	1000a4bc <vTaskMissedYield>
1000943c:	b2ea      	uxtb	r2, r5
1000943e:	b26d      	sxtb	r5, r5
10009440:	2a00      	cmp	r2, #0
10009442:	d1f0      	bne.n	10009426 <xQueueReceive+0x242>
10009444:	2344      	movs	r3, #68	@ 0x44
10009446:	22ff      	movs	r2, #255	@ 0xff
10009448:	54e2      	strb	r2, [r4, r3]
1000944a:	f7ff f955 	bl	100086f8 <vPortExitCritical>
1000944e:	f000 fc4f 	bl	10009cf0 <xTaskResumeAll>
10009452:	e7a1      	b.n	10009398 <xQueueReceive+0x1b4>
10009454:	6c22      	ldr	r2, [r4, #64]	@ 0x40
10009456:	2a00      	cmp	r2, #0
10009458:	d008      	beq.n	1000946c <xQueueReceive+0x288>
1000945a:	68e1      	ldr	r1, [r4, #12]
1000945c:	68a3      	ldr	r3, [r4, #8]
1000945e:	1889      	adds	r1, r1, r2
10009460:	60e1      	str	r1, [r4, #12]
10009462:	4299      	cmp	r1, r3
10009464:	d20b      	bcs.n	1000947e <xQueueReceive+0x29a>
10009466:	4640      	mov	r0, r8
10009468:	f7fa fddc 	bl	10004024 <__wrap___aeabi_memcpy>
1000946c:	6923      	ldr	r3, [r4, #16]
1000946e:	3d01      	subs	r5, #1
10009470:	63a5      	str	r5, [r4, #56]	@ 0x38
10009472:	2b00      	cmp	r3, #0
10009474:	d106      	bne.n	10009484 <xQueueReceive+0x2a0>
10009476:	f7ff f93f 	bl	100086f8 <vPortExitCritical>
1000947a:	2001      	movs	r0, #1
1000947c:	e798      	b.n	100093b0 <xQueueReceive+0x1cc>
1000947e:	6821      	ldr	r1, [r4, #0]
10009480:	60e1      	str	r1, [r4, #12]
10009482:	e7f0      	b.n	10009466 <xQueueReceive+0x282>
10009484:	0020      	movs	r0, r4
10009486:	3010      	adds	r0, #16
10009488:	f000 ff20 	bl	1000a2cc <xTaskRemoveFromEventList>
1000948c:	2800      	cmp	r0, #0
1000948e:	d0f2      	beq.n	10009476 <xQueueReceive+0x292>
10009490:	f7ff f91a 	bl	100086c8 <vPortYield>
10009494:	e7ef      	b.n	10009476 <xQueueReceive+0x292>
10009496:	46c0      	nop			@ (mov r8, r8)

10009498 <vQueueAddToRegistry>:
10009498:	b510      	push	{r4, lr}
1000949a:	2900      	cmp	r1, #0
1000949c:	d043      	beq.n	10009526 <vQueueAddToRegistry+0x8e>
1000949e:	4b55      	ldr	r3, [pc, #340]	@ (100095f4 <vQueueAddToRegistry+0x15c>)
100094a0:	685a      	ldr	r2, [r3, #4]
100094a2:	4290      	cmp	r0, r2
100094a4:	d100      	bne.n	100094a8 <vQueueAddToRegistry+0x10>
100094a6:	e08e      	b.n	100095c6 <vQueueAddToRegistry+0x12e>
100094a8:	681a      	ldr	r2, [r3, #0]
100094aa:	2a00      	cmp	r2, #0
100094ac:	d03c      	beq.n	10009528 <vQueueAddToRegistry+0x90>
100094ae:	68da      	ldr	r2, [r3, #12]
100094b0:	4290      	cmp	r0, r2
100094b2:	d100      	bne.n	100094b6 <vQueueAddToRegistry+0x1e>
100094b4:	e09c      	b.n	100095f0 <vQueueAddToRegistry+0x158>
100094b6:	689a      	ldr	r2, [r3, #8]
100094b8:	2a00      	cmp	r2, #0
100094ba:	d054      	beq.n	10009566 <vQueueAddToRegistry+0xce>
100094bc:	695a      	ldr	r2, [r3, #20]
100094be:	4290      	cmp	r0, r2
100094c0:	d100      	bne.n	100094c4 <vQueueAddToRegistry+0x2c>
100094c2:	e093      	b.n	100095ec <vQueueAddToRegistry+0x154>
100094c4:	691a      	ldr	r2, [r3, #16]
100094c6:	2a00      	cmp	r2, #0
100094c8:	d053      	beq.n	10009572 <vQueueAddToRegistry+0xda>
100094ca:	69da      	ldr	r2, [r3, #28]
100094cc:	4290      	cmp	r0, r2
100094ce:	d100      	bne.n	100094d2 <vQueueAddToRegistry+0x3a>
100094d0:	e080      	b.n	100095d4 <vQueueAddToRegistry+0x13c>
100094d2:	699a      	ldr	r2, [r3, #24]
100094d4:	2a00      	cmp	r2, #0
100094d6:	d052      	beq.n	1000957e <vQueueAddToRegistry+0xe6>
100094d8:	6a5a      	ldr	r2, [r3, #36]	@ 0x24
100094da:	4290      	cmp	r0, r2
100094dc:	d057      	beq.n	1000958e <vQueueAddToRegistry+0xf6>
100094de:	6a1a      	ldr	r2, [r3, #32]
100094e0:	2a00      	cmp	r2, #0
100094e2:	d058      	beq.n	10009596 <vQueueAddToRegistry+0xfe>
100094e4:	6ada      	ldr	r2, [r3, #44]	@ 0x2c
100094e6:	4290      	cmp	r0, r2
100094e8:	d100      	bne.n	100094ec <vQueueAddToRegistry+0x54>
100094ea:	e075      	b.n	100095d8 <vQueueAddToRegistry+0x140>
100094ec:	6a9a      	ldr	r2, [r3, #40]	@ 0x28
100094ee:	2a00      	cmp	r2, #0
100094f0:	d057      	beq.n	100095a2 <vQueueAddToRegistry+0x10a>
100094f2:	6b5a      	ldr	r2, [r3, #52]	@ 0x34
100094f4:	4290      	cmp	r0, r2
100094f6:	d100      	bne.n	100094fa <vQueueAddToRegistry+0x62>
100094f8:	e070      	b.n	100095dc <vQueueAddToRegistry+0x144>
100094fa:	6b1a      	ldr	r2, [r3, #48]	@ 0x30
100094fc:	2a00      	cmp	r2, #0
100094fe:	d056      	beq.n	100095ae <vQueueAddToRegistry+0x116>
10009500:	6bda      	ldr	r2, [r3, #60]	@ 0x3c
10009502:	4290      	cmp	r0, r2
10009504:	d100      	bne.n	10009508 <vQueueAddToRegistry+0x70>
10009506:	e06b      	b.n	100095e0 <vQueueAddToRegistry+0x148>
10009508:	6b9a      	ldr	r2, [r3, #56]	@ 0x38
1000950a:	2a00      	cmp	r2, #0
1000950c:	d055      	beq.n	100095ba <vQueueAddToRegistry+0x122>
1000950e:	6c5a      	ldr	r2, [r3, #68]	@ 0x44
10009510:	4290      	cmp	r0, r2
10009512:	d067      	beq.n	100095e4 <vQueueAddToRegistry+0x14c>
10009514:	6c1a      	ldr	r2, [r3, #64]	@ 0x40
10009516:	2a00      	cmp	r2, #0
10009518:	d057      	beq.n	100095ca <vQueueAddToRegistry+0x132>
1000951a:	6cda      	ldr	r2, [r3, #76]	@ 0x4c
1000951c:	4290      	cmp	r0, r2
1000951e:	d063      	beq.n	100095e8 <vQueueAddToRegistry+0x150>
10009520:	6c9a      	ldr	r2, [r3, #72]	@ 0x48
10009522:	2a00      	cmp	r2, #0
10009524:	d030      	beq.n	10009588 <vQueueAddToRegistry+0xf0>
10009526:	bd10      	pop	{r4, pc}
10009528:	68da      	ldr	r2, [r3, #12]
1000952a:	4290      	cmp	r0, r2
1000952c:	d060      	beq.n	100095f0 <vQueueAddToRegistry+0x158>
1000952e:	695a      	ldr	r2, [r3, #20]
10009530:	4290      	cmp	r0, r2
10009532:	d05b      	beq.n	100095ec <vQueueAddToRegistry+0x154>
10009534:	001a      	movs	r2, r3
10009536:	69dc      	ldr	r4, [r3, #28]
10009538:	42a0      	cmp	r0, r4
1000953a:	d04b      	beq.n	100095d4 <vQueueAddToRegistry+0x13c>
1000953c:	6a5c      	ldr	r4, [r3, #36]	@ 0x24
1000953e:	42a0      	cmp	r0, r4
10009540:	d025      	beq.n	1000958e <vQueueAddToRegistry+0xf6>
10009542:	6adc      	ldr	r4, [r3, #44]	@ 0x2c
10009544:	42a0      	cmp	r0, r4
10009546:	d047      	beq.n	100095d8 <vQueueAddToRegistry+0x140>
10009548:	6b5c      	ldr	r4, [r3, #52]	@ 0x34
1000954a:	42a0      	cmp	r0, r4
1000954c:	d046      	beq.n	100095dc <vQueueAddToRegistry+0x144>
1000954e:	6bdc      	ldr	r4, [r3, #60]	@ 0x3c
10009550:	42a0      	cmp	r0, r4
10009552:	d045      	beq.n	100095e0 <vQueueAddToRegistry+0x148>
10009554:	6c5c      	ldr	r4, [r3, #68]	@ 0x44
10009556:	42a0      	cmp	r0, r4
10009558:	d044      	beq.n	100095e4 <vQueueAddToRegistry+0x14c>
1000955a:	6cdc      	ldr	r4, [r3, #76]	@ 0x4c
1000955c:	42a0      	cmp	r0, r4
1000955e:	d043      	beq.n	100095e8 <vQueueAddToRegistry+0x150>
10009560:	6011      	str	r1, [r2, #0]
10009562:	6050      	str	r0, [r2, #4]
10009564:	e7df      	b.n	10009526 <vQueueAddToRegistry+0x8e>
10009566:	695a      	ldr	r2, [r3, #20]
10009568:	4290      	cmp	r0, r2
1000956a:	d03f      	beq.n	100095ec <vQueueAddToRegistry+0x154>
1000956c:	001a      	movs	r2, r3
1000956e:	3208      	adds	r2, #8
10009570:	e7e1      	b.n	10009536 <vQueueAddToRegistry+0x9e>
10009572:	69da      	ldr	r2, [r3, #28]
10009574:	4290      	cmp	r0, r2
10009576:	d02d      	beq.n	100095d4 <vQueueAddToRegistry+0x13c>
10009578:	001a      	movs	r2, r3
1000957a:	3210      	adds	r2, #16
1000957c:	e7de      	b.n	1000953c <vQueueAddToRegistry+0xa4>
1000957e:	6a5a      	ldr	r2, [r3, #36]	@ 0x24
10009580:	4290      	cmp	r0, r2
10009582:	d004      	beq.n	1000958e <vQueueAddToRegistry+0xf6>
10009584:	4a1c      	ldr	r2, [pc, #112]	@ (100095f8 <vQueueAddToRegistry+0x160>)
10009586:	e7dc      	b.n	10009542 <vQueueAddToRegistry+0xaa>
10009588:	3348      	adds	r3, #72	@ 0x48
1000958a:	001a      	movs	r2, r3
1000958c:	e7e8      	b.n	10009560 <vQueueAddToRegistry+0xc8>
1000958e:	2204      	movs	r2, #4
10009590:	00d2      	lsls	r2, r2, #3
10009592:	189a      	adds	r2, r3, r2
10009594:	e7e4      	b.n	10009560 <vQueueAddToRegistry+0xc8>
10009596:	6ada      	ldr	r2, [r3, #44]	@ 0x2c
10009598:	4290      	cmp	r0, r2
1000959a:	d01d      	beq.n	100095d8 <vQueueAddToRegistry+0x140>
1000959c:	001a      	movs	r2, r3
1000959e:	3220      	adds	r2, #32
100095a0:	e7d2      	b.n	10009548 <vQueueAddToRegistry+0xb0>
100095a2:	6b5a      	ldr	r2, [r3, #52]	@ 0x34
100095a4:	4290      	cmp	r0, r2
100095a6:	d019      	beq.n	100095dc <vQueueAddToRegistry+0x144>
100095a8:	001a      	movs	r2, r3
100095aa:	3228      	adds	r2, #40	@ 0x28
100095ac:	e7cf      	b.n	1000954e <vQueueAddToRegistry+0xb6>
100095ae:	6bda      	ldr	r2, [r3, #60]	@ 0x3c
100095b0:	4290      	cmp	r0, r2
100095b2:	d015      	beq.n	100095e0 <vQueueAddToRegistry+0x148>
100095b4:	001a      	movs	r2, r3
100095b6:	3230      	adds	r2, #48	@ 0x30
100095b8:	e7cc      	b.n	10009554 <vQueueAddToRegistry+0xbc>
100095ba:	6c5a      	ldr	r2, [r3, #68]	@ 0x44
100095bc:	4290      	cmp	r0, r2
100095be:	d011      	beq.n	100095e4 <vQueueAddToRegistry+0x14c>
100095c0:	001a      	movs	r2, r3
100095c2:	3238      	adds	r2, #56	@ 0x38
100095c4:	e7c9      	b.n	1000955a <vQueueAddToRegistry+0xc2>
100095c6:	2200      	movs	r2, #0
100095c8:	e7e2      	b.n	10009590 <vQueueAddToRegistry+0xf8>
100095ca:	6cda      	ldr	r2, [r3, #76]	@ 0x4c
100095cc:	4290      	cmp	r0, r2
100095ce:	d00b      	beq.n	100095e8 <vQueueAddToRegistry+0x150>
100095d0:	4a0a      	ldr	r2, [pc, #40]	@ (100095fc <vQueueAddToRegistry+0x164>)
100095d2:	e7c5      	b.n	10009560 <vQueueAddToRegistry+0xc8>
100095d4:	2203      	movs	r2, #3
100095d6:	e7db      	b.n	10009590 <vQueueAddToRegistry+0xf8>
100095d8:	2205      	movs	r2, #5
100095da:	e7d9      	b.n	10009590 <vQueueAddToRegistry+0xf8>
100095dc:	2206      	movs	r2, #6
100095de:	e7d7      	b.n	10009590 <vQueueAddToRegistry+0xf8>
100095e0:	2207      	movs	r2, #7
100095e2:	e7d5      	b.n	10009590 <vQueueAddToRegistry+0xf8>
100095e4:	2208      	movs	r2, #8
100095e6:	e7d3      	b.n	10009590 <vQueueAddToRegistry+0xf8>
100095e8:	2209      	movs	r2, #9
100095ea:	e7d1      	b.n	10009590 <vQueueAddToRegistry+0xf8>
100095ec:	2202      	movs	r2, #2
100095ee:	e7cf      	b.n	10009590 <vQueueAddToRegistry+0xf8>
100095f0:	2201      	movs	r2, #1
100095f2:	e7cd      	b.n	10009590 <vQueueAddToRegistry+0xf8>
100095f4:	20001a18 	.word	0x20001a18
100095f8:	20001a30 	.word	0x20001a30
100095fc:	20001a58 	.word	0x20001a58

10009600 <vQueueWaitForMessageRestricted>:
10009600:	b570      	push	{r4, r5, r6, lr}
10009602:	0005      	movs	r5, r0
10009604:	0016      	movs	r6, r2
10009606:	000c      	movs	r4, r1
10009608:	f7ff f86a 	bl	100086e0 <vPortEnterCritical>
1000960c:	2244      	movs	r2, #68	@ 0x44
1000960e:	5cab      	ldrb	r3, [r5, r2]
10009610:	b25b      	sxtb	r3, r3
10009612:	3301      	adds	r3, #1
10009614:	d101      	bne.n	1000961a <vQueueWaitForMessageRestricted+0x1a>
10009616:	2300      	movs	r3, #0
10009618:	54ab      	strb	r3, [r5, r2]
1000961a:	2245      	movs	r2, #69	@ 0x45
1000961c:	5cab      	ldrb	r3, [r5, r2]
1000961e:	b25b      	sxtb	r3, r3
10009620:	3301      	adds	r3, #1
10009622:	d101      	bne.n	10009628 <vQueueWaitForMessageRestricted+0x28>
10009624:	2300      	movs	r3, #0
10009626:	54ab      	strb	r3, [r5, r2]
10009628:	f7ff f866 	bl	100086f8 <vPortExitCritical>
1000962c:	6bab      	ldr	r3, [r5, #56]	@ 0x38
1000962e:	2b00      	cmp	r3, #0
10009630:	d046      	beq.n	100096c0 <vQueueWaitForMessageRestricted+0xc0>
10009632:	f7ff f855 	bl	100086e0 <vPortEnterCritical>
10009636:	2345      	movs	r3, #69	@ 0x45
10009638:	5cec      	ldrb	r4, [r5, r3]
1000963a:	b264      	sxtb	r4, r4
1000963c:	2c00      	cmp	r4, #0
1000963e:	dd16      	ble.n	1000966e <vQueueWaitForMessageRestricted+0x6e>
10009640:	002e      	movs	r6, r5
10009642:	3624      	adds	r6, #36	@ 0x24
10009644:	e004      	b.n	10009650 <vQueueWaitForMessageRestricted+0x50>
10009646:	3c01      	subs	r4, #1
10009648:	b2e2      	uxtb	r2, r4
1000964a:	b264      	sxtb	r4, r4
1000964c:	2a00      	cmp	r2, #0
1000964e:	d00e      	beq.n	1000966e <vQueueWaitForMessageRestricted+0x6e>
10009650:	6a6b      	ldr	r3, [r5, #36]	@ 0x24
10009652:	2b00      	cmp	r3, #0
10009654:	d00b      	beq.n	1000966e <vQueueWaitForMessageRestricted+0x6e>
10009656:	0030      	movs	r0, r6
10009658:	f000 fe38 	bl	1000a2cc <xTaskRemoveFromEventList>
1000965c:	2800      	cmp	r0, #0
1000965e:	d0f2      	beq.n	10009646 <vQueueWaitForMessageRestricted+0x46>
10009660:	3c01      	subs	r4, #1
10009662:	f000 ff2b 	bl	1000a4bc <vTaskMissedYield>
10009666:	b2e2      	uxtb	r2, r4
10009668:	b264      	sxtb	r4, r4
1000966a:	2a00      	cmp	r2, #0
1000966c:	d1f0      	bne.n	10009650 <vQueueWaitForMessageRestricted+0x50>
1000966e:	2345      	movs	r3, #69	@ 0x45
10009670:	22ff      	movs	r2, #255	@ 0xff
10009672:	54ea      	strb	r2, [r5, r3]
10009674:	f7ff f840 	bl	100086f8 <vPortExitCritical>
10009678:	f7ff f832 	bl	100086e0 <vPortEnterCritical>
1000967c:	2344      	movs	r3, #68	@ 0x44
1000967e:	5cec      	ldrb	r4, [r5, r3]
10009680:	b264      	sxtb	r4, r4
10009682:	2c00      	cmp	r4, #0
10009684:	dd16      	ble.n	100096b4 <vQueueWaitForMessageRestricted+0xb4>
10009686:	002e      	movs	r6, r5
10009688:	3610      	adds	r6, #16
1000968a:	e004      	b.n	10009696 <vQueueWaitForMessageRestricted+0x96>
1000968c:	3c01      	subs	r4, #1
1000968e:	b2e2      	uxtb	r2, r4
10009690:	b264      	sxtb	r4, r4
10009692:	2a00      	cmp	r2, #0
10009694:	d00e      	beq.n	100096b4 <vQueueWaitForMessageRestricted+0xb4>
10009696:	692b      	ldr	r3, [r5, #16]
10009698:	2b00      	cmp	r3, #0
1000969a:	d00b      	beq.n	100096b4 <vQueueWaitForMessageRestricted+0xb4>
1000969c:	0030      	movs	r0, r6
1000969e:	f000 fe15 	bl	1000a2cc <xTaskRemoveFromEventList>
100096a2:	2800      	cmp	r0, #0
100096a4:	d0f2      	beq.n	1000968c <vQueueWaitForMessageRestricted+0x8c>
100096a6:	3c01      	subs	r4, #1
100096a8:	f000 ff08 	bl	1000a4bc <vTaskMissedYield>
100096ac:	b2e2      	uxtb	r2, r4
100096ae:	b264      	sxtb	r4, r4
100096b0:	2a00      	cmp	r2, #0
100096b2:	d1f0      	bne.n	10009696 <vQueueWaitForMessageRestricted+0x96>
100096b4:	2344      	movs	r3, #68	@ 0x44
100096b6:	22ff      	movs	r2, #255	@ 0xff
100096b8:	54ea      	strb	r2, [r5, r3]
100096ba:	f7ff f81d 	bl	100086f8 <vPortExitCritical>
100096be:	bd70      	pop	{r4, r5, r6, pc}
100096c0:	0028      	movs	r0, r5
100096c2:	0032      	movs	r2, r6
100096c4:	0021      	movs	r1, r4
100096c6:	3024      	adds	r0, #36	@ 0x24
100096c8:	f000 fd84 	bl	1000a1d4 <vTaskPlaceOnEventListRestricted>
100096cc:	e7b1      	b.n	10009632 <vQueueWaitForMessageRestricted+0x32>
100096ce:	46c0      	nop			@ (mov r8, r8)

100096d0 <prvAddNewTaskToReadyList>:
100096d0:	b5f0      	push	{r4, r5, r6, r7, lr}
100096d2:	46c6      	mov	lr, r8
100096d4:	b500      	push	{lr}
100096d6:	0004      	movs	r4, r0
100096d8:	f7ff f802 	bl	100086e0 <vPortEnterCritical>
100096dc:	4a37      	ldr	r2, [pc, #220]	@ (100097bc <prvAddNewTaskToReadyList+0xec>)
100096de:	4f38      	ldr	r7, [pc, #224]	@ (100097c0 <prvAddNewTaskToReadyList+0xf0>)
100096e0:	6813      	ldr	r3, [r2, #0]
100096e2:	3301      	adds	r3, #1
100096e4:	6013      	str	r3, [r2, #0]
100096e6:	683b      	ldr	r3, [r7, #0]
100096e8:	2b00      	cmp	r3, #0
100096ea:	d034      	beq.n	10009756 <prvAddNewTaskToReadyList+0x86>
100096ec:	4b35      	ldr	r3, [pc, #212]	@ (100097c4 <prvAddNewTaskToReadyList+0xf4>)
100096ee:	6ae2      	ldr	r2, [r4, #44]	@ 0x2c
100096f0:	4698      	mov	r8, r3
100096f2:	681b      	ldr	r3, [r3, #0]
100096f4:	2b00      	cmp	r3, #0
100096f6:	d028      	beq.n	1000974a <prvAddNewTaskToReadyList+0x7a>
100096f8:	4e33      	ldr	r6, [pc, #204]	@ (100097c8 <prvAddNewTaskToReadyList+0xf8>)
100096fa:	4934      	ldr	r1, [pc, #208]	@ (100097cc <prvAddNewTaskToReadyList+0xfc>)
100096fc:	680b      	ldr	r3, [r1, #0]
100096fe:	3301      	adds	r3, #1
10009700:	600b      	str	r3, [r1, #0]
10009702:	4b33      	ldr	r3, [pc, #204]	@ (100097d0 <prvAddNewTaskToReadyList+0x100>)
10009704:	6819      	ldr	r1, [r3, #0]
10009706:	4291      	cmp	r1, r2
10009708:	d200      	bcs.n	1000970c <prvAddNewTaskToReadyList+0x3c>
1000970a:	601a      	str	r2, [r3, #0]
1000970c:	0093      	lsls	r3, r2, #2
1000970e:	189b      	adds	r3, r3, r2
10009710:	009b      	lsls	r3, r3, #2
10009712:	18f1      	adds	r1, r6, r3
10009714:	684a      	ldr	r2, [r1, #4]
10009716:	6890      	ldr	r0, [r2, #8]
10009718:	60a2      	str	r2, [r4, #8]
1000971a:	4684      	mov	ip, r0
1000971c:	4665      	mov	r5, ip
1000971e:	60e0      	str	r0, [r4, #12]
10009720:	1d20      	adds	r0, r4, #4
10009722:	6068      	str	r0, [r5, #4]
10009724:	6090      	str	r0, [r2, #8]
10009726:	58f2      	ldr	r2, [r6, r3]
10009728:	6161      	str	r1, [r4, #20]
1000972a:	3201      	adds	r2, #1
1000972c:	50f2      	str	r2, [r6, r3]
1000972e:	f7fe ffe3 	bl	100086f8 <vPortExitCritical>
10009732:	4643      	mov	r3, r8
10009734:	681b      	ldr	r3, [r3, #0]
10009736:	2b00      	cmp	r3, #0
10009738:	d004      	beq.n	10009744 <prvAddNewTaskToReadyList+0x74>
1000973a:	683b      	ldr	r3, [r7, #0]
1000973c:	6ada      	ldr	r2, [r3, #44]	@ 0x2c
1000973e:	6ae3      	ldr	r3, [r4, #44]	@ 0x2c
10009740:	429a      	cmp	r2, r3
10009742:	d311      	bcc.n	10009768 <prvAddNewTaskToReadyList+0x98>
10009744:	bc80      	pop	{r7}
10009746:	46b8      	mov	r8, r7
10009748:	bdf0      	pop	{r4, r5, r6, r7, pc}
1000974a:	683b      	ldr	r3, [r7, #0]
1000974c:	6adb      	ldr	r3, [r3, #44]	@ 0x2c
1000974e:	4293      	cmp	r3, r2
10009750:	d8d2      	bhi.n	100096f8 <prvAddNewTaskToReadyList+0x28>
10009752:	603c      	str	r4, [r7, #0]
10009754:	e7d0      	b.n	100096f8 <prvAddNewTaskToReadyList+0x28>
10009756:	603c      	str	r4, [r7, #0]
10009758:	6813      	ldr	r3, [r2, #0]
1000975a:	2b01      	cmp	r3, #1
1000975c:	d007      	beq.n	1000976e <prvAddNewTaskToReadyList+0x9e>
1000975e:	4b19      	ldr	r3, [pc, #100]	@ (100097c4 <prvAddNewTaskToReadyList+0xf4>)
10009760:	6ae2      	ldr	r2, [r4, #44]	@ 0x2c
10009762:	4698      	mov	r8, r3
10009764:	4e18      	ldr	r6, [pc, #96]	@ (100097c8 <prvAddNewTaskToReadyList+0xf8>)
10009766:	e7c8      	b.n	100096fa <prvAddNewTaskToReadyList+0x2a>
10009768:	f7fe ffae 	bl	100086c8 <vPortYield>
1000976c:	e7ea      	b.n	10009744 <prvAddNewTaskToReadyList+0x74>
1000976e:	23f0      	movs	r3, #240	@ 0xf0
10009770:	4e15      	ldr	r6, [pc, #84]	@ (100097c8 <prvAddNewTaskToReadyList+0xf8>)
10009772:	005b      	lsls	r3, r3, #1
10009774:	4698      	mov	r8, r3
10009776:	0035      	movs	r5, r6
10009778:	44b0      	add	r8, r6
1000977a:	0028      	movs	r0, r5
1000977c:	3514      	adds	r5, #20
1000977e:	f7ff fa8d 	bl	10008c9c <vListInitialise>
10009782:	4545      	cmp	r5, r8
10009784:	d1f9      	bne.n	1000977a <prvAddNewTaskToReadyList+0xaa>
10009786:	4b13      	ldr	r3, [pc, #76]	@ (100097d4 <prvAddNewTaskToReadyList+0x104>)
10009788:	4698      	mov	r8, r3
1000978a:	0018      	movs	r0, r3
1000978c:	f7ff fa86 	bl	10008c9c <vListInitialise>
10009790:	4d11      	ldr	r5, [pc, #68]	@ (100097d8 <prvAddNewTaskToReadyList+0x108>)
10009792:	0028      	movs	r0, r5
10009794:	f7ff fa82 	bl	10008c9c <vListInitialise>
10009798:	4810      	ldr	r0, [pc, #64]	@ (100097dc <prvAddNewTaskToReadyList+0x10c>)
1000979a:	f7ff fa7f 	bl	10008c9c <vListInitialise>
1000979e:	4810      	ldr	r0, [pc, #64]	@ (100097e0 <prvAddNewTaskToReadyList+0x110>)
100097a0:	f7ff fa7c 	bl	10008c9c <vListInitialise>
100097a4:	480f      	ldr	r0, [pc, #60]	@ (100097e4 <prvAddNewTaskToReadyList+0x114>)
100097a6:	f7ff fa79 	bl	10008c9c <vListInitialise>
100097aa:	4642      	mov	r2, r8
100097ac:	4b0e      	ldr	r3, [pc, #56]	@ (100097e8 <prvAddNewTaskToReadyList+0x118>)
100097ae:	601a      	str	r2, [r3, #0]
100097b0:	4b0e      	ldr	r3, [pc, #56]	@ (100097ec <prvAddNewTaskToReadyList+0x11c>)
100097b2:	6ae2      	ldr	r2, [r4, #44]	@ 0x2c
100097b4:	601d      	str	r5, [r3, #0]
100097b6:	4b03      	ldr	r3, [pc, #12]	@ (100097c4 <prvAddNewTaskToReadyList+0xf4>)
100097b8:	4698      	mov	r8, r3
100097ba:	e79e      	b.n	100096fa <prvAddNewTaskToReadyList+0x2a>
100097bc:	20027c28 	.word	0x20027c28
100097c0:	200037e8 	.word	0x200037e8
100097c4:	20027cd0 	.word	0x20027cd0
100097c8:	20003800 	.word	0x20003800
100097cc:	20027c34 	.word	0x20027c34
100097d0:	20027c38 	.word	0x20027c38
100097d4:	20027c68 	.word	0x20027c68
100097d8:	20027c7c 	.word	0x20027c7c
100097dc:	20027cbc 	.word	0x20027cbc
100097e0:	20027cf0 	.word	0x20027cf0
100097e4:	20027cdc 	.word	0x20027cdc
100097e8:	200037f0 	.word	0x200037f0
100097ec:	200037f8 	.word	0x200037f8

100097f0 <prvAddCurrentTaskToDelayedList>:
100097f0:	b5f8      	push	{r3, r4, r5, r6, r7, lr}
100097f2:	4647      	mov	r7, r8
100097f4:	46ce      	mov	lr, r9
100097f6:	4b29      	ldr	r3, [pc, #164]	@ (1000989c <prvAddCurrentTaskToDelayedList+0xac>)
100097f8:	b580      	push	{r7, lr}
100097fa:	681e      	ldr	r6, [r3, #0]
100097fc:	4b28      	ldr	r3, [pc, #160]	@ (100098a0 <prvAddCurrentTaskToDelayedList+0xb0>)
100097fe:	4689      	mov	r9, r1
10009800:	681f      	ldr	r7, [r3, #0]
10009802:	4b28      	ldr	r3, [pc, #160]	@ (100098a4 <prvAddCurrentTaskToDelayedList+0xb4>)
10009804:	2100      	movs	r1, #0
10009806:	681b      	ldr	r3, [r3, #0]
10009808:	0004      	movs	r4, r0
1000980a:	4698      	mov	r8, r3
1000980c:	23a8      	movs	r3, #168	@ 0xa8
1000980e:	4d26      	ldr	r5, [pc, #152]	@ (100098a8 <prvAddCurrentTaskToDelayedList+0xb8>)
10009810:	33ff      	adds	r3, #255	@ 0xff
10009812:	682a      	ldr	r2, [r5, #0]
10009814:	6828      	ldr	r0, [r5, #0]
10009816:	54d1      	strb	r1, [r2, r3]
10009818:	3004      	adds	r0, #4
1000981a:	f7ff fa67 	bl	10008cec <uxListRemove>
1000981e:	1c63      	adds	r3, r4, #1
10009820:	d018      	beq.n	10009854 <prvAddCurrentTaskToDelayedList+0x64>
10009822:	682b      	ldr	r3, [r5, #0]
10009824:	1934      	adds	r4, r6, r4
10009826:	605c      	str	r4, [r3, #4]
10009828:	42a6      	cmp	r6, r4
1000982a:	d908      	bls.n	1000983e <prvAddCurrentTaskToDelayedList+0x4e>
1000982c:	6829      	ldr	r1, [r5, #0]
1000982e:	4640      	mov	r0, r8
10009830:	3104      	adds	r1, #4
10009832:	f7ff fa43 	bl	10008cbc <vListInsert>
10009836:	bcc0      	pop	{r6, r7}
10009838:	46b9      	mov	r9, r7
1000983a:	46b0      	mov	r8, r6
1000983c:	bdf8      	pop	{r3, r4, r5, r6, r7, pc}
1000983e:	6829      	ldr	r1, [r5, #0]
10009840:	0038      	movs	r0, r7
10009842:	3104      	adds	r1, #4
10009844:	f7ff fa3a 	bl	10008cbc <vListInsert>
10009848:	4b18      	ldr	r3, [pc, #96]	@ (100098ac <prvAddCurrentTaskToDelayedList+0xbc>)
1000984a:	681a      	ldr	r2, [r3, #0]
1000984c:	42a2      	cmp	r2, r4
1000984e:	d9f2      	bls.n	10009836 <prvAddCurrentTaskToDelayedList+0x46>
10009850:	601c      	str	r4, [r3, #0]
10009852:	e7f0      	b.n	10009836 <prvAddCurrentTaskToDelayedList+0x46>
10009854:	464b      	mov	r3, r9
10009856:	2b00      	cmp	r3, #0
10009858:	d10c      	bne.n	10009874 <prvAddCurrentTaskToDelayedList+0x84>
1000985a:	682a      	ldr	r2, [r5, #0]
1000985c:	1e73      	subs	r3, r6, #1
1000985e:	6053      	str	r3, [r2, #4]
10009860:	429e      	cmp	r6, r3
10009862:	d8e3      	bhi.n	1000982c <prvAddCurrentTaskToDelayedList+0x3c>
10009864:	6829      	ldr	r1, [r5, #0]
10009866:	0038      	movs	r0, r7
10009868:	3104      	adds	r1, #4
1000986a:	f7ff fa27 	bl	10008cbc <vListInsert>
1000986e:	4b0f      	ldr	r3, [pc, #60]	@ (100098ac <prvAddCurrentTaskToDelayedList+0xbc>)
10009870:	681b      	ldr	r3, [r3, #0]
10009872:	e7e0      	b.n	10009836 <prvAddCurrentTaskToDelayedList+0x46>
10009874:	4b0e      	ldr	r3, [pc, #56]	@ (100098b0 <prvAddCurrentTaskToDelayedList+0xc0>)
10009876:	6829      	ldr	r1, [r5, #0]
10009878:	685a      	ldr	r2, [r3, #4]
1000987a:	608a      	str	r2, [r1, #8]
1000987c:	6890      	ldr	r0, [r2, #8]
1000987e:	6829      	ldr	r1, [r5, #0]
10009880:	60c8      	str	r0, [r1, #12]
10009882:	6829      	ldr	r1, [r5, #0]
10009884:	3104      	adds	r1, #4
10009886:	6041      	str	r1, [r0, #4]
10009888:	6829      	ldr	r1, [r5, #0]
1000988a:	3104      	adds	r1, #4
1000988c:	6091      	str	r1, [r2, #8]
1000988e:	682a      	ldr	r2, [r5, #0]
10009890:	6153      	str	r3, [r2, #20]
10009892:	681a      	ldr	r2, [r3, #0]
10009894:	3201      	adds	r2, #1
10009896:	601a      	str	r2, [r3, #0]
10009898:	e7cd      	b.n	10009836 <prvAddCurrentTaskToDelayedList+0x46>
1000989a:	46c0      	nop			@ (mov r8, r8)
1000989c:	20027d04 	.word	0x20027d04
100098a0:	200037f0 	.word	0x200037f0
100098a4:	200037f8 	.word	0x200037f8
100098a8:	200037e8 	.word	0x200037e8
100098ac:	20027ca8 	.word	0x20027ca8
100098b0:	20027cdc 	.word	0x20027cdc

100098b4 <prvCreateTask>:
100098b4:	b5f8      	push	{r3, r4, r5, r6, r7, lr}
100098b6:	46ce      	mov	lr, r9
100098b8:	4647      	mov	r7, r8
100098ba:	0096      	lsls	r6, r2, #2
100098bc:	b580      	push	{r7, lr}
100098be:	4680      	mov	r8, r0
100098c0:	0030      	movs	r0, r6
100098c2:	000d      	movs	r5, r1
100098c4:	4699      	mov	r9, r3
100098c6:	f001 f927 	bl	1000ab18 <pvPortMalloc>
100098ca:	1e07      	subs	r7, r0, #0
100098cc:	d100      	bne.n	100098d0 <prvCreateTask+0x1c>
100098ce:	e0a8      	b.n	10009a22 <prvCreateTask+0x16e>
100098d0:	20d4      	movs	r0, #212	@ 0xd4
100098d2:	0040      	lsls	r0, r0, #1
100098d4:	f001 f920 	bl	1000ab18 <pvPortMalloc>
100098d8:	1e04      	subs	r4, r0, #0
100098da:	d100      	bne.n	100098de <prvCreateTask+0x2a>
100098dc:	e09e      	b.n	10009a1c <prvCreateTask+0x168>
100098de:	22d4      	movs	r2, #212	@ 0xd4
100098e0:	2100      	movs	r1, #0
100098e2:	0052      	lsls	r2, r2, #1
100098e4:	f7fa fb98 	bl	10004018 <__wrap_memset>
100098e8:	0032      	movs	r2, r6
100098ea:	21a5      	movs	r1, #165	@ 0xa5
100098ec:	0038      	movs	r0, r7
100098ee:	6327      	str	r7, [r4, #48]	@ 0x30
100098f0:	f7fa fb92 	bl	10004018 <__wrap_memset>
100098f4:	6b23      	ldr	r3, [r4, #48]	@ 0x30
100098f6:	3e04      	subs	r6, #4
100098f8:	199e      	adds	r6, r3, r6
100098fa:	2307      	movs	r3, #7
100098fc:	439e      	bics	r6, r3
100098fe:	2d00      	cmp	r5, #0
10009900:	d04b      	beq.n	1000999a <prvCreateTask+0xe6>
10009902:	2234      	movs	r2, #52	@ 0x34
10009904:	782b      	ldrb	r3, [r5, #0]
10009906:	54a3      	strb	r3, [r4, r2]
10009908:	2b00      	cmp	r3, #0
1000990a:	d043      	beq.n	10009994 <prvCreateTask+0xe0>
1000990c:	786b      	ldrb	r3, [r5, #1]
1000990e:	3201      	adds	r2, #1
10009910:	54a3      	strb	r3, [r4, r2]
10009912:	2b00      	cmp	r3, #0
10009914:	d03e      	beq.n	10009994 <prvCreateTask+0xe0>
10009916:	78ab      	ldrb	r3, [r5, #2]
10009918:	3201      	adds	r2, #1
1000991a:	54a3      	strb	r3, [r4, r2]
1000991c:	2b00      	cmp	r3, #0
1000991e:	d039      	beq.n	10009994 <prvCreateTask+0xe0>
10009920:	78eb      	ldrb	r3, [r5, #3]
10009922:	3201      	adds	r2, #1
10009924:	54a3      	strb	r3, [r4, r2]
10009926:	2b00      	cmp	r3, #0
10009928:	d034      	beq.n	10009994 <prvCreateTask+0xe0>
1000992a:	792b      	ldrb	r3, [r5, #4]
1000992c:	3201      	adds	r2, #1
1000992e:	54a3      	strb	r3, [r4, r2]
10009930:	2b00      	cmp	r3, #0
10009932:	d02f      	beq.n	10009994 <prvCreateTask+0xe0>
10009934:	796b      	ldrb	r3, [r5, #5]
10009936:	3201      	adds	r2, #1
10009938:	54a3      	strb	r3, [r4, r2]
1000993a:	2b00      	cmp	r3, #0
1000993c:	d02a      	beq.n	10009994 <prvCreateTask+0xe0>
1000993e:	79ab      	ldrb	r3, [r5, #6]
10009940:	3201      	adds	r2, #1
10009942:	54a3      	strb	r3, [r4, r2]
10009944:	2b00      	cmp	r3, #0
10009946:	d025      	beq.n	10009994 <prvCreateTask+0xe0>
10009948:	79eb      	ldrb	r3, [r5, #7]
1000994a:	3201      	adds	r2, #1
1000994c:	54a3      	strb	r3, [r4, r2]
1000994e:	2b00      	cmp	r3, #0
10009950:	d020      	beq.n	10009994 <prvCreateTask+0xe0>
10009952:	7a2b      	ldrb	r3, [r5, #8]
10009954:	3201      	adds	r2, #1
10009956:	54a3      	strb	r3, [r4, r2]
10009958:	2b00      	cmp	r3, #0
1000995a:	d01b      	beq.n	10009994 <prvCreateTask+0xe0>
1000995c:	7a6b      	ldrb	r3, [r5, #9]
1000995e:	3201      	adds	r2, #1
10009960:	54a3      	strb	r3, [r4, r2]
10009962:	2b00      	cmp	r3, #0
10009964:	d016      	beq.n	10009994 <prvCreateTask+0xe0>
10009966:	7aab      	ldrb	r3, [r5, #10]
10009968:	3201      	adds	r2, #1
1000996a:	54a3      	strb	r3, [r4, r2]
1000996c:	2b00      	cmp	r3, #0
1000996e:	d011      	beq.n	10009994 <prvCreateTask+0xe0>
10009970:	7aeb      	ldrb	r3, [r5, #11]
10009972:	3201      	adds	r2, #1
10009974:	54a3      	strb	r3, [r4, r2]
10009976:	2b00      	cmp	r3, #0
10009978:	d00c      	beq.n	10009994 <prvCreateTask+0xe0>
1000997a:	7b2b      	ldrb	r3, [r5, #12]
1000997c:	3201      	adds	r2, #1
1000997e:	54a3      	strb	r3, [r4, r2]
10009980:	2b00      	cmp	r3, #0
10009982:	d007      	beq.n	10009994 <prvCreateTask+0xe0>
10009984:	7b6b      	ldrb	r3, [r5, #13]
10009986:	3201      	adds	r2, #1
10009988:	54a3      	strb	r3, [r4, r2]
1000998a:	2b00      	cmp	r3, #0
1000998c:	d002      	beq.n	10009994 <prvCreateTask+0xe0>
1000998e:	2342      	movs	r3, #66	@ 0x42
10009990:	7baa      	ldrb	r2, [r5, #14]
10009992:	54e2      	strb	r2, [r4, r3]
10009994:	2343      	movs	r3, #67	@ 0x43
10009996:	2200      	movs	r2, #0
10009998:	54e2      	strb	r2, [r4, r3]
1000999a:	9d08      	ldr	r5, [sp, #32]
1000999c:	2d17      	cmp	r5, #23
1000999e:	d83b      	bhi.n	10009a18 <prvCreateTask+0x164>
100099a0:	1d20      	adds	r0, r4, #4
100099a2:	62e5      	str	r5, [r4, #44]	@ 0x2c
100099a4:	f7ff f986 	bl	10008cb4 <vListInitialiseItem>
100099a8:	0020      	movs	r0, r4
100099aa:	3018      	adds	r0, #24
100099ac:	f7ff f982 	bl	10008cb4 <vListInitialiseItem>
100099b0:	2318      	movs	r3, #24
100099b2:	22a0      	movs	r2, #160	@ 0xa0
100099b4:	0020      	movs	r0, r4
100099b6:	1b5b      	subs	r3, r3, r5
100099b8:	2100      	movs	r1, #0
100099ba:	61a3      	str	r3, [r4, #24]
100099bc:	0052      	lsls	r2, r2, #1
100099be:	6124      	str	r4, [r4, #16]
100099c0:	6264      	str	r4, [r4, #36]	@ 0x24
100099c2:	3058      	adds	r0, #88	@ 0x58
100099c4:	f7fa fb28 	bl	10004018 <__wrap_memset>
100099c8:	4b17      	ldr	r3, [pc, #92]	@ (10009a28 <prvCreateTask+0x174>)
100099ca:	2001      	movs	r0, #1
100099cc:	65e3      	str	r3, [r4, #92]	@ 0x5c
100099ce:	001a      	movs	r2, r3
100099d0:	33d0      	adds	r3, #208	@ 0xd0
100099d2:	6663      	str	r3, [r4, #100]	@ 0x64
100099d4:	0023      	movs	r3, r4
100099d6:	2100      	movs	r1, #0
100099d8:	3268      	adds	r2, #104	@ 0x68
100099da:	33f0      	adds	r3, #240	@ 0xf0
100099dc:	6622      	str	r2, [r4, #96]	@ 0x60
100099de:	6018      	str	r0, [r3, #0]
100099e0:	6059      	str	r1, [r3, #4]
100099e2:	23f8      	movs	r3, #248	@ 0xf8
100099e4:	4a11      	ldr	r2, [pc, #68]	@ (10009a2c <prvCreateTask+0x178>)
100099e6:	4641      	mov	r1, r8
100099e8:	50e2      	str	r2, [r4, r3]
100099ea:	4a11      	ldr	r2, [pc, #68]	@ (10009a30 <prvCreateTask+0x17c>)
100099ec:	3304      	adds	r3, #4
100099ee:	50e2      	str	r2, [r4, r3]
100099f0:	4a10      	ldr	r2, [pc, #64]	@ (10009a34 <prvCreateTask+0x180>)
100099f2:	3304      	adds	r3, #4
100099f4:	50e2      	str	r2, [r4, r3]
100099f6:	220b      	movs	r2, #11
100099f8:	3304      	adds	r3, #4
100099fa:	52e2      	strh	r2, [r4, r3]
100099fc:	0030      	movs	r0, r6
100099fe:	464a      	mov	r2, r9
10009a00:	f7fe fe52 	bl	100086a8 <pxPortInitialiseStack>
10009a04:	9b09      	ldr	r3, [sp, #36]	@ 0x24
10009a06:	6020      	str	r0, [r4, #0]
10009a08:	2b00      	cmp	r3, #0
10009a0a:	d000      	beq.n	10009a0e <prvCreateTask+0x15a>
10009a0c:	601c      	str	r4, [r3, #0]
10009a0e:	0020      	movs	r0, r4
10009a10:	bcc0      	pop	{r6, r7}
10009a12:	46b9      	mov	r9, r7
10009a14:	46b0      	mov	r8, r6
10009a16:	bdf8      	pop	{r3, r4, r5, r6, r7, pc}
10009a18:	2517      	movs	r5, #23
10009a1a:	e7c1      	b.n	100099a0 <prvCreateTask+0xec>
10009a1c:	0038      	movs	r0, r7
10009a1e:	f001 f90d 	bl	1000ac3c <vPortFree>
10009a22:	2400      	movs	r4, #0
10009a24:	e7f3      	b.n	10009a0e <prvCreateTask+0x15a>
10009a26:	46c0      	nop			@ (mov r8, r8)
10009a28:	20001ab8 	.word	0x20001ab8
10009a2c:	abcd330e 	.word	0xabcd330e
10009a30:	e66d1234 	.word	0xe66d1234
10009a34:	0005deec 	.word	0x0005deec

10009a38 <prvIdleTask>:
10009a38:	b5f0      	push	{r4, r5, r6, r7, lr}
10009a3a:	46c6      	mov	lr, r8
10009a3c:	4b14      	ldr	r3, [pc, #80]	@ (10009a90 <prvIdleTask+0x58>)
10009a3e:	b500      	push	{lr}
10009a40:	4698      	mov	r8, r3
10009a42:	4d14      	ldr	r5, [pc, #80]	@ (10009a94 <prvIdleTask+0x5c>)
10009a44:	4f14      	ldr	r7, [pc, #80]	@ (10009a98 <prvIdleTask+0x60>)
10009a46:	4e15      	ldr	r6, [pc, #84]	@ (10009a9c <prvIdleTask+0x64>)
10009a48:	e018      	b.n	10009a7c <prvIdleTask+0x44>
10009a4a:	f7fe fe49 	bl	100086e0 <vPortEnterCritical>
10009a4e:	68fb      	ldr	r3, [r7, #12]
10009a50:	68dc      	ldr	r4, [r3, #12]
10009a52:	1d20      	adds	r0, r4, #4
10009a54:	f7ff f94a 	bl	10008cec <uxListRemove>
10009a58:	6833      	ldr	r3, [r6, #0]
10009a5a:	3b01      	subs	r3, #1
10009a5c:	6033      	str	r3, [r6, #0]
10009a5e:	682b      	ldr	r3, [r5, #0]
10009a60:	3b01      	subs	r3, #1
10009a62:	602b      	str	r3, [r5, #0]
10009a64:	f7fe fe48 	bl	100086f8 <vPortExitCritical>
10009a68:	0020      	movs	r0, r4
10009a6a:	3058      	adds	r0, #88	@ 0x58
10009a6c:	f001 fb72 	bl	1000b154 <_reclaim_reent>
10009a70:	6b20      	ldr	r0, [r4, #48]	@ 0x30
10009a72:	f001 f8e3 	bl	1000ac3c <vPortFree>
10009a76:	0020      	movs	r0, r4
10009a78:	f001 f8e0 	bl	1000ac3c <vPortFree>
10009a7c:	682b      	ldr	r3, [r5, #0]
10009a7e:	2b00      	cmp	r3, #0
10009a80:	d1e3      	bne.n	10009a4a <prvIdleTask+0x12>
10009a82:	4643      	mov	r3, r8
10009a84:	681b      	ldr	r3, [r3, #0]
10009a86:	2b01      	cmp	r3, #1
10009a88:	d9f8      	bls.n	10009a7c <prvIdleTask+0x44>
10009a8a:	f7fe fe1d 	bl	100086c8 <vPortYield>
10009a8e:	e7f5      	b.n	10009a7c <prvIdleTask+0x44>
10009a90:	20003800 	.word	0x20003800
10009a94:	20027c2c 	.word	0x20027c2c
10009a98:	20027cf0 	.word	0x20027cf0
10009a9c:	20027c28 	.word	0x20027c28

10009aa0 <xTaskIncrementTick.part.0>:
10009aa0:	b5f0      	push	{r4, r5, r6, r7, lr}
10009aa2:	46de      	mov	lr, fp
10009aa4:	4657      	mov	r7, sl
10009aa6:	464e      	mov	r6, r9
10009aa8:	4645      	mov	r5, r8
10009aaa:	4b59      	ldr	r3, [pc, #356]	@ (10009c10 <xTaskIncrementTick.part.0+0x170>)
10009aac:	b5e0      	push	{r5, r6, r7, lr}
10009aae:	681a      	ldr	r2, [r3, #0]
10009ab0:	b083      	sub	sp, #12
10009ab2:	3201      	adds	r2, #1
10009ab4:	4694      	mov	ip, r2
10009ab6:	601a      	str	r2, [r3, #0]
10009ab8:	2a00      	cmp	r2, #0
10009aba:	d05f      	beq.n	10009b7c <xTaskIncrementTick.part.0+0xdc>
10009abc:	4955      	ldr	r1, [pc, #340]	@ (10009c14 <xTaskIncrementTick.part.0+0x174>)
10009abe:	680b      	ldr	r3, [r1, #0]
10009ac0:	459c      	cmp	ip, r3
10009ac2:	d370      	bcc.n	10009ba6 <xTaskIncrementTick.part.0+0x106>
10009ac4:	4b54      	ldr	r3, [pc, #336]	@ (10009c18 <xTaskIncrementTick.part.0+0x178>)
10009ac6:	4699      	mov	r9, r3
10009ac8:	681b      	ldr	r3, [r3, #0]
10009aca:	681b      	ldr	r3, [r3, #0]
10009acc:	2b00      	cmp	r3, #0
10009ace:	d100      	bne.n	10009ad2 <xTaskIncrementTick.part.0+0x32>
10009ad0:	e098      	b.n	10009c04 <xTaskIncrementTick.part.0+0x164>
10009ad2:	2300      	movs	r3, #0
10009ad4:	4698      	mov	r8, r3
10009ad6:	4b51      	ldr	r3, [pc, #324]	@ (10009c1c <xTaskIncrementTick.part.0+0x17c>)
10009ad8:	4e51      	ldr	r6, [pc, #324]	@ (10009c20 <xTaskIncrementTick.part.0+0x180>)
10009ada:	469b      	mov	fp, r3
10009adc:	4b51      	ldr	r3, [pc, #324]	@ (10009c24 <xTaskIncrementTick.part.0+0x184>)
10009ade:	9101      	str	r1, [sp, #4]
10009ae0:	469a      	mov	sl, r3
10009ae2:	e039      	b.n	10009b58 <xTaskIncrementTick.part.0+0xb8>
10009ae4:	2100      	movs	r1, #0
10009ae6:	6159      	str	r1, [r3, #20]
10009ae8:	6811      	ldr	r1, [r2, #0]
10009aea:	3901      	subs	r1, #1
10009aec:	6011      	str	r1, [r2, #0]
10009aee:	6a9a      	ldr	r2, [r3, #40]	@ 0x28
10009af0:	2a00      	cmp	r2, #0
10009af2:	d00e      	beq.n	10009b12 <xTaskIncrementTick.part.0+0x72>
10009af4:	69d9      	ldr	r1, [r3, #28]
10009af6:	6a18      	ldr	r0, [r3, #32]
10009af8:	6855      	ldr	r5, [r2, #4]
10009afa:	6088      	str	r0, [r1, #8]
10009afc:	6041      	str	r1, [r0, #4]
10009afe:	0019      	movs	r1, r3
10009b00:	3118      	adds	r1, #24
10009b02:	428d      	cmp	r5, r1
10009b04:	d100      	bne.n	10009b08 <xTaskIncrementTick.part.0+0x68>
10009b06:	e073      	b.n	10009bf0 <xTaskIncrementTick.part.0+0x150>
10009b08:	2100      	movs	r1, #0
10009b0a:	6299      	str	r1, [r3, #40]	@ 0x28
10009b0c:	6811      	ldr	r1, [r2, #0]
10009b0e:	3901      	subs	r1, #1
10009b10:	6011      	str	r1, [r2, #0]
10009b12:	4652      	mov	r2, sl
10009b14:	6ad9      	ldr	r1, [r3, #44]	@ 0x2c
10009b16:	6812      	ldr	r2, [r2, #0]
10009b18:	4291      	cmp	r1, r2
10009b1a:	d901      	bls.n	10009b20 <xTaskIncrementTick.part.0+0x80>
10009b1c:	4652      	mov	r2, sl
10009b1e:	6011      	str	r1, [r2, #0]
10009b20:	008a      	lsls	r2, r1, #2
10009b22:	1852      	adds	r2, r2, r1
10009b24:	0092      	lsls	r2, r2, #2
10009b26:	18b5      	adds	r5, r6, r2
10009b28:	6868      	ldr	r0, [r5, #4]
10009b2a:	6887      	ldr	r7, [r0, #8]
10009b2c:	6098      	str	r0, [r3, #8]
10009b2e:	60df      	str	r7, [r3, #12]
10009b30:	607c      	str	r4, [r7, #4]
10009b32:	6084      	str	r4, [r0, #8]
10009b34:	615d      	str	r5, [r3, #20]
10009b36:	58b3      	ldr	r3, [r6, r2]
10009b38:	3301      	adds	r3, #1
10009b3a:	50b3      	str	r3, [r6, r2]
10009b3c:	465b      	mov	r3, fp
10009b3e:	681b      	ldr	r3, [r3, #0]
10009b40:	4642      	mov	r2, r8
10009b42:	6adb      	ldr	r3, [r3, #44]	@ 0x2c
10009b44:	428b      	cmp	r3, r1
10009b46:	419b      	sbcs	r3, r3
10009b48:	425b      	negs	r3, r3
10009b4a:	431a      	orrs	r2, r3
10009b4c:	464b      	mov	r3, r9
10009b4e:	681b      	ldr	r3, [r3, #0]
10009b50:	4690      	mov	r8, r2
10009b52:	681b      	ldr	r3, [r3, #0]
10009b54:	2b00      	cmp	r3, #0
10009b56:	d050      	beq.n	10009bfa <xTaskIncrementTick.part.0+0x15a>
10009b58:	464b      	mov	r3, r9
10009b5a:	681b      	ldr	r3, [r3, #0]
10009b5c:	68db      	ldr	r3, [r3, #12]
10009b5e:	68db      	ldr	r3, [r3, #12]
10009b60:	685a      	ldr	r2, [r3, #4]
10009b62:	4594      	cmp	ip, r2
10009b64:	d346      	bcc.n	10009bf4 <xTaskIncrementTick.part.0+0x154>
10009b66:	695a      	ldr	r2, [r3, #20]
10009b68:	6898      	ldr	r0, [r3, #8]
10009b6a:	68d9      	ldr	r1, [r3, #12]
10009b6c:	1d1c      	adds	r4, r3, #4
10009b6e:	6081      	str	r1, [r0, #8]
10009b70:	6048      	str	r0, [r1, #4]
10009b72:	6850      	ldr	r0, [r2, #4]
10009b74:	42a0      	cmp	r0, r4
10009b76:	d1b5      	bne.n	10009ae4 <xTaskIncrementTick.part.0+0x44>
10009b78:	6051      	str	r1, [r2, #4]
10009b7a:	e7b3      	b.n	10009ae4 <xTaskIncrementTick.part.0+0x44>
10009b7c:	4b26      	ldr	r3, [pc, #152]	@ (10009c18 <xTaskIncrementTick.part.0+0x178>)
10009b7e:	4a2a      	ldr	r2, [pc, #168]	@ (10009c28 <xTaskIncrementTick.part.0+0x188>)
10009b80:	6819      	ldr	r1, [r3, #0]
10009b82:	6810      	ldr	r0, [r2, #0]
10009b84:	6018      	str	r0, [r3, #0]
10009b86:	6011      	str	r1, [r2, #0]
10009b88:	4928      	ldr	r1, [pc, #160]	@ (10009c2c <xTaskIncrementTick.part.0+0x18c>)
10009b8a:	680a      	ldr	r2, [r1, #0]
10009b8c:	3201      	adds	r2, #1
10009b8e:	600a      	str	r2, [r1, #0]
10009b90:	681a      	ldr	r2, [r3, #0]
10009b92:	6812      	ldr	r2, [r2, #0]
10009b94:	2a00      	cmp	r2, #0
10009b96:	d125      	bne.n	10009be4 <xTaskIncrementTick.part.0+0x144>
10009b98:	2301      	movs	r3, #1
10009b9a:	491e      	ldr	r1, [pc, #120]	@ (10009c14 <xTaskIncrementTick.part.0+0x174>)
10009b9c:	425b      	negs	r3, r3
10009b9e:	600b      	str	r3, [r1, #0]
10009ba0:	680b      	ldr	r3, [r1, #0]
10009ba2:	459c      	cmp	ip, r3
10009ba4:	d28e      	bcs.n	10009ac4 <xTaskIncrementTick.part.0+0x24>
10009ba6:	2300      	movs	r3, #0
10009ba8:	4698      	mov	r8, r3
10009baa:	4b1c      	ldr	r3, [pc, #112]	@ (10009c1c <xTaskIncrementTick.part.0+0x17c>)
10009bac:	4e1c      	ldr	r6, [pc, #112]	@ (10009c20 <xTaskIncrementTick.part.0+0x180>)
10009bae:	469b      	mov	fp, r3
10009bb0:	465b      	mov	r3, fp
10009bb2:	2001      	movs	r0, #1
10009bb4:	681b      	ldr	r3, [r3, #0]
10009bb6:	4a1e      	ldr	r2, [pc, #120]	@ (10009c30 <xTaskIncrementTick.part.0+0x190>)
10009bb8:	6ad9      	ldr	r1, [r3, #44]	@ 0x2c
10009bba:	6812      	ldr	r2, [r2, #0]
10009bbc:	008b      	lsls	r3, r1, #2
10009bbe:	185b      	adds	r3, r3, r1
10009bc0:	009b      	lsls	r3, r3, #2
10009bc2:	58f3      	ldr	r3, [r6, r3]
10009bc4:	4298      	cmp	r0, r3
10009bc6:	4180      	sbcs	r0, r0
10009bc8:	0013      	movs	r3, r2
10009bca:	1e5a      	subs	r2, r3, #1
10009bcc:	4193      	sbcs	r3, r2
10009bce:	4240      	negs	r0, r0
10009bd0:	4318      	orrs	r0, r3
10009bd2:	4643      	mov	r3, r8
10009bd4:	4318      	orrs	r0, r3
10009bd6:	b003      	add	sp, #12
10009bd8:	bcf0      	pop	{r4, r5, r6, r7}
10009bda:	46bb      	mov	fp, r7
10009bdc:	46b2      	mov	sl, r6
10009bde:	46a9      	mov	r9, r5
10009be0:	46a0      	mov	r8, r4
10009be2:	bdf0      	pop	{r4, r5, r6, r7, pc}
10009be4:	681b      	ldr	r3, [r3, #0]
10009be6:	490b      	ldr	r1, [pc, #44]	@ (10009c14 <xTaskIncrementTick.part.0+0x174>)
10009be8:	68db      	ldr	r3, [r3, #12]
10009bea:	681b      	ldr	r3, [r3, #0]
10009bec:	600b      	str	r3, [r1, #0]
10009bee:	e766      	b.n	10009abe <xTaskIncrementTick.part.0+0x1e>
10009bf0:	6050      	str	r0, [r2, #4]
10009bf2:	e789      	b.n	10009b08 <xTaskIncrementTick.part.0+0x68>
10009bf4:	9901      	ldr	r1, [sp, #4]
10009bf6:	600a      	str	r2, [r1, #0]
10009bf8:	e7da      	b.n	10009bb0 <xTaskIncrementTick.part.0+0x110>
10009bfa:	9901      	ldr	r1, [sp, #4]
10009bfc:	2301      	movs	r3, #1
10009bfe:	425b      	negs	r3, r3
10009c00:	600b      	str	r3, [r1, #0]
10009c02:	e7d5      	b.n	10009bb0 <xTaskIncrementTick.part.0+0x110>
10009c04:	4698      	mov	r8, r3
10009c06:	4b05      	ldr	r3, [pc, #20]	@ (10009c1c <xTaskIncrementTick.part.0+0x17c>)
10009c08:	4e05      	ldr	r6, [pc, #20]	@ (10009c20 <xTaskIncrementTick.part.0+0x180>)
10009c0a:	469b      	mov	fp, r3
10009c0c:	e7f6      	b.n	10009bfc <xTaskIncrementTick.part.0+0x15c>
10009c0e:	46c0      	nop			@ (mov r8, r8)
10009c10:	20027d04 	.word	0x20027d04
10009c14:	20027ca8 	.word	0x20027ca8
10009c18:	200037f0 	.word	0x200037f0
10009c1c:	200037e8 	.word	0x200037e8
10009c20:	20003800 	.word	0x20003800
10009c24:	20027c38 	.word	0x20027c38
10009c28:	200037f8 	.word	0x200037f8
10009c2c:	20027cac 	.word	0x20027cac
10009c30:	20027d10 	.word	0x20027d10

10009c34 <xTaskCreate>:
10009c34:	b510      	push	{r4, lr}
10009c36:	b082      	sub	sp, #8
10009c38:	9c05      	ldr	r4, [sp, #20]
10009c3a:	9401      	str	r4, [sp, #4]
10009c3c:	9c04      	ldr	r4, [sp, #16]
10009c3e:	9400      	str	r4, [sp, #0]
10009c40:	f7ff fe38 	bl	100098b4 <prvCreateTask>
10009c44:	2800      	cmp	r0, #0
10009c46:	d004      	beq.n	10009c52 <xTaskCreate+0x1e>
10009c48:	f7ff fd42 	bl	100096d0 <prvAddNewTaskToReadyList>
10009c4c:	2001      	movs	r0, #1
10009c4e:	b002      	add	sp, #8
10009c50:	bd10      	pop	{r4, pc}
10009c52:	2001      	movs	r0, #1
10009c54:	4240      	negs	r0, r0
10009c56:	e7fa      	b.n	10009c4e <xTaskCreate+0x1a>

10009c58 <vTaskStartScheduler>:
10009c58:	b510      	push	{r4, lr}
10009c5a:	b086      	sub	sp, #24
10009c5c:	2210      	movs	r2, #16
10009c5e:	2100      	movs	r1, #0
10009c60:	a802      	add	r0, sp, #8
10009c62:	f7fa f9d9 	bl	10004018 <__wrap_memset>
10009c66:	2400      	movs	r4, #0
10009c68:	2280      	movs	r2, #128	@ 0x80
10009c6a:	4b14      	ldr	r3, [pc, #80]	@ (10009cbc <vTaskStartScheduler+0x64>)
10009c6c:	4814      	ldr	r0, [pc, #80]	@ (10009cc0 <vTaskStartScheduler+0x68>)
10009c6e:	9302      	str	r3, [sp, #8]
10009c70:	4b14      	ldr	r3, [pc, #80]	@ (10009cc4 <vTaskStartScheduler+0x6c>)
10009c72:	9400      	str	r4, [sp, #0]
10009c74:	9301      	str	r3, [sp, #4]
10009c76:	0092      	lsls	r2, r2, #2
10009c78:	2300      	movs	r3, #0
10009c7a:	a902      	add	r1, sp, #8
10009c7c:	f7ff fe1a 	bl	100098b4 <prvCreateTask>
10009c80:	2800      	cmp	r0, #0
10009c82:	d005      	beq.n	10009c90 <vTaskStartScheduler+0x38>
10009c84:	f7ff fd24 	bl	100096d0 <prvAddNewTaskToReadyList>
10009c88:	f000 fec6 	bl	1000aa18 <xTimerCreateTimerTask>
10009c8c:	2801      	cmp	r0, #1
10009c8e:	d003      	beq.n	10009c98 <vTaskStartScheduler+0x40>
10009c90:	4b0d      	ldr	r3, [pc, #52]	@ (10009cc8 <vTaskStartScheduler+0x70>)
10009c92:	681b      	ldr	r3, [r3, #0]
10009c94:	b006      	add	sp, #24
10009c96:	bd10      	pop	{r4, pc}
10009c98:	b672      	cpsid	i
10009c9a:	4b0c      	ldr	r3, [pc, #48]	@ (10009ccc <vTaskStartScheduler+0x74>)
10009c9c:	4a0c      	ldr	r2, [pc, #48]	@ (10009cd0 <vTaskStartScheduler+0x78>)
10009c9e:	681b      	ldr	r3, [r3, #0]
10009ca0:	3358      	adds	r3, #88	@ 0x58
10009ca2:	6013      	str	r3, [r2, #0]
10009ca4:	2201      	movs	r2, #1
10009ca6:	4b0b      	ldr	r3, [pc, #44]	@ (10009cd4 <vTaskStartScheduler+0x7c>)
10009ca8:	4252      	negs	r2, r2
10009caa:	601a      	str	r2, [r3, #0]
10009cac:	4b0a      	ldr	r3, [pc, #40]	@ (10009cd8 <vTaskStartScheduler+0x80>)
10009cae:	6018      	str	r0, [r3, #0]
10009cb0:	4b0a      	ldr	r3, [pc, #40]	@ (10009cdc <vTaskStartScheduler+0x84>)
10009cb2:	601c      	str	r4, [r3, #0]
10009cb4:	f7fe fd5e 	bl	10008774 <xPortStartScheduler>
10009cb8:	e7ea      	b.n	10009c90 <vTaskStartScheduler+0x38>
10009cba:	46c0      	nop			@ (mov r8, r8)
10009cbc:	454c4449 	.word	0x454c4449
10009cc0:	10009a39 	.word	0x10009a39
10009cc4:	20027c98 	.word	0x20027c98
10009cc8:	1000ca14 	.word	0x1000ca14
10009ccc:	200037e8 	.word	0x200037e8
10009cd0:	20001538 	.word	0x20001538
10009cd4:	20027ca8 	.word	0x20027ca8
10009cd8:	20027cd0 	.word	0x20027cd0
10009cdc:	20027d04 	.word	0x20027d04

10009ce0 <vTaskSuspendAll>:
10009ce0:	4a02      	ldr	r2, [pc, #8]	@ (10009cec <vTaskSuspendAll+0xc>)
10009ce2:	6813      	ldr	r3, [r2, #0]
10009ce4:	3301      	adds	r3, #1
10009ce6:	6013      	str	r3, [r2, #0]
10009ce8:	4770      	bx	lr
10009cea:	46c0      	nop			@ (mov r8, r8)
10009cec:	20027c30 	.word	0x20027c30

10009cf0 <xTaskResumeAll>:
10009cf0:	b5f0      	push	{r4, r5, r6, r7, lr}
10009cf2:	46de      	mov	lr, fp
10009cf4:	4657      	mov	r7, sl
10009cf6:	464e      	mov	r6, r9
10009cf8:	4645      	mov	r5, r8
10009cfa:	b5e0      	push	{r5, r6, r7, lr}
10009cfc:	b083      	sub	sp, #12
10009cfe:	f7fe fcef 	bl	100086e0 <vPortEnterCritical>
10009d02:	4c53      	ldr	r4, [pc, #332]	@ (10009e50 <xTaskResumeAll+0x160>)
10009d04:	6823      	ldr	r3, [r4, #0]
10009d06:	3b01      	subs	r3, #1
10009d08:	6023      	str	r3, [r4, #0]
10009d0a:	6823      	ldr	r3, [r4, #0]
10009d0c:	2b00      	cmp	r3, #0
10009d0e:	d000      	beq.n	10009d12 <xTaskResumeAll+0x22>
10009d10:	e081      	b.n	10009e16 <xTaskResumeAll+0x126>
10009d12:	4b50      	ldr	r3, [pc, #320]	@ (10009e54 <xTaskResumeAll+0x164>)
10009d14:	681b      	ldr	r3, [r3, #0]
10009d16:	2b00      	cmp	r3, #0
10009d18:	d07d      	beq.n	10009e16 <xTaskResumeAll+0x126>
10009d1a:	4b4f      	ldr	r3, [pc, #316]	@ (10009e58 <xTaskResumeAll+0x168>)
10009d1c:	469c      	mov	ip, r3
10009d1e:	681b      	ldr	r3, [r3, #0]
10009d20:	2b00      	cmp	r3, #0
10009d22:	d100      	bne.n	10009d26 <xTaskResumeAll+0x36>
10009d24:	e090      	b.n	10009e48 <xTaskResumeAll+0x158>
10009d26:	4b4d      	ldr	r3, [pc, #308]	@ (10009e5c <xTaskResumeAll+0x16c>)
10009d28:	4d4d      	ldr	r5, [pc, #308]	@ (10009e60 <xTaskResumeAll+0x170>)
10009d2a:	4698      	mov	r8, r3
10009d2c:	4b4d      	ldr	r3, [pc, #308]	@ (10009e64 <xTaskResumeAll+0x174>)
10009d2e:	9401      	str	r4, [sp, #4]
10009d30:	4699      	mov	r9, r3
10009d32:	4b4d      	ldr	r3, [pc, #308]	@ (10009e68 <xTaskResumeAll+0x178>)
10009d34:	469a      	mov	sl, r3
10009d36:	2300      	movs	r3, #0
10009d38:	469b      	mov	fp, r3
10009d3a:	4663      	mov	r3, ip
10009d3c:	68db      	ldr	r3, [r3, #12]
10009d3e:	68db      	ldr	r3, [r3, #12]
10009d40:	69d8      	ldr	r0, [r3, #28]
10009d42:	6a19      	ldr	r1, [r3, #32]
10009d44:	6a9a      	ldr	r2, [r3, #40]	@ 0x28
10009d46:	6081      	str	r1, [r0, #8]
10009d48:	6048      	str	r0, [r1, #4]
10009d4a:	0018      	movs	r0, r3
10009d4c:	6856      	ldr	r6, [r2, #4]
10009d4e:	3018      	adds	r0, #24
10009d50:	4286      	cmp	r6, r0
10009d52:	d100      	bne.n	10009d56 <xTaskResumeAll+0x66>
10009d54:	e072      	b.n	10009e3c <xTaskResumeAll+0x14c>
10009d56:	4659      	mov	r1, fp
10009d58:	6299      	str	r1, [r3, #40]	@ 0x28
10009d5a:	6811      	ldr	r1, [r2, #0]
10009d5c:	3901      	subs	r1, #1
10009d5e:	6011      	str	r1, [r2, #0]
10009d60:	695a      	ldr	r2, [r3, #20]
10009d62:	6898      	ldr	r0, [r3, #8]
10009d64:	68d9      	ldr	r1, [r3, #12]
10009d66:	6856      	ldr	r6, [r2, #4]
10009d68:	6081      	str	r1, [r0, #8]
10009d6a:	6048      	str	r0, [r1, #4]
10009d6c:	1d18      	adds	r0, r3, #4
10009d6e:	4286      	cmp	r6, r0
10009d70:	d062      	beq.n	10009e38 <xTaskResumeAll+0x148>
10009d72:	6811      	ldr	r1, [r2, #0]
10009d74:	3901      	subs	r1, #1
10009d76:	6011      	str	r1, [r2, #0]
10009d78:	4641      	mov	r1, r8
10009d7a:	6ada      	ldr	r2, [r3, #44]	@ 0x2c
10009d7c:	6809      	ldr	r1, [r1, #0]
10009d7e:	428a      	cmp	r2, r1
10009d80:	d901      	bls.n	10009d86 <xTaskResumeAll+0x96>
10009d82:	4641      	mov	r1, r8
10009d84:	600a      	str	r2, [r1, #0]
10009d86:	0091      	lsls	r1, r2, #2
10009d88:	1889      	adds	r1, r1, r2
10009d8a:	008c      	lsls	r4, r1, #2
10009d8c:	192e      	adds	r6, r5, r4
10009d8e:	6871      	ldr	r1, [r6, #4]
10009d90:	688f      	ldr	r7, [r1, #8]
10009d92:	6099      	str	r1, [r3, #8]
10009d94:	60df      	str	r7, [r3, #12]
10009d96:	6078      	str	r0, [r7, #4]
10009d98:	6088      	str	r0, [r1, #8]
10009d9a:	615e      	str	r6, [r3, #20]
10009d9c:	592b      	ldr	r3, [r5, r4]
10009d9e:	3301      	adds	r3, #1
10009da0:	512b      	str	r3, [r5, r4]
10009da2:	464b      	mov	r3, r9
10009da4:	681b      	ldr	r3, [r3, #0]
10009da6:	6adb      	ldr	r3, [r3, #44]	@ 0x2c
10009da8:	429a      	cmp	r2, r3
10009daa:	d93f      	bls.n	10009e2c <xTaskResumeAll+0x13c>
10009dac:	4653      	mov	r3, sl
10009dae:	2201      	movs	r2, #1
10009db0:	601a      	str	r2, [r3, #0]
10009db2:	4663      	mov	r3, ip
10009db4:	681b      	ldr	r3, [r3, #0]
10009db6:	2b00      	cmp	r3, #0
10009db8:	d1bf      	bne.n	10009d3a <xTaskResumeAll+0x4a>
10009dba:	4b2c      	ldr	r3, [pc, #176]	@ (10009e6c <xTaskResumeAll+0x17c>)
10009dbc:	9c01      	ldr	r4, [sp, #4]
10009dbe:	681a      	ldr	r2, [r3, #0]
10009dc0:	6812      	ldr	r2, [r2, #0]
10009dc2:	2a00      	cmp	r2, #0
10009dc4:	d03c      	beq.n	10009e40 <xTaskResumeAll+0x150>
10009dc6:	681b      	ldr	r3, [r3, #0]
10009dc8:	68db      	ldr	r3, [r3, #12]
10009dca:	681a      	ldr	r2, [r3, #0]
10009dcc:	4b28      	ldr	r3, [pc, #160]	@ (10009e70 <xTaskResumeAll+0x180>)
10009dce:	601a      	str	r2, [r3, #0]
10009dd0:	4e28      	ldr	r6, [pc, #160]	@ (10009e74 <xTaskResumeAll+0x184>)
10009dd2:	6835      	ldr	r5, [r6, #0]
10009dd4:	2d00      	cmp	r5, #0
10009dd6:	d014      	beq.n	10009e02 <xTaskResumeAll+0x112>
10009dd8:	2701      	movs	r7, #1
10009dda:	e008      	b.n	10009dee <xTaskResumeAll+0xfe>
10009ddc:	f7ff fe60 	bl	10009aa0 <xTaskIncrementTick.part.0>
10009de0:	2800      	cmp	r0, #0
10009de2:	d001      	beq.n	10009de8 <xTaskResumeAll+0xf8>
10009de4:	4653      	mov	r3, sl
10009de6:	601f      	str	r7, [r3, #0]
10009de8:	3d01      	subs	r5, #1
10009dea:	2d00      	cmp	r5, #0
10009dec:	d008      	beq.n	10009e00 <xTaskResumeAll+0x110>
10009dee:	6823      	ldr	r3, [r4, #0]
10009df0:	2b00      	cmp	r3, #0
10009df2:	d0f3      	beq.n	10009ddc <xTaskResumeAll+0xec>
10009df4:	6833      	ldr	r3, [r6, #0]
10009df6:	3d01      	subs	r5, #1
10009df8:	3301      	adds	r3, #1
10009dfa:	6033      	str	r3, [r6, #0]
10009dfc:	2d00      	cmp	r5, #0
10009dfe:	d1f6      	bne.n	10009dee <xTaskResumeAll+0xfe>
10009e00:	6035      	str	r5, [r6, #0]
10009e02:	4653      	mov	r3, sl
10009e04:	681b      	ldr	r3, [r3, #0]
10009e06:	2b00      	cmp	r3, #0
10009e08:	d005      	beq.n	10009e16 <xTaskResumeAll+0x126>
10009e0a:	4b16      	ldr	r3, [pc, #88]	@ (10009e64 <xTaskResumeAll+0x174>)
10009e0c:	2401      	movs	r4, #1
10009e0e:	681b      	ldr	r3, [r3, #0]
10009e10:	f7fe fc5a 	bl	100086c8 <vPortYield>
10009e14:	e000      	b.n	10009e18 <xTaskResumeAll+0x128>
10009e16:	2400      	movs	r4, #0
10009e18:	f7fe fc6e 	bl	100086f8 <vPortExitCritical>
10009e1c:	0020      	movs	r0, r4
10009e1e:	b003      	add	sp, #12
10009e20:	bcf0      	pop	{r4, r5, r6, r7}
10009e22:	46bb      	mov	fp, r7
10009e24:	46b2      	mov	sl, r6
10009e26:	46a9      	mov	r9, r5
10009e28:	46a0      	mov	r8, r4
10009e2a:	bdf0      	pop	{r4, r5, r6, r7, pc}
10009e2c:	4663      	mov	r3, ip
10009e2e:	681b      	ldr	r3, [r3, #0]
10009e30:	2b00      	cmp	r3, #0
10009e32:	d000      	beq.n	10009e36 <xTaskResumeAll+0x146>
10009e34:	e781      	b.n	10009d3a <xTaskResumeAll+0x4a>
10009e36:	e7c0      	b.n	10009dba <xTaskResumeAll+0xca>
10009e38:	6051      	str	r1, [r2, #4]
10009e3a:	e79a      	b.n	10009d72 <xTaskResumeAll+0x82>
10009e3c:	6051      	str	r1, [r2, #4]
10009e3e:	e78a      	b.n	10009d56 <xTaskResumeAll+0x66>
10009e40:	4b0b      	ldr	r3, [pc, #44]	@ (10009e70 <xTaskResumeAll+0x180>)
10009e42:	3a01      	subs	r2, #1
10009e44:	601a      	str	r2, [r3, #0]
10009e46:	e7c3      	b.n	10009dd0 <xTaskResumeAll+0xe0>
10009e48:	4b07      	ldr	r3, [pc, #28]	@ (10009e68 <xTaskResumeAll+0x178>)
10009e4a:	469a      	mov	sl, r3
10009e4c:	e7c0      	b.n	10009dd0 <xTaskResumeAll+0xe0>
10009e4e:	46c0      	nop			@ (mov r8, r8)
10009e50:	20027c30 	.word	0x20027c30
10009e54:	20027c28 	.word	0x20027c28
10009e58:	20027cbc 	.word	0x20027cbc
10009e5c:	20027c38 	.word	0x20027c38
10009e60:	20003800 	.word	0x20003800
10009e64:	200037e8 	.word	0x200037e8
10009e68:	20027d10 	.word	0x20027d10
10009e6c:	200037f0 	.word	0x200037f0
10009e70:	20027ca8 	.word	0x20027ca8
10009e74:	20027cb8 	.word	0x20027cb8

10009e78 <xTaskDelayUntil>:
10009e78:	b5f8      	push	{r3, r4, r5, r6, r7, lr}
10009e7a:	46ce      	mov	lr, r9
10009e7c:	4647      	mov	r7, r8
10009e7e:	4a25      	ldr	r2, [pc, #148]	@ (10009f14 <xTaskDelayUntil+0x9c>)
10009e80:	b580      	push	{r7, lr}
10009e82:	6813      	ldr	r3, [r2, #0]
10009e84:	3301      	adds	r3, #1
10009e86:	6013      	str	r3, [r2, #0]
10009e88:	4d23      	ldr	r5, [pc, #140]	@ (10009f18 <xTaskDelayUntil+0xa0>)
10009e8a:	6803      	ldr	r3, [r0, #0]
10009e8c:	682a      	ldr	r2, [r5, #0]
10009e8e:	185c      	adds	r4, r3, r1
10009e90:	4293      	cmp	r3, r2
10009e92:	d90c      	bls.n	10009eae <xTaskDelayUntil+0x36>
10009e94:	42a3      	cmp	r3, r4
10009e96:	d80c      	bhi.n	10009eb2 <xTaskDelayUntil+0x3a>
10009e98:	6004      	str	r4, [r0, #0]
10009e9a:	2400      	movs	r4, #0
10009e9c:	f7ff ff28 	bl	10009cf0 <xTaskResumeAll>
10009ea0:	2800      	cmp	r0, #0
10009ea2:	d02a      	beq.n	10009efa <xTaskDelayUntil+0x82>
10009ea4:	0020      	movs	r0, r4
10009ea6:	bcc0      	pop	{r6, r7}
10009ea8:	46b9      	mov	r9, r7
10009eaa:	46b0      	mov	r8, r6
10009eac:	bdf8      	pop	{r3, r4, r5, r6, r7, pc}
10009eae:	42a3      	cmp	r3, r4
10009eb0:	d801      	bhi.n	10009eb6 <xTaskDelayUntil+0x3e>
10009eb2:	42a2      	cmp	r2, r4
10009eb4:	d2f0      	bcs.n	10009e98 <xTaskDelayUntil+0x20>
10009eb6:	682e      	ldr	r6, [r5, #0]
10009eb8:	2100      	movs	r1, #0
10009eba:	1ab3      	subs	r3, r6, r2
10009ebc:	4699      	mov	r9, r3
10009ebe:	4b17      	ldr	r3, [pc, #92]	@ (10009f1c <xTaskDelayUntil+0xa4>)
10009ec0:	4d17      	ldr	r5, [pc, #92]	@ (10009f20 <xTaskDelayUntil+0xa8>)
10009ec2:	681f      	ldr	r7, [r3, #0]
10009ec4:	4b17      	ldr	r3, [pc, #92]	@ (10009f24 <xTaskDelayUntil+0xac>)
10009ec6:	6004      	str	r4, [r0, #0]
10009ec8:	681b      	ldr	r3, [r3, #0]
10009eca:	682a      	ldr	r2, [r5, #0]
10009ecc:	4698      	mov	r8, r3
10009ece:	23a8      	movs	r3, #168	@ 0xa8
10009ed0:	6828      	ldr	r0, [r5, #0]
10009ed2:	33ff      	adds	r3, #255	@ 0xff
10009ed4:	54d1      	strb	r1, [r2, r3]
10009ed6:	3004      	adds	r0, #4
10009ed8:	f7fe ff08 	bl	10008cec <uxListRemove>
10009edc:	682b      	ldr	r3, [r5, #0]
10009ede:	6829      	ldr	r1, [r5, #0]
10009ee0:	444c      	add	r4, r9
10009ee2:	605c      	str	r4, [r3, #4]
10009ee4:	3104      	adds	r1, #4
10009ee6:	42a6      	cmp	r6, r4
10009ee8:	d90a      	bls.n	10009f00 <xTaskDelayUntil+0x88>
10009eea:	4640      	mov	r0, r8
10009eec:	f7fe fee6 	bl	10008cbc <vListInsert>
10009ef0:	2401      	movs	r4, #1
10009ef2:	f7ff fefd 	bl	10009cf0 <xTaskResumeAll>
10009ef6:	2800      	cmp	r0, #0
10009ef8:	d1d4      	bne.n	10009ea4 <xTaskDelayUntil+0x2c>
10009efa:	f7fe fbe5 	bl	100086c8 <vPortYield>
10009efe:	e7d1      	b.n	10009ea4 <xTaskDelayUntil+0x2c>
10009f00:	0038      	movs	r0, r7
10009f02:	f7fe fedb 	bl	10008cbc <vListInsert>
10009f06:	4b08      	ldr	r3, [pc, #32]	@ (10009f28 <xTaskDelayUntil+0xb0>)
10009f08:	681a      	ldr	r2, [r3, #0]
10009f0a:	4294      	cmp	r4, r2
10009f0c:	d2f0      	bcs.n	10009ef0 <xTaskDelayUntil+0x78>
10009f0e:	601c      	str	r4, [r3, #0]
10009f10:	2401      	movs	r4, #1
10009f12:	e7ee      	b.n	10009ef2 <xTaskDelayUntil+0x7a>
10009f14:	20027c30 	.word	0x20027c30
10009f18:	20027d04 	.word	0x20027d04
10009f1c:	200037f0 	.word	0x200037f0
10009f20:	200037e8 	.word	0x200037e8
10009f24:	200037f8 	.word	0x200037f8
10009f28:	20027ca8 	.word	0x20027ca8

10009f2c <vTaskDelay>:
10009f2c:	b5f0      	push	{r4, r5, r6, r7, lr}
10009f2e:	46c6      	mov	lr, r8
10009f30:	0004      	movs	r4, r0
10009f32:	b500      	push	{lr}
10009f34:	2800      	cmp	r0, #0
10009f36:	d022      	beq.n	10009f7e <vTaskDelay+0x52>
10009f38:	4a18      	ldr	r2, [pc, #96]	@ (10009f9c <vTaskDelay+0x70>)
10009f3a:	6813      	ldr	r3, [r2, #0]
10009f3c:	3301      	adds	r3, #1
10009f3e:	6013      	str	r3, [r2, #0]
10009f40:	4b17      	ldr	r3, [pc, #92]	@ (10009fa0 <vTaskDelay+0x74>)
10009f42:	2100      	movs	r1, #0
10009f44:	681e      	ldr	r6, [r3, #0]
10009f46:	4b17      	ldr	r3, [pc, #92]	@ (10009fa4 <vTaskDelay+0x78>)
10009f48:	4d17      	ldr	r5, [pc, #92]	@ (10009fa8 <vTaskDelay+0x7c>)
10009f4a:	681f      	ldr	r7, [r3, #0]
10009f4c:	4b17      	ldr	r3, [pc, #92]	@ (10009fac <vTaskDelay+0x80>)
10009f4e:	19a4      	adds	r4, r4, r6
10009f50:	681b      	ldr	r3, [r3, #0]
10009f52:	682a      	ldr	r2, [r5, #0]
10009f54:	4698      	mov	r8, r3
10009f56:	23a8      	movs	r3, #168	@ 0xa8
10009f58:	6828      	ldr	r0, [r5, #0]
10009f5a:	33ff      	adds	r3, #255	@ 0xff
10009f5c:	54d1      	strb	r1, [r2, r3]
10009f5e:	3004      	adds	r0, #4
10009f60:	f7fe fec4 	bl	10008cec <uxListRemove>
10009f64:	682b      	ldr	r3, [r5, #0]
10009f66:	6829      	ldr	r1, [r5, #0]
10009f68:	605c      	str	r4, [r3, #4]
10009f6a:	3104      	adds	r1, #4
10009f6c:	42a6      	cmp	r6, r4
10009f6e:	d90b      	bls.n	10009f88 <vTaskDelay+0x5c>
10009f70:	4640      	mov	r0, r8
10009f72:	f7fe fea3 	bl	10008cbc <vListInsert>
10009f76:	f7ff febb 	bl	10009cf0 <xTaskResumeAll>
10009f7a:	2800      	cmp	r0, #0
10009f7c:	d101      	bne.n	10009f82 <vTaskDelay+0x56>
10009f7e:	f7fe fba3 	bl	100086c8 <vPortYield>
10009f82:	bc80      	pop	{r7}
10009f84:	46b8      	mov	r8, r7
10009f86:	bdf0      	pop	{r4, r5, r6, r7, pc}
10009f88:	0038      	movs	r0, r7
10009f8a:	f7fe fe97 	bl	10008cbc <vListInsert>
10009f8e:	4b08      	ldr	r3, [pc, #32]	@ (10009fb0 <vTaskDelay+0x84>)
10009f90:	681a      	ldr	r2, [r3, #0]
10009f92:	4294      	cmp	r4, r2
10009f94:	d2ef      	bcs.n	10009f76 <vTaskDelay+0x4a>
10009f96:	601c      	str	r4, [r3, #0]
10009f98:	e7ed      	b.n	10009f76 <vTaskDelay+0x4a>
10009f9a:	46c0      	nop			@ (mov r8, r8)
10009f9c:	20027c30 	.word	0x20027c30
10009fa0:	20027d04 	.word	0x20027d04
10009fa4:	200037f0 	.word	0x200037f0
10009fa8:	200037e8 	.word	0x200037e8
10009fac:	200037f8 	.word	0x200037f8
10009fb0:	20027ca8 	.word	0x20027ca8

10009fb4 <xTaskGetTickCount>:
10009fb4:	4b01      	ldr	r3, [pc, #4]	@ (10009fbc <xTaskGetTickCount+0x8>)
10009fb6:	6818      	ldr	r0, [r3, #0]
10009fb8:	4770      	bx	lr
10009fba:	46c0      	nop			@ (mov r8, r8)
10009fbc:	20027d04 	.word	0x20027d04

10009fc0 <uxTaskGetNumberOfTasks>:
10009fc0:	4b01      	ldr	r3, [pc, #4]	@ (10009fc8 <uxTaskGetNumberOfTasks+0x8>)
10009fc2:	6818      	ldr	r0, [r3, #0]
10009fc4:	4770      	bx	lr
10009fc6:	46c0      	nop			@ (mov r8, r8)
10009fc8:	20027c28 	.word	0x20027c28

10009fcc <xTaskIncrementTick>:
10009fcc:	4b06      	ldr	r3, [pc, #24]	@ (10009fe8 <xTaskIncrementTick+0x1c>)
10009fce:	b510      	push	{r4, lr}
10009fd0:	681b      	ldr	r3, [r3, #0]
10009fd2:	2b00      	cmp	r3, #0
10009fd4:	d102      	bne.n	10009fdc <xTaskIncrementTick+0x10>
10009fd6:	f7ff fd63 	bl	10009aa0 <xTaskIncrementTick.part.0>
10009fda:	bd10      	pop	{r4, pc}
10009fdc:	4a03      	ldr	r2, [pc, #12]	@ (10009fec <xTaskIncrementTick+0x20>)
10009fde:	2000      	movs	r0, #0
10009fe0:	6813      	ldr	r3, [r2, #0]
10009fe2:	3301      	adds	r3, #1
10009fe4:	6013      	str	r3, [r2, #0]
10009fe6:	e7f8      	b.n	10009fda <xTaskIncrementTick+0xe>
10009fe8:	20027c30 	.word	0x20027c30
10009fec:	20027cb8 	.word	0x20027cb8

10009ff0 <vTaskSwitchContext>:
10009ff0:	4b19      	ldr	r3, [pc, #100]	@ (1000a058 <vTaskSwitchContext+0x68>)
10009ff2:	b530      	push	{r4, r5, lr}
10009ff4:	681b      	ldr	r3, [r3, #0]
10009ff6:	2b00      	cmp	r3, #0
10009ff8:	d003      	beq.n	1000a002 <vTaskSwitchContext+0x12>
10009ffa:	2201      	movs	r2, #1
10009ffc:	4b17      	ldr	r3, [pc, #92]	@ (1000a05c <vTaskSwitchContext+0x6c>)
10009ffe:	601a      	str	r2, [r3, #0]
1000a000:	bd30      	pop	{r4, r5, pc}
1000a002:	4a16      	ldr	r2, [pc, #88]	@ (1000a05c <vTaskSwitchContext+0x6c>)
1000a004:	4c16      	ldr	r4, [pc, #88]	@ (1000a060 <vTaskSwitchContext+0x70>)
1000a006:	6013      	str	r3, [r2, #0]
1000a008:	6822      	ldr	r2, [r4, #0]
1000a00a:	4816      	ldr	r0, [pc, #88]	@ (1000a064 <vTaskSwitchContext+0x74>)
1000a00c:	0091      	lsls	r1, r2, #2
1000a00e:	188b      	adds	r3, r1, r2
1000a010:	009b      	lsls	r3, r3, #2
1000a012:	58c5      	ldr	r5, [r0, r3]
1000a014:	2d00      	cmp	r5, #0
1000a016:	d107      	bne.n	1000a028 <vTaskSwitchContext+0x38>
1000a018:	3b14      	subs	r3, #20
1000a01a:	18c3      	adds	r3, r0, r3
1000a01c:	6819      	ldr	r1, [r3, #0]
1000a01e:	3b14      	subs	r3, #20
1000a020:	3a01      	subs	r2, #1
1000a022:	2900      	cmp	r1, #0
1000a024:	d0fa      	beq.n	1000a01c <vTaskSwitchContext+0x2c>
1000a026:	0091      	lsls	r1, r2, #2
1000a028:	1889      	adds	r1, r1, r2
1000a02a:	0089      	lsls	r1, r1, #2
1000a02c:	1845      	adds	r5, r0, r1
1000a02e:	686b      	ldr	r3, [r5, #4]
1000a030:	3108      	adds	r1, #8
1000a032:	685b      	ldr	r3, [r3, #4]
1000a034:	1840      	adds	r0, r0, r1
1000a036:	606b      	str	r3, [r5, #4]
1000a038:	4283      	cmp	r3, r0
1000a03a:	d009      	beq.n	1000a050 <vTaskSwitchContext+0x60>
1000a03c:	68d9      	ldr	r1, [r3, #12]
1000a03e:	4b0a      	ldr	r3, [pc, #40]	@ (1000a068 <vTaskSwitchContext+0x78>)
1000a040:	6019      	str	r1, [r3, #0]
1000a042:	6022      	str	r2, [r4, #0]
1000a044:	681a      	ldr	r2, [r3, #0]
1000a046:	681b      	ldr	r3, [r3, #0]
1000a048:	4a08      	ldr	r2, [pc, #32]	@ (1000a06c <vTaskSwitchContext+0x7c>)
1000a04a:	3358      	adds	r3, #88	@ 0x58
1000a04c:	6013      	str	r3, [r2, #0]
1000a04e:	e7d7      	b.n	1000a000 <vTaskSwitchContext+0x10>
1000a050:	68eb      	ldr	r3, [r5, #12]
1000a052:	606b      	str	r3, [r5, #4]
1000a054:	e7f2      	b.n	1000a03c <vTaskSwitchContext+0x4c>
1000a056:	46c0      	nop			@ (mov r8, r8)
1000a058:	20027c30 	.word	0x20027c30
1000a05c:	20027d10 	.word	0x20027d10
1000a060:	20027c38 	.word	0x20027c38
1000a064:	20003800 	.word	0x20003800
1000a068:	200037e8 	.word	0x200037e8
1000a06c:	20001538 	.word	0x20001538

1000a070 <vTaskPlaceOnEventList>:
1000a070:	b5f0      	push	{r4, r5, r6, r7, lr}
1000a072:	46c6      	mov	lr, r8
1000a074:	4d20      	ldr	r5, [pc, #128]	@ (1000a0f8 <vTaskPlaceOnEventList+0x88>)
1000a076:	000c      	movs	r4, r1
1000a078:	6829      	ldr	r1, [r5, #0]
1000a07a:	b500      	push	{lr}
1000a07c:	3118      	adds	r1, #24
1000a07e:	f7fe fe1d 	bl	10008cbc <vListInsert>
1000a082:	4b1e      	ldr	r3, [pc, #120]	@ (1000a0fc <vTaskPlaceOnEventList+0x8c>)
1000a084:	2100      	movs	r1, #0
1000a086:	681e      	ldr	r6, [r3, #0]
1000a088:	4b1d      	ldr	r3, [pc, #116]	@ (1000a100 <vTaskPlaceOnEventList+0x90>)
1000a08a:	681f      	ldr	r7, [r3, #0]
1000a08c:	4b1d      	ldr	r3, [pc, #116]	@ (1000a104 <vTaskPlaceOnEventList+0x94>)
1000a08e:	681b      	ldr	r3, [r3, #0]
1000a090:	682a      	ldr	r2, [r5, #0]
1000a092:	4698      	mov	r8, r3
1000a094:	23a8      	movs	r3, #168	@ 0xa8
1000a096:	6828      	ldr	r0, [r5, #0]
1000a098:	33ff      	adds	r3, #255	@ 0xff
1000a09a:	54d1      	strb	r1, [r2, r3]
1000a09c:	3004      	adds	r0, #4
1000a09e:	f7fe fe25 	bl	10008cec <uxListRemove>
1000a0a2:	1c63      	adds	r3, r4, #1
1000a0a4:	d015      	beq.n	1000a0d2 <vTaskPlaceOnEventList+0x62>
1000a0a6:	682b      	ldr	r3, [r5, #0]
1000a0a8:	6829      	ldr	r1, [r5, #0]
1000a0aa:	19a4      	adds	r4, r4, r6
1000a0ac:	605c      	str	r4, [r3, #4]
1000a0ae:	3104      	adds	r1, #4
1000a0b0:	42a6      	cmp	r6, r4
1000a0b2:	d905      	bls.n	1000a0c0 <vTaskPlaceOnEventList+0x50>
1000a0b4:	4640      	mov	r0, r8
1000a0b6:	f7fe fe01 	bl	10008cbc <vListInsert>
1000a0ba:	bc80      	pop	{r7}
1000a0bc:	46b8      	mov	r8, r7
1000a0be:	bdf0      	pop	{r4, r5, r6, r7, pc}
1000a0c0:	0038      	movs	r0, r7
1000a0c2:	f7fe fdfb 	bl	10008cbc <vListInsert>
1000a0c6:	4b10      	ldr	r3, [pc, #64]	@ (1000a108 <vTaskPlaceOnEventList+0x98>)
1000a0c8:	681a      	ldr	r2, [r3, #0]
1000a0ca:	4294      	cmp	r4, r2
1000a0cc:	d2f5      	bcs.n	1000a0ba <vTaskPlaceOnEventList+0x4a>
1000a0ce:	601c      	str	r4, [r3, #0]
1000a0d0:	e7f3      	b.n	1000a0ba <vTaskPlaceOnEventList+0x4a>
1000a0d2:	4b0e      	ldr	r3, [pc, #56]	@ (1000a10c <vTaskPlaceOnEventList+0x9c>)
1000a0d4:	6829      	ldr	r1, [r5, #0]
1000a0d6:	685a      	ldr	r2, [r3, #4]
1000a0d8:	608a      	str	r2, [r1, #8]
1000a0da:	6890      	ldr	r0, [r2, #8]
1000a0dc:	6829      	ldr	r1, [r5, #0]
1000a0de:	60c8      	str	r0, [r1, #12]
1000a0e0:	6829      	ldr	r1, [r5, #0]
1000a0e2:	3104      	adds	r1, #4
1000a0e4:	6041      	str	r1, [r0, #4]
1000a0e6:	6829      	ldr	r1, [r5, #0]
1000a0e8:	3104      	adds	r1, #4
1000a0ea:	6091      	str	r1, [r2, #8]
1000a0ec:	682a      	ldr	r2, [r5, #0]
1000a0ee:	6153      	str	r3, [r2, #20]
1000a0f0:	681a      	ldr	r2, [r3, #0]
1000a0f2:	3201      	adds	r2, #1
1000a0f4:	601a      	str	r2, [r3, #0]
1000a0f6:	e7e0      	b.n	1000a0ba <vTaskPlaceOnEventList+0x4a>
1000a0f8:	200037e8 	.word	0x200037e8
1000a0fc:	20027d04 	.word	0x20027d04
1000a100:	200037f0 	.word	0x200037f0
1000a104:	200037f8 	.word	0x200037f8
1000a108:	20027ca8 	.word	0x20027ca8
1000a10c:	20027cdc 	.word	0x20027cdc

1000a110 <vTaskPlaceOnUnorderedEventList>:
1000a110:	2380      	movs	r3, #128	@ 0x80
1000a112:	b5f0      	push	{r4, r5, r6, r7, lr}
1000a114:	46c6      	mov	lr, r8
1000a116:	4c29      	ldr	r4, [pc, #164]	@ (1000a1bc <vTaskPlaceOnUnorderedEventList+0xac>)
1000a118:	0015      	movs	r5, r2
1000a11a:	061b      	lsls	r3, r3, #24
1000a11c:	6822      	ldr	r2, [r4, #0]
1000a11e:	430b      	orrs	r3, r1
1000a120:	b500      	push	{lr}
1000a122:	6193      	str	r3, [r2, #24]
1000a124:	6822      	ldr	r2, [r4, #0]
1000a126:	6843      	ldr	r3, [r0, #4]
1000a128:	6899      	ldr	r1, [r3, #8]
1000a12a:	61d3      	str	r3, [r2, #28]
1000a12c:	6822      	ldr	r2, [r4, #0]
1000a12e:	6211      	str	r1, [r2, #32]
1000a130:	6822      	ldr	r2, [r4, #0]
1000a132:	3218      	adds	r2, #24
1000a134:	604a      	str	r2, [r1, #4]
1000a136:	6822      	ldr	r2, [r4, #0]
1000a138:	2100      	movs	r1, #0
1000a13a:	3218      	adds	r2, #24
1000a13c:	609a      	str	r2, [r3, #8]
1000a13e:	6823      	ldr	r3, [r4, #0]
1000a140:	6298      	str	r0, [r3, #40]	@ 0x28
1000a142:	6803      	ldr	r3, [r0, #0]
1000a144:	3301      	adds	r3, #1
1000a146:	6003      	str	r3, [r0, #0]
1000a148:	4b1d      	ldr	r3, [pc, #116]	@ (1000a1c0 <vTaskPlaceOnUnorderedEventList+0xb0>)
1000a14a:	681e      	ldr	r6, [r3, #0]
1000a14c:	4b1d      	ldr	r3, [pc, #116]	@ (1000a1c4 <vTaskPlaceOnUnorderedEventList+0xb4>)
1000a14e:	681f      	ldr	r7, [r3, #0]
1000a150:	4b1d      	ldr	r3, [pc, #116]	@ (1000a1c8 <vTaskPlaceOnUnorderedEventList+0xb8>)
1000a152:	681b      	ldr	r3, [r3, #0]
1000a154:	6822      	ldr	r2, [r4, #0]
1000a156:	4698      	mov	r8, r3
1000a158:	23a8      	movs	r3, #168	@ 0xa8
1000a15a:	6820      	ldr	r0, [r4, #0]
1000a15c:	33ff      	adds	r3, #255	@ 0xff
1000a15e:	54d1      	strb	r1, [r2, r3]
1000a160:	3004      	adds	r0, #4
1000a162:	f7fe fdc3 	bl	10008cec <uxListRemove>
1000a166:	1c6b      	adds	r3, r5, #1
1000a168:	d015      	beq.n	1000a196 <vTaskPlaceOnUnorderedEventList+0x86>
1000a16a:	6823      	ldr	r3, [r4, #0]
1000a16c:	6821      	ldr	r1, [r4, #0]
1000a16e:	19ad      	adds	r5, r5, r6
1000a170:	605d      	str	r5, [r3, #4]
1000a172:	3104      	adds	r1, #4
1000a174:	42ae      	cmp	r6, r5
1000a176:	d905      	bls.n	1000a184 <vTaskPlaceOnUnorderedEventList+0x74>
1000a178:	4640      	mov	r0, r8
1000a17a:	f7fe fd9f 	bl	10008cbc <vListInsert>
1000a17e:	bc80      	pop	{r7}
1000a180:	46b8      	mov	r8, r7
1000a182:	bdf0      	pop	{r4, r5, r6, r7, pc}
1000a184:	0038      	movs	r0, r7
1000a186:	f7fe fd99 	bl	10008cbc <vListInsert>
1000a18a:	4b10      	ldr	r3, [pc, #64]	@ (1000a1cc <vTaskPlaceOnUnorderedEventList+0xbc>)
1000a18c:	681a      	ldr	r2, [r3, #0]
1000a18e:	4295      	cmp	r5, r2
1000a190:	d2f5      	bcs.n	1000a17e <vTaskPlaceOnUnorderedEventList+0x6e>
1000a192:	601d      	str	r5, [r3, #0]
1000a194:	e7f3      	b.n	1000a17e <vTaskPlaceOnUnorderedEventList+0x6e>
1000a196:	4b0e      	ldr	r3, [pc, #56]	@ (1000a1d0 <vTaskPlaceOnUnorderedEventList+0xc0>)
1000a198:	6821      	ldr	r1, [r4, #0]
1000a19a:	685a      	ldr	r2, [r3, #4]
1000a19c:	608a      	str	r2, [r1, #8]
1000a19e:	6890      	ldr	r0, [r2, #8]
1000a1a0:	6821      	ldr	r1, [r4, #0]
1000a1a2:	60c8      	str	r0, [r1, #12]
1000a1a4:	6821      	ldr	r1, [r4, #0]
1000a1a6:	3104      	adds	r1, #4
1000a1a8:	6041      	str	r1, [r0, #4]
1000a1aa:	6821      	ldr	r1, [r4, #0]
1000a1ac:	3104      	adds	r1, #4
1000a1ae:	6091      	str	r1, [r2, #8]
1000a1b0:	6822      	ldr	r2, [r4, #0]
1000a1b2:	6153      	str	r3, [r2, #20]
1000a1b4:	681a      	ldr	r2, [r3, #0]
1000a1b6:	3201      	adds	r2, #1
1000a1b8:	601a      	str	r2, [r3, #0]
1000a1ba:	e7e0      	b.n	1000a17e <vTaskPlaceOnUnorderedEventList+0x6e>
1000a1bc:	200037e8 	.word	0x200037e8
1000a1c0:	20027d04 	.word	0x20027d04
1000a1c4:	200037f0 	.word	0x200037f0
1000a1c8:	200037f8 	.word	0x200037f8
1000a1cc:	20027ca8 	.word	0x20027ca8
1000a1d0:	20027cdc 	.word	0x20027cdc

1000a1d4 <vTaskPlaceOnEventListRestricted>:
1000a1d4:	b5f0      	push	{r4, r5, r6, r7, lr}
1000a1d6:	46c6      	mov	lr, r8
1000a1d8:	4c36      	ldr	r4, [pc, #216]	@ (1000a2b4 <vTaskPlaceOnEventListRestricted+0xe0>)
1000a1da:	6843      	ldr	r3, [r0, #4]
1000a1dc:	000d      	movs	r5, r1
1000a1de:	6821      	ldr	r1, [r4, #0]
1000a1e0:	b500      	push	{lr}
1000a1e2:	689e      	ldr	r6, [r3, #8]
1000a1e4:	61cb      	str	r3, [r1, #28]
1000a1e6:	6821      	ldr	r1, [r4, #0]
1000a1e8:	620e      	str	r6, [r1, #32]
1000a1ea:	6821      	ldr	r1, [r4, #0]
1000a1ec:	3118      	adds	r1, #24
1000a1ee:	6071      	str	r1, [r6, #4]
1000a1f0:	6821      	ldr	r1, [r4, #0]
1000a1f2:	3118      	adds	r1, #24
1000a1f4:	6099      	str	r1, [r3, #8]
1000a1f6:	6823      	ldr	r3, [r4, #0]
1000a1f8:	6298      	str	r0, [r3, #40]	@ 0x28
1000a1fa:	6803      	ldr	r3, [r0, #0]
1000a1fc:	3301      	adds	r3, #1
1000a1fe:	6003      	str	r3, [r0, #0]
1000a200:	4b2d      	ldr	r3, [pc, #180]	@ (1000a2b8 <vTaskPlaceOnEventListRestricted+0xe4>)
1000a202:	2a00      	cmp	r2, #0
1000a204:	d022      	beq.n	1000a24c <vTaskPlaceOnEventListRestricted+0x78>
1000a206:	681b      	ldr	r3, [r3, #0]
1000a208:	4b2c      	ldr	r3, [pc, #176]	@ (1000a2bc <vTaskPlaceOnEventListRestricted+0xe8>)
1000a20a:	2100      	movs	r1, #0
1000a20c:	681b      	ldr	r3, [r3, #0]
1000a20e:	4b2c      	ldr	r3, [pc, #176]	@ (1000a2c0 <vTaskPlaceOnEventListRestricted+0xec>)
1000a210:	681b      	ldr	r3, [r3, #0]
1000a212:	23a8      	movs	r3, #168	@ 0xa8
1000a214:	6822      	ldr	r2, [r4, #0]
1000a216:	6820      	ldr	r0, [r4, #0]
1000a218:	33ff      	adds	r3, #255	@ 0xff
1000a21a:	54d1      	strb	r1, [r2, r3]
1000a21c:	3004      	adds	r0, #4
1000a21e:	f7fe fd65 	bl	10008cec <uxListRemove>
1000a222:	4b28      	ldr	r3, [pc, #160]	@ (1000a2c4 <vTaskPlaceOnEventListRestricted+0xf0>)
1000a224:	6821      	ldr	r1, [r4, #0]
1000a226:	685a      	ldr	r2, [r3, #4]
1000a228:	608a      	str	r2, [r1, #8]
1000a22a:	6890      	ldr	r0, [r2, #8]
1000a22c:	6821      	ldr	r1, [r4, #0]
1000a22e:	60c8      	str	r0, [r1, #12]
1000a230:	6821      	ldr	r1, [r4, #0]
1000a232:	3104      	adds	r1, #4
1000a234:	6041      	str	r1, [r0, #4]
1000a236:	6821      	ldr	r1, [r4, #0]
1000a238:	3104      	adds	r1, #4
1000a23a:	6091      	str	r1, [r2, #8]
1000a23c:	6822      	ldr	r2, [r4, #0]
1000a23e:	6153      	str	r3, [r2, #20]
1000a240:	681a      	ldr	r2, [r3, #0]
1000a242:	3201      	adds	r2, #1
1000a244:	601a      	str	r2, [r3, #0]
1000a246:	bc80      	pop	{r7}
1000a248:	46b8      	mov	r8, r7
1000a24a:	bdf0      	pop	{r4, r5, r6, r7, pc}
1000a24c:	681e      	ldr	r6, [r3, #0]
1000a24e:	4b1b      	ldr	r3, [pc, #108]	@ (1000a2bc <vTaskPlaceOnEventListRestricted+0xe8>)
1000a250:	681f      	ldr	r7, [r3, #0]
1000a252:	4b1b      	ldr	r3, [pc, #108]	@ (1000a2c0 <vTaskPlaceOnEventListRestricted+0xec>)
1000a254:	681b      	ldr	r3, [r3, #0]
1000a256:	6821      	ldr	r1, [r4, #0]
1000a258:	4698      	mov	r8, r3
1000a25a:	23a8      	movs	r3, #168	@ 0xa8
1000a25c:	6820      	ldr	r0, [r4, #0]
1000a25e:	33ff      	adds	r3, #255	@ 0xff
1000a260:	54ca      	strb	r2, [r1, r3]
1000a262:	3004      	adds	r0, #4
1000a264:	f7fe fd42 	bl	10008cec <uxListRemove>
1000a268:	1c6b      	adds	r3, r5, #1
1000a26a:	d015      	beq.n	1000a298 <vTaskPlaceOnEventListRestricted+0xc4>
1000a26c:	6823      	ldr	r3, [r4, #0]
1000a26e:	19ad      	adds	r5, r5, r6
1000a270:	605d      	str	r5, [r3, #4]
1000a272:	42ae      	cmp	r6, r5
1000a274:	d80a      	bhi.n	1000a28c <vTaskPlaceOnEventListRestricted+0xb8>
1000a276:	6821      	ldr	r1, [r4, #0]
1000a278:	0038      	movs	r0, r7
1000a27a:	3104      	adds	r1, #4
1000a27c:	f7fe fd1e 	bl	10008cbc <vListInsert>
1000a280:	4b11      	ldr	r3, [pc, #68]	@ (1000a2c8 <vTaskPlaceOnEventListRestricted+0xf4>)
1000a282:	681a      	ldr	r2, [r3, #0]
1000a284:	4295      	cmp	r5, r2
1000a286:	d2de      	bcs.n	1000a246 <vTaskPlaceOnEventListRestricted+0x72>
1000a288:	601d      	str	r5, [r3, #0]
1000a28a:	e7dc      	b.n	1000a246 <vTaskPlaceOnEventListRestricted+0x72>
1000a28c:	6821      	ldr	r1, [r4, #0]
1000a28e:	4640      	mov	r0, r8
1000a290:	3104      	adds	r1, #4
1000a292:	f7fe fd13 	bl	10008cbc <vListInsert>
1000a296:	e7d6      	b.n	1000a246 <vTaskPlaceOnEventListRestricted+0x72>
1000a298:	6822      	ldr	r2, [r4, #0]
1000a29a:	1e73      	subs	r3, r6, #1
1000a29c:	6053      	str	r3, [r2, #4]
1000a29e:	429e      	cmp	r6, r3
1000a2a0:	d8f4      	bhi.n	1000a28c <vTaskPlaceOnEventListRestricted+0xb8>
1000a2a2:	6821      	ldr	r1, [r4, #0]
1000a2a4:	0038      	movs	r0, r7
1000a2a6:	3104      	adds	r1, #4
1000a2a8:	f7fe fd08 	bl	10008cbc <vListInsert>
1000a2ac:	4b06      	ldr	r3, [pc, #24]	@ (1000a2c8 <vTaskPlaceOnEventListRestricted+0xf4>)
1000a2ae:	681b      	ldr	r3, [r3, #0]
1000a2b0:	e7c9      	b.n	1000a246 <vTaskPlaceOnEventListRestricted+0x72>
1000a2b2:	46c0      	nop			@ (mov r8, r8)
1000a2b4:	200037e8 	.word	0x200037e8
1000a2b8:	20027d04 	.word	0x20027d04
1000a2bc:	200037f0 	.word	0x200037f0
1000a2c0:	200037f8 	.word	0x200037f8
1000a2c4:	20027cdc 	.word	0x20027cdc
1000a2c8:	20027ca8 	.word	0x20027ca8

1000a2cc <xTaskRemoveFromEventList>:
1000a2cc:	68c3      	ldr	r3, [r0, #12]
1000a2ce:	b5f0      	push	{r4, r5, r6, r7, lr}
1000a2d0:	68db      	ldr	r3, [r3, #12]
1000a2d2:	69d8      	ldr	r0, [r3, #28]
1000a2d4:	6a19      	ldr	r1, [r3, #32]
1000a2d6:	6a9a      	ldr	r2, [r3, #40]	@ 0x28
1000a2d8:	6081      	str	r1, [r0, #8]
1000a2da:	6048      	str	r0, [r1, #4]
1000a2dc:	0018      	movs	r0, r3
1000a2de:	6854      	ldr	r4, [r2, #4]
1000a2e0:	3018      	adds	r0, #24
1000a2e2:	4284      	cmp	r4, r0
1000a2e4:	d041      	beq.n	1000a36a <xTaskRemoveFromEventList+0x9e>
1000a2e6:	2100      	movs	r1, #0
1000a2e8:	6299      	str	r1, [r3, #40]	@ 0x28
1000a2ea:	6811      	ldr	r1, [r2, #0]
1000a2ec:	3901      	subs	r1, #1
1000a2ee:	6011      	str	r1, [r2, #0]
1000a2f0:	4a23      	ldr	r2, [pc, #140]	@ (1000a380 <xTaskRemoveFromEventList+0xb4>)
1000a2f2:	6ad9      	ldr	r1, [r3, #44]	@ 0x2c
1000a2f4:	6812      	ldr	r2, [r2, #0]
1000a2f6:	2a00      	cmp	r2, #0
1000a2f8:	d129      	bne.n	1000a34e <xTaskRemoveFromEventList+0x82>
1000a2fa:	695a      	ldr	r2, [r3, #20]
1000a2fc:	689c      	ldr	r4, [r3, #8]
1000a2fe:	68d8      	ldr	r0, [r3, #12]
1000a300:	1d1d      	adds	r5, r3, #4
1000a302:	60a0      	str	r0, [r4, #8]
1000a304:	6044      	str	r4, [r0, #4]
1000a306:	6854      	ldr	r4, [r2, #4]
1000a308:	42ac      	cmp	r4, r5
1000a30a:	d030      	beq.n	1000a36e <xTaskRemoveFromEventList+0xa2>
1000a30c:	6810      	ldr	r0, [r2, #0]
1000a30e:	3801      	subs	r0, #1
1000a310:	6010      	str	r0, [r2, #0]
1000a312:	4a1c      	ldr	r2, [pc, #112]	@ (1000a384 <xTaskRemoveFromEventList+0xb8>)
1000a314:	6810      	ldr	r0, [r2, #0]
1000a316:	4288      	cmp	r0, r1
1000a318:	d325      	bcc.n	1000a366 <xTaskRemoveFromEventList+0x9a>
1000a31a:	008a      	lsls	r2, r1, #2
1000a31c:	481a      	ldr	r0, [pc, #104]	@ (1000a388 <xTaskRemoveFromEventList+0xbc>)
1000a31e:	1852      	adds	r2, r2, r1
1000a320:	0092      	lsls	r2, r2, #2
1000a322:	1886      	adds	r6, r0, r2
1000a324:	6874      	ldr	r4, [r6, #4]
1000a326:	68a7      	ldr	r7, [r4, #8]
1000a328:	609c      	str	r4, [r3, #8]
1000a32a:	60df      	str	r7, [r3, #12]
1000a32c:	607d      	str	r5, [r7, #4]
1000a32e:	60a5      	str	r5, [r4, #8]
1000a330:	615e      	str	r6, [r3, #20]
1000a332:	5883      	ldr	r3, [r0, r2]
1000a334:	3301      	adds	r3, #1
1000a336:	5083      	str	r3, [r0, r2]
1000a338:	4b14      	ldr	r3, [pc, #80]	@ (1000a38c <xTaskRemoveFromEventList+0xc0>)
1000a33a:	2000      	movs	r0, #0
1000a33c:	681b      	ldr	r3, [r3, #0]
1000a33e:	6adb      	ldr	r3, [r3, #44]	@ 0x2c
1000a340:	428b      	cmp	r3, r1
1000a342:	d203      	bcs.n	1000a34c <xTaskRemoveFromEventList+0x80>
1000a344:	2201      	movs	r2, #1
1000a346:	4b12      	ldr	r3, [pc, #72]	@ (1000a390 <xTaskRemoveFromEventList+0xc4>)
1000a348:	3001      	adds	r0, #1
1000a34a:	601a      	str	r2, [r3, #0]
1000a34c:	bdf0      	pop	{r4, r5, r6, r7, pc}
1000a34e:	4a11      	ldr	r2, [pc, #68]	@ (1000a394 <xTaskRemoveFromEventList+0xc8>)
1000a350:	6854      	ldr	r4, [r2, #4]
1000a352:	68a5      	ldr	r5, [r4, #8]
1000a354:	61dc      	str	r4, [r3, #28]
1000a356:	621d      	str	r5, [r3, #32]
1000a358:	6068      	str	r0, [r5, #4]
1000a35a:	60a0      	str	r0, [r4, #8]
1000a35c:	629a      	str	r2, [r3, #40]	@ 0x28
1000a35e:	6813      	ldr	r3, [r2, #0]
1000a360:	3301      	adds	r3, #1
1000a362:	6013      	str	r3, [r2, #0]
1000a364:	e7e8      	b.n	1000a338 <xTaskRemoveFromEventList+0x6c>
1000a366:	6011      	str	r1, [r2, #0]
1000a368:	e7d7      	b.n	1000a31a <xTaskRemoveFromEventList+0x4e>
1000a36a:	6051      	str	r1, [r2, #4]
1000a36c:	e7bb      	b.n	1000a2e6 <xTaskRemoveFromEventList+0x1a>
1000a36e:	6050      	str	r0, [r2, #4]
1000a370:	6810      	ldr	r0, [r2, #0]
1000a372:	3801      	subs	r0, #1
1000a374:	6010      	str	r0, [r2, #0]
1000a376:	4a03      	ldr	r2, [pc, #12]	@ (1000a384 <xTaskRemoveFromEventList+0xb8>)
1000a378:	6810      	ldr	r0, [r2, #0]
1000a37a:	4288      	cmp	r0, r1
1000a37c:	d2cd      	bcs.n	1000a31a <xTaskRemoveFromEventList+0x4e>
1000a37e:	e7f2      	b.n	1000a366 <xTaskRemoveFromEventList+0x9a>
1000a380:	20027c30 	.word	0x20027c30
1000a384:	20027c38 	.word	0x20027c38
1000a388:	20003800 	.word	0x20003800
1000a38c:	200037e8 	.word	0x200037e8
1000a390:	20027d10 	.word	0x20027d10
1000a394:	20027cbc 	.word	0x20027cbc

1000a398 <vTaskRemoveFromUnorderedEventList>:
1000a398:	2380      	movs	r3, #128	@ 0x80
1000a39a:	061b      	lsls	r3, r3, #24
1000a39c:	b5f0      	push	{r4, r5, r6, r7, lr}
1000a39e:	6902      	ldr	r2, [r0, #16]
1000a3a0:	6844      	ldr	r4, [r0, #4]
1000a3a2:	430b      	orrs	r3, r1
1000a3a4:	6881      	ldr	r1, [r0, #8]
1000a3a6:	6003      	str	r3, [r0, #0]
1000a3a8:	68c3      	ldr	r3, [r0, #12]
1000a3aa:	60a1      	str	r1, [r4, #8]
1000a3ac:	604c      	str	r4, [r1, #4]
1000a3ae:	6854      	ldr	r4, [r2, #4]
1000a3b0:	4284      	cmp	r4, r0
1000a3b2:	d02e      	beq.n	1000a412 <vTaskRemoveFromUnorderedEventList+0x7a>
1000a3b4:	2100      	movs	r1, #0
1000a3b6:	6101      	str	r1, [r0, #16]
1000a3b8:	6811      	ldr	r1, [r2, #0]
1000a3ba:	6898      	ldr	r0, [r3, #8]
1000a3bc:	3901      	subs	r1, #1
1000a3be:	6011      	str	r1, [r2, #0]
1000a3c0:	695a      	ldr	r2, [r3, #20]
1000a3c2:	68d9      	ldr	r1, [r3, #12]
1000a3c4:	1d1d      	adds	r5, r3, #4
1000a3c6:	6081      	str	r1, [r0, #8]
1000a3c8:	6048      	str	r0, [r1, #4]
1000a3ca:	6850      	ldr	r0, [r2, #4]
1000a3cc:	42a8      	cmp	r0, r5
1000a3ce:	d022      	beq.n	1000a416 <vTaskRemoveFromUnorderedEventList+0x7e>
1000a3d0:	6811      	ldr	r1, [r2, #0]
1000a3d2:	3901      	subs	r1, #1
1000a3d4:	6011      	str	r1, [r2, #0]
1000a3d6:	4a11      	ldr	r2, [pc, #68]	@ (1000a41c <vTaskRemoveFromUnorderedEventList+0x84>)
1000a3d8:	6ad9      	ldr	r1, [r3, #44]	@ 0x2c
1000a3da:	6810      	ldr	r0, [r2, #0]
1000a3dc:	4281      	cmp	r1, r0
1000a3de:	d900      	bls.n	1000a3e2 <vTaskRemoveFromUnorderedEventList+0x4a>
1000a3e0:	6011      	str	r1, [r2, #0]
1000a3e2:	008a      	lsls	r2, r1, #2
1000a3e4:	480e      	ldr	r0, [pc, #56]	@ (1000a420 <vTaskRemoveFromUnorderedEventList+0x88>)
1000a3e6:	1852      	adds	r2, r2, r1
1000a3e8:	0092      	lsls	r2, r2, #2
1000a3ea:	1886      	adds	r6, r0, r2
1000a3ec:	6874      	ldr	r4, [r6, #4]
1000a3ee:	68a7      	ldr	r7, [r4, #8]
1000a3f0:	609c      	str	r4, [r3, #8]
1000a3f2:	60df      	str	r7, [r3, #12]
1000a3f4:	607d      	str	r5, [r7, #4]
1000a3f6:	60a5      	str	r5, [r4, #8]
1000a3f8:	615e      	str	r6, [r3, #20]
1000a3fa:	5883      	ldr	r3, [r0, r2]
1000a3fc:	3301      	adds	r3, #1
1000a3fe:	5083      	str	r3, [r0, r2]
1000a400:	4b08      	ldr	r3, [pc, #32]	@ (1000a424 <vTaskRemoveFromUnorderedEventList+0x8c>)
1000a402:	681b      	ldr	r3, [r3, #0]
1000a404:	6adb      	ldr	r3, [r3, #44]	@ 0x2c
1000a406:	4299      	cmp	r1, r3
1000a408:	d902      	bls.n	1000a410 <vTaskRemoveFromUnorderedEventList+0x78>
1000a40a:	2201      	movs	r2, #1
1000a40c:	4b06      	ldr	r3, [pc, #24]	@ (1000a428 <vTaskRemoveFromUnorderedEventList+0x90>)
1000a40e:	601a      	str	r2, [r3, #0]
1000a410:	bdf0      	pop	{r4, r5, r6, r7, pc}
1000a412:	6051      	str	r1, [r2, #4]
1000a414:	e7ce      	b.n	1000a3b4 <vTaskRemoveFromUnorderedEventList+0x1c>
1000a416:	6051      	str	r1, [r2, #4]
1000a418:	e7da      	b.n	1000a3d0 <vTaskRemoveFromUnorderedEventList+0x38>
1000a41a:	46c0      	nop			@ (mov r8, r8)
1000a41c:	20027c38 	.word	0x20027c38
1000a420:	20003800 	.word	0x20003800
1000a424:	200037e8 	.word	0x200037e8
1000a428:	20027d10 	.word	0x20027d10

1000a42c <vTaskInternalSetTimeOutState>:
1000a42c:	4b03      	ldr	r3, [pc, #12]	@ (1000a43c <vTaskInternalSetTimeOutState+0x10>)
1000a42e:	681b      	ldr	r3, [r3, #0]
1000a430:	6003      	str	r3, [r0, #0]
1000a432:	4b03      	ldr	r3, [pc, #12]	@ (1000a440 <vTaskInternalSetTimeOutState+0x14>)
1000a434:	681b      	ldr	r3, [r3, #0]
1000a436:	6043      	str	r3, [r0, #4]
1000a438:	4770      	bx	lr
1000a43a:	46c0      	nop			@ (mov r8, r8)
1000a43c:	20027cac 	.word	0x20027cac
1000a440:	20027d04 	.word	0x20027d04

1000a444 <xTaskCheckForTimeOut>:
1000a444:	b5f0      	push	{r4, r5, r6, r7, lr}
1000a446:	46c6      	mov	lr, r8
1000a448:	b500      	push	{lr}
1000a44a:	000e      	movs	r6, r1
1000a44c:	0007      	movs	r7, r0
1000a44e:	f7fe f947 	bl	100086e0 <vPortEnterCritical>
1000a452:	23a8      	movs	r3, #168	@ 0xa8
1000a454:	4c16      	ldr	r4, [pc, #88]	@ (1000a4b0 <xTaskCheckForTimeOut+0x6c>)
1000a456:	4a17      	ldr	r2, [pc, #92]	@ (1000a4b4 <xTaskCheckForTimeOut+0x70>)
1000a458:	6821      	ldr	r1, [r4, #0]
1000a45a:	6815      	ldr	r5, [r2, #0]
1000a45c:	33ff      	adds	r3, #255	@ 0xff
1000a45e:	5ced      	ldrb	r5, [r5, r3]
1000a460:	2d00      	cmp	r5, #0
1000a462:	d009      	beq.n	1000a478 <xTaskCheckForTimeOut+0x34>
1000a464:	2100      	movs	r1, #0
1000a466:	6812      	ldr	r2, [r2, #0]
1000a468:	54d1      	strb	r1, [r2, r3]
1000a46a:	2401      	movs	r4, #1
1000a46c:	f7fe f944 	bl	100086f8 <vPortExitCritical>
1000a470:	0020      	movs	r0, r4
1000a472:	bc80      	pop	{r7}
1000a474:	46b8      	mov	r8, r7
1000a476:	bdf0      	pop	{r4, r5, r6, r7, pc}
1000a478:	6833      	ldr	r3, [r6, #0]
1000a47a:	1c5a      	adds	r2, r3, #1
1000a47c:	d015      	beq.n	1000a4aa <xTaskCheckForTimeOut+0x66>
1000a47e:	480e      	ldr	r0, [pc, #56]	@ (1000a4b8 <xTaskCheckForTimeOut+0x74>)
1000a480:	687a      	ldr	r2, [r7, #4]
1000a482:	6805      	ldr	r5, [r0, #0]
1000a484:	46a8      	mov	r8, r5
1000a486:	683d      	ldr	r5, [r7, #0]
1000a488:	4545      	cmp	r5, r8
1000a48a:	d004      	beq.n	1000a496 <xTaskCheckForTimeOut+0x52>
1000a48c:	428a      	cmp	r2, r1
1000a48e:	d802      	bhi.n	1000a496 <xTaskCheckForTimeOut+0x52>
1000a490:	2300      	movs	r3, #0
1000a492:	6033      	str	r3, [r6, #0]
1000a494:	e7e9      	b.n	1000a46a <xTaskCheckForTimeOut+0x26>
1000a496:	1a8d      	subs	r5, r1, r2
1000a498:	42ab      	cmp	r3, r5
1000a49a:	d9f9      	bls.n	1000a490 <xTaskCheckForTimeOut+0x4c>
1000a49c:	1a5b      	subs	r3, r3, r1
1000a49e:	189b      	adds	r3, r3, r2
1000a4a0:	6033      	str	r3, [r6, #0]
1000a4a2:	6803      	ldr	r3, [r0, #0]
1000a4a4:	603b      	str	r3, [r7, #0]
1000a4a6:	6823      	ldr	r3, [r4, #0]
1000a4a8:	607b      	str	r3, [r7, #4]
1000a4aa:	2400      	movs	r4, #0
1000a4ac:	e7de      	b.n	1000a46c <xTaskCheckForTimeOut+0x28>
1000a4ae:	46c0      	nop			@ (mov r8, r8)
1000a4b0:	20027d04 	.word	0x20027d04
1000a4b4:	200037e8 	.word	0x200037e8
1000a4b8:	20027cac 	.word	0x20027cac

1000a4bc <vTaskMissedYield>:
1000a4bc:	2201      	movs	r2, #1
1000a4be:	4b01      	ldr	r3, [pc, #4]	@ (1000a4c4 <vTaskMissedYield+0x8>)
1000a4c0:	601a      	str	r2, [r3, #0]
1000a4c2:	4770      	bx	lr
1000a4c4:	20027d10 	.word	0x20027d10

1000a4c8 <xTaskGetCurrentTaskHandle>:
1000a4c8:	4b01      	ldr	r3, [pc, #4]	@ (1000a4d0 <xTaskGetCurrentTaskHandle+0x8>)
1000a4ca:	6818      	ldr	r0, [r3, #0]
1000a4cc:	4770      	bx	lr
1000a4ce:	46c0      	nop			@ (mov r8, r8)
1000a4d0:	200037e8 	.word	0x200037e8

1000a4d4 <uxTaskResetEventItemValue>:
1000a4d4:	4b04      	ldr	r3, [pc, #16]	@ (1000a4e8 <uxTaskResetEventItemValue+0x14>)
1000a4d6:	681a      	ldr	r2, [r3, #0]
1000a4d8:	6819      	ldr	r1, [r3, #0]
1000a4da:	6990      	ldr	r0, [r2, #24]
1000a4dc:	681a      	ldr	r2, [r3, #0]
1000a4de:	2318      	movs	r3, #24
1000a4e0:	6ac9      	ldr	r1, [r1, #44]	@ 0x2c
1000a4e2:	1a5b      	subs	r3, r3, r1
1000a4e4:	6193      	str	r3, [r2, #24]
1000a4e6:	4770      	bx	lr
1000a4e8:	200037e8 	.word	0x200037e8

1000a4ec <ulTaskGenericNotifyTake>:
1000a4ec:	b5f8      	push	{r3, r4, r5, r6, r7, lr}
1000a4ee:	0004      	movs	r4, r0
1000a4f0:	4647      	mov	r7, r8
1000a4f2:	46ce      	mov	lr, r9
1000a4f4:	4e27      	ldr	r6, [pc, #156]	@ (1000a594 <ulTaskGenericNotifyTake+0xa8>)
1000a4f6:	3466      	adds	r4, #102	@ 0x66
1000a4f8:	6833      	ldr	r3, [r6, #0]
1000a4fa:	4690      	mov	r8, r2
1000a4fc:	00a2      	lsls	r2, r4, #2
1000a4fe:	58d3      	ldr	r3, [r2, r3]
1000a500:	b580      	push	{r7, lr}
1000a502:	0005      	movs	r5, r0
1000a504:	000f      	movs	r7, r1
1000a506:	4691      	mov	r9, r2
1000a508:	2b00      	cmp	r3, #0
1000a50a:	d102      	bne.n	1000a512 <ulTaskGenericNotifyTake+0x26>
1000a50c:	4643      	mov	r3, r8
1000a50e:	2b00      	cmp	r3, #0
1000a510:	d11d      	bne.n	1000a54e <ulTaskGenericNotifyTake+0x62>
1000a512:	f7fe f8e5 	bl	100086e0 <vPortEnterCritical>
1000a516:	6833      	ldr	r3, [r6, #0]
1000a518:	00a4      	lsls	r4, r4, #2
1000a51a:	58e3      	ldr	r3, [r4, r3]
1000a51c:	4698      	mov	r8, r3
1000a51e:	2b00      	cmp	r3, #0
1000a520:	d004      	beq.n	1000a52c <ulTaskGenericNotifyTake+0x40>
1000a522:	6833      	ldr	r3, [r6, #0]
1000a524:	2f00      	cmp	r7, #0
1000a526:	d00e      	beq.n	1000a546 <ulTaskGenericNotifyTake+0x5a>
1000a528:	2200      	movs	r2, #0
1000a52a:	50e2      	str	r2, [r4, r3]
1000a52c:	2300      	movs	r3, #0
1000a52e:	6830      	ldr	r0, [r6, #0]
1000a530:	1940      	adds	r0, r0, r5
1000a532:	30a5      	adds	r0, #165	@ 0xa5
1000a534:	30ff      	adds	r0, #255	@ 0xff
1000a536:	7003      	strb	r3, [r0, #0]
1000a538:	f7fe f8de 	bl	100086f8 <vPortExitCritical>
1000a53c:	4640      	mov	r0, r8
1000a53e:	bcc0      	pop	{r6, r7}
1000a540:	46b9      	mov	r9, r7
1000a542:	46b0      	mov	r8, r6
1000a544:	bdf8      	pop	{r3, r4, r5, r6, r7, pc}
1000a546:	4642      	mov	r2, r8
1000a548:	3a01      	subs	r2, #1
1000a54a:	50e2      	str	r2, [r4, r3]
1000a54c:	e7ee      	b.n	1000a52c <ulTaskGenericNotifyTake+0x40>
1000a54e:	4a12      	ldr	r2, [pc, #72]	@ (1000a598 <ulTaskGenericNotifyTake+0xac>)
1000a550:	6813      	ldr	r3, [r2, #0]
1000a552:	3301      	adds	r3, #1
1000a554:	6013      	str	r3, [r2, #0]
1000a556:	f7fe f8c3 	bl	100086e0 <vPortEnterCritical>
1000a55a:	464a      	mov	r2, r9
1000a55c:	6833      	ldr	r3, [r6, #0]
1000a55e:	58d3      	ldr	r3, [r2, r3]
1000a560:	2b00      	cmp	r3, #0
1000a562:	d004      	beq.n	1000a56e <ulTaskGenericNotifyTake+0x82>
1000a564:	f7fe f8c8 	bl	100086f8 <vPortExitCritical>
1000a568:	f7ff fbc2 	bl	10009cf0 <xTaskResumeAll>
1000a56c:	e7d1      	b.n	1000a512 <ulTaskGenericNotifyTake+0x26>
1000a56e:	2201      	movs	r2, #1
1000a570:	6833      	ldr	r3, [r6, #0]
1000a572:	195b      	adds	r3, r3, r5
1000a574:	33a5      	adds	r3, #165	@ 0xa5
1000a576:	33ff      	adds	r3, #255	@ 0xff
1000a578:	701a      	strb	r2, [r3, #0]
1000a57a:	f7fe f8bd 	bl	100086f8 <vPortExitCritical>
1000a57e:	2101      	movs	r1, #1
1000a580:	4640      	mov	r0, r8
1000a582:	f7ff f935 	bl	100097f0 <prvAddCurrentTaskToDelayedList>
1000a586:	f7ff fbb3 	bl	10009cf0 <xTaskResumeAll>
1000a58a:	2800      	cmp	r0, #0
1000a58c:	d1c1      	bne.n	1000a512 <ulTaskGenericNotifyTake+0x26>
1000a58e:	f7fe f89b 	bl	100086c8 <vPortYield>
1000a592:	e7be      	b.n	1000a512 <ulTaskGenericNotifyTake+0x26>
1000a594:	200037e8 	.word	0x200037e8
1000a598:	20027c30 	.word	0x20027c30

1000a59c <vTaskGenericNotifyGiveFromISR>:
1000a59c:	b5f8      	push	{r3, r4, r5, r6, r7, lr}
1000a59e:	46ce      	mov	lr, r9
1000a5a0:	4647      	mov	r7, r8
1000a5a2:	000c      	movs	r4, r1
1000a5a4:	0005      	movs	r5, r0
1000a5a6:	b580      	push	{r7, lr}
1000a5a8:	0016      	movs	r6, r2
1000a5aa:	f7fe f8af 	bl	1000870c <ulSetInterruptMaskFromISR>
1000a5ae:	2202      	movs	r2, #2
1000a5b0:	192b      	adds	r3, r5, r4
1000a5b2:	33a5      	adds	r3, #165	@ 0xa5
1000a5b4:	33ff      	adds	r3, #255	@ 0xff
1000a5b6:	7819      	ldrb	r1, [r3, #0]
1000a5b8:	00a4      	lsls	r4, r4, #2
1000a5ba:	701a      	strb	r2, [r3, #0]
1000a5bc:	3297      	adds	r2, #151	@ 0x97
1000a5be:	192c      	adds	r4, r5, r4
1000a5c0:	32ff      	adds	r2, #255	@ 0xff
1000a5c2:	58a3      	ldr	r3, [r4, r2]
1000a5c4:	3301      	adds	r3, #1
1000a5c6:	50a3      	str	r3, [r4, r2]
1000a5c8:	2901      	cmp	r1, #1
1000a5ca:	d005      	beq.n	1000a5d8 <vTaskGenericNotifyGiveFromISR+0x3c>
1000a5cc:	f7fe f8a2 	bl	10008714 <vClearInterruptMaskFromISR>
1000a5d0:	bcc0      	pop	{r6, r7}
1000a5d2:	46b9      	mov	r9, r7
1000a5d4:	46b0      	mov	r8, r6
1000a5d6:	bdf8      	pop	{r3, r4, r5, r6, r7, pc}
1000a5d8:	4b22      	ldr	r3, [pc, #136]	@ (1000a664 <vTaskGenericNotifyGiveFromISR+0xc8>)
1000a5da:	6aea      	ldr	r2, [r5, #44]	@ 0x2c
1000a5dc:	681b      	ldr	r3, [r3, #0]
1000a5de:	2b00      	cmp	r3, #0
1000a5e0:	d019      	beq.n	1000a616 <vTaskGenericNotifyGiveFromISR+0x7a>
1000a5e2:	002c      	movs	r4, r5
1000a5e4:	4b20      	ldr	r3, [pc, #128]	@ (1000a668 <vTaskGenericNotifyGiveFromISR+0xcc>)
1000a5e6:	3418      	adds	r4, #24
1000a5e8:	6859      	ldr	r1, [r3, #4]
1000a5ea:	688f      	ldr	r7, [r1, #8]
1000a5ec:	61e9      	str	r1, [r5, #28]
1000a5ee:	622f      	str	r7, [r5, #32]
1000a5f0:	607c      	str	r4, [r7, #4]
1000a5f2:	608c      	str	r4, [r1, #8]
1000a5f4:	6819      	ldr	r1, [r3, #0]
1000a5f6:	62ab      	str	r3, [r5, #40]	@ 0x28
1000a5f8:	3101      	adds	r1, #1
1000a5fa:	6019      	str	r1, [r3, #0]
1000a5fc:	4b1b      	ldr	r3, [pc, #108]	@ (1000a66c <vTaskGenericNotifyGiveFromISR+0xd0>)
1000a5fe:	681b      	ldr	r3, [r3, #0]
1000a600:	6adb      	ldr	r3, [r3, #44]	@ 0x2c
1000a602:	4293      	cmp	r3, r2
1000a604:	d2e2      	bcs.n	1000a5cc <vTaskGenericNotifyGiveFromISR+0x30>
1000a606:	2e00      	cmp	r6, #0
1000a608:	d001      	beq.n	1000a60e <vTaskGenericNotifyGiveFromISR+0x72>
1000a60a:	2301      	movs	r3, #1
1000a60c:	6033      	str	r3, [r6, #0]
1000a60e:	2201      	movs	r2, #1
1000a610:	4b17      	ldr	r3, [pc, #92]	@ (1000a670 <vTaskGenericNotifyGiveFromISR+0xd4>)
1000a612:	601a      	str	r2, [r3, #0]
1000a614:	e7da      	b.n	1000a5cc <vTaskGenericNotifyGiveFromISR+0x30>
1000a616:	696b      	ldr	r3, [r5, #20]
1000a618:	68ac      	ldr	r4, [r5, #8]
1000a61a:	68e9      	ldr	r1, [r5, #12]
1000a61c:	1d2f      	adds	r7, r5, #4
1000a61e:	60a1      	str	r1, [r4, #8]
1000a620:	604c      	str	r4, [r1, #4]
1000a622:	685c      	ldr	r4, [r3, #4]
1000a624:	42bc      	cmp	r4, r7
1000a626:	d01b      	beq.n	1000a660 <vTaskGenericNotifyGiveFromISR+0xc4>
1000a628:	6819      	ldr	r1, [r3, #0]
1000a62a:	3901      	subs	r1, #1
1000a62c:	6019      	str	r1, [r3, #0]
1000a62e:	4b11      	ldr	r3, [pc, #68]	@ (1000a674 <vTaskGenericNotifyGiveFromISR+0xd8>)
1000a630:	6819      	ldr	r1, [r3, #0]
1000a632:	4291      	cmp	r1, r2
1000a634:	d200      	bcs.n	1000a638 <vTaskGenericNotifyGiveFromISR+0x9c>
1000a636:	601a      	str	r2, [r3, #0]
1000a638:	0093      	lsls	r3, r2, #2
1000a63a:	490f      	ldr	r1, [pc, #60]	@ (1000a678 <vTaskGenericNotifyGiveFromISR+0xdc>)
1000a63c:	189b      	adds	r3, r3, r2
1000a63e:	009b      	lsls	r3, r3, #2
1000a640:	18cc      	adds	r4, r1, r3
1000a642:	46a4      	mov	ip, r4
1000a644:	6864      	ldr	r4, [r4, #4]
1000a646:	4699      	mov	r9, r3
1000a648:	68a3      	ldr	r3, [r4, #8]
1000a64a:	60ac      	str	r4, [r5, #8]
1000a64c:	60eb      	str	r3, [r5, #12]
1000a64e:	605f      	str	r7, [r3, #4]
1000a650:	4663      	mov	r3, ip
1000a652:	60a7      	str	r7, [r4, #8]
1000a654:	616b      	str	r3, [r5, #20]
1000a656:	464b      	mov	r3, r9
1000a658:	58cc      	ldr	r4, [r1, r3]
1000a65a:	3401      	adds	r4, #1
1000a65c:	50cc      	str	r4, [r1, r3]
1000a65e:	e7cd      	b.n	1000a5fc <vTaskGenericNotifyGiveFromISR+0x60>
1000a660:	6059      	str	r1, [r3, #4]
1000a662:	e7e1      	b.n	1000a628 <vTaskGenericNotifyGiveFromISR+0x8c>
1000a664:	20027c30 	.word	0x20027c30
1000a668:	20027cbc 	.word	0x20027cbc
1000a66c:	200037e8 	.word	0x200037e8
1000a670:	20027d10 	.word	0x20027d10
1000a674:	20027c38 	.word	0x20027c38
1000a678:	20003800 	.word	0x20003800

1000a67c <prvTimerTask>:
1000a67c:	b5f0      	push	{r4, r5, r6, r7, lr}
1000a67e:	4657      	mov	r7, sl
1000a680:	46de      	mov	lr, fp
1000a682:	464e      	mov	r6, r9
1000a684:	4645      	mov	r5, r8
1000a686:	b5e0      	push	{r5, r6, r7, lr}
1000a688:	4bce      	ldr	r3, [pc, #824]	@ (1000a9c4 <prvTimerTask+0x348>)
1000a68a:	b08b      	sub	sp, #44	@ 0x2c
1000a68c:	4698      	mov	r8, r3
1000a68e:	4bce      	ldr	r3, [pc, #824]	@ (1000a9c8 <prvTimerTask+0x34c>)
1000a690:	af06      	add	r7, sp, #24
1000a692:	9301      	str	r3, [sp, #4]
1000a694:	4bcd      	ldr	r3, [pc, #820]	@ (1000a9cc <prvTimerTask+0x350>)
1000a696:	469b      	mov	fp, r3
1000a698:	4bcd      	ldr	r3, [pc, #820]	@ (1000a9d0 <prvTimerTask+0x354>)
1000a69a:	4699      	mov	r9, r3
1000a69c:	4bcd      	ldr	r3, [pc, #820]	@ (1000a9d4 <prvTimerTask+0x358>)
1000a69e:	464c      	mov	r4, r9
1000a6a0:	9302      	str	r3, [sp, #8]
1000a6a2:	2324      	movs	r3, #36	@ 0x24
1000a6a4:	46d9      	mov	r9, fp
1000a6a6:	469a      	mov	sl, r3
1000a6a8:	46c3      	mov	fp, r8
1000a6aa:	465b      	mov	r3, fp
1000a6ac:	681b      	ldr	r3, [r3, #0]
1000a6ae:	681d      	ldr	r5, [r3, #0]
1000a6b0:	2d00      	cmp	r5, #0
1000a6b2:	d000      	beq.n	1000a6b6 <prvTimerTask+0x3a>
1000a6b4:	e0e1      	b.n	1000a87a <prvTimerTask+0x1fe>
1000a6b6:	f7ff fb13 	bl	10009ce0 <vTaskSuspendAll>
1000a6ba:	f7ff fc7b 	bl	10009fb4 <xTaskGetTickCount>
1000a6be:	9a01      	ldr	r2, [sp, #4]
1000a6c0:	4680      	mov	r8, r0
1000a6c2:	6813      	ldr	r3, [r2, #0]
1000a6c4:	4283      	cmp	r3, r0
1000a6c6:	d900      	bls.n	1000a6ca <prvTimerTask+0x4e>
1000a6c8:	e0e7      	b.n	1000a89a <prvTimerTask+0x21e>
1000a6ca:	464b      	mov	r3, r9
1000a6cc:	681b      	ldr	r3, [r3, #0]
1000a6ce:	6010      	str	r0, [r2, #0]
1000a6d0:	681a      	ldr	r2, [r3, #0]
1000a6d2:	4253      	negs	r3, r2
1000a6d4:	415a      	adcs	r2, r3
1000a6d6:	4643      	mov	r3, r8
1000a6d8:	6820      	ldr	r0, [r4, #0]
1000a6da:	1ae9      	subs	r1, r5, r3
1000a6dc:	f7fe ff90 	bl	10009600 <vQueueWaitForMessageRestricted>
1000a6e0:	f7ff fb06 	bl	10009cf0 <xTaskResumeAll>
1000a6e4:	2800      	cmp	r0, #0
1000a6e6:	d100      	bne.n	1000a6ea <prvTimerTask+0x6e>
1000a6e8:	e12b      	b.n	1000a942 <prvTimerTask+0x2c6>
1000a6ea:	2210      	movs	r2, #16
1000a6ec:	2100      	movs	r1, #0
1000a6ee:	0038      	movs	r0, r7
1000a6f0:	f7f9 fc92 	bl	10004018 <__wrap_memset>
1000a6f4:	2200      	movs	r2, #0
1000a6f6:	0039      	movs	r1, r7
1000a6f8:	6820      	ldr	r0, [r4, #0]
1000a6fa:	f7fe fd73 	bl	100091e4 <xQueueReceive>
1000a6fe:	2800      	cmp	r0, #0
1000a700:	d0d3      	beq.n	1000a6aa <prvTimerTask+0x2e>
1000a702:	683b      	ldr	r3, [r7, #0]
1000a704:	2b00      	cmp	r3, #0
1000a706:	db5a      	blt.n	1000a7be <prvTimerTask+0x142>
1000a708:	68bd      	ldr	r5, [r7, #8]
1000a70a:	2d00      	cmp	r5, #0
1000a70c:	d0f2      	beq.n	1000a6f4 <prvTimerTask+0x78>
1000a70e:	696b      	ldr	r3, [r5, #20]
1000a710:	2b00      	cmp	r3, #0
1000a712:	d002      	beq.n	1000a71a <prvTimerTask+0x9e>
1000a714:	1d28      	adds	r0, r5, #4
1000a716:	f7fe fae9 	bl	10008cec <uxListRemove>
1000a71a:	f7ff fc4b 	bl	10009fb4 <xTaskGetTickCount>
1000a71e:	9b01      	ldr	r3, [sp, #4]
1000a720:	0006      	movs	r6, r0
1000a722:	681b      	ldr	r3, [r3, #0]
1000a724:	4298      	cmp	r0, r3
1000a726:	d352      	bcc.n	1000a7ce <prvTimerTask+0x152>
1000a728:	9b01      	ldr	r3, [sp, #4]
1000a72a:	601e      	str	r6, [r3, #0]
1000a72c:	683b      	ldr	r3, [r7, #0]
1000a72e:	2b09      	cmp	r3, #9
1000a730:	d8e0      	bhi.n	1000a6f4 <prvTimerTask+0x78>
1000a732:	9a02      	ldr	r2, [sp, #8]
1000a734:	009b      	lsls	r3, r3, #2
1000a736:	58d3      	ldr	r3, [r2, r3]
1000a738:	469f      	mov	pc, r3
1000a73a:	4653      	mov	r3, sl
1000a73c:	5ce8      	ldrb	r0, [r5, r3]
1000a73e:	2301      	movs	r3, #1
1000a740:	4652      	mov	r2, sl
1000a742:	4303      	orrs	r3, r0
1000a744:	54ab      	strb	r3, [r5, r2]
1000a746:	6879      	ldr	r1, [r7, #4]
1000a748:	69aa      	ldr	r2, [r5, #24]
1000a74a:	612d      	str	r5, [r5, #16]
1000a74c:	188b      	adds	r3, r1, r2
1000a74e:	606b      	str	r3, [r5, #4]
1000a750:	42b3      	cmp	r3, r6
1000a752:	d900      	bls.n	1000a756 <prvTimerTask+0xda>
1000a754:	e086      	b.n	1000a864 <prvTimerTask+0x1e8>
1000a756:	1a71      	subs	r1, r6, r1
1000a758:	428a      	cmp	r2, r1
1000a75a:	d819      	bhi.n	1000a790 <prvTimerTask+0x114>
1000a75c:	0741      	lsls	r1, r0, #29
1000a75e:	d500      	bpl.n	1000a762 <prvTimerTask+0xe6>
1000a760:	e0f2      	b.n	1000a948 <prvTimerTask+0x2cc>
1000a762:	2301      	movs	r3, #1
1000a764:	4398      	bics	r0, r3
1000a766:	4653      	mov	r3, sl
1000a768:	54e8      	strb	r0, [r5, r3]
1000a76a:	0028      	movs	r0, r5
1000a76c:	6a2b      	ldr	r3, [r5, #32]
1000a76e:	4798      	blx	r3
1000a770:	e7c0      	b.n	1000a6f4 <prvTimerTask+0x78>
1000a772:	4653      	mov	r3, sl
1000a774:	2201      	movs	r2, #1
1000a776:	5ceb      	ldrb	r3, [r5, r3]
1000a778:	4313      	orrs	r3, r2
1000a77a:	4652      	mov	r2, sl
1000a77c:	54ab      	strb	r3, [r5, r2]
1000a77e:	687b      	ldr	r3, [r7, #4]
1000a780:	612d      	str	r5, [r5, #16]
1000a782:	199a      	adds	r2, r3, r6
1000a784:	61ab      	str	r3, [r5, #24]
1000a786:	606a      	str	r2, [r5, #4]
1000a788:	42b2      	cmp	r2, r6
1000a78a:	d870      	bhi.n	1000a86e <prvTimerTask+0x1f2>
1000a78c:	2b00      	cmp	r3, #0
1000a78e:	d0b1      	beq.n	1000a6f4 <prvTimerTask+0x78>
1000a790:	464b      	mov	r3, r9
1000a792:	1d29      	adds	r1, r5, #4
1000a794:	6818      	ldr	r0, [r3, #0]
1000a796:	f7fe fa91 	bl	10008cbc <vListInsert>
1000a79a:	e7ab      	b.n	1000a6f4 <prvTimerTask+0x78>
1000a79c:	4653      	mov	r3, sl
1000a79e:	2201      	movs	r2, #1
1000a7a0:	5ceb      	ldrb	r3, [r5, r3]
1000a7a2:	4393      	bics	r3, r2
1000a7a4:	4652      	mov	r2, sl
1000a7a6:	54ab      	strb	r3, [r5, r2]
1000a7a8:	e7a4      	b.n	1000a6f4 <prvTimerTask+0x78>
1000a7aa:	4653      	mov	r3, sl
1000a7ac:	5ceb      	ldrb	r3, [r5, r3]
1000a7ae:	079a      	lsls	r2, r3, #30
1000a7b0:	d400      	bmi.n	1000a7b4 <prvTimerTask+0x138>
1000a7b2:	e0c2      	b.n	1000a93a <prvTimerTask+0x2be>
1000a7b4:	2201      	movs	r2, #1
1000a7b6:	4393      	bics	r3, r2
1000a7b8:	4652      	mov	r2, sl
1000a7ba:	54ab      	strb	r3, [r5, r2]
1000a7bc:	e79a      	b.n	1000a6f4 <prvTimerTask+0x78>
1000a7be:	687b      	ldr	r3, [r7, #4]
1000a7c0:	68f9      	ldr	r1, [r7, #12]
1000a7c2:	68b8      	ldr	r0, [r7, #8]
1000a7c4:	4798      	blx	r3
1000a7c6:	683b      	ldr	r3, [r7, #0]
1000a7c8:	2b00      	cmp	r3, #0
1000a7ca:	db93      	blt.n	1000a6f4 <prvTimerTask+0x78>
1000a7cc:	e79c      	b.n	1000a708 <prvTimerTask+0x8c>
1000a7ce:	465b      	mov	r3, fp
1000a7d0:	681b      	ldr	r3, [r3, #0]
1000a7d2:	681a      	ldr	r2, [r3, #0]
1000a7d4:	2a00      	cmp	r2, #0
1000a7d6:	d03e      	beq.n	1000a856 <prvTimerTask+0x1da>
1000a7d8:	9503      	str	r5, [sp, #12]
1000a7da:	9004      	str	r0, [sp, #16]
1000a7dc:	9405      	str	r4, [sp, #20]
1000a7de:	e00b      	b.n	1000a7f8 <prvTimerTask+0x17c>
1000a7e0:	2201      	movs	r2, #1
1000a7e2:	4393      	bics	r3, r2
1000a7e4:	4652      	mov	r2, sl
1000a7e6:	54a3      	strb	r3, [r4, r2]
1000a7e8:	6a23      	ldr	r3, [r4, #32]
1000a7ea:	0020      	movs	r0, r4
1000a7ec:	4798      	blx	r3
1000a7ee:	465b      	mov	r3, fp
1000a7f0:	681b      	ldr	r3, [r3, #0]
1000a7f2:	681a      	ldr	r2, [r3, #0]
1000a7f4:	2a00      	cmp	r2, #0
1000a7f6:	d02b      	beq.n	1000a850 <prvTimerTask+0x1d4>
1000a7f8:	68db      	ldr	r3, [r3, #12]
1000a7fa:	68dc      	ldr	r4, [r3, #12]
1000a7fc:	681e      	ldr	r6, [r3, #0]
1000a7fe:	1d23      	adds	r3, r4, #4
1000a800:	0018      	movs	r0, r3
1000a802:	4698      	mov	r8, r3
1000a804:	f7fe fa72 	bl	10008cec <uxListRemove>
1000a808:	4653      	mov	r3, sl
1000a80a:	2204      	movs	r2, #4
1000a80c:	5ce3      	ldrb	r3, [r4, r3]
1000a80e:	421a      	tst	r2, r3
1000a810:	d0e6      	beq.n	1000a7e0 <prvTimerTask+0x164>
1000a812:	69a3      	ldr	r3, [r4, #24]
1000a814:	6124      	str	r4, [r4, #16]
1000a816:	18f5      	adds	r5, r6, r3
1000a818:	43f6      	mvns	r6, r6
1000a81a:	6065      	str	r5, [r4, #4]
1000a81c:	429e      	cmp	r6, r3
1000a81e:	d30a      	bcc.n	1000a836 <prvTimerTask+0x1ba>
1000a820:	002e      	movs	r6, r5
1000a822:	43f6      	mvns	r6, r6
1000a824:	6a23      	ldr	r3, [r4, #32]
1000a826:	0020      	movs	r0, r4
1000a828:	4798      	blx	r3
1000a82a:	69a3      	ldr	r3, [r4, #24]
1000a82c:	6124      	str	r4, [r4, #16]
1000a82e:	18ed      	adds	r5, r5, r3
1000a830:	6065      	str	r5, [r4, #4]
1000a832:	42b3      	cmp	r3, r6
1000a834:	d9f4      	bls.n	1000a820 <prvTimerTask+0x1a4>
1000a836:	464b      	mov	r3, r9
1000a838:	4641      	mov	r1, r8
1000a83a:	6818      	ldr	r0, [r3, #0]
1000a83c:	f7fe fa3e 	bl	10008cbc <vListInsert>
1000a840:	6a23      	ldr	r3, [r4, #32]
1000a842:	0020      	movs	r0, r4
1000a844:	4798      	blx	r3
1000a846:	465b      	mov	r3, fp
1000a848:	681b      	ldr	r3, [r3, #0]
1000a84a:	681a      	ldr	r2, [r3, #0]
1000a84c:	2a00      	cmp	r2, #0
1000a84e:	d1d3      	bne.n	1000a7f8 <prvTimerTask+0x17c>
1000a850:	9d03      	ldr	r5, [sp, #12]
1000a852:	9e04      	ldr	r6, [sp, #16]
1000a854:	9c05      	ldr	r4, [sp, #20]
1000a856:	464a      	mov	r2, r9
1000a858:	4659      	mov	r1, fp
1000a85a:	6812      	ldr	r2, [r2, #0]
1000a85c:	600a      	str	r2, [r1, #0]
1000a85e:	464a      	mov	r2, r9
1000a860:	6013      	str	r3, [r2, #0]
1000a862:	e761      	b.n	1000a728 <prvTimerTask+0xac>
1000a864:	42b1      	cmp	r1, r6
1000a866:	d902      	bls.n	1000a86e <prvTimerTask+0x1f2>
1000a868:	4299      	cmp	r1, r3
1000a86a:	d800      	bhi.n	1000a86e <prvTimerTask+0x1f2>
1000a86c:	e776      	b.n	1000a75c <prvTimerTask+0xe0>
1000a86e:	465b      	mov	r3, fp
1000a870:	1d29      	adds	r1, r5, #4
1000a872:	6818      	ldr	r0, [r3, #0]
1000a874:	f7fe fa22 	bl	10008cbc <vListInsert>
1000a878:	e73c      	b.n	1000a6f4 <prvTimerTask+0x78>
1000a87a:	68db      	ldr	r3, [r3, #12]
1000a87c:	681d      	ldr	r5, [r3, #0]
1000a87e:	f7ff fa2f 	bl	10009ce0 <vTaskSuspendAll>
1000a882:	f7ff fb97 	bl	10009fb4 <xTaskGetTickCount>
1000a886:	9a01      	ldr	r2, [sp, #4]
1000a888:	4680      	mov	r8, r0
1000a88a:	6813      	ldr	r3, [r2, #0]
1000a88c:	4298      	cmp	r0, r3
1000a88e:	d304      	bcc.n	1000a89a <prvTimerTask+0x21e>
1000a890:	6010      	str	r0, [r2, #0]
1000a892:	4285      	cmp	r5, r0
1000a894:	d97a      	bls.n	1000a98c <prvTimerTask+0x310>
1000a896:	2200      	movs	r2, #0
1000a898:	e71d      	b.n	1000a6d6 <prvTimerTask+0x5a>
1000a89a:	465b      	mov	r3, fp
1000a89c:	681b      	ldr	r3, [r3, #0]
1000a89e:	681a      	ldr	r2, [r3, #0]
1000a8a0:	2a00      	cmp	r2, #0
1000a8a2:	d03e      	beq.n	1000a922 <prvTimerTask+0x2a6>
1000a8a4:	4642      	mov	r2, r8
1000a8a6:	9404      	str	r4, [sp, #16]
1000a8a8:	9203      	str	r2, [sp, #12]
1000a8aa:	e00b      	b.n	1000a8c4 <prvTimerTask+0x248>
1000a8ac:	2201      	movs	r2, #1
1000a8ae:	4393      	bics	r3, r2
1000a8b0:	4652      	mov	r2, sl
1000a8b2:	54a3      	strb	r3, [r4, r2]
1000a8b4:	6a23      	ldr	r3, [r4, #32]
1000a8b6:	0020      	movs	r0, r4
1000a8b8:	4798      	blx	r3
1000a8ba:	465b      	mov	r3, fp
1000a8bc:	681b      	ldr	r3, [r3, #0]
1000a8be:	681a      	ldr	r2, [r3, #0]
1000a8c0:	2a00      	cmp	r2, #0
1000a8c2:	d02b      	beq.n	1000a91c <prvTimerTask+0x2a0>
1000a8c4:	68db      	ldr	r3, [r3, #12]
1000a8c6:	68dc      	ldr	r4, [r3, #12]
1000a8c8:	681e      	ldr	r6, [r3, #0]
1000a8ca:	1d23      	adds	r3, r4, #4
1000a8cc:	0018      	movs	r0, r3
1000a8ce:	4698      	mov	r8, r3
1000a8d0:	f7fe fa0c 	bl	10008cec <uxListRemove>
1000a8d4:	4653      	mov	r3, sl
1000a8d6:	2204      	movs	r2, #4
1000a8d8:	5ce3      	ldrb	r3, [r4, r3]
1000a8da:	421a      	tst	r2, r3
1000a8dc:	d0e6      	beq.n	1000a8ac <prvTimerTask+0x230>
1000a8de:	69a3      	ldr	r3, [r4, #24]
1000a8e0:	6124      	str	r4, [r4, #16]
1000a8e2:	18f5      	adds	r5, r6, r3
1000a8e4:	43f6      	mvns	r6, r6
1000a8e6:	6065      	str	r5, [r4, #4]
1000a8e8:	429e      	cmp	r6, r3
1000a8ea:	d30a      	bcc.n	1000a902 <prvTimerTask+0x286>
1000a8ec:	002e      	movs	r6, r5
1000a8ee:	43f6      	mvns	r6, r6
1000a8f0:	6a23      	ldr	r3, [r4, #32]
1000a8f2:	0020      	movs	r0, r4
1000a8f4:	4798      	blx	r3
1000a8f6:	69a3      	ldr	r3, [r4, #24]
1000a8f8:	6124      	str	r4, [r4, #16]
1000a8fa:	18ed      	adds	r5, r5, r3
1000a8fc:	6065      	str	r5, [r4, #4]
1000a8fe:	42b3      	cmp	r3, r6
1000a900:	d9f4      	bls.n	1000a8ec <prvTimerTask+0x270>
1000a902:	464b      	mov	r3, r9
1000a904:	4641      	mov	r1, r8
1000a906:	6818      	ldr	r0, [r3, #0]
1000a908:	f7fe f9d8 	bl	10008cbc <vListInsert>
1000a90c:	6a23      	ldr	r3, [r4, #32]
1000a90e:	0020      	movs	r0, r4
1000a910:	4798      	blx	r3
1000a912:	465b      	mov	r3, fp
1000a914:	681b      	ldr	r3, [r3, #0]
1000a916:	681a      	ldr	r2, [r3, #0]
1000a918:	2a00      	cmp	r2, #0
1000a91a:	d1d3      	bne.n	1000a8c4 <prvTimerTask+0x248>
1000a91c:	9a03      	ldr	r2, [sp, #12]
1000a91e:	9c04      	ldr	r4, [sp, #16]
1000a920:	4690      	mov	r8, r2
1000a922:	464a      	mov	r2, r9
1000a924:	4659      	mov	r1, fp
1000a926:	6812      	ldr	r2, [r2, #0]
1000a928:	600a      	str	r2, [r1, #0]
1000a92a:	464a      	mov	r2, r9
1000a92c:	6013      	str	r3, [r2, #0]
1000a92e:	4642      	mov	r2, r8
1000a930:	9b01      	ldr	r3, [sp, #4]
1000a932:	601a      	str	r2, [r3, #0]
1000a934:	f7ff f9dc 	bl	10009cf0 <xTaskResumeAll>
1000a938:	e6d7      	b.n	1000a6ea <prvTimerTask+0x6e>
1000a93a:	0028      	movs	r0, r5
1000a93c:	f000 f97e 	bl	1000ac3c <vPortFree>
1000a940:	e6d8      	b.n	1000a6f4 <prvTimerTask+0x78>
1000a942:	f7fd fec1 	bl	100086c8 <vPortYield>
1000a946:	e6d0      	b.n	1000a6ea <prvTimerTask+0x6e>
1000a948:	46a0      	mov	r8, r4
1000a94a:	0034      	movs	r4, r6
1000a94c:	e007      	b.n	1000a95e <prvTimerTask+0x2e2>
1000a94e:	1ae3      	subs	r3, r4, r3
1000a950:	429a      	cmp	r2, r3
1000a952:	d814      	bhi.n	1000a97e <prvTimerTask+0x302>
1000a954:	6a2b      	ldr	r3, [r5, #32]
1000a956:	0028      	movs	r0, r5
1000a958:	4798      	blx	r3
1000a95a:	0033      	movs	r3, r6
1000a95c:	69aa      	ldr	r2, [r5, #24]
1000a95e:	18d6      	adds	r6, r2, r3
1000a960:	606e      	str	r6, [r5, #4]
1000a962:	612d      	str	r5, [r5, #16]
1000a964:	42b4      	cmp	r4, r6
1000a966:	d2f2      	bcs.n	1000a94e <prvTimerTask+0x2d2>
1000a968:	429c      	cmp	r4, r3
1000a96a:	d201      	bcs.n	1000a970 <prvTimerTask+0x2f4>
1000a96c:	42b3      	cmp	r3, r6
1000a96e:	d9f1      	bls.n	1000a954 <prvTimerTask+0x2d8>
1000a970:	465b      	mov	r3, fp
1000a972:	1d29      	adds	r1, r5, #4
1000a974:	6818      	ldr	r0, [r3, #0]
1000a976:	4644      	mov	r4, r8
1000a978:	f7fe f9a0 	bl	10008cbc <vListInsert>
1000a97c:	e6f5      	b.n	1000a76a <prvTimerTask+0xee>
1000a97e:	464b      	mov	r3, r9
1000a980:	1d29      	adds	r1, r5, #4
1000a982:	6818      	ldr	r0, [r3, #0]
1000a984:	4644      	mov	r4, r8
1000a986:	f7fe f999 	bl	10008cbc <vListInsert>
1000a98a:	e6ee      	b.n	1000a76a <prvTimerTask+0xee>
1000a98c:	f7ff f9b0 	bl	10009cf0 <xTaskResumeAll>
1000a990:	465b      	mov	r3, fp
1000a992:	681b      	ldr	r3, [r3, #0]
1000a994:	68db      	ldr	r3, [r3, #12]
1000a996:	68de      	ldr	r6, [r3, #12]
1000a998:	1d33      	adds	r3, r6, #4
1000a99a:	0018      	movs	r0, r3
1000a99c:	9303      	str	r3, [sp, #12]
1000a99e:	f7fe f9a5 	bl	10008cec <uxListRemove>
1000a9a2:	4653      	mov	r3, sl
1000a9a4:	5cf3      	ldrb	r3, [r6, r3]
1000a9a6:	075a      	lsls	r2, r3, #29
1000a9a8:	d407      	bmi.n	1000a9ba <prvTimerTask+0x33e>
1000a9aa:	2201      	movs	r2, #1
1000a9ac:	4393      	bics	r3, r2
1000a9ae:	4652      	mov	r2, sl
1000a9b0:	54b3      	strb	r3, [r6, r2]
1000a9b2:	0030      	movs	r0, r6
1000a9b4:	6a33      	ldr	r3, [r6, #32]
1000a9b6:	4798      	blx	r3
1000a9b8:	e697      	b.n	1000a6ea <prvTimerTask+0x6e>
1000a9ba:	0022      	movs	r2, r4
1000a9bc:	002b      	movs	r3, r5
1000a9be:	4644      	mov	r4, r8
1000a9c0:	4690      	mov	r8, r2
1000a9c2:	e010      	b.n	1000a9e6 <prvTimerTask+0x36a>
1000a9c4:	200037ec 	.word	0x200037ec
1000a9c8:	20027ca0 	.word	0x20027ca0
1000a9cc:	200037fc 	.word	0x200037fc
1000a9d0:	20027d08 	.word	0x20027d08
1000a9d4:	1000ca18 	.word	0x1000ca18
1000a9d8:	1ae3      	subs	r3, r4, r3
1000a9da:	429a      	cmp	r2, r3
1000a9dc:	d814      	bhi.n	1000aa08 <prvTimerTask+0x38c>
1000a9de:	6a33      	ldr	r3, [r6, #32]
1000a9e0:	0030      	movs	r0, r6
1000a9e2:	4798      	blx	r3
1000a9e4:	002b      	movs	r3, r5
1000a9e6:	69b2      	ldr	r2, [r6, #24]
1000a9e8:	6136      	str	r6, [r6, #16]
1000a9ea:	189d      	adds	r5, r3, r2
1000a9ec:	6075      	str	r5, [r6, #4]
1000a9ee:	42a5      	cmp	r5, r4
1000a9f0:	d9f2      	bls.n	1000a9d8 <prvTimerTask+0x35c>
1000a9f2:	42a3      	cmp	r3, r4
1000a9f4:	d901      	bls.n	1000a9fa <prvTimerTask+0x37e>
1000a9f6:	42ab      	cmp	r3, r5
1000a9f8:	d9f1      	bls.n	1000a9de <prvTimerTask+0x362>
1000a9fa:	465b      	mov	r3, fp
1000a9fc:	9903      	ldr	r1, [sp, #12]
1000a9fe:	6818      	ldr	r0, [r3, #0]
1000aa00:	4644      	mov	r4, r8
1000aa02:	f7fe f95b 	bl	10008cbc <vListInsert>
1000aa06:	e7d4      	b.n	1000a9b2 <prvTimerTask+0x336>
1000aa08:	464b      	mov	r3, r9
1000aa0a:	9903      	ldr	r1, [sp, #12]
1000aa0c:	6818      	ldr	r0, [r3, #0]
1000aa0e:	4644      	mov	r4, r8
1000aa10:	f7fe f954 	bl	10008cbc <vListInsert>
1000aa14:	e7cd      	b.n	1000a9b2 <prvTimerTask+0x336>
1000aa16:	46c0      	nop			@ (mov r8, r8)

1000aa18 <xTimerCreateTimerTask>:
1000aa18:	b570      	push	{r4, r5, r6, lr}
1000aa1a:	b082      	sub	sp, #8
1000aa1c:	f7fd fe60 	bl	100086e0 <vPortEnterCritical>
1000aa20:	4c17      	ldr	r4, [pc, #92]	@ (1000aa80 <xTimerCreateTimerTask+0x68>)
1000aa22:	6823      	ldr	r3, [r4, #0]
1000aa24:	2b00      	cmp	r3, #0
1000aa26:	d012      	beq.n	1000aa4e <xTimerCreateTimerTask+0x36>
1000aa28:	f7fd fe66 	bl	100086f8 <vPortExitCritical>
1000aa2c:	6823      	ldr	r3, [r4, #0]
1000aa2e:	2000      	movs	r0, #0
1000aa30:	2b00      	cmp	r3, #0
1000aa32:	d00a      	beq.n	1000aa4a <xTimerCreateTimerTask+0x32>
1000aa34:	4b13      	ldr	r3, [pc, #76]	@ (1000aa84 <xTimerCreateTimerTask+0x6c>)
1000aa36:	2280      	movs	r2, #128	@ 0x80
1000aa38:	9301      	str	r3, [sp, #4]
1000aa3a:	2317      	movs	r3, #23
1000aa3c:	4912      	ldr	r1, [pc, #72]	@ (1000aa88 <xTimerCreateTimerTask+0x70>)
1000aa3e:	9300      	str	r3, [sp, #0]
1000aa40:	4812      	ldr	r0, [pc, #72]	@ (1000aa8c <xTimerCreateTimerTask+0x74>)
1000aa42:	2300      	movs	r3, #0
1000aa44:	00d2      	lsls	r2, r2, #3
1000aa46:	f7ff f8f5 	bl	10009c34 <xTaskCreate>
1000aa4a:	b002      	add	sp, #8
1000aa4c:	bd70      	pop	{r4, r5, r6, pc}
1000aa4e:	4e10      	ldr	r6, [pc, #64]	@ (1000aa90 <xTimerCreateTimerTask+0x78>)
1000aa50:	0030      	movs	r0, r6
1000aa52:	f7fe f923 	bl	10008c9c <vListInitialise>
1000aa56:	4d0f      	ldr	r5, [pc, #60]	@ (1000aa94 <xTimerCreateTimerTask+0x7c>)
1000aa58:	0028      	movs	r0, r5
1000aa5a:	f7fe f91f 	bl	10008c9c <vListInitialise>
1000aa5e:	4b0e      	ldr	r3, [pc, #56]	@ (1000aa98 <xTimerCreateTimerTask+0x80>)
1000aa60:	2200      	movs	r2, #0
1000aa62:	601e      	str	r6, [r3, #0]
1000aa64:	4b0d      	ldr	r3, [pc, #52]	@ (1000aa9c <xTimerCreateTimerTask+0x84>)
1000aa66:	2110      	movs	r1, #16
1000aa68:	200a      	movs	r0, #10
1000aa6a:	601d      	str	r5, [r3, #0]
1000aa6c:	f7fe f94e 	bl	10008d0c <xQueueGenericCreate>
1000aa70:	6020      	str	r0, [r4, #0]
1000aa72:	2800      	cmp	r0, #0
1000aa74:	d0d8      	beq.n	1000aa28 <xTimerCreateTimerTask+0x10>
1000aa76:	490a      	ldr	r1, [pc, #40]	@ (1000aaa0 <xTimerCreateTimerTask+0x88>)
1000aa78:	f7fe fd0e 	bl	10009498 <vQueueAddToRegistry>
1000aa7c:	e7d4      	b.n	1000aa28 <xTimerCreateTimerTask+0x10>
1000aa7e:	46c0      	nop			@ (mov r8, r8)
1000aa80:	20027d08 	.word	0x20027d08
1000aa84:	20027d0c 	.word	0x20027d0c
1000aa88:	1000b968 	.word	0x1000b968
1000aa8c:	1000a67d 	.word	0x1000a67d
1000aa90:	20027c40 	.word	0x20027c40
1000aa94:	20027c54 	.word	0x20027c54
1000aa98:	200037ec 	.word	0x200037ec
1000aa9c:	200037fc 	.word	0x200037fc
1000aaa0:	1000b960 	.word	0x1000b960

1000aaa4 <xTimerPendFunctionCallFromISR>:
1000aaa4:	b530      	push	{r4, r5, lr}
1000aaa6:	0014      	movs	r4, r2
1000aaa8:	001a      	movs	r2, r3
1000aaaa:	2302      	movs	r3, #2
1000aaac:	000d      	movs	r5, r1
1000aaae:	b085      	sub	sp, #20
1000aab0:	425b      	negs	r3, r3
1000aab2:	9300      	str	r3, [sp, #0]
1000aab4:	4b05      	ldr	r3, [pc, #20]	@ (1000aacc <xTimerPendFunctionCallFromISR+0x28>)
1000aab6:	9001      	str	r0, [sp, #4]
1000aab8:	4669      	mov	r1, sp
1000aaba:	6818      	ldr	r0, [r3, #0]
1000aabc:	2300      	movs	r3, #0
1000aabe:	9502      	str	r5, [sp, #8]
1000aac0:	9403      	str	r4, [sp, #12]
1000aac2:	f7fe faff 	bl	100090c4 <xQueueGenericSendFromISR>
1000aac6:	b005      	add	sp, #20
1000aac8:	bd30      	pop	{r4, r5, pc}
1000aaca:	46c0      	nop			@ (mov r8, r8)
1000aacc:	20027d08 	.word	0x20027d08

1000aad0 <exception_set_exclusive_handler>:
1000aad0:	b5f8      	push	{r3, r4, r5, r6, r7, lr}
1000aad2:	000e      	movs	r6, r1
1000aad4:	f3ef 8710 	mrs	r7, PRIMASK
1000aad8:	b672      	cpsid	i
1000aada:	4b0c      	ldr	r3, [pc, #48]	@ (1000ab0c <exception_set_exclusive_handler+0x3c>)
1000aadc:	0084      	lsls	r4, r0, #2
1000aade:	689b      	ldr	r3, [r3, #8]
1000aae0:	591d      	ldr	r5, [r3, r4]
1000aae2:	42a9      	cmp	r1, r5
1000aae4:	d004      	beq.n	1000aaf0 <exception_set_exclusive_handler+0x20>
1000aae6:	4b0a      	ldr	r3, [pc, #40]	@ (1000ab10 <exception_set_exclusive_handler+0x40>)
1000aae8:	429d      	cmp	r5, r3
1000aaea:	d20a      	bcs.n	1000ab02 <exception_set_exclusive_handler+0x32>
1000aaec:	f7f8 fa4c 	bl	10002f88 <hard_assertion_failure>
1000aaf0:	4b06      	ldr	r3, [pc, #24]	@ (1000ab0c <exception_set_exclusive_handler+0x3c>)
1000aaf2:	689b      	ldr	r3, [r3, #8]
1000aaf4:	511e      	str	r6, [r3, r4]
1000aaf6:	f3bf 8f5f 	dmb	sy
1000aafa:	f387 8810 	msr	PRIMASK, r7
1000aafe:	0028      	movs	r0, r5
1000ab00:	bdf8      	pop	{r3, r4, r5, r6, r7, pc}
1000ab02:	4b04      	ldr	r3, [pc, #16]	@ (1000ab14 <exception_set_exclusive_handler+0x44>)
1000ab04:	429d      	cmp	r5, r3
1000ab06:	d3f3      	bcc.n	1000aaf0 <exception_set_exclusive_handler+0x20>
1000ab08:	e7f0      	b.n	1000aaec <exception_set_exclusive_handler+0x1c>
1000ab0a:	46c0      	nop			@ (mov r8, r8)
1000ab0c:	e000ed00 	.word	0xe000ed00
1000ab10:	100001c0 	.word	0x100001c0
1000ab14:	100001d4 	.word	0x100001d4

1000ab18 <pvPortMalloc>:
1000ab18:	b5f0      	push	{r4, r5, r6, r7, lr}
1000ab1a:	46c6      	mov	lr, r8
1000ab1c:	1e43      	subs	r3, r0, #1
1000ab1e:	b500      	push	{lr}
1000ab20:	330a      	adds	r3, #10
1000ab22:	d814      	bhi.n	1000ab4e <pvPortMalloc+0x36>
1000ab24:	2307      	movs	r3, #7
1000ab26:	0004      	movs	r4, r0
1000ab28:	001a      	movs	r2, r3
1000ab2a:	3408      	adds	r4, #8
1000ab2c:	4022      	ands	r2, r4
1000ab2e:	4223      	tst	r3, r4
1000ab30:	d06c      	beq.n	1000ac0c <pvPortMalloc+0xf4>
1000ab32:	0013      	movs	r3, r2
1000ab34:	3b09      	subs	r3, #9
1000ab36:	42a3      	cmp	r3, r4
1000ab38:	d309      	bcc.n	1000ab4e <pvPortMalloc+0x36>
1000ab3a:	3010      	adds	r0, #16
1000ab3c:	1a84      	subs	r4, r0, r2
1000ab3e:	f7ff f8cf 	bl	10009ce0 <vTaskSuspendAll>
1000ab42:	4a37      	ldr	r2, [pc, #220]	@ (1000ac20 <pvPortMalloc+0x108>)
1000ab44:	0027      	movs	r7, r4
1000ab46:	6815      	ldr	r5, [r2, #0]
1000ab48:	2d00      	cmp	r5, #0
1000ab4a:	d128      	bne.n	1000ab9e <pvPortMalloc+0x86>
1000ab4c:	e00e      	b.n	1000ab6c <pvPortMalloc+0x54>
1000ab4e:	f7ff f8c7 	bl	10009ce0 <vTaskSuspendAll>
1000ab52:	4a33      	ldr	r2, [pc, #204]	@ (1000ac20 <pvPortMalloc+0x108>)
1000ab54:	6813      	ldr	r3, [r2, #0]
1000ab56:	2b00      	cmp	r3, #0
1000ab58:	d006      	beq.n	1000ab68 <pvPortMalloc+0x50>
1000ab5a:	2500      	movs	r5, #0
1000ab5c:	f7ff f8c8 	bl	10009cf0 <xTaskResumeAll>
1000ab60:	0028      	movs	r0, r5
1000ab62:	bc80      	pop	{r7}
1000ab64:	46b8      	mov	r8, r7
1000ab66:	bdf0      	pop	{r4, r5, r6, r7, pc}
1000ab68:	2700      	movs	r7, #0
1000ab6a:	2400      	movs	r4, #0
1000ab6c:	2007      	movs	r0, #7
1000ab6e:	4d2d      	ldr	r5, [pc, #180]	@ (1000ac24 <pvPortMalloc+0x10c>)
1000ab70:	002b      	movs	r3, r5
1000ab72:	0029      	movs	r1, r5
1000ab74:	4228      	tst	r0, r5
1000ab76:	d145      	bne.n	1000ac04 <pvPortMalloc+0xec>
1000ab78:	2000      	movs	r0, #0
1000ab7a:	4e2b      	ldr	r6, [pc, #172]	@ (1000ac28 <pvPortMalloc+0x110>)
1000ab7c:	6070      	str	r0, [r6, #4]
1000ab7e:	6031      	str	r1, [r6, #0]
1000ab80:	4e2a      	ldr	r6, [pc, #168]	@ (1000ac2c <pvPortMalloc+0x114>)
1000ab82:	46b4      	mov	ip, r6
1000ab84:	2607      	movs	r6, #7
1000ab86:	4465      	add	r5, ip
1000ab88:	43b5      	bics	r5, r6
1000ab8a:	6015      	str	r5, [r2, #0]
1000ab8c:	4a28      	ldr	r2, [pc, #160]	@ (1000ac30 <pvPortMalloc+0x118>)
1000ab8e:	1aeb      	subs	r3, r5, r3
1000ab90:	6013      	str	r3, [r2, #0]
1000ab92:	4a28      	ldr	r2, [pc, #160]	@ (1000ac34 <pvPortMalloc+0x11c>)
1000ab94:	6068      	str	r0, [r5, #4]
1000ab96:	6028      	str	r0, [r5, #0]
1000ab98:	6013      	str	r3, [r2, #0]
1000ab9a:	604b      	str	r3, [r1, #4]
1000ab9c:	600d      	str	r5, [r1, #0]
1000ab9e:	2f00      	cmp	r7, #0
1000aba0:	dddb      	ble.n	1000ab5a <pvPortMalloc+0x42>
1000aba2:	4f24      	ldr	r7, [pc, #144]	@ (1000ac34 <pvPortMalloc+0x11c>)
1000aba4:	683e      	ldr	r6, [r7, #0]
1000aba6:	42a6      	cmp	r6, r4
1000aba8:	d3d7      	bcc.n	1000ab5a <pvPortMalloc+0x42>
1000abaa:	481f      	ldr	r0, [pc, #124]	@ (1000ac28 <pvPortMalloc+0x110>)
1000abac:	6803      	ldr	r3, [r0, #0]
1000abae:	e004      	b.n	1000abba <pvPortMalloc+0xa2>
1000abb0:	681a      	ldr	r2, [r3, #0]
1000abb2:	2a00      	cmp	r2, #0
1000abb4:	d004      	beq.n	1000abc0 <pvPortMalloc+0xa8>
1000abb6:	0018      	movs	r0, r3
1000abb8:	0013      	movs	r3, r2
1000abba:	6859      	ldr	r1, [r3, #4]
1000abbc:	42a1      	cmp	r1, r4
1000abbe:	d3f7      	bcc.n	1000abb0 <pvPortMalloc+0x98>
1000abc0:	42ab      	cmp	r3, r5
1000abc2:	d0ca      	beq.n	1000ab5a <pvPortMalloc+0x42>
1000abc4:	001d      	movs	r5, r3
1000abc6:	681a      	ldr	r2, [r3, #0]
1000abc8:	3508      	adds	r5, #8
1000abca:	4690      	mov	r8, r2
1000abcc:	6002      	str	r2, [r0, #0]
1000abce:	1b0a      	subs	r2, r1, r4
1000abd0:	2a10      	cmp	r2, #16
1000abd2:	d905      	bls.n	1000abe0 <pvPortMalloc+0xc8>
1000abd4:	1919      	adds	r1, r3, r4
1000abd6:	604a      	str	r2, [r1, #4]
1000abd8:	4642      	mov	r2, r8
1000abda:	600a      	str	r2, [r1, #0]
1000abdc:	6001      	str	r1, [r0, #0]
1000abde:	0021      	movs	r1, r4
1000abe0:	4a13      	ldr	r2, [pc, #76]	@ (1000ac30 <pvPortMalloc+0x118>)
1000abe2:	1a76      	subs	r6, r6, r1
1000abe4:	6810      	ldr	r0, [r2, #0]
1000abe6:	603e      	str	r6, [r7, #0]
1000abe8:	4286      	cmp	r6, r0
1000abea:	d200      	bcs.n	1000abee <pvPortMalloc+0xd6>
1000abec:	6016      	str	r6, [r2, #0]
1000abee:	2280      	movs	r2, #128	@ 0x80
1000abf0:	0612      	lsls	r2, r2, #24
1000abf2:	430a      	orrs	r2, r1
1000abf4:	605a      	str	r2, [r3, #4]
1000abf6:	2200      	movs	r2, #0
1000abf8:	601a      	str	r2, [r3, #0]
1000abfa:	4a0f      	ldr	r2, [pc, #60]	@ (1000ac38 <pvPortMalloc+0x120>)
1000abfc:	6813      	ldr	r3, [r2, #0]
1000abfe:	3301      	adds	r3, #1
1000ac00:	6013      	str	r3, [r2, #0]
1000ac02:	e7ab      	b.n	1000ab5c <pvPortMalloc+0x44>
1000ac04:	1deb      	adds	r3, r5, #7
1000ac06:	4383      	bics	r3, r0
1000ac08:	0019      	movs	r1, r3
1000ac0a:	e7b5      	b.n	1000ab78 <pvPortMalloc+0x60>
1000ac0c:	f7ff f868 	bl	10009ce0 <vTaskSuspendAll>
1000ac10:	4a03      	ldr	r2, [pc, #12]	@ (1000ac20 <pvPortMalloc+0x108>)
1000ac12:	0027      	movs	r7, r4
1000ac14:	6815      	ldr	r5, [r2, #0]
1000ac16:	2d00      	cmp	r5, #0
1000ac18:	d0a8      	beq.n	1000ab6c <pvPortMalloc+0x54>
1000ac1a:	2c00      	cmp	r4, #0
1000ac1c:	dac1      	bge.n	1000aba2 <pvPortMalloc+0x8a>
1000ac1e:	e79c      	b.n	1000ab5a <pvPortMalloc+0x42>
1000ac20:	200037f4 	.word	0x200037f4
1000ac24:	2001fc0c 	.word	0x2001fc0c
1000ac28:	20027cd4 	.word	0x20027cd4
1000ac2c:	00007ff8 	.word	0x00007ff8
1000ac30:	20027ca4 	.word	0x20027ca4
1000ac34:	20027c94 	.word	0x20027c94
1000ac38:	20027cb0 	.word	0x20027cb0

1000ac3c <vPortFree>:
1000ac3c:	b570      	push	{r4, r5, r6, lr}
1000ac3e:	2800      	cmp	r0, #0
1000ac40:	d004      	beq.n	1000ac4c <vPortFree+0x10>
1000ac42:	3808      	subs	r0, #8
1000ac44:	6843      	ldr	r3, [r0, #4]
1000ac46:	0004      	movs	r4, r0
1000ac48:	2b00      	cmp	r3, #0
1000ac4a:	db00      	blt.n	1000ac4e <vPortFree+0x12>
1000ac4c:	bd70      	pop	{r4, r5, r6, pc}
1000ac4e:	6802      	ldr	r2, [r0, #0]
1000ac50:	2a00      	cmp	r2, #0
1000ac52:	d1fb      	bne.n	1000ac4c <vPortFree+0x10>
1000ac54:	005b      	lsls	r3, r3, #1
1000ac56:	085b      	lsrs	r3, r3, #1
1000ac58:	6043      	str	r3, [r0, #4]
1000ac5a:	0005      	movs	r5, r0
1000ac5c:	f7ff f840 	bl	10009ce0 <vTaskSuspendAll>
1000ac60:	4a18      	ldr	r2, [pc, #96]	@ (1000acc4 <vPortFree+0x88>)
1000ac62:	6861      	ldr	r1, [r4, #4]
1000ac64:	6813      	ldr	r3, [r2, #0]
1000ac66:	185b      	adds	r3, r3, r1
1000ac68:	6013      	str	r3, [r2, #0]
1000ac6a:	4b17      	ldr	r3, [pc, #92]	@ (1000acc8 <vPortFree+0x8c>)
1000ac6c:	001a      	movs	r2, r3
1000ac6e:	681b      	ldr	r3, [r3, #0]
1000ac70:	429c      	cmp	r4, r3
1000ac72:	d8fb      	bhi.n	1000ac6c <vPortFree+0x30>
1000ac74:	6850      	ldr	r0, [r2, #4]
1000ac76:	1816      	adds	r6, r2, r0
1000ac78:	42b4      	cmp	r4, r6
1000ac7a:	d00d      	beq.n	1000ac98 <vPortFree+0x5c>
1000ac7c:	1860      	adds	r0, r4, r1
1000ac7e:	4283      	cmp	r3, r0
1000ac80:	d01a      	beq.n	1000acb8 <vPortFree+0x7c>
1000ac82:	6023      	str	r3, [r4, #0]
1000ac84:	42aa      	cmp	r2, r5
1000ac86:	d000      	beq.n	1000ac8a <vPortFree+0x4e>
1000ac88:	6015      	str	r5, [r2, #0]
1000ac8a:	4a10      	ldr	r2, [pc, #64]	@ (1000accc <vPortFree+0x90>)
1000ac8c:	6813      	ldr	r3, [r2, #0]
1000ac8e:	3301      	adds	r3, #1
1000ac90:	6013      	str	r3, [r2, #0]
1000ac92:	f7ff f82d 	bl	10009cf0 <xTaskResumeAll>
1000ac96:	e7d9      	b.n	1000ac4c <vPortFree+0x10>
1000ac98:	1809      	adds	r1, r1, r0
1000ac9a:	1850      	adds	r0, r2, r1
1000ac9c:	6051      	str	r1, [r2, #4]
1000ac9e:	4283      	cmp	r3, r0
1000aca0:	d1f3      	bne.n	1000ac8a <vPortFree+0x4e>
1000aca2:	480b      	ldr	r0, [pc, #44]	@ (1000acd0 <vPortFree+0x94>)
1000aca4:	0015      	movs	r5, r2
1000aca6:	6800      	ldr	r0, [r0, #0]
1000aca8:	4298      	cmp	r0, r3
1000acaa:	d0ee      	beq.n	1000ac8a <vPortFree+0x4e>
1000acac:	6858      	ldr	r0, [r3, #4]
1000acae:	681b      	ldr	r3, [r3, #0]
1000acb0:	1841      	adds	r1, r0, r1
1000acb2:	6069      	str	r1, [r5, #4]
1000acb4:	602b      	str	r3, [r5, #0]
1000acb6:	e7e5      	b.n	1000ac84 <vPortFree+0x48>
1000acb8:	4805      	ldr	r0, [pc, #20]	@ (1000acd0 <vPortFree+0x94>)
1000acba:	6800      	ldr	r0, [r0, #0]
1000acbc:	4283      	cmp	r3, r0
1000acbe:	d1f5      	bne.n	1000acac <vPortFree+0x70>
1000acc0:	e7df      	b.n	1000ac82 <vPortFree+0x46>
1000acc2:	46c0      	nop			@ (mov r8, r8)
1000acc4:	20027c94 	.word	0x20027c94
1000acc8:	20027cd4 	.word	0x20027cd4
1000accc:	20027cb4 	.word	0x20027cb4
1000acd0:	200037f4 	.word	0x200037f4

1000acd4 <i2c_read_blocking_internal.constprop.0>:
1000acd4:	b5f0      	push	{r4, r5, r6, r7, lr}
1000acd6:	46de      	mov	lr, fp
1000acd8:	4657      	mov	r7, sl
1000acda:	464e      	mov	r6, r9
1000acdc:	4645      	mov	r5, r8
1000acde:	b5e0      	push	{r5, r6, r7, lr}
1000ace0:	0007      	movs	r7, r0
1000ace2:	b083      	sub	sp, #12
1000ace4:	a80c      	add	r0, sp, #48	@ 0x30
1000ace6:	9201      	str	r2, [sp, #4]
1000ace8:	7802      	ldrb	r2, [r0, #0]
1000acea:	2000      	movs	r0, #0
1000acec:	683c      	ldr	r4, [r7, #0]
1000acee:	469b      	mov	fp, r3
1000acf0:	66e0      	str	r0, [r4, #108]	@ 0x6c
1000acf2:	6061      	str	r1, [r4, #4]
1000acf4:	2101      	movs	r1, #1
1000acf6:	4691      	mov	r9, r2
1000acf8:	66e1      	str	r1, [r4, #108]	@ 0x6c
1000acfa:	2b00      	cmp	r3, #0
1000acfc:	dd34      	ble.n	1000ad68 <i2c_read_blocking_internal.constprop.0+0x94>
1000acfe:	1e5a      	subs	r2, r3, #1
1000ad00:	4690      	mov	r8, r2
1000ad02:	2280      	movs	r2, #128	@ 0x80
1000ad04:	0052      	lsls	r2, r2, #1
1000ad06:	4694      	mov	ip, r2
1000ad08:	2680      	movs	r6, #128	@ 0x80
1000ad0a:	2540      	movs	r5, #64	@ 0x40
1000ad0c:	6f61      	ldr	r1, [r4, #116]	@ 0x74
1000ad0e:	2910      	cmp	r1, #16
1000ad10:	d0fc      	beq.n	1000ad0c <i2c_read_blocking_internal.constprop.0+0x38>
1000ad12:	2100      	movs	r1, #0
1000ad14:	2800      	cmp	r0, #0
1000ad16:	d101      	bne.n	1000ad1c <i2c_read_blocking_internal.constprop.0+0x48>
1000ad18:	7939      	ldrb	r1, [r7, #4]
1000ad1a:	0289      	lsls	r1, r1, #10
1000ad1c:	4540      	cmp	r0, r8
1000ad1e:	d01d      	beq.n	1000ad5c <i2c_read_blocking_internal.constprop.0+0x88>
1000ad20:	4662      	mov	r2, ip
1000ad22:	4311      	orrs	r1, r2
1000ad24:	6121      	str	r1, [r4, #16]
1000ad26:	59a1      	ldr	r1, [r4, r6]
1000ad28:	6b61      	ldr	r1, [r4, #52]	@ 0x34
1000ad2a:	420d      	tst	r5, r1
1000ad2c:	d00b      	beq.n	1000ad46 <i2c_read_blocking_internal.constprop.0+0x72>
1000ad2e:	2001      	movs	r0, #1
1000ad30:	6d63      	ldr	r3, [r4, #84]	@ 0x54
1000ad32:	4240      	negs	r0, r0
1000ad34:	464b      	mov	r3, r9
1000ad36:	713b      	strb	r3, [r7, #4]
1000ad38:	b003      	add	sp, #12
1000ad3a:	bcf0      	pop	{r4, r5, r6, r7}
1000ad3c:	46bb      	mov	fp, r7
1000ad3e:	46b2      	mov	sl, r6
1000ad40:	46a9      	mov	r9, r5
1000ad42:	46a0      	mov	r8, r4
1000ad44:	bdf0      	pop	{r4, r5, r6, r7, pc}
1000ad46:	6fa1      	ldr	r1, [r4, #120]	@ 0x78
1000ad48:	2900      	cmp	r1, #0
1000ad4a:	d0ec      	beq.n	1000ad26 <i2c_read_blocking_internal.constprop.0+0x52>
1000ad4c:	6921      	ldr	r1, [r4, #16]
1000ad4e:	9b01      	ldr	r3, [sp, #4]
1000ad50:	5419      	strb	r1, [r3, r0]
1000ad52:	3001      	adds	r0, #1
1000ad54:	4583      	cmp	fp, r0
1000ad56:	d0ed      	beq.n	1000ad34 <i2c_read_blocking_internal.constprop.0+0x60>
1000ad58:	683c      	ldr	r4, [r7, #0]
1000ad5a:	e7d7      	b.n	1000ad0c <i2c_read_blocking_internal.constprop.0+0x38>
1000ad5c:	464b      	mov	r3, r9
1000ad5e:	2201      	movs	r2, #1
1000ad60:	405a      	eors	r2, r3
1000ad62:	0253      	lsls	r3, r2, #9
1000ad64:	4319      	orrs	r1, r3
1000ad66:	e7db      	b.n	1000ad20 <i2c_read_blocking_internal.constprop.0+0x4c>
1000ad68:	2000      	movs	r0, #0
1000ad6a:	e7e3      	b.n	1000ad34 <i2c_read_blocking_internal.constprop.0+0x60>

1000ad6c <i2c_write_blocking_internal.constprop.0>:
1000ad6c:	b5f0      	push	{r4, r5, r6, r7, lr}
1000ad6e:	46de      	mov	lr, fp
1000ad70:	4657      	mov	r7, sl
1000ad72:	464e      	mov	r6, r9
1000ad74:	4645      	mov	r5, r8
1000ad76:	4690      	mov	r8, r2
1000ad78:	2200      	movs	r2, #0
1000ad7a:	b5e0      	push	{r5, r6, r7, lr}
1000ad7c:	b085      	sub	sp, #20
1000ad7e:	001e      	movs	r6, r3
1000ad80:	ab0e      	add	r3, sp, #56	@ 0x38
1000ad82:	781b      	ldrb	r3, [r3, #0]
1000ad84:	0007      	movs	r7, r0
1000ad86:	469b      	mov	fp, r3
1000ad88:	6803      	ldr	r3, [r0, #0]
1000ad8a:	66da      	str	r2, [r3, #108]	@ 0x6c
1000ad8c:	3201      	adds	r2, #1
1000ad8e:	6059      	str	r1, [r3, #4]
1000ad90:	66da      	str	r2, [r3, #108]	@ 0x6c
1000ad92:	2e00      	cmp	r6, #0
1000ad94:	dd60      	ble.n	1000ae58 <i2c_write_blocking_internal.constprop.0+0xec>
1000ad96:	7902      	ldrb	r2, [r0, #4]
1000ad98:	4659      	mov	r1, fp
1000ad9a:	0292      	lsls	r2, r2, #10
1000ad9c:	4692      	mov	sl, r2
1000ad9e:	2201      	movs	r2, #1
1000ada0:	404a      	eors	r2, r1
1000ada2:	0252      	lsls	r2, r2, #9
1000ada4:	4694      	mov	ip, r2
1000ada6:	2280      	movs	r2, #128	@ 0x80
1000ada8:	4691      	mov	r9, r2
1000adaa:	465a      	mov	r2, fp
1000adac:	2480      	movs	r4, #128	@ 0x80
1000adae:	9203      	str	r2, [sp, #12]
1000adb0:	4662      	mov	r2, ip
1000adb2:	46bb      	mov	fp, r7
1000adb4:	2000      	movs	r0, #0
1000adb6:	2110      	movs	r1, #16
1000adb8:	4647      	mov	r7, r8
1000adba:	46b4      	mov	ip, r6
1000adbc:	1e75      	subs	r5, r6, #1
1000adbe:	00a4      	lsls	r4, r4, #2
1000adc0:	9201      	str	r2, [sp, #4]
1000adc2:	1b42      	subs	r2, r0, r5
1000adc4:	0016      	movs	r6, r2
1000adc6:	4272      	negs	r2, r6
1000adc8:	4172      	adcs	r2, r6
1000adca:	9e01      	ldr	r6, [sp, #4]
1000adcc:	4252      	negs	r2, r2
1000adce:	4016      	ands	r6, r2
1000add0:	9602      	str	r6, [sp, #8]
1000add2:	5c3e      	ldrb	r6, [r7, r0]
1000add4:	46b0      	mov	r8, r6
1000add6:	4656      	mov	r6, sl
1000add8:	4642      	mov	r2, r8
1000adda:	4316      	orrs	r6, r2
1000addc:	0032      	movs	r2, r6
1000adde:	9e02      	ldr	r6, [sp, #8]
1000ade0:	4316      	orrs	r6, r2
1000ade2:	611e      	str	r6, [r3, #16]
1000ade4:	9e01      	ldr	r6, [sp, #4]
1000ade6:	6b5a      	ldr	r2, [r3, #52]	@ 0x34
1000ade8:	4211      	tst	r1, r2
1000adea:	d0fc      	beq.n	1000ade6 <i2c_write_blocking_internal.constprop.0+0x7a>
1000adec:	464a      	mov	r2, r9
1000adee:	589a      	ldr	r2, [r3, r2]
1000adf0:	9601      	str	r6, [sp, #4]
1000adf2:	4692      	mov	sl, r2
1000adf4:	2a00      	cmp	r2, #0
1000adf6:	d10a      	bne.n	1000ae0e <i2c_write_blocking_internal.constprop.0+0xa2>
1000adf8:	42a8      	cmp	r0, r5
1000adfa:	d028      	beq.n	1000ae4e <i2c_write_blocking_internal.constprop.0+0xe2>
1000adfc:	2200      	movs	r2, #0
1000adfe:	3001      	adds	r0, #1
1000ae00:	4692      	mov	sl, r2
1000ae02:	4584      	cmp	ip, r0
1000ae04:	d1dd      	bne.n	1000adc2 <i2c_write_blocking_internal.constprop.0+0x56>
1000ae06:	9b03      	ldr	r3, [sp, #12]
1000ae08:	465f      	mov	r7, fp
1000ae0a:	469b      	mov	fp, r3
1000ae0c:	e016      	b.n	1000ae3c <i2c_write_blocking_internal.constprop.0+0xd0>
1000ae0e:	6d5a      	ldr	r2, [r3, #84]	@ 0x54
1000ae10:	2201      	movs	r2, #1
1000ae12:	4690      	mov	r8, r2
1000ae14:	6b5a      	ldr	r2, [r3, #52]	@ 0x34
1000ae16:	4222      	tst	r2, r4
1000ae18:	d0fc      	beq.n	1000ae14 <i2c_write_blocking_internal.constprop.0+0xa8>
1000ae1a:	6e1a      	ldr	r2, [r3, #96]	@ 0x60
1000ae1c:	4642      	mov	r2, r8
1000ae1e:	9601      	str	r6, [sp, #4]
1000ae20:	2a00      	cmp	r2, #0
1000ae22:	d0eb      	beq.n	1000adfc <i2c_write_blocking_internal.constprop.0+0x90>
1000ae24:	9b03      	ldr	r3, [sp, #12]
1000ae26:	465f      	mov	r7, fp
1000ae28:	469b      	mov	fp, r3
1000ae2a:	4653      	mov	r3, sl
1000ae2c:	2b00      	cmp	r3, #0
1000ae2e:	d015      	beq.n	1000ae5c <i2c_write_blocking_internal.constprop.0+0xf0>
1000ae30:	4653      	mov	r3, sl
1000ae32:	07db      	lsls	r3, r3, #31
1000ae34:	d412      	bmi.n	1000ae5c <i2c_write_blocking_internal.constprop.0+0xf0>
1000ae36:	4653      	mov	r3, sl
1000ae38:	071b      	lsls	r3, r3, #28
1000ae3a:	d50f      	bpl.n	1000ae5c <i2c_write_blocking_internal.constprop.0+0xf0>
1000ae3c:	465b      	mov	r3, fp
1000ae3e:	713b      	strb	r3, [r7, #4]
1000ae40:	b005      	add	sp, #20
1000ae42:	bcf0      	pop	{r4, r5, r6, r7}
1000ae44:	46bb      	mov	fp, r7
1000ae46:	46b2      	mov	sl, r6
1000ae48:	46a9      	mov	r9, r5
1000ae4a:	46a0      	mov	r8, r4
1000ae4c:	bdf0      	pop	{r4, r5, r6, r7, pc}
1000ae4e:	9a03      	ldr	r2, [sp, #12]
1000ae50:	2a00      	cmp	r2, #0
1000ae52:	d1d3      	bne.n	1000adfc <i2c_write_blocking_internal.constprop.0+0x90>
1000ae54:	4690      	mov	r8, r2
1000ae56:	e7dd      	b.n	1000ae14 <i2c_write_blocking_internal.constprop.0+0xa8>
1000ae58:	2000      	movs	r0, #0
1000ae5a:	e7ef      	b.n	1000ae3c <i2c_write_blocking_internal.constprop.0+0xd0>
1000ae5c:	2001      	movs	r0, #1
1000ae5e:	4240      	negs	r0, r0
1000ae60:	e7ec      	b.n	1000ae3c <i2c_write_blocking_internal.constprop.0+0xd0>
1000ae62:	46c0      	nop			@ (mov r8, r8)

1000ae64 <i2c_set_baudrate>:
1000ae64:	b5f8      	push	{r3, r4, r5, r6, r7, lr}
1000ae66:	46de      	mov	lr, fp
1000ae68:	4657      	mov	r7, sl
1000ae6a:	464e      	mov	r6, r9
1000ae6c:	4645      	mov	r5, r8
1000ae6e:	4683      	mov	fp, r0
1000ae70:	b5e0      	push	{r5, r6, r7, lr}
1000ae72:	2005      	movs	r0, #5
1000ae74:	000c      	movs	r4, r1
1000ae76:	f7f7 ff7f 	bl	10002d78 <clock_get_hz>
1000ae7a:	0006      	movs	r6, r0
1000ae7c:	0860      	lsrs	r0, r4, #1
1000ae7e:	0021      	movs	r1, r4
1000ae80:	1980      	adds	r0, r0, r6
1000ae82:	f7f8 f9d3 	bl	1000322c <__wrap___aeabi_uidiv>
1000ae86:	0043      	lsls	r3, r0, #1
1000ae88:	4698      	mov	r8, r3
1000ae8a:	4480      	add	r8, r0
1000ae8c:	0007      	movs	r7, r0
1000ae8e:	2105      	movs	r1, #5
1000ae90:	4640      	mov	r0, r8
1000ae92:	f7f8 f9cb 	bl	1000322c <__wrap___aeabi_uidiv>
1000ae96:	1a3b      	subs	r3, r7, r0
1000ae98:	469a      	mov	sl, r3
1000ae9a:	4b1e      	ldr	r3, [pc, #120]	@ (1000af14 <i2c_set_baudrate+0xb0>)
1000ae9c:	4681      	mov	r9, r0
1000ae9e:	0070      	lsls	r0, r6, #1
1000aea0:	1980      	adds	r0, r0, r6
1000aea2:	429c      	cmp	r4, r3
1000aea4:	d831      	bhi.n	1000af0a <i2c_set_baudrate+0xa6>
1000aea6:	491c      	ldr	r1, [pc, #112]	@ (1000af18 <i2c_set_baudrate+0xb4>)
1000aea8:	f7f8 f9c0 	bl	1000322c <__wrap___aeabi_uidiv>
1000aeac:	1c45      	adds	r5, r0, #1
1000aeae:	465b      	mov	r3, fp
1000aeb0:	681c      	ldr	r4, [r3, #0]
1000aeb2:	2300      	movs	r3, #0
1000aeb4:	66e3      	str	r3, [r4, #108]	@ 0x6c
1000aeb6:	6822      	ldr	r2, [r4, #0]
1000aeb8:	3304      	adds	r3, #4
1000aeba:	405a      	eors	r2, r3
1000aebc:	3302      	adds	r3, #2
1000aebe:	4013      	ands	r3, r2
1000aec0:	2280      	movs	r2, #128	@ 0x80
1000aec2:	0152      	lsls	r2, r2, #5
1000aec4:	18a2      	adds	r2, r4, r2
1000aec6:	6013      	str	r3, [r2, #0]
1000aec8:	4653      	mov	r3, sl
1000aeca:	61e3      	str	r3, [r4, #28]
1000aecc:	464b      	mov	r3, r9
1000aece:	6223      	str	r3, [r4, #32]
1000aed0:	4643      	mov	r3, r8
1000aed2:	2001      	movs	r0, #1
1000aed4:	2b4f      	cmp	r3, #79	@ 0x4f
1000aed6:	d903      	bls.n	1000aee0 <i2c_set_baudrate+0x7c>
1000aed8:	2150      	movs	r1, #80	@ 0x50
1000aeda:	4640      	mov	r0, r8
1000aedc:	f7f8 f9a6 	bl	1000322c <__wrap___aeabi_uidiv>
1000aee0:	23a0      	movs	r3, #160	@ 0xa0
1000aee2:	50e0      	str	r0, [r4, r3]
1000aee4:	6fe3      	ldr	r3, [r4, #124]	@ 0x7c
1000aee6:	0039      	movs	r1, r7
1000aee8:	405d      	eors	r5, r3
1000aeea:	4b0c      	ldr	r3, [pc, #48]	@ (1000af1c <i2c_set_baudrate+0xb8>)
1000aeec:	042d      	lsls	r5, r5, #16
1000aeee:	0c2d      	lsrs	r5, r5, #16
1000aef0:	18e3      	adds	r3, r4, r3
1000aef2:	601d      	str	r5, [r3, #0]
1000aef4:	2301      	movs	r3, #1
1000aef6:	0030      	movs	r0, r6
1000aef8:	66e3      	str	r3, [r4, #108]	@ 0x6c
1000aefa:	f7f8 f997 	bl	1000322c <__wrap___aeabi_uidiv>
1000aefe:	bcf0      	pop	{r4, r5, r6, r7}
1000af00:	46bb      	mov	fp, r7
1000af02:	46b2      	mov	sl, r6
1000af04:	46a9      	mov	r9, r5
1000af06:	46a0      	mov	r8, r4
1000af08:	bdf8      	pop	{r3, r4, r5, r6, r7, pc}
1000af0a:	4905      	ldr	r1, [pc, #20]	@ (1000af20 <i2c_set_baudrate+0xbc>)
1000af0c:	f7f8 f98e 	bl	1000322c <__wrap___aeabi_uidiv>
1000af10:	1c45      	adds	r5, r0, #1
1000af12:	e7cc      	b.n	1000aeae <i2c_set_baudrate+0x4a>
1000af14:	000f423f 	.word	0x000f423f
1000af18:	00989680 	.word	0x00989680
1000af1c:	0000107c 	.word	0x0000107c
1000af20:	017d7840 	.word	0x017d7840

1000af24 <i2c_init>:
1000af24:	4a0f      	ldr	r2, [pc, #60]	@ (1000af64 <i2c_init+0x40>)
1000af26:	b570      	push	{r4, r5, r6, lr}
1000af28:	1a82      	subs	r2, r0, r2
1000af2a:	1e53      	subs	r3, r2, #1
1000af2c:	419a      	sbcs	r2, r3
1000af2e:	4b0e      	ldr	r3, [pc, #56]	@ (1000af68 <i2c_init+0x44>)
1000af30:	00d2      	lsls	r2, r2, #3
1000af32:	3208      	adds	r2, #8
1000af34:	601a      	str	r2, [r3, #0]
1000af36:	4b0d      	ldr	r3, [pc, #52]	@ (1000af6c <i2c_init+0x48>)
1000af38:	4c0d      	ldr	r4, [pc, #52]	@ (1000af70 <i2c_init+0x4c>)
1000af3a:	601a      	str	r2, [r3, #0]
1000af3c:	0015      	movs	r5, r2
1000af3e:	6823      	ldr	r3, [r4, #0]
1000af40:	439d      	bics	r5, r3
1000af42:	1e2b      	subs	r3, r5, #0
1000af44:	d1fa      	bne.n	1000af3c <i2c_init+0x18>
1000af46:	2466      	movs	r4, #102	@ 0x66
1000af48:	6802      	ldr	r2, [r0, #0]
1000af4a:	34ff      	adds	r4, #255	@ 0xff
1000af4c:	7105      	strb	r5, [r0, #4]
1000af4e:	66d5      	str	r5, [r2, #108]	@ 0x6c
1000af50:	6014      	str	r4, [r2, #0]
1000af52:	3c63      	subs	r4, #99	@ 0x63
1000af54:	3388      	adds	r3, #136	@ 0x88
1000af56:	3cff      	subs	r4, #255	@ 0xff
1000af58:	63d5      	str	r5, [r2, #60]	@ 0x3c
1000af5a:	6395      	str	r5, [r2, #56]	@ 0x38
1000af5c:	50d4      	str	r4, [r2, r3]
1000af5e:	f7ff ff81 	bl	1000ae64 <i2c_set_baudrate>
1000af62:	bd70      	pop	{r4, r5, r6, pc}
1000af64:	20001120 	.word	0x20001120
1000af68:	4000e000 	.word	0x4000e000
1000af6c:	4000f000 	.word	0x4000f000
1000af70:	4000c008 	.word	0x4000c008

1000af74 <i2c_write_blocking>:
1000af74:	b510      	push	{r4, lr}
1000af76:	b082      	sub	sp, #8
1000af78:	466c      	mov	r4, sp
1000af7a:	7c24      	ldrb	r4, [r4, #16]
1000af7c:	9400      	str	r4, [sp, #0]
1000af7e:	f7ff fef5 	bl	1000ad6c <i2c_write_blocking_internal.constprop.0>
1000af82:	b002      	add	sp, #8
1000af84:	bd10      	pop	{r4, pc}
1000af86:	46c0      	nop			@ (mov r8, r8)

1000af88 <i2c_read_blocking>:
1000af88:	b510      	push	{r4, lr}
1000af8a:	b082      	sub	sp, #8
1000af8c:	466c      	mov	r4, sp
1000af8e:	7c24      	ldrb	r4, [r4, #16]
1000af90:	9400      	str	r4, [sp, #0]
1000af92:	f7ff fe9f 	bl	1000acd4 <i2c_read_blocking_internal.constprop.0>
1000af96:	b002      	add	sp, #8
1000af98:	bd10      	pop	{r4, pc}
1000af9a:	46c0      	nop			@ (mov r8, r8)

1000af9c <spi_init>:
1000af9c:	b5f0      	push	{r4, r5, r6, r7, lr}
1000af9e:	464e      	mov	r6, r9
1000afa0:	4681      	mov	r9, r0
1000afa2:	4a47      	ldr	r2, [pc, #284]	@ (1000b0c0 <spi_init+0x124>)
1000afa4:	46de      	mov	lr, fp
1000afa6:	444a      	add	r2, r9
1000afa8:	1e53      	subs	r3, r2, #1
1000afaa:	419a      	sbcs	r2, r3
1000afac:	2380      	movs	r3, #128	@ 0x80
1000afae:	4657      	mov	r7, sl
1000afb0:	4645      	mov	r5, r8
1000afb2:	025b      	lsls	r3, r3, #9
1000afb4:	469c      	mov	ip, r3
1000afb6:	b5e0      	push	{r5, r6, r7, lr}
1000afb8:	4b42      	ldr	r3, [pc, #264]	@ (1000b0c4 <spi_init+0x128>)
1000afba:	0412      	lsls	r2, r2, #16
1000afbc:	4462      	add	r2, ip
1000afbe:	b085      	sub	sp, #20
1000afc0:	601a      	str	r2, [r3, #0]
1000afc2:	4b41      	ldr	r3, [pc, #260]	@ (1000b0c8 <spi_init+0x12c>)
1000afc4:	000c      	movs	r4, r1
1000afc6:	4941      	ldr	r1, [pc, #260]	@ (1000b0cc <spi_init+0x130>)
1000afc8:	601a      	str	r2, [r3, #0]
1000afca:	0010      	movs	r0, r2
1000afcc:	680b      	ldr	r3, [r1, #0]
1000afce:	4398      	bics	r0, r3
1000afd0:	d1fb      	bne.n	1000afca <spi_init+0x2e>
1000afd2:	4680      	mov	r8, r0
1000afd4:	2006      	movs	r0, #6
1000afd6:	f7f7 fecf 	bl	10002d78 <clock_get_hz>
1000afda:	464b      	mov	r3, r9
1000afdc:	685a      	ldr	r2, [r3, #4]
1000afde:	2302      	movs	r3, #2
1000afe0:	401a      	ands	r2, r3
1000afe2:	9201      	str	r2, [sp, #4]
1000afe4:	464a      	mov	r2, r9
1000afe6:	9000      	str	r0, [sp, #0]
1000afe8:	2080      	movs	r0, #128	@ 0x80
1000afea:	3204      	adds	r2, #4
1000afec:	9202      	str	r2, [sp, #8]
1000afee:	4a38      	ldr	r2, [pc, #224]	@ (1000b0d0 <spi_init+0x134>)
1000aff0:	0de7      	lsrs	r7, r4, #23
1000aff2:	444a      	add	r2, r9
1000aff4:	0266      	lsls	r6, r4, #9
1000aff6:	6013      	str	r3, [r2, #0]
1000aff8:	4693      	mov	fp, r2
1000affa:	003b      	movs	r3, r7
1000affc:	0032      	movs	r2, r6
1000affe:	2502      	movs	r5, #2
1000b000:	0040      	lsls	r0, r0, #1
1000b002:	e007      	b.n	1000b014 <spi_init+0x78>
1000b004:	9900      	ldr	r1, [sp, #0]
1000b006:	4291      	cmp	r1, r2
1000b008:	d306      	bcc.n	1000b018 <spi_init+0x7c>
1000b00a:	3502      	adds	r5, #2
1000b00c:	1992      	adds	r2, r2, r6
1000b00e:	417b      	adcs	r3, r7
1000b010:	4285      	cmp	r5, r0
1000b012:	d001      	beq.n	1000b018 <spi_init+0x7c>
1000b014:	2b00      	cmp	r3, #0
1000b016:	d0f5      	beq.n	1000b004 <spi_init+0x68>
1000b018:	4643      	mov	r3, r8
1000b01a:	2680      	movs	r6, #128	@ 0x80
1000b01c:	9303      	str	r3, [sp, #12]
1000b01e:	9b00      	ldr	r3, [sp, #0]
1000b020:	022f      	lsls	r7, r5, #8
1000b022:	46aa      	mov	sl, r5
1000b024:	4698      	mov	r8, r3
1000b026:	1b7f      	subs	r7, r7, r5
1000b028:	0076      	lsls	r6, r6, #1
1000b02a:	e003      	b.n	1000b034 <spi_init+0x98>
1000b02c:	4653      	mov	r3, sl
1000b02e:	1aff      	subs	r7, r7, r3
1000b030:	2e01      	cmp	r6, #1
1000b032:	d03f      	beq.n	1000b0b4 <spi_init+0x118>
1000b034:	0039      	movs	r1, r7
1000b036:	4640      	mov	r0, r8
1000b038:	0035      	movs	r5, r6
1000b03a:	3e01      	subs	r6, #1
1000b03c:	f7f8 f8f6 	bl	1000322c <__wrap___aeabi_uidiv>
1000b040:	4284      	cmp	r4, r0
1000b042:	d2f3      	bcs.n	1000b02c <spi_init+0x90>
1000b044:	002b      	movs	r3, r5
1000b046:	4655      	mov	r5, sl
1000b048:	469a      	mov	sl, r3
1000b04a:	4650      	mov	r0, sl
1000b04c:	0233      	lsls	r3, r6, #8
1000b04e:	4698      	mov	r8, r3
1000b050:	4368      	muls	r0, r5
1000b052:	464b      	mov	r3, r9
1000b054:	4642      	mov	r2, r8
1000b056:	611d      	str	r5, [r3, #16]
1000b058:	681b      	ldr	r3, [r3, #0]
1000b05a:	2680      	movs	r6, #128	@ 0x80
1000b05c:	4053      	eors	r3, r2
1000b05e:	22ff      	movs	r2, #255	@ 0xff
1000b060:	0176      	lsls	r6, r6, #5
1000b062:	0212      	lsls	r2, r2, #8
1000b064:	4013      	ands	r3, r2
1000b066:	444e      	add	r6, r9
1000b068:	6033      	str	r3, [r6, #0]
1000b06a:	2380      	movs	r3, #128	@ 0x80
1000b06c:	019b      	lsls	r3, r3, #6
1000b06e:	469c      	mov	ip, r3
1000b070:	9a02      	ldr	r2, [sp, #8]
1000b072:	9b01      	ldr	r3, [sp, #4]
1000b074:	4462      	add	r2, ip
1000b076:	6013      	str	r3, [r2, #0]
1000b078:	2102      	movs	r1, #2
1000b07a:	465c      	mov	r4, fp
1000b07c:	464b      	mov	r3, r9
1000b07e:	685b      	ldr	r3, [r3, #4]
1000b080:	6021      	str	r1, [r4, #0]
1000b082:	464c      	mov	r4, r9
1000b084:	6827      	ldr	r7, [r4, #0]
1000b086:	2407      	movs	r4, #7
1000b088:	4067      	eors	r7, r4
1000b08a:	34c8      	adds	r4, #200	@ 0xc8
1000b08c:	403c      	ands	r4, r7
1000b08e:	6034      	str	r4, [r6, #0]
1000b090:	2403      	movs	r4, #3
1000b092:	400b      	ands	r3, r1
1000b094:	6013      	str	r3, [r2, #0]
1000b096:	4b0f      	ldr	r3, [pc, #60]	@ (1000b0d4 <spi_init+0x138>)
1000b098:	444b      	add	r3, r9
1000b09a:	601c      	str	r4, [r3, #0]
1000b09c:	6011      	str	r1, [r2, #0]
1000b09e:	0001      	movs	r1, r0
1000b0a0:	9800      	ldr	r0, [sp, #0]
1000b0a2:	f7f8 f8c3 	bl	1000322c <__wrap___aeabi_uidiv>
1000b0a6:	b005      	add	sp, #20
1000b0a8:	bcf0      	pop	{r4, r5, r6, r7}
1000b0aa:	46bb      	mov	fp, r7
1000b0ac:	46b2      	mov	sl, r6
1000b0ae:	46a9      	mov	r9, r5
1000b0b0:	46a0      	mov	r8, r4
1000b0b2:	bdf0      	pop	{r4, r5, r6, r7, pc}
1000b0b4:	4655      	mov	r5, sl
1000b0b6:	9b03      	ldr	r3, [sp, #12]
1000b0b8:	0028      	movs	r0, r5
1000b0ba:	4698      	mov	r8, r3
1000b0bc:	e7c9      	b.n	1000b052 <spi_init+0xb6>
1000b0be:	46c0      	nop			@ (mov r8, r8)
1000b0c0:	bffc4000 	.word	0xbffc4000
1000b0c4:	4000e000 	.word	0x4000e000
1000b0c8:	4000f000 	.word	0x4000f000
1000b0cc:	4000c008 	.word	0x4000c008
1000b0d0:	00003004 	.word	0x00003004
1000b0d4:	00002024 	.word	0x00002024

1000b0d8 <adc_init>:
1000b0d8:	2301      	movs	r3, #1
1000b0da:	2101      	movs	r1, #1
1000b0dc:	4a08      	ldr	r2, [pc, #32]	@ (1000b100 <adc_init+0x28>)
1000b0de:	6013      	str	r3, [r2, #0]
1000b0e0:	4a08      	ldr	r2, [pc, #32]	@ (1000b104 <adc_init+0x2c>)
1000b0e2:	6013      	str	r3, [r2, #0]
1000b0e4:	4a08      	ldr	r2, [pc, #32]	@ (1000b108 <adc_init+0x30>)
1000b0e6:	0008      	movs	r0, r1
1000b0e8:	6813      	ldr	r3, [r2, #0]
1000b0ea:	4398      	bics	r0, r3
1000b0ec:	d1fb      	bne.n	1000b0e6 <adc_init+0xe>
1000b0ee:	4a07      	ldr	r2, [pc, #28]	@ (1000b10c <adc_init+0x34>)
1000b0f0:	6011      	str	r1, [r2, #0]
1000b0f2:	2180      	movs	r1, #128	@ 0x80
1000b0f4:	0049      	lsls	r1, r1, #1
1000b0f6:	6813      	ldr	r3, [r2, #0]
1000b0f8:	420b      	tst	r3, r1
1000b0fa:	d0fc      	beq.n	1000b0f6 <adc_init+0x1e>
1000b0fc:	4770      	bx	lr
1000b0fe:	46c0      	nop			@ (mov r8, r8)
1000b100:	4000e000 	.word	0x4000e000
1000b104:	4000f000 	.word	0x4000f000
1000b108:	4000c008 	.word	0x4000c008
1000b10c:	4004c000 	.word	0x4004c000

1000b110 <dma_claim_unused_channel>:
1000b110:	b510      	push	{r4, lr}
1000b112:	4b06      	ldr	r3, [pc, #24]	@ (1000b12c <dma_claim_unused_channel+0x1c>)
1000b114:	4c06      	ldr	r4, [pc, #24]	@ (1000b130 <dma_claim_unused_channel+0x20>)
1000b116:	b082      	sub	sp, #8
1000b118:	0001      	movs	r1, r0
1000b11a:	9300      	str	r3, [sp, #0]
1000b11c:	2200      	movs	r2, #0
1000b11e:	230b      	movs	r3, #11
1000b120:	0020      	movs	r0, r4
1000b122:	f7f6 fe53 	bl	10001dcc <hw_claim_unused_from_range>
1000b126:	b002      	add	sp, #8
1000b128:	bd10      	pop	{r4, pc}
1000b12a:	46c0      	nop			@ (mov r8, r8)
1000b12c:	1000b970 	.word	0x1000b970
1000b130:	20027d14 	.word	0x20027d14

1000b134 <__malloc_lock>:
1000b134:	b510      	push	{r4, lr}
1000b136:	4802      	ldr	r0, [pc, #8]	@ (1000b140 <__malloc_lock+0xc>)
1000b138:	f000 f86c 	bl	1000b214 <__retarget_lock_acquire_recursive>
1000b13c:	bd10      	pop	{r4, pc}
1000b13e:	46c0      	nop			@ (mov r8, r8)
1000b140:	20001a88 	.word	0x20001a88

1000b144 <__malloc_unlock>:
1000b144:	b510      	push	{r4, lr}
1000b146:	4802      	ldr	r0, [pc, #8]	@ (1000b150 <__malloc_unlock+0xc>)
1000b148:	f000 f866 	bl	1000b218 <__retarget_lock_release_recursive>
1000b14c:	bd10      	pop	{r4, pc}
1000b14e:	46c0      	nop			@ (mov r8, r8)
1000b150:	20001a88 	.word	0x20001a88

1000b154 <_reclaim_reent>:
1000b154:	4b1b      	ldr	r3, [pc, #108]	@ (1000b1c4 <_reclaim_reent+0x70>)
1000b156:	b570      	push	{r4, r5, r6, lr}
1000b158:	681b      	ldr	r3, [r3, #0]
1000b15a:	0005      	movs	r5, r0
1000b15c:	4283      	cmp	r3, r0
1000b15e:	d02f      	beq.n	1000b1c0 <_reclaim_reent+0x6c>
1000b160:	6c41      	ldr	r1, [r0, #68]	@ 0x44
1000b162:	2900      	cmp	r1, #0
1000b164:	d011      	beq.n	1000b18a <_reclaim_reent+0x36>
1000b166:	2600      	movs	r6, #0
1000b168:	598c      	ldr	r4, [r1, r6]
1000b16a:	2c00      	cmp	r4, #0
1000b16c:	d007      	beq.n	1000b17e <_reclaim_reent+0x2a>
1000b16e:	0021      	movs	r1, r4
1000b170:	6824      	ldr	r4, [r4, #0]
1000b172:	0028      	movs	r0, r5
1000b174:	f000 f8da 	bl	1000b32c <_free_r>
1000b178:	2c00      	cmp	r4, #0
1000b17a:	d1f8      	bne.n	1000b16e <_reclaim_reent+0x1a>
1000b17c:	6c69      	ldr	r1, [r5, #68]	@ 0x44
1000b17e:	3604      	adds	r6, #4
1000b180:	2e80      	cmp	r6, #128	@ 0x80
1000b182:	d1f1      	bne.n	1000b168 <_reclaim_reent+0x14>
1000b184:	0028      	movs	r0, r5
1000b186:	f000 f8d1 	bl	1000b32c <_free_r>
1000b18a:	6ba9      	ldr	r1, [r5, #56]	@ 0x38
1000b18c:	2900      	cmp	r1, #0
1000b18e:	d002      	beq.n	1000b196 <_reclaim_reent+0x42>
1000b190:	0028      	movs	r0, r5
1000b192:	f000 f8cb 	bl	1000b32c <_free_r>
1000b196:	6c2c      	ldr	r4, [r5, #64]	@ 0x40
1000b198:	2c00      	cmp	r4, #0
1000b19a:	d006      	beq.n	1000b1aa <_reclaim_reent+0x56>
1000b19c:	0021      	movs	r1, r4
1000b19e:	6824      	ldr	r4, [r4, #0]
1000b1a0:	0028      	movs	r0, r5
1000b1a2:	f000 f8c3 	bl	1000b32c <_free_r>
1000b1a6:	2c00      	cmp	r4, #0
1000b1a8:	d1f8      	bne.n	1000b19c <_reclaim_reent+0x48>
1000b1aa:	6ce9      	ldr	r1, [r5, #76]	@ 0x4c
1000b1ac:	2900      	cmp	r1, #0
1000b1ae:	d002      	beq.n	1000b1b6 <_reclaim_reent+0x62>
1000b1b0:	0028      	movs	r0, r5
1000b1b2:	f000 f8bb 	bl	1000b32c <_free_r>
1000b1b6:	6b6b      	ldr	r3, [r5, #52]	@ 0x34
1000b1b8:	2b00      	cmp	r3, #0
1000b1ba:	d001      	beq.n	1000b1c0 <_reclaim_reent+0x6c>
1000b1bc:	0028      	movs	r0, r5
1000b1be:	4798      	blx	r3
1000b1c0:	bd70      	pop	{r4, r5, r6, pc}
1000b1c2:	46c0      	nop			@ (mov r8, r8)
1000b1c4:	20001538 	.word	0x20001538

1000b1c8 <_sbrk_r>:
1000b1c8:	2300      	movs	r3, #0
1000b1ca:	b570      	push	{r4, r5, r6, lr}
1000b1cc:	4c06      	ldr	r4, [pc, #24]	@ (1000b1e8 <_sbrk_r+0x20>)
1000b1ce:	0005      	movs	r5, r0
1000b1d0:	0008      	movs	r0, r1
1000b1d2:	6023      	str	r3, [r4, #0]
1000b1d4:	f7fa fbc0 	bl	10005958 <_sbrk>
1000b1d8:	1c43      	adds	r3, r0, #1
1000b1da:	d000      	beq.n	1000b1de <_sbrk_r+0x16>
1000b1dc:	bd70      	pop	{r4, r5, r6, pc}
1000b1de:	6823      	ldr	r3, [r4, #0]
1000b1e0:	2b00      	cmp	r3, #0
1000b1e2:	d0fb      	beq.n	1000b1dc <_sbrk_r+0x14>
1000b1e4:	602b      	str	r3, [r5, #0]
1000b1e6:	e7f9      	b.n	1000b1dc <_sbrk_r+0x14>
1000b1e8:	2000336c 	.word	0x2000336c

1000b1ec <__errno>:
1000b1ec:	4b01      	ldr	r3, [pc, #4]	@ (1000b1f4 <__errno+0x8>)
1000b1ee:	6818      	ldr	r0, [r3, #0]
1000b1f0:	4770      	bx	lr
1000b1f2:	46c0      	nop			@ (mov r8, r8)
1000b1f4:	20001538 	.word	0x20001538

1000b1f8 <sysconf>:
1000b1f8:	2380      	movs	r3, #128	@ 0x80
1000b1fa:	b510      	push	{r4, lr}
1000b1fc:	015b      	lsls	r3, r3, #5
1000b1fe:	2808      	cmp	r0, #8
1000b200:	d101      	bne.n	1000b206 <sysconf+0xe>
1000b202:	0018      	movs	r0, r3
1000b204:	bd10      	pop	{r4, pc}
1000b206:	f7ff fff1 	bl	1000b1ec <__errno>
1000b20a:	2316      	movs	r3, #22
1000b20c:	6003      	str	r3, [r0, #0]
1000b20e:	3b17      	subs	r3, #23
1000b210:	e7f7      	b.n	1000b202 <sysconf+0xa>
1000b212:	46c0      	nop			@ (mov r8, r8)

1000b214 <__retarget_lock_acquire_recursive>:
1000b214:	4770      	bx	lr
1000b216:	46c0      	nop			@ (mov r8, r8)

1000b218 <__retarget_lock_release_recursive>:
1000b218:	4770      	bx	lr
1000b21a:	46c0      	nop			@ (mov r8, r8)

1000b21c <strlen>:
1000b21c:	b510      	push	{r4, lr}
1000b21e:	0783      	lsls	r3, r0, #30
1000b220:	d00a      	beq.n	1000b238 <strlen+0x1c>
1000b222:	0003      	movs	r3, r0
1000b224:	2103      	movs	r1, #3
1000b226:	e002      	b.n	1000b22e <strlen+0x12>
1000b228:	3301      	adds	r3, #1
1000b22a:	420b      	tst	r3, r1
1000b22c:	d005      	beq.n	1000b23a <strlen+0x1e>
1000b22e:	781a      	ldrb	r2, [r3, #0]
1000b230:	2a00      	cmp	r2, #0
1000b232:	d1f9      	bne.n	1000b228 <strlen+0xc>
1000b234:	1a18      	subs	r0, r3, r0
1000b236:	bd10      	pop	{r4, pc}
1000b238:	0003      	movs	r3, r0
1000b23a:	6819      	ldr	r1, [r3, #0]
1000b23c:	4a0c      	ldr	r2, [pc, #48]	@ (1000b270 <strlen+0x54>)
1000b23e:	4c0d      	ldr	r4, [pc, #52]	@ (1000b274 <strlen+0x58>)
1000b240:	188a      	adds	r2, r1, r2
1000b242:	438a      	bics	r2, r1
1000b244:	4222      	tst	r2, r4
1000b246:	d10f      	bne.n	1000b268 <strlen+0x4c>
1000b248:	6859      	ldr	r1, [r3, #4]
1000b24a:	4a09      	ldr	r2, [pc, #36]	@ (1000b270 <strlen+0x54>)
1000b24c:	3304      	adds	r3, #4
1000b24e:	188a      	adds	r2, r1, r2
1000b250:	438a      	bics	r2, r1
1000b252:	4222      	tst	r2, r4
1000b254:	d108      	bne.n	1000b268 <strlen+0x4c>
1000b256:	6859      	ldr	r1, [r3, #4]
1000b258:	4a05      	ldr	r2, [pc, #20]	@ (1000b270 <strlen+0x54>)
1000b25a:	3304      	adds	r3, #4
1000b25c:	188a      	adds	r2, r1, r2
1000b25e:	438a      	bics	r2, r1
1000b260:	4222      	tst	r2, r4
1000b262:	d0f1      	beq.n	1000b248 <strlen+0x2c>
1000b264:	e000      	b.n	1000b268 <strlen+0x4c>
1000b266:	3301      	adds	r3, #1
1000b268:	781a      	ldrb	r2, [r3, #0]
1000b26a:	2a00      	cmp	r2, #0
1000b26c:	d1fb      	bne.n	1000b266 <strlen+0x4a>
1000b26e:	e7e1      	b.n	1000b234 <strlen+0x18>
1000b270:	fefefeff 	.word	0xfefefeff
1000b274:	80808080 	.word	0x80808080

1000b278 <_malloc_trim_r>:
1000b278:	b5f0      	push	{r4, r5, r6, r7, lr}
1000b27a:	46c6      	mov	lr, r8
1000b27c:	0006      	movs	r6, r0
1000b27e:	b500      	push	{lr}
1000b280:	2008      	movs	r0, #8
1000b282:	000d      	movs	r5, r1
1000b284:	f7ff ffb8 	bl	1000b1f8 <sysconf>
1000b288:	0004      	movs	r4, r0
1000b28a:	0030      	movs	r0, r6
1000b28c:	f7ff ff52 	bl	1000b134 <__malloc_lock>
1000b290:	4b23      	ldr	r3, [pc, #140]	@ (1000b320 <_malloc_trim_r+0xa8>)
1000b292:	0021      	movs	r1, r4
1000b294:	4698      	mov	r8, r3
1000b296:	689b      	ldr	r3, [r3, #8]
1000b298:	685f      	ldr	r7, [r3, #4]
1000b29a:	2303      	movs	r3, #3
1000b29c:	439f      	bics	r7, r3
1000b29e:	0038      	movs	r0, r7
1000b2a0:	3811      	subs	r0, #17
1000b2a2:	1b40      	subs	r0, r0, r5
1000b2a4:	1900      	adds	r0, r0, r4
1000b2a6:	f7f7 ffc1 	bl	1000322c <__wrap___aeabi_uidiv>
1000b2aa:	1e45      	subs	r5, r0, #1
1000b2ac:	4365      	muls	r5, r4
1000b2ae:	42ac      	cmp	r4, r5
1000b2b0:	dc08      	bgt.n	1000b2c4 <_malloc_trim_r+0x4c>
1000b2b2:	2100      	movs	r1, #0
1000b2b4:	0030      	movs	r0, r6
1000b2b6:	f7ff ff87 	bl	1000b1c8 <_sbrk_r>
1000b2ba:	4643      	mov	r3, r8
1000b2bc:	689b      	ldr	r3, [r3, #8]
1000b2be:	19db      	adds	r3, r3, r7
1000b2c0:	4298      	cmp	r0, r3
1000b2c2:	d006      	beq.n	1000b2d2 <_malloc_trim_r+0x5a>
1000b2c4:	0030      	movs	r0, r6
1000b2c6:	f7ff ff3d 	bl	1000b144 <__malloc_unlock>
1000b2ca:	2000      	movs	r0, #0
1000b2cc:	bc80      	pop	{r7}
1000b2ce:	46b8      	mov	r8, r7
1000b2d0:	bdf0      	pop	{r4, r5, r6, r7, pc}
1000b2d2:	0030      	movs	r0, r6
1000b2d4:	4269      	negs	r1, r5
1000b2d6:	f7ff ff77 	bl	1000b1c8 <_sbrk_r>
1000b2da:	3001      	adds	r0, #1
1000b2dc:	d00e      	beq.n	1000b2fc <_malloc_trim_r+0x84>
1000b2de:	2201      	movs	r2, #1
1000b2e0:	4643      	mov	r3, r8
1000b2e2:	1b7f      	subs	r7, r7, r5
1000b2e4:	689b      	ldr	r3, [r3, #8]
1000b2e6:	4317      	orrs	r7, r2
1000b2e8:	4a0e      	ldr	r2, [pc, #56]	@ (1000b324 <_malloc_trim_r+0xac>)
1000b2ea:	605f      	str	r7, [r3, #4]
1000b2ec:	6813      	ldr	r3, [r2, #0]
1000b2ee:	0030      	movs	r0, r6
1000b2f0:	1b5b      	subs	r3, r3, r5
1000b2f2:	6013      	str	r3, [r2, #0]
1000b2f4:	f7ff ff26 	bl	1000b144 <__malloc_unlock>
1000b2f8:	2001      	movs	r0, #1
1000b2fa:	e7e7      	b.n	1000b2cc <_malloc_trim_r+0x54>
1000b2fc:	2100      	movs	r1, #0
1000b2fe:	0030      	movs	r0, r6
1000b300:	f7ff ff62 	bl	1000b1c8 <_sbrk_r>
1000b304:	4643      	mov	r3, r8
1000b306:	689a      	ldr	r2, [r3, #8]
1000b308:	1a83      	subs	r3, r0, r2
1000b30a:	2b0f      	cmp	r3, #15
1000b30c:	ddda      	ble.n	1000b2c4 <_malloc_trim_r+0x4c>
1000b30e:	4c06      	ldr	r4, [pc, #24]	@ (1000b328 <_malloc_trim_r+0xb0>)
1000b310:	4904      	ldr	r1, [pc, #16]	@ (1000b324 <_malloc_trim_r+0xac>)
1000b312:	6824      	ldr	r4, [r4, #0]
1000b314:	1b00      	subs	r0, r0, r4
1000b316:	6008      	str	r0, [r1, #0]
1000b318:	2101      	movs	r1, #1
1000b31a:	430b      	orrs	r3, r1
1000b31c:	6053      	str	r3, [r2, #4]
1000b31e:	e7d1      	b.n	1000b2c4 <_malloc_trim_r+0x4c>
1000b320:	20001130 	.word	0x20001130
1000b324:	20001a8c 	.word	0x20001a8c
1000b328:	20001128 	.word	0x20001128

1000b32c <_free_r>:
1000b32c:	b5f0      	push	{r4, r5, r6, r7, lr}
1000b32e:	46d6      	mov	lr, sl
1000b330:	464f      	mov	r7, r9
1000b332:	4646      	mov	r6, r8
1000b334:	0005      	movs	r5, r0
1000b336:	000c      	movs	r4, r1
1000b338:	b5c0      	push	{r6, r7, lr}
1000b33a:	2900      	cmp	r1, #0
1000b33c:	d048      	beq.n	1000b3d0 <_free_r+0xa4>
1000b33e:	f7ff fef9 	bl	1000b134 <__malloc_lock>
1000b342:	0021      	movs	r1, r4
1000b344:	2701      	movs	r7, #1
1000b346:	3908      	subs	r1, #8
1000b348:	684b      	ldr	r3, [r1, #4]
1000b34a:	2003      	movs	r0, #3
1000b34c:	469c      	mov	ip, r3
1000b34e:	43bb      	bics	r3, r7
1000b350:	18ce      	adds	r6, r1, r3
1000b352:	6872      	ldr	r2, [r6, #4]
1000b354:	4382      	bics	r2, r0
1000b356:	4660      	mov	r0, ip
1000b358:	4038      	ands	r0, r7
1000b35a:	4680      	mov	r8, r0
1000b35c:	486a      	ldr	r0, [pc, #424]	@ (1000b508 <_free_r+0x1dc>)
1000b35e:	4691      	mov	r9, r2
1000b360:	6884      	ldr	r4, [r0, #8]
1000b362:	42b4      	cmp	r4, r6
1000b364:	d100      	bne.n	1000b368 <_free_r+0x3c>
1000b366:	e07c      	b.n	1000b462 <_free_r+0x136>
1000b368:	6072      	str	r2, [r6, #4]
1000b36a:	18b4      	adds	r4, r6, r2
1000b36c:	6864      	ldr	r4, [r4, #4]
1000b36e:	403c      	ands	r4, r7
1000b370:	46a2      	mov	sl, r4
1000b372:	4644      	mov	r4, r8
1000b374:	2c00      	cmp	r4, #0
1000b376:	d130      	bne.n	1000b3da <_free_r+0xae>
1000b378:	680c      	ldr	r4, [r1, #0]
1000b37a:	46a4      	mov	ip, r4
1000b37c:	1b09      	subs	r1, r1, r4
1000b37e:	688c      	ldr	r4, [r1, #8]
1000b380:	4463      	add	r3, ip
1000b382:	46a4      	mov	ip, r4
1000b384:	2408      	movs	r4, #8
1000b386:	46a0      	mov	r8, r4
1000b388:	4480      	add	r8, r0
1000b38a:	45c4      	cmp	ip, r8
1000b38c:	d05c      	beq.n	1000b448 <_free_r+0x11c>
1000b38e:	68cc      	ldr	r4, [r1, #12]
1000b390:	46a0      	mov	r8, r4
1000b392:	4664      	mov	r4, ip
1000b394:	4642      	mov	r2, r8
1000b396:	60e2      	str	r2, [r4, #12]
1000b398:	6094      	str	r4, [r2, #8]
1000b39a:	4652      	mov	r2, sl
1000b39c:	2a00      	cmp	r2, #0
1000b39e:	d01f      	beq.n	1000b3e0 <_free_r+0xb4>
1000b3a0:	431f      	orrs	r7, r3
1000b3a2:	604f      	str	r7, [r1, #4]
1000b3a4:	6033      	str	r3, [r6, #0]
1000b3a6:	2280      	movs	r2, #128	@ 0x80
1000b3a8:	0092      	lsls	r2, r2, #2
1000b3aa:	4293      	cmp	r3, r2
1000b3ac:	d230      	bcs.n	1000b410 <_free_r+0xe4>
1000b3ae:	08da      	lsrs	r2, r3, #3
1000b3b0:	095c      	lsrs	r4, r3, #5
1000b3b2:	2301      	movs	r3, #1
1000b3b4:	40a3      	lsls	r3, r4
1000b3b6:	6844      	ldr	r4, [r0, #4]
1000b3b8:	4323      	orrs	r3, r4
1000b3ba:	6043      	str	r3, [r0, #4]
1000b3bc:	00d3      	lsls	r3, r2, #3
1000b3be:	181b      	adds	r3, r3, r0
1000b3c0:	689a      	ldr	r2, [r3, #8]
1000b3c2:	60cb      	str	r3, [r1, #12]
1000b3c4:	608a      	str	r2, [r1, #8]
1000b3c6:	6099      	str	r1, [r3, #8]
1000b3c8:	60d1      	str	r1, [r2, #12]
1000b3ca:	0028      	movs	r0, r5
1000b3cc:	f7ff feba 	bl	1000b144 <__malloc_unlock>
1000b3d0:	bce0      	pop	{r5, r6, r7}
1000b3d2:	46ba      	mov	sl, r7
1000b3d4:	46b1      	mov	r9, r6
1000b3d6:	46a8      	mov	r8, r5
1000b3d8:	bdf0      	pop	{r4, r5, r6, r7, pc}
1000b3da:	4652      	mov	r2, sl
1000b3dc:	2a00      	cmp	r2, #0
1000b3de:	d10f      	bne.n	1000b400 <_free_r+0xd4>
1000b3e0:	2201      	movs	r2, #1
1000b3e2:	444b      	add	r3, r9
1000b3e4:	18cf      	adds	r7, r1, r3
1000b3e6:	46bc      	mov	ip, r7
1000b3e8:	68b4      	ldr	r4, [r6, #8]
1000b3ea:	4f48      	ldr	r7, [pc, #288]	@ (1000b50c <_free_r+0x1e0>)
1000b3ec:	431a      	orrs	r2, r3
1000b3ee:	42bc      	cmp	r4, r7
1000b3f0:	d05b      	beq.n	1000b4aa <_free_r+0x17e>
1000b3f2:	68f6      	ldr	r6, [r6, #12]
1000b3f4:	60e6      	str	r6, [r4, #12]
1000b3f6:	60b4      	str	r4, [r6, #8]
1000b3f8:	604a      	str	r2, [r1, #4]
1000b3fa:	4662      	mov	r2, ip
1000b3fc:	6013      	str	r3, [r2, #0]
1000b3fe:	e7d2      	b.n	1000b3a6 <_free_r+0x7a>
1000b400:	4662      	mov	r2, ip
1000b402:	433a      	orrs	r2, r7
1000b404:	604a      	str	r2, [r1, #4]
1000b406:	2280      	movs	r2, #128	@ 0x80
1000b408:	6033      	str	r3, [r6, #0]
1000b40a:	0092      	lsls	r2, r2, #2
1000b40c:	4293      	cmp	r3, r2
1000b40e:	d3ce      	bcc.n	1000b3ae <_free_r+0x82>
1000b410:	0a5c      	lsrs	r4, r3, #9
1000b412:	2c04      	cmp	r4, #4
1000b414:	d83f      	bhi.n	1000b496 <_free_r+0x16a>
1000b416:	099c      	lsrs	r4, r3, #6
1000b418:	0026      	movs	r6, r4
1000b41a:	3439      	adds	r4, #57	@ 0x39
1000b41c:	3638      	adds	r6, #56	@ 0x38
1000b41e:	00e4      	lsls	r4, r4, #3
1000b420:	1904      	adds	r4, r0, r4
1000b422:	6822      	ldr	r2, [r4, #0]
1000b424:	3c08      	subs	r4, #8
1000b426:	2703      	movs	r7, #3
1000b428:	4294      	cmp	r4, r2
1000b42a:	d103      	bne.n	1000b434 <_free_r+0x108>
1000b42c:	e04e      	b.n	1000b4cc <_free_r+0x1a0>
1000b42e:	6892      	ldr	r2, [r2, #8]
1000b430:	4294      	cmp	r4, r2
1000b432:	d003      	beq.n	1000b43c <_free_r+0x110>
1000b434:	6850      	ldr	r0, [r2, #4]
1000b436:	43b8      	bics	r0, r7
1000b438:	4298      	cmp	r0, r3
1000b43a:	d8f8      	bhi.n	1000b42e <_free_r+0x102>
1000b43c:	68d4      	ldr	r4, [r2, #12]
1000b43e:	60cc      	str	r4, [r1, #12]
1000b440:	608a      	str	r2, [r1, #8]
1000b442:	60a1      	str	r1, [r4, #8]
1000b444:	60d1      	str	r1, [r2, #12]
1000b446:	e7c0      	b.n	1000b3ca <_free_r+0x9e>
1000b448:	4652      	mov	r2, sl
1000b44a:	2a00      	cmp	r2, #0
1000b44c:	d135      	bne.n	1000b4ba <_free_r+0x18e>
1000b44e:	444b      	add	r3, r9
1000b450:	001a      	movs	r2, r3
1000b452:	68b0      	ldr	r0, [r6, #8]
1000b454:	68f3      	ldr	r3, [r6, #12]
1000b456:	4317      	orrs	r7, r2
1000b458:	60c3      	str	r3, [r0, #12]
1000b45a:	6098      	str	r0, [r3, #8]
1000b45c:	604f      	str	r7, [r1, #4]
1000b45e:	508a      	str	r2, [r1, r2]
1000b460:	e7b3      	b.n	1000b3ca <_free_r+0x9e>
1000b462:	444b      	add	r3, r9
1000b464:	001a      	movs	r2, r3
1000b466:	4643      	mov	r3, r8
1000b468:	2b00      	cmp	r3, #0
1000b46a:	d106      	bne.n	1000b47a <_free_r+0x14e>
1000b46c:	680b      	ldr	r3, [r1, #0]
1000b46e:	1ac9      	subs	r1, r1, r3
1000b470:	688c      	ldr	r4, [r1, #8]
1000b472:	18d2      	adds	r2, r2, r3
1000b474:	68cb      	ldr	r3, [r1, #12]
1000b476:	60e3      	str	r3, [r4, #12]
1000b478:	609c      	str	r4, [r3, #8]
1000b47a:	2301      	movs	r3, #1
1000b47c:	4313      	orrs	r3, r2
1000b47e:	604b      	str	r3, [r1, #4]
1000b480:	4b23      	ldr	r3, [pc, #140]	@ (1000b510 <_free_r+0x1e4>)
1000b482:	6081      	str	r1, [r0, #8]
1000b484:	681b      	ldr	r3, [r3, #0]
1000b486:	4293      	cmp	r3, r2
1000b488:	d89f      	bhi.n	1000b3ca <_free_r+0x9e>
1000b48a:	4b22      	ldr	r3, [pc, #136]	@ (1000b514 <_free_r+0x1e8>)
1000b48c:	0028      	movs	r0, r5
1000b48e:	6819      	ldr	r1, [r3, #0]
1000b490:	f7ff fef2 	bl	1000b278 <_malloc_trim_r>
1000b494:	e799      	b.n	1000b3ca <_free_r+0x9e>
1000b496:	2c14      	cmp	r4, #20
1000b498:	d913      	bls.n	1000b4c2 <_free_r+0x196>
1000b49a:	2c54      	cmp	r4, #84	@ 0x54
1000b49c:	d81d      	bhi.n	1000b4da <_free_r+0x1ae>
1000b49e:	0b1c      	lsrs	r4, r3, #12
1000b4a0:	0026      	movs	r6, r4
1000b4a2:	346f      	adds	r4, #111	@ 0x6f
1000b4a4:	366e      	adds	r6, #110	@ 0x6e
1000b4a6:	00e4      	lsls	r4, r4, #3
1000b4a8:	e7ba      	b.n	1000b420 <_free_r+0xf4>
1000b4aa:	60e1      	str	r1, [r4, #12]
1000b4ac:	60a1      	str	r1, [r4, #8]
1000b4ae:	604a      	str	r2, [r1, #4]
1000b4b0:	4662      	mov	r2, ip
1000b4b2:	60cc      	str	r4, [r1, #12]
1000b4b4:	608c      	str	r4, [r1, #8]
1000b4b6:	6013      	str	r3, [r2, #0]
1000b4b8:	e787      	b.n	1000b3ca <_free_r+0x9e>
1000b4ba:	431f      	orrs	r7, r3
1000b4bc:	604f      	str	r7, [r1, #4]
1000b4be:	6033      	str	r3, [r6, #0]
1000b4c0:	e783      	b.n	1000b3ca <_free_r+0x9e>
1000b4c2:	0026      	movs	r6, r4
1000b4c4:	345c      	adds	r4, #92	@ 0x5c
1000b4c6:	365b      	adds	r6, #91	@ 0x5b
1000b4c8:	00e4      	lsls	r4, r4, #3
1000b4ca:	e7a9      	b.n	1000b420 <_free_r+0xf4>
1000b4cc:	2301      	movs	r3, #1
1000b4ce:	10b6      	asrs	r6, r6, #2
1000b4d0:	40b3      	lsls	r3, r6
1000b4d2:	6846      	ldr	r6, [r0, #4]
1000b4d4:	4333      	orrs	r3, r6
1000b4d6:	6043      	str	r3, [r0, #4]
1000b4d8:	e7b1      	b.n	1000b43e <_free_r+0x112>
1000b4da:	22aa      	movs	r2, #170	@ 0xaa
1000b4dc:	0052      	lsls	r2, r2, #1
1000b4de:	4294      	cmp	r4, r2
1000b4e0:	d805      	bhi.n	1000b4ee <_free_r+0x1c2>
1000b4e2:	0bdc      	lsrs	r4, r3, #15
1000b4e4:	0026      	movs	r6, r4
1000b4e6:	3478      	adds	r4, #120	@ 0x78
1000b4e8:	3677      	adds	r6, #119	@ 0x77
1000b4ea:	00e4      	lsls	r4, r4, #3
1000b4ec:	e798      	b.n	1000b420 <_free_r+0xf4>
1000b4ee:	4a0a      	ldr	r2, [pc, #40]	@ (1000b518 <_free_r+0x1ec>)
1000b4f0:	4294      	cmp	r4, r2
1000b4f2:	d805      	bhi.n	1000b500 <_free_r+0x1d4>
1000b4f4:	0c9c      	lsrs	r4, r3, #18
1000b4f6:	0026      	movs	r6, r4
1000b4f8:	347d      	adds	r4, #125	@ 0x7d
1000b4fa:	367c      	adds	r6, #124	@ 0x7c
1000b4fc:	00e4      	lsls	r4, r4, #3
1000b4fe:	e78f      	b.n	1000b420 <_free_r+0xf4>
1000b500:	24fe      	movs	r4, #254	@ 0xfe
1000b502:	267e      	movs	r6, #126	@ 0x7e
1000b504:	00a4      	lsls	r4, r4, #2
1000b506:	e78b      	b.n	1000b420 <_free_r+0xf4>
1000b508:	20001130 	.word	0x20001130
1000b50c:	20001138 	.word	0x20001138
1000b510:	2000112c 	.word	0x2000112c
1000b514:	20001ab4 	.word	0x20001ab4
1000b518:	00000554 	.word	0x00000554

1000b51c <_fini>:
1000b51c:	b5f8      	push	{r3, r4, r5, r6, r7, lr}
1000b51e:	46c0      	nop			@ (mov r8, r8)

1000b520 <__flash_do_cmd_veneer>:
1000b520:	b401      	push	{r0}
1000b522:	4802      	ldr	r0, [pc, #8]	@ (1000b52c <__flash_do_cmd_veneer+0xc>)
1000b524:	4684      	mov	ip, r0
1000b526:	bc01      	pop	{r0}
1000b528:	4760      	bx	ip
1000b52a:	bf00      	nop
1000b52c:	200002e9 	.word	0x200002e9

1000b530 <__mutex_exit_veneer>:
1000b530:	b401      	push	{r0}
1000b532:	4802      	ldr	r0, [pc, #8]	@ (1000b53c <__mutex_exit_veneer+0xc>)
1000b534:	4684      	mov	ip, r0
1000b536:	bc01      	pop	{r0}
1000b538:	4760      	bx	ip
1000b53a:	bf00      	nop
1000b53c:	20000215 	.word	0x20000215

1000b540 <____aeabi_ldiv0_veneer>:
1000b540:	b401      	push	{r0}
1000b542:	4802      	ldr	r0, [pc, #8]	@ (1000b54c <____aeabi_ldiv0_veneer+0xc>)
1000b544:	4684      	mov	ip, r0
1000b546:	bc01      	pop	{r0}
1000b548:	4760      	bx	ip
1000b54a:	bf00      	nop
1000b54c:	20000f91 	.word	0x20000f91

1000b550 <__e15_is_bulkin_ep_veneer>:
1000b550:	b401      	push	{r0}
1000b552:	4802      	ldr	r0, [pc, #8]	@ (1000b55c <__e15_is_bulkin_ep_veneer+0xc>)
1000b554:	4684      	mov	ip, r0
1000b556:	bc01      	pop	{r0}
1000b558:	4760      	bx	ip
1000b55a:	bf00      	nop
1000b55c:	20000c01 	.word	0x20000c01

1000b560 <____aeabi_idiv0_veneer>:
1000b560:	b401      	push	{r0}
1000b562:	4802      	ldr	r0, [pc, #8]	@ (1000b56c <____aeabi_idiv0_veneer+0xc>)
1000b564:	4684      	mov	ip, r0
1000b566:	bc01      	pop	{r0}
1000b568:	4760      	bx	ip
1000b56a:	bf00      	nop
1000b56c:	20000f91 	.word	0x20000f91

1000b570 <__mutex_try_enter_veneer>:
1000b570:	b401      	push	{r0}
1000b572:	4802      	ldr	r0, [pc, #8]	@ (1000b57c <__mutex_try_enter_veneer+0xc>)
1000b574:	4684      	mov	ip, r0
1000b576:	bc01      	pop	{r0}
1000b578:	4760      	bx	ip
1000b57a:	bf00      	nop
1000b57c:	200000c1 	.word	0x200000c1

1000b580 <__e15_is_critical_frame_period_veneer>:
1000b580:	b401      	push	{r0}
1000b582:	4802      	ldr	r0, [pc, #8]	@ (1000b58c <__e15_is_critical_frame_period_veneer+0xc>)
1000b584:	4684      	mov	ip, r0
1000b586:	bc01      	pop	{r0}
1000b588:	4760      	bx	ip
1000b58a:	bf00      	nop
1000b58c:	20000c29 	.word	0x20000c29

1000b590 <__mutex_enter_timeout_ms_veneer>:
1000b590:	b401      	push	{r0}
1000b592:	4802      	ldr	r0, [pc, #8]	@ (1000b59c <__mutex_enter_timeout_ms_veneer+0xc>)
1000b594:	4684      	mov	ip, r0
1000b596:	bc01      	pop	{r0}
1000b598:	4760      	bx	ip
1000b59a:	bf00      	nop
1000b59c:	200001a1 	.word	0x200001a1

1000b5a0 <__spi_write_blocking_veneer>:
1000b5a0:	b401      	push	{r0}
1000b5a2:	4802      	ldr	r0, [pc, #8]	@ (1000b5ac <__spi_write_blocking_veneer+0xc>)
1000b5a4:	4684      	mov	ip, r0
1000b5a6:	bc01      	pop	{r0}
1000b5a8:	4760      	bx	ip
1000b5aa:	bf00      	nop
1000b5ac:	20000f45 	.word	0x20000f45

1000b5b0 <__mutex_try_enter_block_until_veneer>:
1000b5b0:	b401      	push	{r0}
1000b5b2:	4802      	ldr	r0, [pc, #8]	@ (1000b5bc <__mutex_try_enter_block_until_veneer+0xc>)
1000b5b4:	4684      	mov	ip, r0
1000b5b6:	bc01      	pop	{r0}
1000b5b8:	4760      	bx	ip
1000b5ba:	bf00      	nop
1000b5bc:	20000101 	.word	0x20000101

1000b5c0 <__hw_endpoint_start_next_buffer_veneer>:
1000b5c0:	b401      	push	{r0}
1000b5c2:	4802      	ldr	r0, [pc, #8]	@ (1000b5cc <__hw_endpoint_start_next_buffer_veneer+0xc>)
1000b5c4:	4684      	mov	ip, r0
1000b5c6:	bc01      	pop	{r0}
1000b5c8:	4760      	bx	ip
1000b5ca:	bf00      	nop
1000b5cc:	20000cb9 	.word	0x20000cb9

1000b5d0 <__reset_non_control_endpoints_veneer>:
1000b5d0:	b401      	push	{r0}
1000b5d2:	4802      	ldr	r0, [pc, #8]	@ (1000b5dc <__reset_non_control_endpoints_veneer+0xc>)
1000b5d4:	4684      	mov	ip, r0
1000b5d6:	bc01      	pop	{r0}
1000b5d8:	4760      	bx	ip
1000b5da:	bf00      	nop
1000b5dc:	20000425 	.word	0x20000425

1000b5e0 <___hw_endpoint_buffer_control_update32_veneer>:
1000b5e0:	b401      	push	{r0}
1000b5e2:	4802      	ldr	r0, [pc, #8]	@ (1000b5ec <___hw_endpoint_buffer_control_update32_veneer+0xc>)
1000b5e4:	4684      	mov	ip, r0
1000b5e6:	bc01      	pop	{r0}
1000b5e8:	4760      	bx	ip
1000b5ea:	bf00      	nop
1000b5ec:	20000c69 	.word	0x20000c69

1000b5f0 <__pre_init_runtime_init_early_resets>:
1000b5f0:	10002fbd                                ./..

1000b5f4 <__pre_init_runtime_init_usb_power_down>:
1000b5f4:	10002fe9 100031cd 10004009 10003871     ./...1...@..q8..
1000b604:	10003f49                                I?..

1000b608 <__pre_init_runtime_init_clocks>:
1000b608:	100030f5                                .0..

1000b60c <__pre_init_runtime_init_post_clock_resets>:
1000b60c:	10003005                                .0..

1000b610 <__pre_init_runtime_init_rp2040_gpio_ie_disable>:
1000b610:	10003025                                %0..

1000b614 <__pre_init_runtime_init_spin_locks_reset>:
1000b614:	10003039                                90..

1000b618 <__pre_init_runtime_init_mutex>:
1000b618:	100022a1                                ."..

1000b61c <__pre_init_runtime_init_install_ram_vector_table>:
1000b61c:	10003041                                A0..

1000b620 <__pre_init_runtime_init_default_alarm_pool>:
1000b620:	10002665                                e&..

1000b624 <__pre_init_first_per_core_initializer>:
1000b624:	10002f85                                ./..

1000b628 <__pre_init_runtime_init_per_core_irq_priorities>:
1000b628:	10001ead                                ....

1000b62c <__init_array_start>:
1000b62c:	10006375 	.word	0x10006375

1000b630 <__frame_dummy_init_array_entry>:
1000b630:	100002b1 10008a61                       ....a...

Disassembly of section .data:

200000c0 <mutex_try_enter>:
200000c0:	b570      	push	{r4, r5, r6, lr}
200000c2:	6802      	ldr	r2, [r0, #0]
200000c4:	0004      	movs	r4, r0
200000c6:	f3ef 8510 	mrs	r5, PRIMASK
200000ca:	b672      	cpsid	i
200000cc:	6813      	ldr	r3, [r2, #0]
200000ce:	2b00      	cmp	r3, #0
200000d0:	d0fc      	beq.n	200000cc <mutex_try_enter+0xc>
200000d2:	f3bf 8f5f 	dmb	sy
200000d6:	6863      	ldr	r3, [r4, #4]
200000d8:	1c5a      	adds	r2, r3, #1
200000da:	d00b      	beq.n	200000f4 <mutex_try_enter+0x34>
200000dc:	2900      	cmp	r1, #0
200000de:	d000      	beq.n	200000e2 <mutex_try_enter+0x22>
200000e0:	600b      	str	r3, [r1, #0]
200000e2:	2000      	movs	r0, #0
200000e4:	6823      	ldr	r3, [r4, #0]
200000e6:	f3bf 8f5f 	dmb	sy
200000ea:	2200      	movs	r2, #0
200000ec:	601a      	str	r2, [r3, #0]
200000ee:	f385 8810 	msr	PRIMASK, r5
200000f2:	bd70      	pop	{r4, r5, r6, pc}
200000f4:	f000 ff58 	bl	20000fa8 <__ulPortLockGetCurrentOwnerId_veneer>
200000f8:	6060      	str	r0, [r4, #4]
200000fa:	2001      	movs	r0, #1
200000fc:	e7f2      	b.n	200000e4 <mutex_try_enter+0x24>
200000fe:	46c0      	nop			@ (mov r8, r8)

20000100 <mutex_try_enter_block_until>:
20000100:	b5f0      	push	{r4, r5, r6, r7, lr}
20000102:	46c6      	mov	lr, r8
20000104:	0016      	movs	r6, r2
20000106:	b500      	push	{lr}
20000108:	0004      	movs	r4, r0
2000010a:	001f      	movs	r7, r3
2000010c:	6802      	ldr	r2, [r0, #0]
2000010e:	f3ef 8810 	mrs	r8, PRIMASK
20000112:	b672      	cpsid	i
20000114:	6813      	ldr	r3, [r2, #0]
20000116:	2b00      	cmp	r3, #0
20000118:	d0fc      	beq.n	20000114 <mutex_try_enter_block_until+0x14>
2000011a:	f3bf 8f5f 	dmb	sy
2000011e:	6865      	ldr	r5, [r4, #4]
20000120:	1c6b      	adds	r3, r5, #1
20000122:	d00e      	beq.n	20000142 <mutex_try_enter_block_until+0x42>
20000124:	6823      	ldr	r3, [r4, #0]
20000126:	f3bf 8f5f 	dmb	sy
2000012a:	2200      	movs	r2, #0
2000012c:	601a      	str	r2, [r3, #0]
2000012e:	f388 8810 	msr	PRIMASK, r8
20000132:	f000 ff39 	bl	20000fa8 <__ulPortLockGetCurrentOwnerId_veneer>
20000136:	42a8      	cmp	r0, r5
20000138:	d10f      	bne.n	2000015a <mutex_try_enter_block_until+0x5a>
2000013a:	2000      	movs	r0, #0
2000013c:	bc80      	pop	{r7}
2000013e:	46b8      	mov	r8, r7
20000140:	bdf0      	pop	{r4, r5, r6, r7, pc}
20000142:	f000 ff31 	bl	20000fa8 <__ulPortLockGetCurrentOwnerId_veneer>
20000146:	6823      	ldr	r3, [r4, #0]
20000148:	6060      	str	r0, [r4, #4]
2000014a:	f3bf 8f5f 	dmb	sy
2000014e:	2200      	movs	r2, #0
20000150:	601a      	str	r2, [r3, #0]
20000152:	f388 8810 	msr	PRIMASK, r8
20000156:	2001      	movs	r0, #1
20000158:	e7f0      	b.n	2000013c <mutex_try_enter_block_until+0x3c>
2000015a:	f000 ff25 	bl	20000fa8 <__ulPortLockGetCurrentOwnerId_veneer>
2000015e:	4680      	mov	r8, r0
20000160:	e006      	b.n	20000170 <mutex_try_enter_block_until+0x70>
20000162:	0032      	movs	r2, r6
20000164:	003b      	movs	r3, r7
20000166:	0020      	movs	r0, r4
20000168:	f000 ff36 	bl	20000fd8 <__xPortLockInternalSpinUnlockWithBestEffortWaitOrTimeout_veneer>
2000016c:	2800      	cmp	r0, #0
2000016e:	d1e4      	bne.n	2000013a <mutex_try_enter_block_until+0x3a>
20000170:	6822      	ldr	r2, [r4, #0]
20000172:	f3ef 8110 	mrs	r1, PRIMASK
20000176:	b672      	cpsid	i
20000178:	6813      	ldr	r3, [r2, #0]
2000017a:	2b00      	cmp	r3, #0
2000017c:	d0fc      	beq.n	20000178 <mutex_try_enter_block_until+0x78>
2000017e:	f3bf 8f5f 	dmb	sy
20000182:	6865      	ldr	r5, [r4, #4]
20000184:	3501      	adds	r5, #1
20000186:	d1ec      	bne.n	20000162 <mutex_try_enter_block_until+0x62>
20000188:	4643      	mov	r3, r8
2000018a:	6063      	str	r3, [r4, #4]
2000018c:	6823      	ldr	r3, [r4, #0]
2000018e:	f3bf 8f5f 	dmb	sy
20000192:	2200      	movs	r2, #0
20000194:	601a      	str	r2, [r3, #0]
20000196:	f381 8810 	msr	PRIMASK, r1
2000019a:	2001      	movs	r0, #1
2000019c:	e7ce      	b.n	2000013c <mutex_try_enter_block_until+0x3c>
2000019e:	46c0      	nop			@ (mov r8, r8)

200001a0 <mutex_enter_timeout_ms>:
200001a0:	b5f8      	push	{r3, r4, r5, r6, r7, lr}
200001a2:	000d      	movs	r5, r1
200001a4:	0004      	movs	r4, r0
200001a6:	f000 ff2f 	bl	20001008 <__time_us_64_veneer>
200001aa:	22fa      	movs	r2, #250	@ 0xfa
200001ac:	0006      	movs	r6, r0
200001ae:	000f      	movs	r7, r1
200001b0:	2300      	movs	r3, #0
200001b2:	0028      	movs	r0, r5
200001b4:	2100      	movs	r1, #0
200001b6:	0092      	lsls	r2, r2, #2
200001b8:	f000 ff1e 	bl	20000ff8 <____wrap___aeabi_lmul_veneer>
200001bc:	1836      	adds	r6, r6, r0
200001be:	414f      	adcs	r7, r1
200001c0:	2f00      	cmp	r7, #0
200001c2:	da02      	bge.n	200001ca <mutex_enter_timeout_ms+0x2a>
200001c4:	2601      	movs	r6, #1
200001c6:	4f12      	ldr	r7, [pc, #72]	@ (20000210 <mutex_enter_timeout_ms+0x70>)
200001c8:	4276      	negs	r6, r6
200001ca:	f000 feed 	bl	20000fa8 <__ulPortLockGetCurrentOwnerId_veneer>
200001ce:	0005      	movs	r5, r0
200001d0:	e006      	b.n	200001e0 <mutex_enter_timeout_ms+0x40>
200001d2:	0032      	movs	r2, r6
200001d4:	003b      	movs	r3, r7
200001d6:	0020      	movs	r0, r4
200001d8:	f000 fefe 	bl	20000fd8 <__xPortLockInternalSpinUnlockWithBestEffortWaitOrTimeout_veneer>
200001dc:	2800      	cmp	r0, #0
200001de:	d115      	bne.n	2000020c <mutex_enter_timeout_ms+0x6c>
200001e0:	6822      	ldr	r2, [r4, #0]
200001e2:	f3ef 8110 	mrs	r1, PRIMASK
200001e6:	b672      	cpsid	i
200001e8:	6813      	ldr	r3, [r2, #0]
200001ea:	2b00      	cmp	r3, #0
200001ec:	d0fc      	beq.n	200001e8 <mutex_enter_timeout_ms+0x48>
200001ee:	f3bf 8f5f 	dmb	sy
200001f2:	6863      	ldr	r3, [r4, #4]
200001f4:	3301      	adds	r3, #1
200001f6:	d1ec      	bne.n	200001d2 <mutex_enter_timeout_ms+0x32>
200001f8:	6065      	str	r5, [r4, #4]
200001fa:	6823      	ldr	r3, [r4, #0]
200001fc:	f3bf 8f5f 	dmb	sy
20000200:	2200      	movs	r2, #0
20000202:	601a      	str	r2, [r3, #0]
20000204:	f381 8810 	msr	PRIMASK, r1
20000208:	2001      	movs	r0, #1
2000020a:	bdf8      	pop	{r3, r4, r5, r6, r7, pc}
2000020c:	2000      	movs	r0, #0
2000020e:	e7fc      	b.n	2000020a <mutex_enter_timeout_ms+0x6a>
20000210:	7fffffff 	.word	0x7fffffff

20000214 <mutex_exit>:
20000214:	b510      	push	{r4, lr}
20000216:	6802      	ldr	r2, [r0, #0]
20000218:	f3ef 8110 	mrs	r1, PRIMASK
2000021c:	b672      	cpsid	i
2000021e:	6813      	ldr	r3, [r2, #0]
20000220:	2b00      	cmp	r3, #0
20000222:	d0fc      	beq.n	2000021e <mutex_exit+0xa>
20000224:	f3bf 8f5f 	dmb	sy
20000228:	2301      	movs	r3, #1
2000022a:	425b      	negs	r3, r3
2000022c:	6043      	str	r3, [r0, #4]
2000022e:	f000 fedb 	bl	20000fe8 <__vPortLockInternalSpinUnlockWithNotify_veneer>
20000232:	bd10      	pop	{r4, pc}

20000234 <flash_init_boot2_copyout>:
20000234:	b510      	push	{r4, lr}
20000236:	4c08      	ldr	r4, [pc, #32]	@ (20000258 <flash_init_boot2_copyout+0x24>)
20000238:	7823      	ldrb	r3, [r4, #0]
2000023a:	2b00      	cmp	r3, #0
2000023c:	d10a      	bne.n	20000254 <flash_init_boot2_copyout+0x20>
2000023e:	2380      	movs	r3, #128	@ 0x80
20000240:	4806      	ldr	r0, [pc, #24]	@ (2000025c <flash_init_boot2_copyout+0x28>)
20000242:	4907      	ldr	r1, [pc, #28]	@ (20000260 <flash_init_boot2_copyout+0x2c>)
20000244:	055b      	lsls	r3, r3, #21
20000246:	681a      	ldr	r2, [r3, #0]
20000248:	50c2      	str	r2, [r0, r3]
2000024a:	3304      	adds	r3, #4
2000024c:	428b      	cmp	r3, r1
2000024e:	d1fa      	bne.n	20000246 <flash_init_boot2_copyout+0x12>
20000250:	2301      	movs	r3, #1
20000252:	7023      	strb	r3, [r4, #0]
20000254:	bd10      	pop	{r4, pc}
20000256:	46c0      	nop			@ (mov r8, r8)
20000258:	20027d19 	.word	0x20027d19
2000025c:	100021fc 	.word	0x100021fc
20000260:	10000100 	.word	0x10000100

20000264 <flash_enable_xip_via_boot2>:
20000264:	b510      	push	{r4, lr}
20000266:	4b01      	ldr	r3, [pc, #4]	@ (2000026c <flash_enable_xip_via_boot2+0x8>)
20000268:	4798      	blx	r3
2000026a:	bd10      	pop	{r4, pc}
2000026c:	200021fd 	.word	0x200021fd

20000270 <flash_save_hardware_state>:
20000270:	4b06      	ldr	r3, [pc, #24]	@ (2000028c <flash_save_hardware_state+0x1c>)
20000272:	685a      	ldr	r2, [r3, #4]
20000274:	6002      	str	r2, [r0, #0]
20000276:	689a      	ldr	r2, [r3, #8]
20000278:	6042      	str	r2, [r0, #4]
2000027a:	68da      	ldr	r2, [r3, #12]
2000027c:	6082      	str	r2, [r0, #8]
2000027e:	691a      	ldr	r2, [r3, #16]
20000280:	60c2      	str	r2, [r0, #12]
20000282:	695a      	ldr	r2, [r3, #20]
20000284:	6102      	str	r2, [r0, #16]
20000286:	699b      	ldr	r3, [r3, #24]
20000288:	6143      	str	r3, [r0, #20]
2000028a:	4770      	bx	lr
2000028c:	40020000 	.word	0x40020000

20000290 <flash_restore_hardware_state>:
20000290:	6802      	ldr	r2, [r0, #0]
20000292:	4b06      	ldr	r3, [pc, #24]	@ (200002ac <flash_restore_hardware_state+0x1c>)
20000294:	605a      	str	r2, [r3, #4]
20000296:	6842      	ldr	r2, [r0, #4]
20000298:	609a      	str	r2, [r3, #8]
2000029a:	6882      	ldr	r2, [r0, #8]
2000029c:	60da      	str	r2, [r3, #12]
2000029e:	68c2      	ldr	r2, [r0, #12]
200002a0:	611a      	str	r2, [r3, #16]
200002a2:	6902      	ldr	r2, [r0, #16]
200002a4:	615a      	str	r2, [r3, #20]
200002a6:	6942      	ldr	r2, [r0, #20]
200002a8:	619a      	str	r2, [r3, #24]
200002aa:	4770      	bx	lr
200002ac:	40020000 	.word	0x40020000

200002b0 <flash_cs_force.constprop.0>:
200002b0:	4b03      	ldr	r3, [pc, #12]	@ (200002c0 <flash_cs_force.constprop.0+0x10>)
200002b2:	681a      	ldr	r2, [r3, #0]
200002b4:	23c0      	movs	r3, #192	@ 0xc0
200002b6:	009b      	lsls	r3, r3, #2
200002b8:	4393      	bics	r3, r2
200002ba:	4a02      	ldr	r2, [pc, #8]	@ (200002c4 <flash_cs_force.constprop.0+0x14>)
200002bc:	6013      	str	r3, [r2, #0]
200002be:	4770      	bx	lr
200002c0:	4001800c 	.word	0x4001800c
200002c4:	4001900c 	.word	0x4001900c

200002c8 <flash_cs_force.constprop.1>:
200002c8:	4b05      	ldr	r3, [pc, #20]	@ (200002e0 <flash_cs_force.constprop.1+0x18>)
200002ca:	681a      	ldr	r2, [r3, #0]
200002cc:	2380      	movs	r3, #128	@ 0x80
200002ce:	009b      	lsls	r3, r3, #2
200002d0:	4053      	eors	r3, r2
200002d2:	22c0      	movs	r2, #192	@ 0xc0
200002d4:	0092      	lsls	r2, r2, #2
200002d6:	4013      	ands	r3, r2
200002d8:	4a02      	ldr	r2, [pc, #8]	@ (200002e4 <flash_cs_force.constprop.1+0x1c>)
200002da:	6013      	str	r3, [r2, #0]
200002dc:	4770      	bx	lr
200002de:	46c0      	nop			@ (mov r8, r8)
200002e0:	4001800c 	.word	0x4001800c
200002e4:	4001900c 	.word	0x4001900c

200002e8 <flash_do_cmd>:
200002e8:	2300      	movs	r3, #0
200002ea:	b5f0      	push	{r4, r5, r6, r7, lr}
200002ec:	46de      	mov	lr, fp
200002ee:	4657      	mov	r7, sl
200002f0:	464e      	mov	r6, r9
200002f2:	4645      	mov	r5, r8
200002f4:	469a      	mov	sl, r3
200002f6:	b5e0      	push	{r5, r6, r7, lr}
200002f8:	b089      	sub	sp, #36	@ 0x24
200002fa:	9001      	str	r0, [sp, #4]
200002fc:	000e      	movs	r6, r1
200002fe:	8a98      	ldrh	r0, [r3, #20]
20000300:	4945      	ldr	r1, [pc, #276]	@ (20000418 <flash_do_cmd+0x130>)
20000302:	8b1b      	ldrh	r3, [r3, #24]
20000304:	0014      	movs	r4, r2
20000306:	4798      	blx	r3
20000308:	4653      	mov	r3, sl
2000030a:	4681      	mov	r9, r0
2000030c:	4943      	ldr	r1, [pc, #268]	@ (2000041c <flash_do_cmd+0x134>)
2000030e:	8a98      	ldrh	r0, [r3, #20]
20000310:	8b1b      	ldrh	r3, [r3, #24]
20000312:	4798      	blx	r3
20000314:	4653      	mov	r3, sl
20000316:	4942      	ldr	r1, [pc, #264]	@ (20000420 <flash_do_cmd+0x138>)
20000318:	0005      	movs	r5, r0
2000031a:	8a98      	ldrh	r0, [r3, #20]
2000031c:	8b1b      	ldrh	r3, [r3, #24]
2000031e:	4798      	blx	r3
20000320:	4680      	mov	r8, r0
20000322:	f7ff ff87 	bl	20000234 <flash_init_boot2_copyout>
20000326:	a802      	add	r0, sp, #8
20000328:	f7ff ffa2 	bl	20000270 <flash_save_hardware_state>
2000032c:	47c8      	blx	r9
2000032e:	47a8      	blx	r5
20000330:	f7ff ffca 	bl	200002c8 <flash_cs_force.constprop.1>
20000334:	1e25      	subs	r5, r4, #0
20000336:	d022      	beq.n	2000037e <flash_do_cmd+0x96>
20000338:	2308      	movs	r3, #8
2000033a:	21c0      	movs	r1, #192	@ 0xc0
2000033c:	469c      	mov	ip, r3
2000033e:	2002      	movs	r0, #2
20000340:	0549      	lsls	r1, r1, #21
20000342:	4662      	mov	r2, ip
20000344:	6a8b      	ldr	r3, [r1, #40]	@ 0x28
20000346:	401a      	ands	r2, r3
20000348:	4218      	tst	r0, r3
2000034a:	d03f      	beq.n	200003cc <flash_do_cmd+0xe4>
2000034c:	1b63      	subs	r3, r4, r5
2000034e:	2d00      	cmp	r5, #0
20000350:	d12f      	bne.n	200003b2 <flash_do_cmd+0xca>
20000352:	2a00      	cmp	r2, #0
20000354:	d111      	bne.n	2000037a <flash_do_cmd+0x92>
20000356:	2c00      	cmp	r4, #0
20000358:	d011      	beq.n	2000037e <flash_do_cmd+0x96>
2000035a:	23c0      	movs	r3, #192	@ 0xc0
2000035c:	055b      	lsls	r3, r3, #21
2000035e:	469b      	mov	fp, r3
20000360:	2302      	movs	r3, #2
20000362:	469a      	mov	sl, r3
20000364:	3306      	adds	r3, #6
20000366:	4699      	mov	r9, r3
20000368:	465b      	mov	r3, fp
2000036a:	464a      	mov	r2, r9
2000036c:	4657      	mov	r7, sl
2000036e:	6a9b      	ldr	r3, [r3, #40]	@ 0x28
20000370:	401a      	ands	r2, r3
20000372:	421f      	tst	r7, r3
20000374:	d042      	beq.n	200003fc <flash_do_cmd+0x114>
20000376:	2a00      	cmp	r2, #0
20000378:	d0f6      	beq.n	20000368 <flash_do_cmd+0x80>
2000037a:	2c00      	cmp	r4, #0
2000037c:	d130      	bne.n	200003e0 <flash_do_cmd+0xf8>
2000037e:	f7ff ff97 	bl	200002b0 <flash_cs_force.constprop.0>
20000382:	47c0      	blx	r8
20000384:	f7ff ff6e 	bl	20000264 <flash_enable_xip_via_boot2>
20000388:	a802      	add	r0, sp, #8
2000038a:	f7ff ff81 	bl	20000290 <flash_restore_hardware_state>
2000038e:	b009      	add	sp, #36	@ 0x24
20000390:	bcf0      	pop	{r4, r5, r6, r7}
20000392:	46bb      	mov	fp, r7
20000394:	46b2      	mov	sl, r6
20000396:	46a9      	mov	r9, r5
20000398:	46a0      	mov	r8, r4
2000039a:	bdf0      	pop	{r4, r5, r6, r7, pc}
2000039c:	2c00      	cmp	r4, #0
2000039e:	d12f      	bne.n	20000400 <flash_do_cmd+0x118>
200003a0:	22c0      	movs	r2, #192	@ 0xc0
200003a2:	0552      	lsls	r2, r2, #21
200003a4:	6a92      	ldr	r2, [r2, #40]	@ 0x28
200003a6:	4691      	mov	r9, r2
200003a8:	2208      	movs	r2, #8
200003aa:	464f      	mov	r7, r9
200003ac:	403a      	ands	r2, r7
200003ae:	07bf      	lsls	r7, r7, #30
200003b0:	d52d      	bpl.n	2000040e <flash_do_cmd+0x126>
200003b2:	2b0d      	cmp	r3, #13
200003b4:	d91b      	bls.n	200003ee <flash_do_cmd+0x106>
200003b6:	2a00      	cmp	r2, #0
200003b8:	d1f0      	bne.n	2000039c <flash_do_cmd+0xb4>
200003ba:	22c0      	movs	r2, #192	@ 0xc0
200003bc:	0552      	lsls	r2, r2, #21
200003be:	6a92      	ldr	r2, [r2, #40]	@ 0x28
200003c0:	4691      	mov	r9, r2
200003c2:	2208      	movs	r2, #8
200003c4:	464f      	mov	r7, r9
200003c6:	403a      	ands	r2, r7
200003c8:	07bf      	lsls	r7, r7, #30
200003ca:	d4f2      	bmi.n	200003b2 <flash_do_cmd+0xca>
200003cc:	2a00      	cmp	r2, #0
200003ce:	d104      	bne.n	200003da <flash_do_cmd+0xf2>
200003d0:	002b      	movs	r3, r5
200003d2:	4323      	orrs	r3, r4
200003d4:	2b00      	cmp	r3, #0
200003d6:	d1b4      	bne.n	20000342 <flash_do_cmd+0x5a>
200003d8:	e7d1      	b.n	2000037e <flash_do_cmd+0x96>
200003da:	002b      	movs	r3, r5
200003dc:	2c00      	cmp	r4, #0
200003de:	d0f9      	beq.n	200003d4 <flash_do_cmd+0xec>
200003e0:	6e0b      	ldr	r3, [r1, #96]	@ 0x60
200003e2:	3c01      	subs	r4, #1
200003e4:	7033      	strb	r3, [r6, #0]
200003e6:	0023      	movs	r3, r4
200003e8:	3601      	adds	r6, #1
200003ea:	432b      	orrs	r3, r5
200003ec:	e7f2      	b.n	200003d4 <flash_do_cmd+0xec>
200003ee:	9f01      	ldr	r7, [sp, #4]
200003f0:	3d01      	subs	r5, #1
200003f2:	783b      	ldrb	r3, [r7, #0]
200003f4:	3701      	adds	r7, #1
200003f6:	660b      	str	r3, [r1, #96]	@ 0x60
200003f8:	9701      	str	r7, [sp, #4]
200003fa:	e7e7      	b.n	200003cc <flash_do_cmd+0xe4>
200003fc:	2500      	movs	r5, #0
200003fe:	e7e5      	b.n	200003cc <flash_do_cmd+0xe4>
20000400:	23c0      	movs	r3, #192	@ 0xc0
20000402:	055b      	lsls	r3, r3, #21
20000404:	6e1b      	ldr	r3, [r3, #96]	@ 0x60
20000406:	3c01      	subs	r4, #1
20000408:	7033      	strb	r3, [r6, #0]
2000040a:	3601      	adds	r6, #1
2000040c:	e799      	b.n	20000342 <flash_do_cmd+0x5a>
2000040e:	002b      	movs	r3, r5
20000410:	2a00      	cmp	r2, #0
20000412:	d1df      	bne.n	200003d4 <flash_do_cmd+0xec>
20000414:	e7dc      	b.n	200003d0 <flash_do_cmd+0xe8>
20000416:	46c0      	nop			@ (mov r8, r8)
20000418:	00004649 	.word	0x00004649
2000041c:	00005845 	.word	0x00005845
20000420:	00004346 	.word	0x00004346

20000424 <reset_non_control_endpoints>:
20000424:	2200      	movs	r2, #0
20000426:	4b15      	ldr	r3, [pc, #84]	@ (2000047c <reset_non_control_endpoints+0x58>)
20000428:	b510      	push	{r4, lr}
2000042a:	609a      	str	r2, [r3, #8]
2000042c:	60da      	str	r2, [r3, #12]
2000042e:	611a      	str	r2, [r3, #16]
20000430:	615a      	str	r2, [r3, #20]
20000432:	619a      	str	r2, [r3, #24]
20000434:	61da      	str	r2, [r3, #28]
20000436:	621a      	str	r2, [r3, #32]
20000438:	625a      	str	r2, [r3, #36]	@ 0x24
2000043a:	629a      	str	r2, [r3, #40]	@ 0x28
2000043c:	62da      	str	r2, [r3, #44]	@ 0x2c
2000043e:	631a      	str	r2, [r3, #48]	@ 0x30
20000440:	635a      	str	r2, [r3, #52]	@ 0x34
20000442:	639a      	str	r2, [r3, #56]	@ 0x38
20000444:	63da      	str	r2, [r3, #60]	@ 0x3c
20000446:	641a      	str	r2, [r3, #64]	@ 0x40
20000448:	645a      	str	r2, [r3, #68]	@ 0x44
2000044a:	649a      	str	r2, [r3, #72]	@ 0x48
2000044c:	64da      	str	r2, [r3, #76]	@ 0x4c
2000044e:	651a      	str	r2, [r3, #80]	@ 0x50
20000450:	655a      	str	r2, [r3, #84]	@ 0x54
20000452:	659a      	str	r2, [r3, #88]	@ 0x58
20000454:	65da      	str	r2, [r3, #92]	@ 0x5c
20000456:	661a      	str	r2, [r3, #96]	@ 0x60
20000458:	665a      	str	r2, [r3, #100]	@ 0x64
2000045a:	669a      	str	r2, [r3, #104]	@ 0x68
2000045c:	66da      	str	r2, [r3, #108]	@ 0x6c
2000045e:	671a      	str	r2, [r3, #112]	@ 0x70
20000460:	675a      	str	r2, [r3, #116]	@ 0x74
20000462:	679a      	str	r2, [r3, #120]	@ 0x78
20000464:	67da      	str	r2, [r3, #124]	@ 0x7c
20000466:	32f0      	adds	r2, #240	@ 0xf0
20000468:	0092      	lsls	r2, r2, #2
2000046a:	2100      	movs	r1, #0
2000046c:	4804      	ldr	r0, [pc, #16]	@ (20000480 <reset_non_control_endpoints+0x5c>)
2000046e:	f000 fd93 	bl	20000f98 <____wrap_memset_veneer>
20000472:	4b04      	ldr	r3, [pc, #16]	@ (20000484 <reset_non_control_endpoints+0x60>)
20000474:	4a04      	ldr	r2, [pc, #16]	@ (20000488 <reset_non_control_endpoints+0x64>)
20000476:	601a      	str	r2, [r3, #0]
20000478:	bd10      	pop	{r4, pc}
2000047a:	46c0      	nop			@ (mov r8, r8)
2000047c:	50100000 	.word	0x50100000
20000480:	200033e8 	.word	0x200033e8
20000484:	200037b0 	.word	0x200037b0
20000488:	50100180 	.word	0x50100180

2000048c <hw_handle_buff_status>:
2000048c:	b5f0      	push	{r4, r5, r6, r7, lr}
2000048e:	464e      	mov	r6, r9
20000490:	4645      	mov	r5, r8
20000492:	46de      	mov	lr, fp
20000494:	4657      	mov	r7, sl
20000496:	b5e0      	push	{r5, r6, r7, lr}
20000498:	4b21      	ldr	r3, [pc, #132]	@ (20000520 <hw_handle_buff_status+0x94>)
2000049a:	2400      	movs	r4, #0
2000049c:	6d9e      	ldr	r6, [r3, #88]	@ 0x58
2000049e:	2501      	movs	r5, #1
200004a0:	b085      	sub	sp, #20
200004a2:	2e00      	cmp	r6, #0
200004a4:	d022      	beq.n	200004ec <hw_handle_buff_status+0x60>
200004a6:	4b1f      	ldr	r3, [pc, #124]	@ (20000524 <hw_handle_buff_status+0x98>)
200004a8:	469a      	mov	sl, r3
200004aa:	2301      	movs	r3, #1
200004ac:	4699      	mov	r9, r3
200004ae:	4b1e      	ldr	r3, [pc, #120]	@ (20000528 <hw_handle_buff_status+0x9c>)
200004b0:	4698      	mov	r8, r3
200004b2:	e001      	b.n	200004b8 <hw_handle_buff_status+0x2c>
200004b4:	2c20      	cmp	r4, #32
200004b6:	d019      	beq.n	200004ec <hw_handle_buff_status+0x60>
200004b8:	002a      	movs	r2, r5
200004ba:	0023      	movs	r3, r4
200004bc:	3401      	adds	r4, #1
200004be:	002f      	movs	r7, r5
200004c0:	4032      	ands	r2, r6
200004c2:	b2e4      	uxtb	r4, r4
200004c4:	006d      	lsls	r5, r5, #1
200004c6:	2a00      	cmp	r2, #0
200004c8:	d0f4      	beq.n	200004b4 <hw_handle_buff_status+0x28>
200004ca:	4652      	mov	r2, sl
200004cc:	6597      	str	r7, [r2, #88]	@ 0x58
200004ce:	464a      	mov	r2, r9
200004d0:	085b      	lsrs	r3, r3, #1
200004d2:	005b      	lsls	r3, r3, #1
200004d4:	4022      	ands	r2, r4
200004d6:	189b      	adds	r3, r3, r2
200004d8:	015b      	lsls	r3, r3, #5
200004da:	4443      	add	r3, r8
200004dc:	0018      	movs	r0, r3
200004de:	469b      	mov	fp, r3
200004e0:	f000 fc1e 	bl	20000d20 <hw_endpoint_xfer_continue>
200004e4:	2800      	cmp	r0, #0
200004e6:	d108      	bne.n	200004fa <hw_handle_buff_status+0x6e>
200004e8:	43be      	bics	r6, r7
200004ea:	d1e3      	bne.n	200004b4 <hw_handle_buff_status+0x28>
200004ec:	b005      	add	sp, #20
200004ee:	bcf0      	pop	{r4, r5, r6, r7}
200004f0:	46bb      	mov	fp, r7
200004f2:	46b2      	mov	sl, r6
200004f4:	46a9      	mov	r9, r5
200004f6:	46a0      	mov	r8, r4
200004f8:	bdf0      	pop	{r4, r5, r6, r7, pc}
200004fa:	465b      	mov	r3, fp
200004fc:	21e0      	movs	r1, #224	@ 0xe0
200004fe:	789a      	ldrb	r2, [r3, #2]
20000500:	8adb      	ldrh	r3, [r3, #22]
20000502:	a801      	add	r0, sp, #4
20000504:	6083      	str	r3, [r0, #8]
20000506:	2300      	movs	r3, #0
20000508:	00c9      	lsls	r1, r1, #3
2000050a:	8001      	strh	r1, [r0, #0]
2000050c:	2101      	movs	r1, #1
2000050e:	7102      	strb	r2, [r0, #4]
20000510:	7143      	strb	r3, [r0, #5]
20000512:	f000 fc25 	bl	20000d60 <dcd_event_handler>
20000516:	4658      	mov	r0, fp
20000518:	f000 fba0 	bl	20000c5c <hw_endpoint_reset_transfer>
2000051c:	e7e4      	b.n	200004e8 <hw_handle_buff_status+0x5c>
2000051e:	46c0      	nop			@ (mov r8, r8)
20000520:	50110000 	.word	0x50110000
20000524:	50113000 	.word	0x50113000
20000528:	200033a8 	.word	0x200033a8

2000052c <dcd_rp2040_irq>:
2000052c:	2398      	movs	r3, #152	@ 0x98
2000052e:	b5f0      	push	{r4, r5, r6, r7, lr}
20000530:	46c6      	mov	lr, r8
20000532:	4ac8      	ldr	r2, [pc, #800]	@ (20000854 <dcd_rp2040_irq+0x328>)
20000534:	b500      	push	{lr}
20000536:	58d5      	ldr	r5, [r2, r3]
20000538:	2380      	movs	r3, #128	@ 0x80
2000053a:	002e      	movs	r6, r5
2000053c:	029b      	lsls	r3, r3, #10
2000053e:	2410      	movs	r4, #16
20000540:	b084      	sub	sp, #16
20000542:	401e      	ands	r6, r3
20000544:	421d      	tst	r5, r3
20000546:	d074      	beq.n	20000632 <dcd_rp2040_irq+0x106>
20000548:	4bc3      	ldr	r3, [pc, #780]	@ (20000858 <dcd_rp2040_irq+0x32c>)
2000054a:	4cc4      	ldr	r4, [pc, #784]	@ (2000085c <dcd_rp2040_irq+0x330>)
2000054c:	6a9a      	ldr	r2, [r3, #40]	@ 0x28
2000054e:	4bc4      	ldr	r3, [pc, #784]	@ (20000860 <dcd_rp2040_irq+0x334>)
20000550:	2600      	movs	r6, #0
20000552:	601a      	str	r2, [r3, #0]
20000554:	233b      	movs	r3, #59	@ 0x3b
20000556:	5ce3      	ldrb	r3, [r4, r3]
20000558:	2b02      	cmp	r3, #2
2000055a:	d100      	bne.n	2000055e <dcd_rp2040_irq+0x32>
2000055c:	e14f      	b.n	200007fe <dcd_rp2040_irq+0x2d2>
2000055e:	237b      	movs	r3, #123	@ 0x7b
20000560:	5ce3      	ldrb	r3, [r4, r3]
20000562:	2b02      	cmp	r3, #2
20000564:	d100      	bne.n	20000568 <dcd_rp2040_irq+0x3c>
20000566:	e0f3      	b.n	20000750 <dcd_rp2040_irq+0x224>
20000568:	23bb      	movs	r3, #187	@ 0xbb
2000056a:	5ce3      	ldrb	r3, [r4, r3]
2000056c:	2b02      	cmp	r3, #2
2000056e:	d100      	bne.n	20000572 <dcd_rp2040_irq+0x46>
20000570:	e0fa      	b.n	20000768 <dcd_rp2040_irq+0x23c>
20000572:	23fb      	movs	r3, #251	@ 0xfb
20000574:	5ce3      	ldrb	r3, [r4, r3]
20000576:	2b02      	cmp	r3, #2
20000578:	d100      	bne.n	2000057c <dcd_rp2040_irq+0x50>
2000057a:	e101      	b.n	20000780 <dcd_rp2040_irq+0x254>
2000057c:	233c      	movs	r3, #60	@ 0x3c
2000057e:	33ff      	adds	r3, #255	@ 0xff
20000580:	5ce3      	ldrb	r3, [r4, r3]
20000582:	2b02      	cmp	r3, #2
20000584:	d100      	bne.n	20000588 <dcd_rp2040_irq+0x5c>
20000586:	e12d      	b.n	200007e4 <dcd_rp2040_irq+0x2b8>
20000588:	237c      	movs	r3, #124	@ 0x7c
2000058a:	33ff      	adds	r3, #255	@ 0xff
2000058c:	5ce3      	ldrb	r3, [r4, r3]
2000058e:	2b02      	cmp	r3, #2
20000590:	d100      	bne.n	20000594 <dcd_rp2040_irq+0x68>
20000592:	e10e      	b.n	200007b2 <dcd_rp2040_irq+0x286>
20000594:	23bc      	movs	r3, #188	@ 0xbc
20000596:	33ff      	adds	r3, #255	@ 0xff
20000598:	5ce3      	ldrb	r3, [r4, r3]
2000059a:	2b02      	cmp	r3, #2
2000059c:	d100      	bne.n	200005a0 <dcd_rp2040_irq+0x74>
2000059e:	e13f      	b.n	20000820 <dcd_rp2040_irq+0x2f4>
200005a0:	23fc      	movs	r3, #252	@ 0xfc
200005a2:	33ff      	adds	r3, #255	@ 0xff
200005a4:	5ce3      	ldrb	r3, [r4, r3]
200005a6:	2b02      	cmp	r3, #2
200005a8:	d100      	bne.n	200005ac <dcd_rp2040_irq+0x80>
200005aa:	e0f5      	b.n	20000798 <dcd_rp2040_irq+0x26c>
200005ac:	4bad      	ldr	r3, [pc, #692]	@ (20000864 <dcd_rp2040_irq+0x338>)
200005ae:	5ce3      	ldrb	r3, [r4, r3]
200005b0:	2b02      	cmp	r3, #2
200005b2:	d100      	bne.n	200005b6 <dcd_rp2040_irq+0x8a>
200005b4:	e174      	b.n	200008a0 <dcd_rp2040_irq+0x374>
200005b6:	4bac      	ldr	r3, [pc, #688]	@ (20000868 <dcd_rp2040_irq+0x33c>)
200005b8:	5ce3      	ldrb	r3, [r4, r3]
200005ba:	2b02      	cmp	r3, #2
200005bc:	d100      	bne.n	200005c0 <dcd_rp2040_irq+0x94>
200005be:	e105      	b.n	200007cc <dcd_rp2040_irq+0x2a0>
200005c0:	4baa      	ldr	r3, [pc, #680]	@ (2000086c <dcd_rp2040_irq+0x340>)
200005c2:	5ce3      	ldrb	r3, [r4, r3]
200005c4:	2b02      	cmp	r3, #2
200005c6:	d100      	bne.n	200005ca <dcd_rp2040_irq+0x9e>
200005c8:	e175      	b.n	200008b6 <dcd_rp2040_irq+0x38a>
200005ca:	4ba9      	ldr	r3, [pc, #676]	@ (20000870 <dcd_rp2040_irq+0x344>)
200005cc:	5ce3      	ldrb	r3, [r4, r3]
200005ce:	2b02      	cmp	r3, #2
200005d0:	d100      	bne.n	200005d4 <dcd_rp2040_irq+0xa8>
200005d2:	e132      	b.n	2000083a <dcd_rp2040_irq+0x30e>
200005d4:	4ba7      	ldr	r3, [pc, #668]	@ (20000874 <dcd_rp2040_irq+0x348>)
200005d6:	5ce3      	ldrb	r3, [r4, r3]
200005d8:	2b02      	cmp	r3, #2
200005da:	d100      	bne.n	200005de <dcd_rp2040_irq+0xb2>
200005dc:	e1a0      	b.n	20000920 <dcd_rp2040_irq+0x3f4>
200005de:	4ba6      	ldr	r3, [pc, #664]	@ (20000878 <dcd_rp2040_irq+0x34c>)
200005e0:	5ce3      	ldrb	r3, [r4, r3]
200005e2:	2b02      	cmp	r3, #2
200005e4:	d100      	bne.n	200005e8 <dcd_rp2040_irq+0xbc>
200005e6:	e171      	b.n	200008cc <dcd_rp2040_irq+0x3a0>
200005e8:	4ba4      	ldr	r3, [pc, #656]	@ (2000087c <dcd_rp2040_irq+0x350>)
200005ea:	5ce3      	ldrb	r3, [r4, r3]
200005ec:	2b02      	cmp	r3, #2
200005ee:	d100      	bne.n	200005f2 <dcd_rp2040_irq+0xc6>
200005f0:	e1a1      	b.n	20000936 <dcd_rp2040_irq+0x40a>
200005f2:	4ba3      	ldr	r3, [pc, #652]	@ (20000880 <dcd_rp2040_irq+0x354>)
200005f4:	5ce3      	ldrb	r3, [r4, r3]
200005f6:	2b02      	cmp	r3, #2
200005f8:	d100      	bne.n	200005fc <dcd_rp2040_irq+0xd0>
200005fa:	e17f      	b.n	200008fc <dcd_rp2040_irq+0x3d0>
200005fc:	2e00      	cmp	r6, #0
200005fe:	d108      	bne.n	20000612 <dcd_rp2040_irq+0xe6>
20000600:	4ba0      	ldr	r3, [pc, #640]	@ (20000884 <dcd_rp2040_irq+0x358>)
20000602:	781b      	ldrb	r3, [r3, #0]
20000604:	2b00      	cmp	r3, #0
20000606:	d104      	bne.n	20000612 <dcd_rp2040_irq+0xe6>
20000608:	2180      	movs	r1, #128	@ 0x80
2000060a:	4a9f      	ldr	r2, [pc, #636]	@ (20000888 <dcd_rp2040_irq+0x35c>)
2000060c:	3390      	adds	r3, #144	@ 0x90
2000060e:	0289      	lsls	r1, r1, #10
20000610:	50d1      	str	r1, [r2, r3]
20000612:	22c0      	movs	r2, #192	@ 0xc0
20000614:	4669      	mov	r1, sp
20000616:	4b8f      	ldr	r3, [pc, #572]	@ (20000854 <dcd_rp2040_irq+0x328>)
20000618:	0092      	lsls	r2, r2, #2
2000061a:	6c9b      	ldr	r3, [r3, #72]	@ 0x48
2000061c:	2680      	movs	r6, #128	@ 0x80
2000061e:	055b      	lsls	r3, r3, #21
20000620:	808a      	strh	r2, [r1, #4]
20000622:	0d5b      	lsrs	r3, r3, #21
20000624:	2101      	movs	r1, #1
20000626:	a801      	add	r0, sp, #4
20000628:	9302      	str	r3, [sp, #8]
2000062a:	f000 fb99 	bl	20000d60 <dcd_event_handler>
2000062e:	4c97      	ldr	r4, [pc, #604]	@ (2000088c <dcd_rp2040_irq+0x360>)
20000630:	02b6      	lsls	r6, r6, #10
20000632:	06eb      	lsls	r3, r5, #27
20000634:	d500      	bpl.n	20000638 <dcd_rp2040_irq+0x10c>
20000636:	e07f      	b.n	20000738 <dcd_rp2040_irq+0x20c>
20000638:	2380      	movs	r3, #128	@ 0x80
2000063a:	025b      	lsls	r3, r3, #9
2000063c:	421d      	tst	r5, r3
2000063e:	d031      	beq.n	200006a4 <dcd_rp2040_irq+0x178>
20000640:	431e      	orrs	r6, r3
20000642:	2301      	movs	r3, #1
20000644:	2402      	movs	r4, #2
20000646:	4698      	mov	r8, r3
20000648:	4f84      	ldr	r7, [pc, #528]	@ (2000085c <dcd_rp2040_irq+0x330>)
2000064a:	7ebb      	ldrb	r3, [r7, #26]
2000064c:	2b00      	cmp	r3, #0
2000064e:	d014      	beq.n	2000067a <dcd_rp2040_irq+0x14e>
20000650:	f000 fcb2 	bl	20000fb8 <__rp2040_chip_version_veneer>
20000654:	2801      	cmp	r0, #1
20000656:	d900      	bls.n	2000065a <dcd_rp2040_irq+0x12e>
20000658:	e072      	b.n	20000740 <dcd_rp2040_irq+0x214>
2000065a:	22c0      	movs	r2, #192	@ 0xc0
2000065c:	2100      	movs	r1, #0
2000065e:	0038      	movs	r0, r7
20000660:	0192      	lsls	r2, r2, #6
20000662:	f000 fb01 	bl	20000c68 <_hw_endpoint_buffer_control_update32>
20000666:	0038      	movs	r0, r7
20000668:	f000 faf8 	bl	20000c5c <hw_endpoint_reset_transfer>
2000066c:	f000 fca4 	bl	20000fb8 <__rp2040_chip_version_veneer>
20000670:	2801      	cmp	r0, #1
20000672:	d902      	bls.n	2000067a <dcd_rp2040_irq+0x14e>
20000674:	4b84      	ldr	r3, [pc, #528]	@ (20000888 <dcd_rp2040_irq+0x35c>)
20000676:	665c      	str	r4, [r3, #100]	@ 0x64
20000678:	661c      	str	r4, [r3, #96]	@ 0x60
2000067a:	4643      	mov	r3, r8
2000067c:	70fb      	strb	r3, [r7, #3]
2000067e:	3720      	adds	r7, #32
20000680:	2c01      	cmp	r4, #1
20000682:	d122      	bne.n	200006ca <dcd_rp2040_irq+0x19e>
20000684:	23c0      	movs	r3, #192	@ 0xc0
20000686:	466a      	mov	r2, sp
20000688:	00db      	lsls	r3, r3, #3
2000068a:	8093      	strh	r3, [r2, #4]
2000068c:	4a80      	ldr	r2, [pc, #512]	@ (20000890 <dcd_rp2040_irq+0x364>)
2000068e:	ab02      	add	r3, sp, #8
20000690:	ca03      	ldmia	r2!, {r0, r1}
20000692:	c303      	stmia	r3!, {r0, r1}
20000694:	2101      	movs	r1, #1
20000696:	a801      	add	r0, sp, #4
20000698:	f000 fb62 	bl	20000d60 <dcd_event_handler>
2000069c:	2280      	movs	r2, #128	@ 0x80
2000069e:	4b7a      	ldr	r3, [pc, #488]	@ (20000888 <dcd_rp2040_irq+0x35c>)
200006a0:	0292      	lsls	r2, r2, #10
200006a2:	651a      	str	r2, [r3, #80]	@ 0x50
200006a4:	2380      	movs	r3, #128	@ 0x80
200006a6:	015b      	lsls	r3, r3, #5
200006a8:	421d      	tst	r5, r3
200006aa:	d110      	bne.n	200006ce <dcd_rp2040_irq+0x1a2>
200006ac:	2380      	movs	r3, #128	@ 0x80
200006ae:	01db      	lsls	r3, r3, #7
200006b0:	421d      	tst	r5, r3
200006b2:	d123      	bne.n	200006fc <dcd_rp2040_irq+0x1d0>
200006b4:	2380      	movs	r3, #128	@ 0x80
200006b6:	021b      	lsls	r3, r3, #8
200006b8:	421d      	tst	r5, r3
200006ba:	d12f      	bne.n	2000071c <dcd_rp2040_irq+0x1f0>
200006bc:	42ae      	cmp	r6, r5
200006be:	d000      	beq.n	200006c2 <dcd_rp2040_irq+0x196>
200006c0:	e1c0      	b.n	20000a44 <dcd_rp2040_irq+0x518>
200006c2:	b004      	add	sp, #16
200006c4:	bc80      	pop	{r7}
200006c6:	46b8      	mov	r8, r7
200006c8:	bdf0      	pop	{r4, r5, r6, r7, pc}
200006ca:	2401      	movs	r4, #1
200006cc:	e7bd      	b.n	2000064a <dcd_rp2040_irq+0x11e>
200006ce:	2400      	movs	r4, #0
200006d0:	431e      	orrs	r6, r3
200006d2:	4b60      	ldr	r3, [pc, #384]	@ (20000854 <dcd_rp2040_irq+0x328>)
200006d4:	601c      	str	r4, [r3, #0]
200006d6:	f7ff fea5 	bl	20000424 <reset_non_control_endpoints>
200006da:	2380      	movs	r3, #128	@ 0x80
200006dc:	466a      	mov	r2, sp
200006de:	005b      	lsls	r3, r3, #1
200006e0:	8093      	strh	r3, [r2, #4]
200006e2:	7214      	strb	r4, [r2, #8]
200006e4:	2101      	movs	r1, #1
200006e6:	a801      	add	r0, sp, #4
200006e8:	f000 fb3a 	bl	20000d60 <dcd_event_handler>
200006ec:	2280      	movs	r2, #128	@ 0x80
200006ee:	4b66      	ldr	r3, [pc, #408]	@ (20000888 <dcd_rp2040_irq+0x35c>)
200006f0:	0312      	lsls	r2, r2, #12
200006f2:	651a      	str	r2, [r3, #80]	@ 0x50
200006f4:	2380      	movs	r3, #128	@ 0x80
200006f6:	01db      	lsls	r3, r3, #7
200006f8:	421d      	tst	r5, r3
200006fa:	d0db      	beq.n	200006b4 <dcd_rp2040_irq+0x188>
200006fc:	431e      	orrs	r6, r3
200006fe:	2380      	movs	r3, #128	@ 0x80
20000700:	466a      	mov	r2, sp
20000702:	00db      	lsls	r3, r3, #3
20000704:	8093      	strh	r3, [r2, #4]
20000706:	2101      	movs	r1, #1
20000708:	a801      	add	r0, sp, #4
2000070a:	f000 fb29 	bl	20000d60 <dcd_event_handler>
2000070e:	2210      	movs	r2, #16
20000710:	4b5d      	ldr	r3, [pc, #372]	@ (20000888 <dcd_rp2040_irq+0x35c>)
20000712:	651a      	str	r2, [r3, #80]	@ 0x50
20000714:	2380      	movs	r3, #128	@ 0x80
20000716:	021b      	lsls	r3, r3, #8
20000718:	421d      	tst	r5, r3
2000071a:	d0cf      	beq.n	200006bc <dcd_rp2040_irq+0x190>
2000071c:	431e      	orrs	r6, r3
2000071e:	23a0      	movs	r3, #160	@ 0xa0
20000720:	466a      	mov	r2, sp
20000722:	00db      	lsls	r3, r3, #3
20000724:	8093      	strh	r3, [r2, #4]
20000726:	2101      	movs	r1, #1
20000728:	a801      	add	r0, sp, #4
2000072a:	f000 fb19 	bl	20000d60 <dcd_event_handler>
2000072e:	2280      	movs	r2, #128	@ 0x80
20000730:	4b55      	ldr	r3, [pc, #340]	@ (20000888 <dcd_rp2040_irq+0x35c>)
20000732:	0112      	lsls	r2, r2, #4
20000734:	651a      	str	r2, [r3, #80]	@ 0x50
20000736:	e7c1      	b.n	200006bc <dcd_rp2040_irq+0x190>
20000738:	f7ff fea8 	bl	2000048c <hw_handle_buff_status>
2000073c:	0026      	movs	r6, r4
2000073e:	e77b      	b.n	20000638 <dcd_rp2040_irq+0x10c>
20000740:	4b54      	ldr	r3, [pc, #336]	@ (20000894 <dcd_rp2040_irq+0x368>)
20000742:	4a44      	ldr	r2, [pc, #272]	@ (20000854 <dcd_rp2040_irq+0x328>)
20000744:	661c      	str	r4, [r3, #96]	@ 0x60
20000746:	6e53      	ldr	r3, [r2, #100]	@ 0x64
20000748:	4023      	ands	r3, r4
2000074a:	42a3      	cmp	r3, r4
2000074c:	d1fb      	bne.n	20000746 <dcd_rp2040_irq+0x21a>
2000074e:	e784      	b.n	2000065a <dcd_rp2040_irq+0x12e>
20000750:	3378      	adds	r3, #120	@ 0x78
20000752:	5ce7      	ldrb	r7, [r4, r3]
20000754:	2f00      	cmp	r7, #0
20000756:	d100      	bne.n	2000075a <dcd_rp2040_irq+0x22e>
20000758:	e706      	b.n	20000568 <dcd_rp2040_irq+0x3c>
2000075a:	3302      	adds	r3, #2
2000075c:	5ce2      	ldrb	r2, [r4, r3]
2000075e:	2a00      	cmp	r2, #0
20000760:	d000      	beq.n	20000764 <dcd_rp2040_irq+0x238>
20000762:	e10d      	b.n	20000980 <dcd_rp2040_irq+0x454>
20000764:	003e      	movs	r6, r7
20000766:	e6ff      	b.n	20000568 <dcd_rp2040_irq+0x3c>
20000768:	33b8      	adds	r3, #184	@ 0xb8
2000076a:	5ce7      	ldrb	r7, [r4, r3]
2000076c:	2f00      	cmp	r7, #0
2000076e:	d100      	bne.n	20000772 <dcd_rp2040_irq+0x246>
20000770:	e6ff      	b.n	20000572 <dcd_rp2040_irq+0x46>
20000772:	3302      	adds	r3, #2
20000774:	5ce2      	ldrb	r2, [r4, r3]
20000776:	2a00      	cmp	r2, #0
20000778:	d000      	beq.n	2000077c <dcd_rp2040_irq+0x250>
2000077a:	e0f9      	b.n	20000970 <dcd_rp2040_irq+0x444>
2000077c:	003e      	movs	r6, r7
2000077e:	e6f8      	b.n	20000572 <dcd_rp2040_irq+0x46>
20000780:	33f8      	adds	r3, #248	@ 0xf8
20000782:	5ce7      	ldrb	r7, [r4, r3]
20000784:	2f00      	cmp	r7, #0
20000786:	d100      	bne.n	2000078a <dcd_rp2040_irq+0x25e>
20000788:	e6f8      	b.n	2000057c <dcd_rp2040_irq+0x50>
2000078a:	3302      	adds	r3, #2
2000078c:	5ce2      	ldrb	r2, [r4, r3]
2000078e:	2a00      	cmp	r2, #0
20000790:	d000      	beq.n	20000794 <dcd_rp2040_irq+0x268>
20000792:	e141      	b.n	20000a18 <dcd_rp2040_irq+0x4ec>
20000794:	003e      	movs	r6, r7
20000796:	e6f1      	b.n	2000057c <dcd_rp2040_irq+0x50>
20000798:	33f9      	adds	r3, #249	@ 0xf9
2000079a:	33ff      	adds	r3, #255	@ 0xff
2000079c:	5ce7      	ldrb	r7, [r4, r3]
2000079e:	2f00      	cmp	r7, #0
200007a0:	d100      	bne.n	200007a4 <dcd_rp2040_irq+0x278>
200007a2:	e703      	b.n	200005ac <dcd_rp2040_irq+0x80>
200007a4:	3302      	adds	r3, #2
200007a6:	5ce2      	ldrb	r2, [r4, r3]
200007a8:	2a00      	cmp	r2, #0
200007aa:	d000      	beq.n	200007ae <dcd_rp2040_irq+0x282>
200007ac:	e12b      	b.n	20000a06 <dcd_rp2040_irq+0x4da>
200007ae:	003e      	movs	r6, r7
200007b0:	e6fc      	b.n	200005ac <dcd_rp2040_irq+0x80>
200007b2:	3379      	adds	r3, #121	@ 0x79
200007b4:	33ff      	adds	r3, #255	@ 0xff
200007b6:	5ce7      	ldrb	r7, [r4, r3]
200007b8:	2f00      	cmp	r7, #0
200007ba:	d100      	bne.n	200007be <dcd_rp2040_irq+0x292>
200007bc:	e6ea      	b.n	20000594 <dcd_rp2040_irq+0x68>
200007be:	3302      	adds	r3, #2
200007c0:	5ce2      	ldrb	r2, [r4, r3]
200007c2:	2a00      	cmp	r2, #0
200007c4:	d000      	beq.n	200007c8 <dcd_rp2040_irq+0x29c>
200007c6:	e115      	b.n	200009f4 <dcd_rp2040_irq+0x4c8>
200007c8:	003e      	movs	r6, r7
200007ca:	e6e3      	b.n	20000594 <dcd_rp2040_irq+0x68>
200007cc:	4b32      	ldr	r3, [pc, #200]	@ (20000898 <dcd_rp2040_irq+0x36c>)
200007ce:	5ce7      	ldrb	r7, [r4, r3]
200007d0:	2f00      	cmp	r7, #0
200007d2:	d100      	bne.n	200007d6 <dcd_rp2040_irq+0x2aa>
200007d4:	e6f4      	b.n	200005c0 <dcd_rp2040_irq+0x94>
200007d6:	3302      	adds	r3, #2
200007d8:	5ce2      	ldrb	r2, [r4, r3]
200007da:	2a00      	cmp	r2, #0
200007dc:	d000      	beq.n	200007e0 <dcd_rp2040_irq+0x2b4>
200007de:	e101      	b.n	200009e4 <dcd_rp2040_irq+0x4b8>
200007e0:	003e      	movs	r6, r7
200007e2:	e6ed      	b.n	200005c0 <dcd_rp2040_irq+0x94>
200007e4:	3339      	adds	r3, #57	@ 0x39
200007e6:	33ff      	adds	r3, #255	@ 0xff
200007e8:	5ce7      	ldrb	r7, [r4, r3]
200007ea:	2f00      	cmp	r7, #0
200007ec:	d100      	bne.n	200007f0 <dcd_rp2040_irq+0x2c4>
200007ee:	e6cb      	b.n	20000588 <dcd_rp2040_irq+0x5c>
200007f0:	3302      	adds	r3, #2
200007f2:	5ce2      	ldrb	r2, [r4, r3]
200007f4:	2a00      	cmp	r2, #0
200007f6:	d000      	beq.n	200007fa <dcd_rp2040_irq+0x2ce>
200007f8:	e0eb      	b.n	200009d2 <dcd_rp2040_irq+0x4a6>
200007fa:	003e      	movs	r6, r7
200007fc:	e6c4      	b.n	20000588 <dcd_rp2040_irq+0x5c>
200007fe:	3338      	adds	r3, #56	@ 0x38
20000800:	5ce6      	ldrb	r6, [r4, r3]
20000802:	2e00      	cmp	r6, #0
20000804:	d100      	bne.n	20000808 <dcd_rp2040_irq+0x2dc>
20000806:	e6aa      	b.n	2000055e <dcd_rp2040_irq+0x32>
20000808:	3302      	adds	r3, #2
2000080a:	5ce2      	ldrb	r2, [r4, r3]
2000080c:	2a00      	cmp	r2, #0
2000080e:	d100      	bne.n	20000812 <dcd_rp2040_irq+0x2e6>
20000810:	e6a5      	b.n	2000055e <dcd_rp2040_irq+0x32>
20000812:	0020      	movs	r0, r4
20000814:	2200      	movs	r2, #0
20000816:	3020      	adds	r0, #32
20000818:	54e2      	strb	r2, [r4, r3]
2000081a:	f000 fa4d 	bl	20000cb8 <hw_endpoint_start_next_buffer>
2000081e:	e69e      	b.n	2000055e <dcd_rp2040_irq+0x32>
20000820:	33b9      	adds	r3, #185	@ 0xb9
20000822:	33ff      	adds	r3, #255	@ 0xff
20000824:	5ce7      	ldrb	r7, [r4, r3]
20000826:	2f00      	cmp	r7, #0
20000828:	d100      	bne.n	2000082c <dcd_rp2040_irq+0x300>
2000082a:	e6b9      	b.n	200005a0 <dcd_rp2040_irq+0x74>
2000082c:	3302      	adds	r3, #2
2000082e:	5ce2      	ldrb	r2, [r4, r3]
20000830:	2a00      	cmp	r2, #0
20000832:	d000      	beq.n	20000836 <dcd_rp2040_irq+0x30a>
20000834:	e0c4      	b.n	200009c0 <dcd_rp2040_irq+0x494>
20000836:	003e      	movs	r6, r7
20000838:	e6b2      	b.n	200005a0 <dcd_rp2040_irq+0x74>
2000083a:	4b18      	ldr	r3, [pc, #96]	@ (2000089c <dcd_rp2040_irq+0x370>)
2000083c:	5ce7      	ldrb	r7, [r4, r3]
2000083e:	2f00      	cmp	r7, #0
20000840:	d100      	bne.n	20000844 <dcd_rp2040_irq+0x318>
20000842:	e6c7      	b.n	200005d4 <dcd_rp2040_irq+0xa8>
20000844:	3302      	adds	r3, #2
20000846:	5ce2      	ldrb	r2, [r4, r3]
20000848:	2a00      	cmp	r2, #0
2000084a:	d000      	beq.n	2000084e <dcd_rp2040_irq+0x322>
2000084c:	e0b0      	b.n	200009b0 <dcd_rp2040_irq+0x484>
2000084e:	003e      	movs	r6, r7
20000850:	e6c0      	b.n	200005d4 <dcd_rp2040_irq+0xa8>
20000852:	46c0      	nop			@ (mov r8, r8)
20000854:	50110000 	.word	0x50110000
20000858:	40054000 	.word	0x40054000
2000085c:	200033a8 	.word	0x200033a8
20000860:	20003368 	.word	0x20003368
20000864:	0000023b 	.word	0x0000023b
20000868:	0000027b 	.word	0x0000027b
2000086c:	000002bb 	.word	0x000002bb
20000870:	000002fb 	.word	0x000002fb
20000874:	0000033b 	.word	0x0000033b
20000878:	0000037b 	.word	0x0000037b
2000087c:	000003bb 	.word	0x000003bb
20000880:	000003fb 	.word	0x000003fb
20000884:	20027d17 	.word	0x20027d17
20000888:	50113000 	.word	0x50113000
2000088c:	00020010 	.word	0x00020010
20000890:	50100000 	.word	0x50100000
20000894:	50112000 	.word	0x50112000
20000898:	0000027a 	.word	0x0000027a
2000089c:	000002fa 	.word	0x000002fa
200008a0:	4b6b      	ldr	r3, [pc, #428]	@ (20000a50 <dcd_rp2040_irq+0x524>)
200008a2:	5ce7      	ldrb	r7, [r4, r3]
200008a4:	2f00      	cmp	r7, #0
200008a6:	d100      	bne.n	200008aa <dcd_rp2040_irq+0x37e>
200008a8:	e685      	b.n	200005b6 <dcd_rp2040_irq+0x8a>
200008aa:	3302      	adds	r3, #2
200008ac:	5ce2      	ldrb	r2, [r4, r3]
200008ae:	2a00      	cmp	r2, #0
200008b0:	d176      	bne.n	200009a0 <dcd_rp2040_irq+0x474>
200008b2:	003e      	movs	r6, r7
200008b4:	e67f      	b.n	200005b6 <dcd_rp2040_irq+0x8a>
200008b6:	4b67      	ldr	r3, [pc, #412]	@ (20000a54 <dcd_rp2040_irq+0x528>)
200008b8:	5ce7      	ldrb	r7, [r4, r3]
200008ba:	2f00      	cmp	r7, #0
200008bc:	d100      	bne.n	200008c0 <dcd_rp2040_irq+0x394>
200008be:	e684      	b.n	200005ca <dcd_rp2040_irq+0x9e>
200008c0:	3302      	adds	r3, #2
200008c2:	5ce2      	ldrb	r2, [r4, r3]
200008c4:	2a00      	cmp	r2, #0
200008c6:	d163      	bne.n	20000990 <dcd_rp2040_irq+0x464>
200008c8:	003e      	movs	r6, r7
200008ca:	e67e      	b.n	200005ca <dcd_rp2040_irq+0x9e>
200008cc:	4b62      	ldr	r3, [pc, #392]	@ (20000a58 <dcd_rp2040_irq+0x52c>)
200008ce:	5ce7      	ldrb	r7, [r4, r3]
200008d0:	2f00      	cmp	r7, #0
200008d2:	d100      	bne.n	200008d6 <dcd_rp2040_irq+0x3aa>
200008d4:	e688      	b.n	200005e8 <dcd_rp2040_irq+0xbc>
200008d6:	3302      	adds	r3, #2
200008d8:	5ce2      	ldrb	r2, [r4, r3]
200008da:	2a00      	cmp	r2, #0
200008dc:	d000      	beq.n	200008e0 <dcd_rp2040_irq+0x3b4>
200008de:	e0a3      	b.n	20000a28 <dcd_rp2040_irq+0x4fc>
200008e0:	4b5e      	ldr	r3, [pc, #376]	@ (20000a5c <dcd_rp2040_irq+0x530>)
200008e2:	5ce3      	ldrb	r3, [r4, r3]
200008e4:	2b02      	cmp	r3, #2
200008e6:	d130      	bne.n	2000094a <dcd_rp2040_irq+0x41e>
200008e8:	4b5d      	ldr	r3, [pc, #372]	@ (20000a60 <dcd_rp2040_irq+0x534>)
200008ea:	5ce3      	ldrb	r3, [r4, r3]
200008ec:	2b00      	cmp	r3, #0
200008ee:	d127      	bne.n	20000940 <dcd_rp2040_irq+0x414>
200008f0:	4b5c      	ldr	r3, [pc, #368]	@ (20000a64 <dcd_rp2040_irq+0x538>)
200008f2:	5ce3      	ldrb	r3, [r4, r3]
200008f4:	2b02      	cmp	r3, #2
200008f6:	d000      	beq.n	200008fa <dcd_rp2040_irq+0x3ce>
200008f8:	e68b      	b.n	20000612 <dcd_rp2040_irq+0xe6>
200008fa:	003e      	movs	r6, r7
200008fc:	4b5a      	ldr	r3, [pc, #360]	@ (20000a68 <dcd_rp2040_irq+0x53c>)
200008fe:	5ce3      	ldrb	r3, [r4, r3]
20000900:	2b00      	cmp	r3, #0
20000902:	d100      	bne.n	20000906 <dcd_rp2040_irq+0x3da>
20000904:	e67a      	b.n	200005fc <dcd_rp2040_irq+0xd0>
20000906:	23ff      	movs	r3, #255	@ 0xff
20000908:	009b      	lsls	r3, r3, #2
2000090a:	5ce2      	ldrb	r2, [r4, r3]
2000090c:	2a00      	cmp	r2, #0
2000090e:	d100      	bne.n	20000912 <dcd_rp2040_irq+0x3e6>
20000910:	e67f      	b.n	20000612 <dcd_rp2040_irq+0xe6>
20000912:	2200      	movs	r2, #0
20000914:	54e2      	strb	r2, [r4, r3]
20000916:	3b1c      	subs	r3, #28
20000918:	18e0      	adds	r0, r4, r3
2000091a:	f000 f9cd 	bl	20000cb8 <hw_endpoint_start_next_buffer>
2000091e:	e678      	b.n	20000612 <dcd_rp2040_irq+0xe6>
20000920:	4b52      	ldr	r3, [pc, #328]	@ (20000a6c <dcd_rp2040_irq+0x540>)
20000922:	5ce7      	ldrb	r7, [r4, r3]
20000924:	2f00      	cmp	r7, #0
20000926:	d100      	bne.n	2000092a <dcd_rp2040_irq+0x3fe>
20000928:	e659      	b.n	200005de <dcd_rp2040_irq+0xb2>
2000092a:	3302      	adds	r3, #2
2000092c:	5ce2      	ldrb	r2, [r4, r3]
2000092e:	2a00      	cmp	r2, #0
20000930:	d116      	bne.n	20000960 <dcd_rp2040_irq+0x434>
20000932:	003e      	movs	r6, r7
20000934:	e653      	b.n	200005de <dcd_rp2040_irq+0xb2>
20000936:	4b4a      	ldr	r3, [pc, #296]	@ (20000a60 <dcd_rp2040_irq+0x534>)
20000938:	5ce3      	ldrb	r3, [r4, r3]
2000093a:	2b00      	cmp	r3, #0
2000093c:	d100      	bne.n	20000940 <dcd_rp2040_irq+0x414>
2000093e:	e658      	b.n	200005f2 <dcd_rp2040_irq+0xc6>
20000940:	23ef      	movs	r3, #239	@ 0xef
20000942:	009b      	lsls	r3, r3, #2
20000944:	5ce2      	ldrb	r2, [r4, r3]
20000946:	2a00      	cmp	r2, #0
20000948:	d175      	bne.n	20000a36 <dcd_rp2040_irq+0x50a>
2000094a:	4b46      	ldr	r3, [pc, #280]	@ (20000a64 <dcd_rp2040_irq+0x538>)
2000094c:	5ce3      	ldrb	r3, [r4, r3]
2000094e:	2b02      	cmp	r3, #2
20000950:	d000      	beq.n	20000954 <dcd_rp2040_irq+0x428>
20000952:	e65e      	b.n	20000612 <dcd_rp2040_irq+0xe6>
20000954:	4b44      	ldr	r3, [pc, #272]	@ (20000a68 <dcd_rp2040_irq+0x53c>)
20000956:	5ce3      	ldrb	r3, [r4, r3]
20000958:	2b00      	cmp	r3, #0
2000095a:	d100      	bne.n	2000095e <dcd_rp2040_irq+0x432>
2000095c:	e659      	b.n	20000612 <dcd_rp2040_irq+0xe6>
2000095e:	e7d2      	b.n	20000906 <dcd_rp2040_irq+0x3da>
20000960:	2200      	movs	r2, #0
20000962:	54e2      	strb	r2, [r4, r3]
20000964:	3b1c      	subs	r3, #28
20000966:	18e0      	adds	r0, r4, r3
20000968:	f000 f9a6 	bl	20000cb8 <hw_endpoint_start_next_buffer>
2000096c:	003e      	movs	r6, r7
2000096e:	e636      	b.n	200005de <dcd_rp2040_irq+0xb2>
20000970:	0020      	movs	r0, r4
20000972:	2200      	movs	r2, #0
20000974:	30a0      	adds	r0, #160	@ 0xa0
20000976:	54e2      	strb	r2, [r4, r3]
20000978:	003e      	movs	r6, r7
2000097a:	f000 f99d 	bl	20000cb8 <hw_endpoint_start_next_buffer>
2000097e:	e5f8      	b.n	20000572 <dcd_rp2040_irq+0x46>
20000980:	0020      	movs	r0, r4
20000982:	2200      	movs	r2, #0
20000984:	3060      	adds	r0, #96	@ 0x60
20000986:	54e2      	strb	r2, [r4, r3]
20000988:	003e      	movs	r6, r7
2000098a:	f000 f995 	bl	20000cb8 <hw_endpoint_start_next_buffer>
2000098e:	e5eb      	b.n	20000568 <dcd_rp2040_irq+0x3c>
20000990:	2200      	movs	r2, #0
20000992:	54e2      	strb	r2, [r4, r3]
20000994:	3b1c      	subs	r3, #28
20000996:	18e0      	adds	r0, r4, r3
20000998:	f000 f98e 	bl	20000cb8 <hw_endpoint_start_next_buffer>
2000099c:	003e      	movs	r6, r7
2000099e:	e614      	b.n	200005ca <dcd_rp2040_irq+0x9e>
200009a0:	2200      	movs	r2, #0
200009a2:	54e2      	strb	r2, [r4, r3]
200009a4:	3b1c      	subs	r3, #28
200009a6:	18e0      	adds	r0, r4, r3
200009a8:	f000 f986 	bl	20000cb8 <hw_endpoint_start_next_buffer>
200009ac:	003e      	movs	r6, r7
200009ae:	e602      	b.n	200005b6 <dcd_rp2040_irq+0x8a>
200009b0:	2200      	movs	r2, #0
200009b2:	54e2      	strb	r2, [r4, r3]
200009b4:	3b1c      	subs	r3, #28
200009b6:	18e0      	adds	r0, r4, r3
200009b8:	f000 f97e 	bl	20000cb8 <hw_endpoint_start_next_buffer>
200009bc:	003e      	movs	r6, r7
200009be:	e609      	b.n	200005d4 <dcd_rp2040_irq+0xa8>
200009c0:	0020      	movs	r0, r4
200009c2:	2200      	movs	r2, #0
200009c4:	30a1      	adds	r0, #161	@ 0xa1
200009c6:	30ff      	adds	r0, #255	@ 0xff
200009c8:	54e2      	strb	r2, [r4, r3]
200009ca:	003e      	movs	r6, r7
200009cc:	f000 f974 	bl	20000cb8 <hw_endpoint_start_next_buffer>
200009d0:	e5e6      	b.n	200005a0 <dcd_rp2040_irq+0x74>
200009d2:	0020      	movs	r0, r4
200009d4:	2200      	movs	r2, #0
200009d6:	3021      	adds	r0, #33	@ 0x21
200009d8:	30ff      	adds	r0, #255	@ 0xff
200009da:	54e2      	strb	r2, [r4, r3]
200009dc:	003e      	movs	r6, r7
200009de:	f000 f96b 	bl	20000cb8 <hw_endpoint_start_next_buffer>
200009e2:	e5d1      	b.n	20000588 <dcd_rp2040_irq+0x5c>
200009e4:	2200      	movs	r2, #0
200009e6:	54e2      	strb	r2, [r4, r3]
200009e8:	3b1c      	subs	r3, #28
200009ea:	18e0      	adds	r0, r4, r3
200009ec:	f000 f964 	bl	20000cb8 <hw_endpoint_start_next_buffer>
200009f0:	003e      	movs	r6, r7
200009f2:	e5e5      	b.n	200005c0 <dcd_rp2040_irq+0x94>
200009f4:	0020      	movs	r0, r4
200009f6:	2200      	movs	r2, #0
200009f8:	3061      	adds	r0, #97	@ 0x61
200009fa:	30ff      	adds	r0, #255	@ 0xff
200009fc:	54e2      	strb	r2, [r4, r3]
200009fe:	003e      	movs	r6, r7
20000a00:	f000 f95a 	bl	20000cb8 <hw_endpoint_start_next_buffer>
20000a04:	e5c6      	b.n	20000594 <dcd_rp2040_irq+0x68>
20000a06:	0020      	movs	r0, r4
20000a08:	2200      	movs	r2, #0
20000a0a:	30e1      	adds	r0, #225	@ 0xe1
20000a0c:	30ff      	adds	r0, #255	@ 0xff
20000a0e:	54e2      	strb	r2, [r4, r3]
20000a10:	003e      	movs	r6, r7
20000a12:	f000 f951 	bl	20000cb8 <hw_endpoint_start_next_buffer>
20000a16:	e5c9      	b.n	200005ac <dcd_rp2040_irq+0x80>
20000a18:	0020      	movs	r0, r4
20000a1a:	2200      	movs	r2, #0
20000a1c:	30e0      	adds	r0, #224	@ 0xe0
20000a1e:	54e2      	strb	r2, [r4, r3]
20000a20:	003e      	movs	r6, r7
20000a22:	f000 f949 	bl	20000cb8 <hw_endpoint_start_next_buffer>
20000a26:	e5a9      	b.n	2000057c <dcd_rp2040_irq+0x50>
20000a28:	2200      	movs	r2, #0
20000a2a:	54e2      	strb	r2, [r4, r3]
20000a2c:	3b1c      	subs	r3, #28
20000a2e:	18e0      	adds	r0, r4, r3
20000a30:	f000 f942 	bl	20000cb8 <hw_endpoint_start_next_buffer>
20000a34:	e754      	b.n	200008e0 <dcd_rp2040_irq+0x3b4>
20000a36:	2200      	movs	r2, #0
20000a38:	54e2      	strb	r2, [r4, r3]
20000a3a:	3b1c      	subs	r3, #28
20000a3c:	18e0      	adds	r0, r4, r3
20000a3e:	f000 f93b 	bl	20000cb8 <hw_endpoint_start_next_buffer>
20000a42:	e782      	b.n	2000094a <dcd_rp2040_irq+0x41e>
20000a44:	0031      	movs	r1, r6
20000a46:	480a      	ldr	r0, [pc, #40]	@ (20000a70 <dcd_rp2040_irq+0x544>)
20000a48:	4069      	eors	r1, r5
20000a4a:	f000 faed 	bl	20001028 <__panic_veneer>
20000a4e:	46c0      	nop			@ (mov r8, r8)
20000a50:	0000023a 	.word	0x0000023a
20000a54:	000002ba 	.word	0x000002ba
20000a58:	0000037a 	.word	0x0000037a
20000a5c:	000003bb 	.word	0x000003bb
20000a60:	000003ba 	.word	0x000003ba
20000a64:	000003fb 	.word	0x000003fb
20000a68:	000003fa 	.word	0x000003fa
20000a6c:	0000033a 	.word	0x0000033a
20000a70:	1000b904 	.word	0x1000b904

20000a74 <prepare_ep_buffer>:
20000a74:	b5f0      	push	{r4, r5, r6, r7, lr}
20000a76:	46c6      	mov	lr, r8
20000a78:	b500      	push	{lr}
20000a7a:	0002      	movs	r2, r0
20000a7c:	8a83      	ldrh	r3, [r0, #20]
20000a7e:	8b00      	ldrh	r0, [r0, #24]
20000a80:	468c      	mov	ip, r1
20000a82:	1c01      	adds	r1, r0, #0
20000a84:	4298      	cmp	r0, r3
20000a86:	d900      	bls.n	20000a8a <prepare_ep_buffer+0x16>
20000a88:	1c19      	adds	r1, r3, #0
20000a8a:	78d4      	ldrb	r4, [r2, #3]
20000a8c:	2580      	movs	r5, #128	@ 0x80
20000a8e:	0020      	movs	r0, r4
20000a90:	1e46      	subs	r6, r0, #1
20000a92:	41b0      	sbcs	r0, r6
20000a94:	b289      	uxth	r1, r1
20000a96:	00ed      	lsls	r5, r5, #3
20000a98:	430d      	orrs	r5, r1
20000a9a:	0340      	lsls	r0, r0, #13
20000a9c:	4328      	orrs	r0, r5
20000a9e:	2501      	movs	r5, #1
20000aa0:	406c      	eors	r4, r5
20000aa2:	1a5b      	subs	r3, r3, r1
20000aa4:	70d4      	strb	r4, [r2, #3]
20000aa6:	7854      	ldrb	r4, [r2, #1]
20000aa8:	b29b      	uxth	r3, r3
20000aaa:	8293      	strh	r3, [r2, #20]
20000aac:	2c00      	cmp	r4, #0
20000aae:	d131      	bne.n	20000b14 <prepare_ep_buffer+0xa0>
20000ab0:	4664      	mov	r4, ip
20000ab2:	68d5      	ldr	r5, [r2, #12]
20000ab4:	01a4      	lsls	r4, r4, #6
20000ab6:	1e4e      	subs	r6, r1, #1
20000ab8:	192d      	adds	r5, r5, r4
20000aba:	46b0      	mov	r8, r6
20000abc:	6914      	ldr	r4, [r2, #16]
20000abe:	2900      	cmp	r1, #0
20000ac0:	d023      	beq.n	20000b0a <prepare_ep_buffer+0x96>
20000ac2:	2e06      	cmp	r6, #6
20000ac4:	d932      	bls.n	20000b2c <prepare_ep_buffer+0xb8>
20000ac6:	002b      	movs	r3, r5
20000ac8:	4323      	orrs	r3, r4
20000aca:	079b      	lsls	r3, r3, #30
20000acc:	d12e      	bne.n	20000b2c <prepare_ep_buffer+0xb8>
20000ace:	1c63      	adds	r3, r4, #1
20000ad0:	1aeb      	subs	r3, r5, r3
20000ad2:	2b02      	cmp	r3, #2
20000ad4:	d92a      	bls.n	20000b2c <prepare_ep_buffer+0xb8>
20000ad6:	2300      	movs	r3, #0
20000ad8:	088f      	lsrs	r7, r1, #2
20000ada:	00bf      	lsls	r7, r7, #2
20000adc:	58e6      	ldr	r6, [r4, r3]
20000ade:	50ee      	str	r6, [r5, r3]
20000ae0:	3304      	adds	r3, #4
20000ae2:	429f      	cmp	r7, r3
20000ae4:	d1fa      	bne.n	20000adc <prepare_ep_buffer+0x68>
20000ae6:	4643      	mov	r3, r8
20000ae8:	19ed      	adds	r5, r5, r7
20000aea:	1bdb      	subs	r3, r3, r7
20000aec:	19e4      	adds	r4, r4, r7
20000aee:	42b9      	cmp	r1, r7
20000af0:	d009      	beq.n	20000b06 <prepare_ep_buffer+0x92>
20000af2:	7826      	ldrb	r6, [r4, #0]
20000af4:	702e      	strb	r6, [r5, #0]
20000af6:	2b00      	cmp	r3, #0
20000af8:	d005      	beq.n	20000b06 <prepare_ep_buffer+0x92>
20000afa:	7866      	ldrb	r6, [r4, #1]
20000afc:	706e      	strb	r6, [r5, #1]
20000afe:	2b01      	cmp	r3, #1
20000b00:	d001      	beq.n	20000b06 <prepare_ep_buffer+0x92>
20000b02:	78a3      	ldrb	r3, [r4, #2]
20000b04:	70ab      	strb	r3, [r5, #2]
20000b06:	6914      	ldr	r4, [r2, #16]
20000b08:	8a93      	ldrh	r3, [r2, #20]
20000b0a:	1864      	adds	r4, r4, r1
20000b0c:	6114      	str	r4, [r2, #16]
20000b0e:	2280      	movs	r2, #128	@ 0x80
20000b10:	0212      	lsls	r2, r2, #8
20000b12:	4310      	orrs	r0, r2
20000b14:	2b00      	cmp	r3, #0
20000b16:	d102      	bne.n	20000b1e <prepare_ep_buffer+0xaa>
20000b18:	2380      	movs	r3, #128	@ 0x80
20000b1a:	01db      	lsls	r3, r3, #7
20000b1c:	4318      	orrs	r0, r3
20000b1e:	4663      	mov	r3, ip
20000b20:	2b00      	cmp	r3, #0
20000b22:	d000      	beq.n	20000b26 <prepare_ep_buffer+0xb2>
20000b24:	0400      	lsls	r0, r0, #16
20000b26:	bc80      	pop	{r7}
20000b28:	46b8      	mov	r8, r7
20000b2a:	bdf0      	pop	{r4, r5, r6, r7, pc}
20000b2c:	2300      	movs	r3, #0
20000b2e:	5ce6      	ldrb	r6, [r4, r3]
20000b30:	54ee      	strb	r6, [r5, r3]
20000b32:	3301      	adds	r3, #1
20000b34:	4299      	cmp	r1, r3
20000b36:	d1fa      	bne.n	20000b2e <prepare_ep_buffer+0xba>
20000b38:	e7e5      	b.n	20000b06 <prepare_ep_buffer+0x92>
20000b3a:	46c0      	nop			@ (mov r8, r8)

20000b3c <sync_ep_buffer>:
20000b3c:	6883      	ldr	r3, [r0, #8]
20000b3e:	b5f0      	push	{r4, r5, r6, r7, lr}
20000b40:	681a      	ldr	r2, [r3, #0]
20000b42:	0004      	movs	r4, r0
20000b44:	2900      	cmp	r1, #0
20000b46:	d000      	beq.n	20000b4a <sync_ep_buffer+0xe>
20000b48:	0c12      	lsrs	r2, r2, #16
20000b4a:	7863      	ldrb	r3, [r4, #1]
20000b4c:	0592      	lsls	r2, r2, #22
20000b4e:	0d90      	lsrs	r0, r2, #22
20000b50:	2b00      	cmp	r3, #0
20000b52:	d108      	bne.n	20000b66 <sync_ep_buffer+0x2a>
20000b54:	8ae3      	ldrh	r3, [r4, #22]
20000b56:	18c3      	adds	r3, r0, r3
20000b58:	82e3      	strh	r3, [r4, #22]
20000b5a:	8b23      	ldrh	r3, [r4, #24]
20000b5c:	4283      	cmp	r3, r0
20000b5e:	d901      	bls.n	20000b64 <sync_ep_buffer+0x28>
20000b60:	2300      	movs	r3, #0
20000b62:	82a3      	strh	r3, [r4, #20]
20000b64:	bdf0      	pop	{r4, r5, r6, r7, pc}
20000b66:	68e3      	ldr	r3, [r4, #12]
20000b68:	0189      	lsls	r1, r1, #6
20000b6a:	6925      	ldr	r5, [r4, #16]
20000b6c:	185e      	adds	r6, r3, r1
20000b6e:	1e47      	subs	r7, r0, #1
20000b70:	2800      	cmp	r0, #0
20000b72:	d022      	beq.n	20000bba <sync_ep_buffer+0x7e>
20000b74:	2f06      	cmp	r7, #6
20000b76:	d926      	bls.n	20000bc6 <sync_ep_buffer+0x8a>
20000b78:	3101      	adds	r1, #1
20000b7a:	185b      	adds	r3, r3, r1
20000b7c:	1aeb      	subs	r3, r5, r3
20000b7e:	2b02      	cmp	r3, #2
20000b80:	d921      	bls.n	20000bc6 <sync_ep_buffer+0x8a>
20000b82:	002b      	movs	r3, r5
20000b84:	4333      	orrs	r3, r6
20000b86:	079b      	lsls	r3, r3, #30
20000b88:	d11d      	bne.n	20000bc6 <sync_ep_buffer+0x8a>
20000b8a:	2300      	movs	r3, #0
20000b8c:	0e12      	lsrs	r2, r2, #24
20000b8e:	0092      	lsls	r2, r2, #2
20000b90:	58f1      	ldr	r1, [r6, r3]
20000b92:	50e9      	str	r1, [r5, r3]
20000b94:	3304      	adds	r3, #4
20000b96:	429a      	cmp	r2, r3
20000b98:	d1fa      	bne.n	20000b90 <sync_ep_buffer+0x54>
20000b9a:	1abf      	subs	r7, r7, r2
20000b9c:	18ad      	adds	r5, r5, r2
20000b9e:	18b6      	adds	r6, r6, r2
20000ba0:	4290      	cmp	r0, r2
20000ba2:	d009      	beq.n	20000bb8 <sync_ep_buffer+0x7c>
20000ba4:	7832      	ldrb	r2, [r6, #0]
20000ba6:	702a      	strb	r2, [r5, #0]
20000ba8:	2f00      	cmp	r7, #0
20000baa:	d005      	beq.n	20000bb8 <sync_ep_buffer+0x7c>
20000bac:	7872      	ldrb	r2, [r6, #1]
20000bae:	706a      	strb	r2, [r5, #1]
20000bb0:	2f01      	cmp	r7, #1
20000bb2:	d001      	beq.n	20000bb8 <sync_ep_buffer+0x7c>
20000bb4:	78b2      	ldrb	r2, [r6, #2]
20000bb6:	70aa      	strb	r2, [r5, #2]
20000bb8:	6925      	ldr	r5, [r4, #16]
20000bba:	8ae3      	ldrh	r3, [r4, #22]
20000bbc:	182d      	adds	r5, r5, r0
20000bbe:	18c3      	adds	r3, r0, r3
20000bc0:	82e3      	strh	r3, [r4, #22]
20000bc2:	6125      	str	r5, [r4, #16]
20000bc4:	e7c9      	b.n	20000b5a <sync_ep_buffer+0x1e>
20000bc6:	2200      	movs	r2, #0
20000bc8:	5cb3      	ldrb	r3, [r6, r2]
20000bca:	54ab      	strb	r3, [r5, r2]
20000bcc:	3201      	adds	r2, #1
20000bce:	4290      	cmp	r0, r2
20000bd0:	d1fa      	bne.n	20000bc8 <sync_ep_buffer+0x8c>
20000bd2:	6925      	ldr	r5, [r4, #16]
20000bd4:	e7f1      	b.n	20000bba <sync_ep_buffer+0x7e>
20000bd6:	46c0      	nop			@ (mov r8, r8)

20000bd8 <_hw_endpoint_xfer_sync>:
20000bd8:	b510      	push	{r4, lr}
20000bda:	0004      	movs	r4, r0
20000bdc:	6883      	ldr	r3, [r0, #8]
20000bde:	2100      	movs	r1, #0
20000be0:	681b      	ldr	r3, [r3, #0]
20000be2:	f7ff ffab 	bl	20000b3c <sync_ep_buffer>
20000be6:	6863      	ldr	r3, [r4, #4]
20000be8:	681b      	ldr	r3, [r3, #0]
20000bea:	005b      	lsls	r3, r3, #1
20000bec:	d502      	bpl.n	20000bf4 <_hw_endpoint_xfer_sync+0x1c>
20000bee:	8b23      	ldrh	r3, [r4, #24]
20000bf0:	4283      	cmp	r3, r0
20000bf2:	d000      	beq.n	20000bf6 <_hw_endpoint_xfer_sync+0x1e>
20000bf4:	bd10      	pop	{r4, pc}
20000bf6:	2101      	movs	r1, #1
20000bf8:	0020      	movs	r0, r4
20000bfa:	f7ff ff9f 	bl	20000b3c <sync_ep_buffer>
20000bfe:	e7f9      	b.n	20000bf4 <_hw_endpoint_xfer_sync+0x1c>

20000c00 <e15_is_bulkin_ep>:
20000c00:	4a08      	ldr	r2, [pc, #32]	@ (20000c24 <e15_is_bulkin_ep+0x24>)
20000c02:	0003      	movs	r3, r0
20000c04:	6c12      	ldr	r2, [r2, #64]	@ 0x40
20000c06:	2000      	movs	r0, #0
20000c08:	0792      	lsls	r2, r2, #30
20000c0a:	d403      	bmi.n	20000c14 <e15_is_bulkin_ep+0x14>
20000c0c:	789a      	ldrb	r2, [r3, #2]
20000c0e:	09d2      	lsrs	r2, r2, #7
20000c10:	2a01      	cmp	r2, #1
20000c12:	d000      	beq.n	20000c16 <e15_is_bulkin_ep+0x16>
20000c14:	4770      	bx	lr
20000c16:	7ed8      	ldrb	r0, [r3, #27]
20000c18:	3802      	subs	r0, #2
20000c1a:	4243      	negs	r3, r0
20000c1c:	4158      	adcs	r0, r3
20000c1e:	b2c0      	uxtb	r0, r0
20000c20:	e7f8      	b.n	20000c14 <e15_is_bulkin_ep+0x14>
20000c22:	46c0      	nop			@ (mov r8, r8)
20000c24:	50110000 	.word	0x50110000

20000c28 <e15_is_critical_frame_period>:
20000c28:	b510      	push	{r4, lr}
20000c2a:	f7ff ffe9 	bl	20000c00 <e15_is_bulkin_ep>
20000c2e:	2800      	cmp	r0, #0
20000c30:	d00c      	beq.n	20000c4c <e15_is_critical_frame_period+0x24>
20000c32:	4907      	ldr	r1, [pc, #28]	@ (20000c50 <e15_is_critical_frame_period+0x28>)
20000c34:	4b07      	ldr	r3, [pc, #28]	@ (20000c54 <e15_is_critical_frame_period+0x2c>)
20000c36:	468c      	mov	ip, r1
20000c38:	4a07      	ldr	r2, [pc, #28]	@ (20000c58 <e15_is_critical_frame_period+0x30>)
20000c3a:	6a9b      	ldr	r3, [r3, #40]	@ 0x28
20000c3c:	6812      	ldr	r2, [r2, #0]
20000c3e:	4463      	add	r3, ip
20000c40:	1a9b      	subs	r3, r3, r2
20000c42:	2000      	movs	r0, #0
20000c44:	22c6      	movs	r2, #198	@ 0xc6
20000c46:	429a      	cmp	r2, r3
20000c48:	4140      	adcs	r0, r0
20000c4a:	b2c0      	uxtb	r0, r0
20000c4c:	bd10      	pop	{r4, pc}
20000c4e:	46c0      	nop			@ (mov r8, r8)
20000c50:	fffffce0 	.word	0xfffffce0
20000c54:	40054000 	.word	0x40054000
20000c58:	20003368 	.word	0x20003368

20000c5c <hw_endpoint_reset_transfer>:
20000c5c:	2300      	movs	r3, #0
20000c5e:	7683      	strb	r3, [r0, #26]
20000c60:	6143      	str	r3, [r0, #20]
20000c62:	6103      	str	r3, [r0, #16]
20000c64:	4770      	bx	lr
20000c66:	46c0      	nop			@ (mov r8, r8)

20000c68 <_hw_endpoint_buffer_control_update32>:
20000c68:	b510      	push	{r4, lr}
20000c6a:	6883      	ldr	r3, [r0, #8]
20000c6c:	2900      	cmp	r1, #0
20000c6e:	d001      	beq.n	20000c74 <_hw_endpoint_buffer_control_update32+0xc>
20000c70:	681c      	ldr	r4, [r3, #0]
20000c72:	4021      	ands	r1, r4
20000c74:	2a00      	cmp	r2, #0
20000c76:	d012      	beq.n	20000c9e <_hw_endpoint_buffer_control_update32+0x36>
20000c78:	2480      	movs	r4, #128	@ 0x80
20000c7a:	00e4      	lsls	r4, r4, #3
20000c7c:	4311      	orrs	r1, r2
20000c7e:	4222      	tst	r2, r4
20000c80:	d00d      	beq.n	20000c9e <_hw_endpoint_buffer_control_update32+0x36>
20000c82:	681a      	ldr	r2, [r3, #0]
20000c84:	4222      	tst	r2, r4
20000c86:	d10c      	bne.n	20000ca2 <_hw_endpoint_buffer_control_update32+0x3a>
20000c88:	4a08      	ldr	r2, [pc, #32]	@ (20000cac <_hw_endpoint_buffer_control_update32+0x44>)
20000c8a:	400a      	ands	r2, r1
20000c8c:	601a      	str	r2, [r3, #0]
20000c8e:	4a08      	ldr	r2, [pc, #32]	@ (20000cb0 <_hw_endpoint_buffer_control_update32+0x48>)
20000c90:	6c12      	ldr	r2, [r2, #64]	@ 0x40
20000c92:	0792      	lsls	r2, r2, #30
20000c94:	d403      	bmi.n	20000c9e <_hw_endpoint_buffer_control_update32+0x36>
20000c96:	230c      	movs	r3, #12
20000c98:	3b03      	subs	r3, #3
20000c9a:	d2fd      	bcs.n	20000c98 <_hw_endpoint_buffer_control_update32+0x30>
20000c9c:	6883      	ldr	r3, [r0, #8]
20000c9e:	6019      	str	r1, [r3, #0]
20000ca0:	bd10      	pop	{r4, pc}
20000ca2:	7881      	ldrb	r1, [r0, #2]
20000ca4:	4803      	ldr	r0, [pc, #12]	@ (20000cb4 <_hw_endpoint_buffer_control_update32+0x4c>)
20000ca6:	f000 f9bf 	bl	20001028 <__panic_veneer>
20000caa:	46c0      	nop			@ (mov r8, r8)
20000cac:	fffffbff 	.word	0xfffffbff
20000cb0:	50110000 	.word	0x50110000
20000cb4:	1000b918 	.word	0x1000b918

20000cb8 <hw_endpoint_start_next_buffer>:
20000cb8:	6843      	ldr	r3, [r0, #4]
20000cba:	b570      	push	{r4, r5, r6, lr}
20000cbc:	2100      	movs	r1, #0
20000cbe:	2580      	movs	r5, #128	@ 0x80
20000cc0:	0004      	movs	r4, r0
20000cc2:	681e      	ldr	r6, [r3, #0]
20000cc4:	f7ff fed6 	bl	20000a74 <prepare_ep_buffer>
20000cc8:	4b12      	ldr	r3, [pc, #72]	@ (20000d14 <hw_endpoint_start_next_buffer+0x5c>)
20000cca:	016d      	lsls	r5, r5, #5
20000ccc:	6c1a      	ldr	r2, [r3, #64]	@ 0x40
20000cce:	4305      	orrs	r5, r0
20000cd0:	78a3      	ldrb	r3, [r4, #2]
20000cd2:	0792      	lsls	r2, r2, #30
20000cd4:	d50e      	bpl.n	20000cf4 <hw_endpoint_start_next_buffer+0x3c>
20000cd6:	065b      	lsls	r3, r3, #25
20000cd8:	d00e      	beq.n	20000cf8 <hw_endpoint_start_next_buffer+0x40>
20000cda:	4b0f      	ldr	r3, [pc, #60]	@ (20000d18 <hw_endpoint_start_next_buffer+0x60>)
20000cdc:	401e      	ands	r6, r3
20000cde:	2380      	movs	r3, #128	@ 0x80
20000ce0:	059b      	lsls	r3, r3, #22
20000ce2:	4333      	orrs	r3, r6
20000ce4:	6862      	ldr	r2, [r4, #4]
20000ce6:	2100      	movs	r1, #0
20000ce8:	6013      	str	r3, [r2, #0]
20000cea:	0020      	movs	r0, r4
20000cec:	002a      	movs	r2, r5
20000cee:	f7ff ffbb 	bl	20000c68 <_hw_endpoint_buffer_control_update32>
20000cf2:	bd70      	pop	{r4, r5, r6, pc}
20000cf4:	09db      	lsrs	r3, r3, #7
20000cf6:	d0f0      	beq.n	20000cda <hw_endpoint_start_next_buffer+0x22>
20000cf8:	8aa3      	ldrh	r3, [r4, #20]
20000cfa:	2b00      	cmp	r3, #0
20000cfc:	d0ed      	beq.n	20000cda <hw_endpoint_start_next_buffer+0x22>
20000cfe:	2101      	movs	r1, #1
20000d00:	0020      	movs	r0, r4
20000d02:	f7ff feb7 	bl	20000a74 <prepare_ep_buffer>
20000d06:	23a0      	movs	r3, #160	@ 0xa0
20000d08:	4a04      	ldr	r2, [pc, #16]	@ (20000d1c <hw_endpoint_start_next_buffer+0x64>)
20000d0a:	05db      	lsls	r3, r3, #23
20000d0c:	4032      	ands	r2, r6
20000d0e:	4305      	orrs	r5, r0
20000d10:	4313      	orrs	r3, r2
20000d12:	e7e7      	b.n	20000ce4 <hw_endpoint_start_next_buffer+0x2c>
20000d14:	50110000 	.word	0x50110000
20000d18:	afffffff 	.word	0xafffffff
20000d1c:	dfffffff 	.word	0xdfffffff

20000d20 <hw_endpoint_xfer_continue>:
20000d20:	b570      	push	{r4, r5, r6, lr}
20000d22:	7e85      	ldrb	r5, [r0, #26]
20000d24:	0004      	movs	r4, r0
20000d26:	2d00      	cmp	r5, #0
20000d28:	d014      	beq.n	20000d54 <hw_endpoint_xfer_continue+0x34>
20000d2a:	f7ff ff55 	bl	20000bd8 <_hw_endpoint_xfer_sync>
20000d2e:	8aa3      	ldrh	r3, [r4, #20]
20000d30:	2b00      	cmp	r3, #0
20000d32:	d101      	bne.n	20000d38 <hw_endpoint_xfer_continue+0x18>
20000d34:	0028      	movs	r0, r5
20000d36:	bd70      	pop	{r4, r5, r6, pc}
20000d38:	0020      	movs	r0, r4
20000d3a:	f7ff ff75 	bl	20000c28 <e15_is_critical_frame_period>
20000d3e:	2800      	cmp	r0, #0
20000d40:	d003      	beq.n	20000d4a <hw_endpoint_xfer_continue+0x2a>
20000d42:	2301      	movs	r3, #1
20000d44:	2500      	movs	r5, #0
20000d46:	7723      	strb	r3, [r4, #28]
20000d48:	e7f4      	b.n	20000d34 <hw_endpoint_xfer_continue+0x14>
20000d4a:	0020      	movs	r0, r4
20000d4c:	f7ff ffb4 	bl	20000cb8 <hw_endpoint_start_next_buffer>
20000d50:	2500      	movs	r5, #0
20000d52:	e7ef      	b.n	20000d34 <hw_endpoint_xfer_continue+0x14>
20000d54:	7881      	ldrb	r1, [r0, #2]
20000d56:	4801      	ldr	r0, [pc, #4]	@ (20000d5c <hw_endpoint_xfer_continue+0x3c>)
20000d58:	f000 f966 	bl	20001028 <__panic_veneer>
20000d5c:	1000b938 	.word	0x1000b938

20000d60 <dcd_event_handler>:
20000d60:	b5f0      	push	{r4, r5, r6, r7, lr}
20000d62:	46ce      	mov	lr, r9
20000d64:	4647      	mov	r7, r8
20000d66:	b580      	push	{r7, lr}
20000d68:	7843      	ldrb	r3, [r0, #1]
20000d6a:	0005      	movs	r5, r0
20000d6c:	000e      	movs	r6, r1
20000d6e:	b085      	sub	sp, #20
20000d70:	2b06      	cmp	r3, #6
20000d72:	d808      	bhi.n	20000d86 <dcd_event_handler+0x26>
20000d74:	4a6c      	ldr	r2, [pc, #432]	@ (20000f28 <dcd_event_handler+0x1c8>)
20000d76:	009b      	lsls	r3, r3, #2
20000d78:	58d3      	ldr	r3, [r2, r3]
20000d7a:	469f      	mov	pc, r3
20000d7c:	4a6b      	ldr	r2, [pc, #428]	@ (20000f2c <dcd_event_handler+0x1cc>)
20000d7e:	7813      	ldrb	r3, [r2, #0]
20000d80:	3301      	adds	r3, #1
20000d82:	b2db      	uxtb	r3, r3
20000d84:	7013      	strb	r3, [r2, #0]
20000d86:	4b6a      	ldr	r3, [pc, #424]	@ (20000f30 <dcd_event_handler+0x1d0>)
20000d88:	681c      	ldr	r4, [r3, #0]
20000d8a:	6962      	ldr	r2, [r4, #20]
20000d8c:	f3ef 8110 	mrs	r1, PRIMASK
20000d90:	b672      	cpsid	i
20000d92:	6813      	ldr	r3, [r2, #0]
20000d94:	2b00      	cmp	r3, #0
20000d96:	d0fc      	beq.n	20000d92 <dcd_event_handler+0x32>
20000d98:	f3bf 8f5f 	dmb	sy
20000d9c:	61a1      	str	r1, [r4, #24]
20000d9e:	0020      	movs	r0, r4
20000da0:	0029      	movs	r1, r5
20000da2:	f000 f911 	bl	20000fc8 <__tu_fifo_write_veneer>
20000da6:	6962      	ldr	r2, [r4, #20]
20000da8:	69a3      	ldr	r3, [r4, #24]
20000daa:	f3bf 8f5f 	dmb	sy
20000dae:	2100      	movs	r1, #0
20000db0:	6011      	str	r1, [r2, #0]
20000db2:	f383 8810 	msr	PRIMASK, r3
20000db6:	2800      	cmp	r0, #0
20000db8:	d104      	bne.n	20000dc4 <dcd_event_handler+0x64>
20000dba:	b005      	add	sp, #20
20000dbc:	bcc0      	pop	{r6, r7}
20000dbe:	46b9      	mov	r9, r7
20000dc0:	46b0      	mov	r8, r6
20000dc2:	bdf0      	pop	{r4, r5, r6, r7, pc}
20000dc4:	0032      	movs	r2, r6
20000dc6:	7869      	ldrb	r1, [r5, #1]
20000dc8:	7828      	ldrb	r0, [r5, #0]
20000dca:	f000 f925 	bl	20001018 <__tud_event_hook_cb_veneer>
20000dce:	e7f4      	b.n	20000dba <dcd_event_handler+0x5a>
20000dd0:	2101      	movs	r1, #1
20000dd2:	4b58      	ldr	r3, [pc, #352]	@ (20000f34 <dcd_event_handler+0x1d4>)
20000dd4:	781a      	ldrb	r2, [r3, #0]
20000dd6:	438a      	bics	r2, r1
20000dd8:	701a      	strb	r2, [r3, #0]
20000dda:	781a      	ldrb	r2, [r3, #0]
20000ddc:	3101      	adds	r1, #1
20000dde:	438a      	bics	r2, r1
20000de0:	701a      	strb	r2, [r3, #0]
20000de2:	2200      	movs	r2, #0
20000de4:	705a      	strb	r2, [r3, #1]
20000de6:	781a      	ldrb	r2, [r3, #0]
20000de8:	3102      	adds	r1, #2
20000dea:	438a      	bics	r2, r1
20000dec:	701a      	strb	r2, [r3, #0]
20000dee:	e7ca      	b.n	20000d86 <dcd_event_handler+0x26>
20000df0:	4951      	ldr	r1, [pc, #324]	@ (20000f38 <dcd_event_handler+0x1d8>)
20000df2:	4f52      	ldr	r7, [pc, #328]	@ (20000f3c <dcd_event_handler+0x1dc>)
20000df4:	4689      	mov	r9, r1
20000df6:	4952      	ldr	r1, [pc, #328]	@ (20000f40 <dcd_event_handler+0x1e0>)
20000df8:	2400      	movs	r4, #0
20000dfa:	2300      	movs	r3, #0
20000dfc:	4688      	mov	r8, r1
20000dfe:	783a      	ldrb	r2, [r7, #0]
20000e00:	e012      	b.n	20000e28 <dcd_event_handler+0xc8>
20000e02:	4643      	mov	r3, r8
20000e04:	681b      	ldr	r3, [r3, #0]
20000e06:	0161      	lsls	r1, r4, #5
20000e08:	185b      	adds	r3, r3, r1
20000e0a:	2b00      	cmp	r3, #0
20000e0c:	d006      	beq.n	20000e1c <dcd_event_handler+0xbc>
20000e0e:	69db      	ldr	r3, [r3, #28]
20000e10:	2b00      	cmp	r3, #0
20000e12:	d003      	beq.n	20000e1c <dcd_event_handler+0xbc>
20000e14:	6869      	ldr	r1, [r5, #4]
20000e16:	7828      	ldrb	r0, [r5, #0]
20000e18:	4798      	blx	r3
20000e1a:	783a      	ldrb	r2, [r7, #0]
20000e1c:	3401      	adds	r4, #1
20000e1e:	b2e4      	uxtb	r4, r4
20000e20:	1c51      	adds	r1, r2, #1
20000e22:	0023      	movs	r3, r4
20000e24:	42a1      	cmp	r1, r4
20000e26:	db17      	blt.n	20000e58 <dcd_event_handler+0xf8>
20000e28:	42a2      	cmp	r2, r4
20000e2a:	d8ea      	bhi.n	20000e02 <dcd_event_handler+0xa2>
20000e2c:	1a9b      	subs	r3, r3, r2
20000e2e:	015b      	lsls	r3, r3, #5
20000e30:	444b      	add	r3, r9
20000e32:	e7ec      	b.n	20000e0e <dcd_event_handler+0xae>
20000e34:	4b3f      	ldr	r3, [pc, #252]	@ (20000f34 <dcd_event_handler+0x1d4>)
20000e36:	781a      	ldrb	r2, [r3, #0]
20000e38:	07d2      	lsls	r2, r2, #31
20000e3a:	d5be      	bpl.n	20000dba <dcd_event_handler+0x5a>
20000e3c:	2104      	movs	r1, #4
20000e3e:	781a      	ldrb	r2, [r3, #0]
20000e40:	430a      	orrs	r2, r1
20000e42:	701a      	strb	r2, [r3, #0]
20000e44:	e79f      	b.n	20000d86 <dcd_event_handler+0x26>
20000e46:	4b3b      	ldr	r3, [pc, #236]	@ (20000f34 <dcd_event_handler+0x1d4>)
20000e48:	781a      	ldrb	r2, [r3, #0]
20000e4a:	07d2      	lsls	r2, r2, #31
20000e4c:	d5b5      	bpl.n	20000dba <dcd_event_handler+0x5a>
20000e4e:	2104      	movs	r1, #4
20000e50:	781a      	ldrb	r2, [r3, #0]
20000e52:	438a      	bics	r2, r1
20000e54:	701a      	strb	r2, [r3, #0]
20000e56:	e796      	b.n	20000d86 <dcd_event_handler+0x26>
20000e58:	4f36      	ldr	r7, [pc, #216]	@ (20000f34 <dcd_event_handler+0x1d4>)
20000e5a:	783b      	ldrb	r3, [r7, #0]
20000e5c:	075b      	lsls	r3, r3, #29
20000e5e:	d52b      	bpl.n	20000eb8 <dcd_event_handler+0x158>
20000e60:	2204      	movs	r2, #4
20000e62:	783b      	ldrb	r3, [r7, #0]
20000e64:	2100      	movs	r1, #0
20000e66:	4393      	bics	r3, r2
20000e68:	703b      	strb	r3, [r7, #0]
20000e6a:	466b      	mov	r3, sp
20000e6c:	3206      	adds	r2, #6
20000e6e:	1d98      	adds	r0, r3, #6
20000e70:	f000 f892 	bl	20000f98 <____wrap_memset_veneer>
20000e74:	782b      	ldrb	r3, [r5, #0]
20000e76:	ac01      	add	r4, sp, #4
20000e78:	7023      	strb	r3, [r4, #0]
20000e7a:	2305      	movs	r3, #5
20000e7c:	7063      	strb	r3, [r4, #1]
20000e7e:	4b2c      	ldr	r3, [pc, #176]	@ (20000f30 <dcd_event_handler+0x1d0>)
20000e80:	681b      	ldr	r3, [r3, #0]
20000e82:	4698      	mov	r8, r3
20000e84:	695a      	ldr	r2, [r3, #20]
20000e86:	f3ef 8110 	mrs	r1, PRIMASK
20000e8a:	b672      	cpsid	i
20000e8c:	6813      	ldr	r3, [r2, #0]
20000e8e:	2b00      	cmp	r3, #0
20000e90:	d0fc      	beq.n	20000e8c <dcd_event_handler+0x12c>
20000e92:	f3bf 8f5f 	dmb	sy
20000e96:	4643      	mov	r3, r8
20000e98:	4640      	mov	r0, r8
20000e9a:	6199      	str	r1, [r3, #24]
20000e9c:	0021      	movs	r1, r4
20000e9e:	f000 f893 	bl	20000fc8 <__tu_fifo_write_veneer>
20000ea2:	4643      	mov	r3, r8
20000ea4:	695a      	ldr	r2, [r3, #20]
20000ea6:	699b      	ldr	r3, [r3, #24]
20000ea8:	f3bf 8f5f 	dmb	sy
20000eac:	2100      	movs	r1, #0
20000eae:	6011      	str	r1, [r2, #0]
20000eb0:	f383 8810 	msr	PRIMASK, r3
20000eb4:	2800      	cmp	r0, #0
20000eb6:	d131      	bne.n	20000f1c <dcd_event_handler+0x1bc>
20000eb8:	78fb      	ldrb	r3, [r7, #3]
20000eba:	07db      	lsls	r3, r3, #31
20000ebc:	d400      	bmi.n	20000ec0 <dcd_event_handler+0x160>
20000ebe:	e77c      	b.n	20000dba <dcd_event_handler+0x5a>
20000ec0:	466b      	mov	r3, sp
20000ec2:	220a      	movs	r2, #10
20000ec4:	2100      	movs	r1, #0
20000ec6:	1d98      	adds	r0, r3, #6
20000ec8:	f000 f866 	bl	20000f98 <____wrap_memset_veneer>
20000ecc:	782b      	ldrb	r3, [r5, #0]
20000ece:	ac01      	add	r4, sp, #4
20000ed0:	7023      	strb	r3, [r4, #0]
20000ed2:	2303      	movs	r3, #3
20000ed4:	7063      	strb	r3, [r4, #1]
20000ed6:	686b      	ldr	r3, [r5, #4]
20000ed8:	6063      	str	r3, [r4, #4]
20000eda:	4b15      	ldr	r3, [pc, #84]	@ (20000f30 <dcd_event_handler+0x1d0>)
20000edc:	681d      	ldr	r5, [r3, #0]
20000ede:	696a      	ldr	r2, [r5, #20]
20000ee0:	f3ef 8110 	mrs	r1, PRIMASK
20000ee4:	b672      	cpsid	i
20000ee6:	6813      	ldr	r3, [r2, #0]
20000ee8:	2b00      	cmp	r3, #0
20000eea:	d0fc      	beq.n	20000ee6 <dcd_event_handler+0x186>
20000eec:	f3bf 8f5f 	dmb	sy
20000ef0:	61a9      	str	r1, [r5, #24]
20000ef2:	0028      	movs	r0, r5
20000ef4:	0021      	movs	r1, r4
20000ef6:	f000 f867 	bl	20000fc8 <__tu_fifo_write_veneer>
20000efa:	696a      	ldr	r2, [r5, #20]
20000efc:	69ab      	ldr	r3, [r5, #24]
20000efe:	f3bf 8f5f 	dmb	sy
20000f02:	2100      	movs	r1, #0
20000f04:	6011      	str	r1, [r2, #0]
20000f06:	f383 8810 	msr	PRIMASK, r3
20000f0a:	2800      	cmp	r0, #0
20000f0c:	d100      	bne.n	20000f10 <dcd_event_handler+0x1b0>
20000f0e:	e754      	b.n	20000dba <dcd_event_handler+0x5a>
20000f10:	0032      	movs	r2, r6
20000f12:	7861      	ldrb	r1, [r4, #1]
20000f14:	7820      	ldrb	r0, [r4, #0]
20000f16:	f000 f87f 	bl	20001018 <__tud_event_hook_cb_veneer>
20000f1a:	e74e      	b.n	20000dba <dcd_event_handler+0x5a>
20000f1c:	0032      	movs	r2, r6
20000f1e:	7861      	ldrb	r1, [r4, #1]
20000f20:	7820      	ldrb	r0, [r4, #0]
20000f22:	f000 f879 	bl	20001018 <__tud_event_hook_cb_veneer>
20000f26:	e7c7      	b.n	20000eb8 <dcd_event_handler+0x158>
20000f28:	1000c9b8 	.word	0x1000c9b8
20000f2c:	20027d18 	.word	0x20027d18
20000f30:	20001df8 	.word	0x20001df8
20000f34:	20001da0 	.word	0x20001da0
20000f38:	1000c9d4 	.word	0x1000c9d4
20000f3c:	20027d16 	.word	0x20027d16
20000f40:	20001bf0 	.word	0x20001bf0

20000f44 <spi_write_blocking>:
20000f44:	b530      	push	{r4, r5, lr}
20000f46:	0004      	movs	r4, r0
20000f48:	1e10      	subs	r0, r2, #0
20000f4a:	d00a      	beq.n	20000f62 <spi_write_blocking+0x1e>
20000f4c:	000a      	movs	r2, r1
20000f4e:	180d      	adds	r5, r1, r0
20000f50:	2102      	movs	r1, #2
20000f52:	68e3      	ldr	r3, [r4, #12]
20000f54:	4219      	tst	r1, r3
20000f56:	d0fc      	beq.n	20000f52 <spi_write_blocking+0xe>
20000f58:	7813      	ldrb	r3, [r2, #0]
20000f5a:	3201      	adds	r2, #1
20000f5c:	60a3      	str	r3, [r4, #8]
20000f5e:	42aa      	cmp	r2, r5
20000f60:	d1f7      	bne.n	20000f52 <spi_write_blocking+0xe>
20000f62:	68e3      	ldr	r3, [r4, #12]
20000f64:	075b      	lsls	r3, r3, #29
20000f66:	d504      	bpl.n	20000f72 <spi_write_blocking+0x2e>
20000f68:	2104      	movs	r1, #4
20000f6a:	68a3      	ldr	r3, [r4, #8]
20000f6c:	68e3      	ldr	r3, [r4, #12]
20000f6e:	4219      	tst	r1, r3
20000f70:	d1fb      	bne.n	20000f6a <spi_write_blocking+0x26>
20000f72:	2110      	movs	r1, #16
20000f74:	68e3      	ldr	r3, [r4, #12]
20000f76:	4219      	tst	r1, r3
20000f78:	d1fc      	bne.n	20000f74 <spi_write_blocking+0x30>
20000f7a:	68e3      	ldr	r3, [r4, #12]
20000f7c:	075b      	lsls	r3, r3, #29
20000f7e:	d504      	bpl.n	20000f8a <spi_write_blocking+0x46>
20000f80:	2104      	movs	r1, #4
20000f82:	68a3      	ldr	r3, [r4, #8]
20000f84:	68e3      	ldr	r3, [r4, #12]
20000f86:	4219      	tst	r1, r3
20000f88:	d1fb      	bne.n	20000f82 <spi_write_blocking+0x3e>
20000f8a:	2301      	movs	r3, #1
20000f8c:	6223      	str	r3, [r4, #32]
20000f8e:	bd30      	pop	{r4, r5, pc}

20000f90 <__aeabi_idiv0>:
20000f90:	4770      	bx	lr
20000f92:	46c0      	nop			@ (mov r8, r8)
20000f94:	0000      	movs	r0, r0
	...

20000f98 <____wrap_memset_veneer>:
20000f98:	b401      	push	{r0}
20000f9a:	4802      	ldr	r0, [pc, #8]	@ (20000fa4 <____wrap_memset_veneer+0xc>)
20000f9c:	4684      	mov	ip, r0
20000f9e:	bc01      	pop	{r0}
20000fa0:	4760      	bx	ip
20000fa2:	bf00      	nop
20000fa4:	10004019 	.word	0x10004019

20000fa8 <__ulPortLockGetCurrentOwnerId_veneer>:
20000fa8:	b401      	push	{r0}
20000faa:	4802      	ldr	r0, [pc, #8]	@ (20000fb4 <__ulPortLockGetCurrentOwnerId_veneer+0xc>)
20000fac:	4684      	mov	ip, r0
20000fae:	bc01      	pop	{r0}
20000fb0:	4760      	bx	ip
20000fb2:	bf00      	nop
20000fb4:	10008811 	.word	0x10008811

20000fb8 <__rp2040_chip_version_veneer>:
20000fb8:	b401      	push	{r0}
20000fba:	4802      	ldr	r0, [pc, #8]	@ (20000fc4 <__rp2040_chip_version_veneer+0xc>)
20000fbc:	4684      	mov	ip, r0
20000fbe:	bc01      	pop	{r0}
20000fc0:	4760      	bx	ip
20000fc2:	bf00      	nop
20000fc4:	10001d41 	.word	0x10001d41

20000fc8 <__tu_fifo_write_veneer>:
20000fc8:	b401      	push	{r0}
20000fca:	4802      	ldr	r0, [pc, #8]	@ (20000fd4 <__tu_fifo_write_veneer+0xc>)
20000fcc:	4684      	mov	ip, r0
20000fce:	bc01      	pop	{r0}
20000fd0:	4760      	bx	ip
20000fd2:	bf00      	nop
20000fd4:	100082dd 	.word	0x100082dd

20000fd8 <__xPortLockInternalSpinUnlockWithBestEffortWaitOrTimeout_veneer>:
20000fd8:	b401      	push	{r0}
20000fda:	4802      	ldr	r0, [pc, #8]	@ (20000fe4 <__xPortLockInternalSpinUnlockWithBestEffortWaitOrTimeout_veneer+0xc>)
20000fdc:	4684      	mov	ip, r0
20000fde:	bc01      	pop	{r0}
20000fe0:	4760      	bx	ip
20000fe2:	bf00      	nop
20000fe4:	1000896d 	.word	0x1000896d

20000fe8 <__vPortLockInternalSpinUnlockWithNotify_veneer>:
20000fe8:	b401      	push	{r0}
20000fea:	4802      	ldr	r0, [pc, #8]	@ (20000ff4 <__vPortLockInternalSpinUnlockWithNotify_veneer+0xc>)
20000fec:	4684      	mov	ip, r0
20000fee:	bc01      	pop	{r0}
20000ff0:	4760      	bx	ip
20000ff2:	bf00      	nop
20000ff4:	100088a5 	.word	0x100088a5

20000ff8 <____wrap___aeabi_lmul_veneer>:
20000ff8:	b401      	push	{r0}
20000ffa:	4802      	ldr	r0, [pc, #8]	@ (20001004 <____wrap___aeabi_lmul_veneer+0xc>)
20000ffc:	4684      	mov	ip, r0
20000ffe:	bc01      	pop	{r0}
20001000:	4760      	bx	ip
20001002:	bf00      	nop
20001004:	10003e75 	.word	0x10003e75

20001008 <__time_us_64_veneer>:
20001008:	b401      	push	{r0}
2000100a:	4802      	ldr	r0, [pc, #8]	@ (20001014 <__time_us_64_veneer+0xc>)
2000100c:	4684      	mov	ip, r0
2000100e:	bc01      	pop	{r0}
20001010:	4760      	bx	ip
20001012:	bf00      	nop
20001014:	10002b69 	.word	0x10002b69

20001018 <__tud_event_hook_cb_veneer>:
20001018:	b401      	push	{r0}
2000101a:	4802      	ldr	r0, [pc, #8]	@ (20001024 <__tud_event_hook_cb_veneer+0xc>)
2000101c:	4684      	mov	ip, r0
2000101e:	bc01      	pop	{r0}
20001020:	4760      	bx	ip
20001022:	bf00      	nop
20001024:	1000687d 	.word	0x1000687d

20001028 <__panic_veneer>:
20001028:	b401      	push	{r0}
2000102a:	4802      	ldr	r0, [pc, #8]	@ (20001034 <__panic_veneer+0xc>)
2000102c:	4684      	mov	ip, r0
2000102e:	bc01      	pop	{r0}
20001030:	4760      	bx	ip
20001032:	bf00      	nop
20001034:	10001d4d 	.word	0x10001d4d

20001038 <start_buffer>:
20001038:	00008308                                ....

2000103c <fifo>:
2000103c:	00000014                                ....

20001040 <lpf>:
20001040:	00001106                                ....

20001044 <gyro_settings>:
20001044:	00005404                                .T..

20001048 <accel_settings>:
20001048:	00002203                                ."..

2000104c <config_buffer>:
2000104c:	00004002                                .@..

20001050 <imupacket>:
20001050:	00000035                                5...

20001054 <Font16>:
20001054:	1000b990 0010000b                       ........

2000105c <striped_spin_lock_num>:
2000105c:	00000010                                ....

20001060 <irq_handler_chain_slots>:
20001060:	00000000 	.word	0x00000000
20001064:	00010000 	.word	0x00010000
	...
20001070:	00020000 	.word	0x00020000
	...
2000107c:	00030000 	.word	0x00030000
	...
20001088:	00ff0000 	.word	0x00ff0000
2000108c:	00000000 	.word	0x00000000

20001090 <irq_handler_chain_first_slot>:
20001090:	b501      	push	{r0, lr}
20001092:	6848      	ldr	r0, [r1, #4]
20001094:	3101      	adds	r1, #1
20001096:	468e      	mov	lr, r1
20001098:	4700      	bx	r0

2000109a <irq_handler_chain_remove_tail>:
2000109a:	4670      	mov	r0, lr
2000109c:	3809      	subs	r0, #9
2000109e:	4901      	ldr	r1, [pc, #4]	@ (200010a4 <irq_handler_chain_remove_tail+0xa>)
200010a0:	4788      	blx	r1
200010a2:	bd01      	pop	{r0, pc}
200010a4:	100021b1 	.word	0x100021b1

200010a8 <default_alarm_pool>:
	...
200010bc:	20001690                                ... 

200010c0 <aeabi_bits_funcs>:
200010c0:	00003350 	.word	0x00003350
200010c4:	0000334c 	.word	0x0000334c
200010c8:	00003354 	.word	0x00003354
200010cc:	00003352 	.word	0x00003352

200010d0 <aeabi_bits_funcs_end>:
200010d0:	0000534d 	.word	0x0000534d
200010d4:	0000434d 	.word	0x0000434d
200010d8:	00003453 	.word	0x00003453
200010dc:	00003443 	.word	0x00003443

200010e0 <stdio_usb>:
200010e0:	10006031 10005fe5 10005f59 10005ed1     1`..._..Y_...^..
200010f0:	00000000 00000100                       ........

200010f8 <_usbd_qdef>:
200010f8:	20001dfc 000c0010 00000000 00000000     ... ............
	...

20001114 <_usbd_rhport>:
20001114:	                                         .

20001115 <ucPrimaryCoreNum>:
20001115:	                                         ...

20001118 <i2c1_inst>:
20001118:	40048000 00000000                       ...@....

20001120 <i2c0_inst>:
20001120:	40044000 00000000                       .@.@....

20001128 <__malloc_sbrk_base>:
20001128:	ffffffff                                ....

2000112c <__malloc_trim_threshold>:
2000112c:	00020000                                ....

20001130 <__malloc_av_>:
	...
20001138:	20001130 20001130 20001138 20001138     0.. 0.. 8.. 8.. 
20001148:	20001140 20001140 20001148 20001148     @.. @.. H.. H.. 
20001158:	20001150 20001150 20001158 20001158     P.. P.. X.. X.. 
20001168:	20001160 20001160 20001168 20001168     `.. `.. h.. h.. 
20001178:	20001170 20001170 20001178 20001178     p.. p.. x.. x.. 
20001188:	20001180 20001180 20001188 20001188     ... ... ... ... 
20001198:	20001190 20001190 20001198 20001198     ... ... ... ... 
200011a8:	200011a0 200011a0 200011a8 200011a8     ... ... ... ... 
200011b8:	200011b0 200011b0 200011b8 200011b8     ... ... ... ... 
200011c8:	200011c0 200011c0 200011c8 200011c8     ... ... ... ... 
200011d8:	200011d0 200011d0 200011d8 200011d8     ... ... ... ... 
200011e8:	200011e0 200011e0 200011e8 200011e8     ... ... ... ... 
200011f8:	200011f0 200011f0 200011f8 200011f8     ... ... ... ... 
20001208:	20001200 20001200 20001208 20001208     ... ... ... ... 
20001218:	20001210 20001210 20001218 20001218     ... ... ... ... 
20001228:	20001220 20001220 20001228 20001228      ..  .. (.. (.. 
20001238:	20001230 20001230 20001238 20001238     0.. 0.. 8.. 8.. 
20001248:	20001240 20001240 20001248 20001248     @.. @.. H.. H.. 
20001258:	20001250 20001250 20001258 20001258     P.. P.. X.. X.. 
20001268:	20001260 20001260 20001268 20001268     `.. `.. h.. h.. 
20001278:	20001270 20001270 20001278 20001278     p.. p.. x.. x.. 
20001288:	20001280 20001280 20001288 20001288     ... ... ... ... 
20001298:	20001290 20001290 20001298 20001298     ... ... ... ... 
200012a8:	200012a0 200012a0 200012a8 200012a8     ... ... ... ... 
200012b8:	200012b0 200012b0 200012b8 200012b8     ... ... ... ... 
200012c8:	200012c0 200012c0 200012c8 200012c8     ... ... ... ... 
200012d8:	200012d0 200012d0 200012d8 200012d8     ... ... ... ... 
200012e8:	200012e0 200012e0 200012e8 200012e8     ... ... ... ... 
200012f8:	200012f0 200012f0 200012f8 200012f8     ... ... ... ... 
20001308:	20001300 20001300 20001308 20001308     ... ... ... ... 
20001318:	20001310 20001310 20001318 20001318     ... ... ... ... 
20001328:	20001320 20001320 20001328 20001328      ..  .. (.. (.. 
20001338:	20001330 20001330 20001338 20001338     0.. 0.. 8.. 8.. 
20001348:	20001340 20001340 20001348 20001348     @.. @.. H.. H.. 
20001358:	20001350 20001350 20001358 20001358     P.. P.. X.. X.. 
20001368:	20001360 20001360 20001368 20001368     `.. `.. h.. h.. 
20001378:	20001370 20001370 20001378 20001378     p.. p.. x.. x.. 
20001388:	20001380 20001380 20001388 20001388     ... ... ... ... 
20001398:	20001390 20001390 20001398 20001398     ... ... ... ... 
200013a8:	200013a0 200013a0 200013a8 200013a8     ... ... ... ... 
200013b8:	200013b0 200013b0 200013b8 200013b8     ... ... ... ... 
200013c8:	200013c0 200013c0 200013c8 200013c8     ... ... ... ... 
200013d8:	200013d0 200013d0 200013d8 200013d8     ... ... ... ... 
200013e8:	200013e0 200013e0 200013e8 200013e8     ... ... ... ... 
200013f8:	200013f0 200013f0 200013f8 200013f8     ... ... ... ... 
20001408:	20001400 20001400 20001408 20001408     ... ... ... ... 
20001418:	20001410 20001410 20001418 20001418     ... ... ... ... 
20001428:	20001420 20001420 20001428 20001428      ..  .. (.. (.. 
20001438:	20001430 20001430 20001438 20001438     0.. 0.. 8.. 8.. 
20001448:	20001440 20001440 20001448 20001448     @.. @.. H.. H.. 
20001458:	20001450 20001450 20001458 20001458     P.. P.. X.. X.. 
20001468:	20001460 20001460 20001468 20001468     `.. `.. h.. h.. 
20001478:	20001470 20001470 20001478 20001478     p.. p.. x.. x.. 
20001488:	20001480 20001480 20001488 20001488     ... ... ... ... 
20001498:	20001490 20001490 20001498 20001498     ... ... ... ... 
200014a8:	200014a0 200014a0 200014a8 200014a8     ... ... ... ... 
200014b8:	200014b0 200014b0 200014b8 200014b8     ... ... ... ... 
200014c8:	200014c0 200014c0 200014c8 200014c8     ... ... ... ... 
200014d8:	200014d0 200014d0 200014d8 200014d8     ... ... ... ... 
200014e8:	200014e0 200014e0 200014e8 200014e8     ... ... ... ... 
200014f8:	200014f0 200014f0 200014f8 200014f8     ... ... ... ... 
20001508:	20001500 20001500 20001508 20001508     ... ... ... ... 
20001518:	20001510 20001510 20001518 20001518     ... ... ... ... 
20001528:	20001520 20001520 20001528 20001528      ..  .. (.. (.. 

20001538 <_impure_ptr>:
20001538:	20001540 00000000                       @.. ....

20001540 <_impure_data>:
20001540:	00000000 20001ab8 20001b20 20001b88     .......  .. ... 
	...
200015d8:	00000001 00000000 abcd330e e66d1234     .........3..4.m.
200015e8:	0005deec 0000000b 00000000 00000000     ................
	...

20001680 <malloc_mutex>:
	...

20001688 <print_mutex>:
	...
