
/Users/elizabethgodsey/Desktop/rp2040project/rp2040project.elf:     file format elf32-littlearm

Sections:
Idx Name          Size      VMA       LMA       File off  Algn
  0 .boot2        00000100  10000000  10000000  00001000  2**0
                  CONTENTS, ALLOC, LOAD, READONLY, CODE
  1 .text         0000291c  10000100  10000100  00001100  2**4
                  CONTENTS, ALLOC, LOAD, READONLY, CODE
  2 .rodata       000000e8  10002a1c  10002a1c  00003a1c  2**2
                  CONTENTS, ALLOC, LOAD, READONLY, DATA
  3 .binary_info  0000001c  10002b04  10002b04  00003b04  2**2
                  CONTENTS, ALLOC, LOAD, READONLY, DATA
  4 .ram_vector_table 000000c0  20000000  20000000  00005000  2**2
                  ALLOC
  5 .uninitialized_data 00000000  200000c0  200000c0  00004358  2**0
                  CONTENTS
  6 .data         00000298  200000c0  10002b20  000040c0  2**4
                  CONTENTS, ALLOC, LOAD, READONLY, CODE
  7 .tdata        00000000  20000358  20000358  00004358  2**0
                  CONTENTS, ALLOC, LOAD, DATA, THREAD_LOCAL
  8 .tbss         00000000  20000358  20000358  00000000  2**0
                  ALLOC, THREAD_LOCAL
  9 .bss          00020780  20000358  10002db8  00004358  2**3
                  ALLOC
 10 .heap         00000800  20020ad8  10002db8  00004ad8  2**2
                  ALLOC, READONLY
 11 .scratch_x    00000000  20040000  20040000  00004358  2**0
                  CONTENTS
 12 .scratch_y    00000000  20041000  20041000  00004358  2**0
                  CONTENTS
 13 .stack1_dummy 00000800  20040000  20040000  00005000  2**2
                  ALLOC
 14 .stack_dummy  00000800  20041000  20041000  00005000  2**5
                  ALLOC, READONLY
 15 .ARM.attributes 00000028  00000000  00000000  00004358  2**0
                  CONTENTS, READONLY
 16 .comment      00000045  00000000  00000000  00004380  2**0
                  CONTENTS, READONLY
 17 .debug_info   000247f6  00000000  00000000  000043c5  2**0
                  CONTENTS, READONLY, DEBUGGING, OCTETS
 18 .debug_abbrev 000065fa  00000000  00000000  00028bbb  2**0
                  CONTENTS, READONLY, DEBUGGING, OCTETS
 19 .debug_aranges 00001350  00000000  00000000  0002f1b8  2**3
                  CONTENTS, READONLY, DEBUGGING, OCTETS
 20 .debug_rnglists 000031ef  00000000  00000000  00030508  2**0
                  CONTENTS, READONLY, DEBUGGING, OCTETS
 21 .debug_line   0001f773  00000000  00000000  000336f7  2**0
                  CONTENTS, READONLY, DEBUGGING, OCTETS
 22 .debug_str    00006694  00000000  00000000  00052e6a  2**0
                  CONTENTS, READONLY, DEBUGGING, OCTETS
 23 .debug_frame  00002978  00000000  00000000  00059500  2**2
                  CONTENTS, READONLY, DEBUGGING, OCTETS
 24 .debug_loclists 00015f00  00000000  00000000  0005be78  2**0
                  CONTENTS, READONLY, DEBUGGING, OCTETS
 25 .debug_line_str 00000352  00000000  00000000  00071d78  2**0
                  CONTENTS, READONLY, DEBUGGING, OCTETS

/Users/elizabethgodsey/Desktop/rp2040project/rp2040project.elf:     file format elf32-littlearm


Disassembly of section .boot2:

10000000 <__boot2_start__>:
10000000:	4b32b500 	.word	0x4b32b500
10000004:	60582021 	.word	0x60582021
10000008:	21026898 	.word	0x21026898
1000000c:	60984388 	.word	0x60984388
10000010:	611860d8 	.word	0x611860d8
10000014:	4b2e6158 	.word	0x4b2e6158
10000018:	60992100 	.word	0x60992100
1000001c:	61592102 	.word	0x61592102
10000020:	22f02101 	.word	0x22f02101
10000024:	492b5099 	.word	0x492b5099
10000028:	21016019 	.word	0x21016019
1000002c:	20356099 	.word	0x20356099
10000030:	f844f000 	.word	0xf844f000
10000034:	42902202 	.word	0x42902202
10000038:	2106d014 	.word	0x2106d014
1000003c:	f0006619 	.word	0xf0006619
10000040:	6e19f834 	.word	0x6e19f834
10000044:	66192101 	.word	0x66192101
10000048:	66182000 	.word	0x66182000
1000004c:	f000661a 	.word	0xf000661a
10000050:	6e19f82c 	.word	0x6e19f82c
10000054:	6e196e19 	.word	0x6e196e19
10000058:	f0002005 	.word	0xf0002005
1000005c:	2101f82f 	.word	0x2101f82f
10000060:	d1f94208 	.word	0xd1f94208
10000064:	60992100 	.word	0x60992100
10000068:	6019491b 	.word	0x6019491b
1000006c:	60592100 	.word	0x60592100
10000070:	481b491a 	.word	0x481b491a
10000074:	21016001 	.word	0x21016001
10000078:	21eb6099 	.word	0x21eb6099
1000007c:	21a06619 	.word	0x21a06619
10000080:	f0006619 	.word	0xf0006619
10000084:	2100f812 	.word	0x2100f812
10000088:	49166099 	.word	0x49166099
1000008c:	60014814 	.word	0x60014814
10000090:	60992101 	.word	0x60992101
10000094:	2800bc01 	.word	0x2800bc01
10000098:	4700d000 	.word	0x4700d000
1000009c:	49134812 	.word	0x49134812
100000a0:	c8036008 	.word	0xc8036008
100000a4:	8808f380 	.word	0x8808f380
100000a8:	b5034708 	.word	0xb5034708
100000ac:	20046a99 	.word	0x20046a99
100000b0:	d0fb4201 	.word	0xd0fb4201
100000b4:	42012001 	.word	0x42012001
100000b8:	bd03d1f8 	.word	0xbd03d1f8
100000bc:	6618b502 	.word	0x6618b502
100000c0:	f7ff6618 	.word	0xf7ff6618
100000c4:	6e18fff2 	.word	0x6e18fff2
100000c8:	bd026e18 	.word	0xbd026e18
100000cc:	40020000 	.word	0x40020000
100000d0:	18000000 	.word	0x18000000
100000d4:	00070000 	.word	0x00070000
100000d8:	005f0300 	.word	0x005f0300
100000dc:	00002221 	.word	0x00002221
100000e0:	180000f4 	.word	0x180000f4
100000e4:	a0002022 	.word	0xa0002022
100000e8:	10000100 	.word	0x10000100
100000ec:	e000ed08 	.word	0xe000ed08
	...
100000fc:	7a4eb274 	.word	0x7a4eb274

Disassembly of section .text:

10000100 <__VECTOR_TABLE>:
10000100:	20042000 	.word	0x20042000
10000104:	100001f7 	.word	0x100001f7
10000108:	100001cb 	.word	0x100001cb
1000010c:	100001cd 	.word	0x100001cd
10000110:	100001c9 	.word	0x100001c9
10000114:	100001c9 	.word	0x100001c9
10000118:	100001c9 	.word	0x100001c9
1000011c:	100001c9 	.word	0x100001c9
10000120:	100001c9 	.word	0x100001c9
10000124:	100001c9 	.word	0x100001c9
10000128:	100001c9 	.word	0x100001c9
1000012c:	10001b35 	.word	0x10001b35
10000130:	100001c9 	.word	0x100001c9
10000134:	100001c9 	.word	0x100001c9
10000138:	10001ad1 	.word	0x10001ad1
1000013c:	10001b8d 	.word	0x10001b8d
10000140:	100001c1 	.word	0x100001c1
10000144:	100001c1 	.word	0x100001c1
10000148:	100001c1 	.word	0x100001c1
1000014c:	100001c1 	.word	0x100001c1
10000150:	100001c1 	.word	0x100001c1
10000154:	100001c1 	.word	0x100001c1
10000158:	100001c1 	.word	0x100001c1
1000015c:	100001c1 	.word	0x100001c1
10000160:	100001c1 	.word	0x100001c1
10000164:	100001c1 	.word	0x100001c1
10000168:	100001c1 	.word	0x100001c1
1000016c:	100001c1 	.word	0x100001c1
10000170:	100001c1 	.word	0x100001c1
10000174:	100001c1 	.word	0x100001c1
10000178:	100001c1 	.word	0x100001c1
1000017c:	100001c1 	.word	0x100001c1
10000180:	100001c1 	.word	0x100001c1
10000184:	100001c1 	.word	0x100001c1
10000188:	100001c1 	.word	0x100001c1
1000018c:	100001c1 	.word	0x100001c1
10000190:	100001c1 	.word	0x100001c1
10000194:	100001c1 	.word	0x100001c1
10000198:	100001c1 	.word	0x100001c1
1000019c:	100001c1 	.word	0x100001c1
100001a0:	100001c1 	.word	0x100001c1
100001a4:	100001c1 	.word	0x100001c1
100001a8:	100001c1 	.word	0x100001c1
100001ac:	100001c1 	.word	0x100001c1
100001b0:	100001c1 	.word	0x100001c1
100001b4:	100001c1 	.word	0x100001c1
100001b8:	100001c1 	.word	0x100001c1
100001bc:	100001c1 	.word	0x100001c1

100001c0 <__unhandled_user_irq>:
100001c0:	f3ef 8005 	mrs	r0, IPSR
100001c4:	3810      	subs	r0, #16

100001c6 <unhandled_user_irq_num_in_r0>:
100001c6:	be00      	bkpt	0x0000

100001c8 <isr_invalid>:
100001c8:	be00      	bkpt	0x0000

100001ca <isr_nmi>:
100001ca:	be00      	bkpt	0x0000

100001cc <isr_hardfault>:
100001cc:	be00      	bkpt	0x0000
100001ce:	be00      	bkpt	0x0000
100001d0:	be00      	bkpt	0x0000
100001d2:	be00      	bkpt	0x0000

100001d4 <__default_isrs_end>:
100001d4:	7188ebf2 	.word	0x7188ebf2
100001d8:	10002b04 	.word	0x10002b04
100001dc:	10002b20 	.word	0x10002b20
100001e0:	10000238 	.word	0x10000238
100001e4:	e71aa390 	.word	0xe71aa390

100001e8 <_entry_point>:
100001e8:	481e      	ldr	r0, [pc, #120]	@ (10000264 <data_cpy_table+0x2c>)

100001ea <_enter_vtable_in_r0>:
100001ea:	491f      	ldr	r1, [pc, #124]	@ (10000268 <data_cpy_table+0x30>)
100001ec:	6008      	str	r0, [r1, #0]
100001ee:	c806      	ldmia	r0!, {r1, r2}
100001f0:	f381 8808 	msr	MSP, r1
100001f4:	4710      	bx	r2

100001f6 <_reset_handler>:
100001f6:	481d      	ldr	r0, [pc, #116]	@ (1000026c <data_cpy_table+0x34>)
100001f8:	6800      	ldr	r0, [r0, #0]
100001fa:	2800      	cmp	r0, #0
100001fc:	d001      	beq.n	10000202 <hold_non_core0_in_bootrom+0x4>

100001fe <hold_non_core0_in_bootrom>:
100001fe:	4819      	ldr	r0, [pc, #100]	@ (10000264 <data_cpy_table+0x2c>)
10000200:	e7f3      	b.n	100001ea <_enter_vtable_in_r0>
10000202:	a40d      	add	r4, pc, #52	@ (adr r4, 10000238 <data_cpy_table>)
10000204:	cc0e      	ldmia	r4!, {r1, r2, r3}
10000206:	2900      	cmp	r1, #0
10000208:	d002      	beq.n	10000210 <hold_non_core0_in_bootrom+0x12>
1000020a:	f000 f812 	bl	10000232 <data_cpy>
1000020e:	e7f9      	b.n	10000204 <hold_non_core0_in_bootrom+0x6>
10000210:	4917      	ldr	r1, [pc, #92]	@ (10000270 <data_cpy_table+0x38>)
10000212:	4a18      	ldr	r2, [pc, #96]	@ (10000274 <data_cpy_table+0x3c>)
10000214:	2000      	movs	r0, #0
10000216:	e000      	b.n	1000021a <bss_fill_test>

10000218 <bss_fill_loop>:
10000218:	c101      	stmia	r1!, {r0}

1000021a <bss_fill_test>:
1000021a:	4291      	cmp	r1, r2
1000021c:	d1fc      	bne.n	10000218 <bss_fill_loop>

1000021e <platform_entry>:
1000021e:	4916      	ldr	r1, [pc, #88]	@ (10000278 <data_cpy_table+0x40>)
10000220:	4788      	blx	r1
10000222:	4916      	ldr	r1, [pc, #88]	@ (1000027c <data_cpy_table+0x44>)
10000224:	4788      	blx	r1
10000226:	4916      	ldr	r1, [pc, #88]	@ (10000280 <data_cpy_table+0x48>)
10000228:	4788      	blx	r1
1000022a:	be00      	bkpt	0x0000
1000022c:	e7fd      	b.n	1000022a <platform_entry+0xc>

1000022e <data_cpy_loop>:
1000022e:	c901      	ldmia	r1!, {r0}
10000230:	c201      	stmia	r2!, {r0}

10000232 <data_cpy>:
10000232:	429a      	cmp	r2, r3
10000234:	d3fb      	bcc.n	1000022e <data_cpy_loop>
10000236:	4770      	bx	lr

10000238 <data_cpy_table>:
10000238:	10002b20 	.word	0x10002b20
1000023c:	200000c0 	.word	0x200000c0
10000240:	20000358 	.word	0x20000358
10000244:	10002db8 	.word	0x10002db8
10000248:	20040000 	.word	0x20040000
1000024c:	20040000 	.word	0x20040000
10000250:	10002db8 	.word	0x10002db8
10000254:	20041000 	.word	0x20041000
10000258:	20041000 	.word	0x20041000
1000025c:	00000000 	.word	0x00000000
10000260:	4770      	bx	lr
10000262:	0000      	.short	0x0000
10000264:	00000000 	.word	0x00000000
10000268:	e000ed08 	.word	0xe000ed08
1000026c:	d0000000 	.word	0xd0000000
10000270:	20000358 	.word	0x20000358
10000274:	20020ad8 	.word	0x20020ad8
10000278:	1000180d 	.word	0x1000180d
1000027c:	100002d5 	.word	0x100002d5
10000280:	10001805 	.word	0x10001805

10000284 <_init>:
10000284:	b5f8      	push	{r3, r4, r5, r6, r7, lr}
10000286:	46c0      	nop			@ (mov r8, r8)

10000288 <register_tm_clones>:
10000288:	4806      	ldr	r0, [pc, #24]	@ (100002a4 <register_tm_clones+0x1c>)
1000028a:	4907      	ldr	r1, [pc, #28]	@ (100002a8 <register_tm_clones+0x20>)
1000028c:	1a09      	subs	r1, r1, r0
1000028e:	108b      	asrs	r3, r1, #2
10000290:	0fc9      	lsrs	r1, r1, #31
10000292:	18c9      	adds	r1, r1, r3
10000294:	b510      	push	{r4, lr}
10000296:	1049      	asrs	r1, r1, #1
10000298:	d003      	beq.n	100002a2 <register_tm_clones+0x1a>
1000029a:	4b04      	ldr	r3, [pc, #16]	@ (100002ac <register_tm_clones+0x24>)
1000029c:	2b00      	cmp	r3, #0
1000029e:	d000      	beq.n	100002a2 <register_tm_clones+0x1a>
100002a0:	4798      	blx	r3
100002a2:	bd10      	pop	{r4, pc}
100002a4:	20000358 	.word	0x20000358
100002a8:	20000358 	.word	0x20000358
100002ac:	00000000 	.word	0x00000000

100002b0 <frame_dummy>:
100002b0:	4b05      	ldr	r3, [pc, #20]	@ (100002c8 <frame_dummy+0x18>)
100002b2:	b510      	push	{r4, lr}
100002b4:	2b00      	cmp	r3, #0
100002b6:	d003      	beq.n	100002c0 <frame_dummy+0x10>
100002b8:	4904      	ldr	r1, [pc, #16]	@ (100002cc <frame_dummy+0x1c>)
100002ba:	4805      	ldr	r0, [pc, #20]	@ (100002d0 <frame_dummy+0x20>)
100002bc:	e000      	b.n	100002c0 <frame_dummy+0x10>
100002be:	bf00      	nop
100002c0:	f7ff ffe2 	bl	10000288 <register_tm_clones>
100002c4:	bd10      	pop	{r4, pc}
100002c6:	46c0      	nop			@ (mov r8, r8)
100002c8:	00000000 	.word	0x00000000
100002cc:	20000848 	.word	0x20000848
100002d0:	10002a1c 	.word	0x10002a1c

100002d4 <main>:
100002d4:	b510      	push	{r4, lr}
100002d6:	f001 fb8d 	bl	100019f4 <stdio_init_all>
100002da:	20fa      	movs	r0, #250	@ 0xfa
100002dc:	00c0      	lsls	r0, r0, #3
100002de:	f000 fb71 	bl	100009c4 <sleep_ms>
100002e2:	4c04      	ldr	r4, [pc, #16]	@ (100002f4 <main+0x20>)
100002e4:	0020      	movs	r0, r4
100002e6:	f001 fbd1 	bl	10001a8c <__wrap_puts>
100002ea:	20fa      	movs	r0, #250	@ 0xfa
100002ec:	0080      	lsls	r0, r0, #2
100002ee:	f000 fb69 	bl	100009c4 <sleep_ms>
100002f2:	e7f7      	b.n	100002e4 <main+0x10>
100002f4:	10002a1c 	.word	0x10002a1c

100002f8 <panic>:
100002f8:	b40f      	push	{r0, r1, r2, r3}
100002fa:	b500      	push	{lr}
100002fc:	4808      	ldr	r0, [pc, #32]	@ (10000320 <panic+0x28>)
100002fe:	b083      	sub	sp, #12
10000300:	f001 fbc4 	bl	10001a8c <__wrap_puts>
10000304:	9b04      	ldr	r3, [sp, #16]
10000306:	2b00      	cmp	r3, #0
10000308:	d007      	beq.n	1000031a <panic+0x22>
1000030a:	a905      	add	r1, sp, #20
1000030c:	0018      	movs	r0, r3
1000030e:	9101      	str	r1, [sp, #4]
10000310:	f001 fa5e 	bl	100017d0 <weak_raw_vprintf>
10000314:	4803      	ldr	r0, [pc, #12]	@ (10000324 <panic+0x2c>)
10000316:	f001 fbb9 	bl	10001a8c <__wrap_puts>
1000031a:	2001      	movs	r0, #1
1000031c:	f001 fa70 	bl	10001800 <_exit>
10000320:	10002a24 	.word	0x10002a24
10000324:	10002a34 	.word	0x10002a34

10000328 <hw_claim_or_assert>:
10000328:	b570      	push	{r4, r5, r6, lr}
1000032a:	f3ef 8c10 	mrs	ip, PRIMASK
1000032e:	b672      	cpsid	i
10000330:	4d0d      	ldr	r5, [pc, #52]	@ (10000368 <hw_claim_or_assert+0x40>)
10000332:	682b      	ldr	r3, [r5, #0]
10000334:	2b00      	cmp	r3, #0
10000336:	d0fc      	beq.n	10000332 <hw_claim_or_assert+0xa>
10000338:	f3bf 8f5f 	dmb	sy
1000033c:	2407      	movs	r4, #7
1000033e:	08cb      	lsrs	r3, r1, #3
10000340:	18c6      	adds	r6, r0, r3
10000342:	5cc0      	ldrb	r0, [r0, r3]
10000344:	2301      	movs	r3, #1
10000346:	400c      	ands	r4, r1
10000348:	40a3      	lsls	r3, r4
1000034a:	001c      	movs	r4, r3
1000034c:	4004      	ands	r4, r0
1000034e:	4203      	tst	r3, r0
10000350:	d107      	bne.n	10000362 <hw_claim_or_assert+0x3a>
10000352:	4318      	orrs	r0, r3
10000354:	7030      	strb	r0, [r6, #0]
10000356:	f3bf 8f5f 	dmb	sy
1000035a:	602c      	str	r4, [r5, #0]
1000035c:	f38c 8810 	msr	PRIMASK, ip
10000360:	bd70      	pop	{r4, r5, r6, pc}
10000362:	0010      	movs	r0, r2
10000364:	f7ff ffc8 	bl	100002f8 <panic>
10000368:	d000012c 	.word	0xd000012c

1000036c <next_striped_spin_lock_num>:
1000036c:	4a04      	ldr	r2, [pc, #16]	@ (10000380 <next_striped_spin_lock_num+0x14>)
1000036e:	7810      	ldrb	r0, [r2, #0]
10000370:	1c43      	adds	r3, r0, #1
10000372:	b2db      	uxtb	r3, r3
10000374:	2b17      	cmp	r3, #23
10000376:	d900      	bls.n	1000037a <next_striped_spin_lock_num+0xe>
10000378:	2310      	movs	r3, #16
1000037a:	7013      	strb	r3, [r2, #0]
1000037c:	4770      	bx	lr
1000037e:	46c0      	nop			@ (mov r8, r8)
10000380:	200001b8 	.word	0x200001b8

10000384 <spin_locks_reset>:
10000384:	2100      	movs	r1, #0
10000386:	4b04      	ldr	r3, [pc, #16]	@ (10000398 <spin_locks_reset+0x14>)
10000388:	4a04      	ldr	r2, [pc, #16]	@ (1000039c <spin_locks_reset+0x18>)
1000038a:	f3bf 8f5f 	dmb	sy
1000038e:	c302      	stmia	r3!, {r1}
10000390:	4293      	cmp	r3, r2
10000392:	d1fa      	bne.n	1000038a <spin_locks_reset+0x6>
10000394:	4770      	bx	lr
10000396:	46c0      	nop			@ (mov r8, r8)
10000398:	d0000100 	.word	0xd0000100
1000039c:	d0000180 	.word	0xd0000180

100003a0 <runtime_init_per_core_irq_priorities>:
100003a0:	4b05      	ldr	r3, [pc, #20]	@ (100003b8 <runtime_init_per_core_irq_priorities+0x18>)
100003a2:	4a06      	ldr	r2, [pc, #24]	@ (100003bc <runtime_init_per_core_irq_priorities+0x1c>)
100003a4:	6013      	str	r3, [r2, #0]
100003a6:	4a06      	ldr	r2, [pc, #24]	@ (100003c0 <runtime_init_per_core_irq_priorities+0x20>)
100003a8:	6013      	str	r3, [r2, #0]
100003aa:	6053      	str	r3, [r2, #4]
100003ac:	6093      	str	r3, [r2, #8]
100003ae:	60d3      	str	r3, [r2, #12]
100003b0:	6113      	str	r3, [r2, #16]
100003b2:	6153      	str	r3, [r2, #20]
100003b4:	6193      	str	r3, [r2, #24]
100003b6:	4770      	bx	lr
100003b8:	80808080 	.word	0x80808080
100003bc:	e000e400 	.word	0xe000e400
100003c0:	e000e404 	.word	0xe000e404

100003c4 <irq_set_enabled>:
100003c4:	231f      	movs	r3, #31
100003c6:	4018      	ands	r0, r3
100003c8:	3b1e      	subs	r3, #30
100003ca:	4083      	lsls	r3, r0
100003cc:	2900      	cmp	r1, #0
100003ce:	d005      	beq.n	100003dc <irq_set_enabled+0x18>
100003d0:	21c0      	movs	r1, #192	@ 0xc0
100003d2:	4a04      	ldr	r2, [pc, #16]	@ (100003e4 <irq_set_enabled+0x20>)
100003d4:	0049      	lsls	r1, r1, #1
100003d6:	5053      	str	r3, [r2, r1]
100003d8:	6013      	str	r3, [r2, #0]
100003da:	4770      	bx	lr
100003dc:	2280      	movs	r2, #128	@ 0x80
100003de:	4901      	ldr	r1, [pc, #4]	@ (100003e4 <irq_set_enabled+0x20>)
100003e0:	508b      	str	r3, [r1, r2]
100003e2:	e7fa      	b.n	100003da <irq_set_enabled+0x16>
100003e4:	e000e100 	.word	0xe000e100

100003e8 <irq_set_exclusive_handler>:
100003e8:	b570      	push	{r4, r5, r6, lr}
100003ea:	000d      	movs	r5, r1
100003ec:	f3ef 8610 	mrs	r6, PRIMASK
100003f0:	b672      	cpsid	i
100003f2:	4a0f      	ldr	r2, [pc, #60]	@ (10000430 <irq_set_exclusive_handler+0x48>)
100003f4:	6813      	ldr	r3, [r2, #0]
100003f6:	2b00      	cmp	r3, #0
100003f8:	d0fc      	beq.n	100003f4 <irq_set_exclusive_handler+0xc>
100003fa:	f3bf 8f5f 	dmb	sy
100003fe:	4b0d      	ldr	r3, [pc, #52]	@ (10000434 <irq_set_exclusive_handler+0x4c>)
10000400:	3010      	adds	r0, #16
10000402:	689b      	ldr	r3, [r3, #8]
10000404:	0084      	lsls	r4, r0, #2
10000406:	591b      	ldr	r3, [r3, r4]
10000408:	4a0b      	ldr	r2, [pc, #44]	@ (10000438 <irq_set_exclusive_handler+0x50>)
1000040a:	4293      	cmp	r3, r2
1000040c:	d003      	beq.n	10000416 <irq_set_exclusive_handler+0x2e>
1000040e:	429d      	cmp	r5, r3
10000410:	d001      	beq.n	10000416 <irq_set_exclusive_handler+0x2e>
10000412:	f000 fd9b 	bl	10000f4c <hard_assertion_failure>
10000416:	4b07      	ldr	r3, [pc, #28]	@ (10000434 <irq_set_exclusive_handler+0x4c>)
10000418:	689b      	ldr	r3, [r3, #8]
1000041a:	511d      	str	r5, [r3, r4]
1000041c:	f3bf 8f5f 	dmb	sy
10000420:	f3bf 8f5f 	dmb	sy
10000424:	2200      	movs	r2, #0
10000426:	4b02      	ldr	r3, [pc, #8]	@ (10000430 <irq_set_exclusive_handler+0x48>)
10000428:	601a      	str	r2, [r3, #0]
1000042a:	f386 8810 	msr	PRIMASK, r6
1000042e:	bd70      	pop	{r4, r5, r6, pc}
10000430:	d0000124 	.word	0xd0000124
10000434:	e000ed00 	.word	0xe000ed00
10000438:	100001c1 	.word	0x100001c1

1000043c <lock_init>:
1000043c:	4b02      	ldr	r3, [pc, #8]	@ (10000448 <lock_init+0xc>)
1000043e:	469c      	mov	ip, r3
10000440:	4461      	add	r1, ip
10000442:	0089      	lsls	r1, r1, #2
10000444:	6001      	str	r1, [r0, #0]
10000446:	4770      	bx	lr
10000448:	34000040 	.word	0x34000040

1000044c <runtime_init_mutex>:
1000044c:	b5f8      	push	{r3, r4, r5, r6, r7, lr}
1000044e:	4c12      	ldr	r4, [pc, #72]	@ (10000498 <runtime_init_mutex+0x4c>)
10000450:	4d12      	ldr	r5, [pc, #72]	@ (1000049c <runtime_init_mutex+0x50>)
10000452:	42ac      	cmp	r4, r5
10000454:	d212      	bcs.n	1000047c <runtime_init_mutex+0x30>
10000456:	2601      	movs	r6, #1
10000458:	2700      	movs	r7, #0
1000045a:	4276      	negs	r6, r6
1000045c:	6823      	ldr	r3, [r4, #0]
1000045e:	2b00      	cmp	r3, #0
10000460:	d00d      	beq.n	1000047e <runtime_init_mutex+0x32>
10000462:	f7ff ff83 	bl	1000036c <next_striped_spin_lock_num>
10000466:	0001      	movs	r1, r0
10000468:	0020      	movs	r0, r4
1000046a:	f7ff ffe7 	bl	1000043c <lock_init>
1000046e:	6066      	str	r6, [r4, #4]
10000470:	7227      	strb	r7, [r4, #8]
10000472:	f3bf 8f5f 	dmb	sy
10000476:	340c      	adds	r4, #12
10000478:	42ac      	cmp	r4, r5
1000047a:	d3ef      	bcc.n	1000045c <runtime_init_mutex+0x10>
1000047c:	bdf8      	pop	{r3, r4, r5, r6, r7, pc}
1000047e:	f7ff ff75 	bl	1000036c <next_striped_spin_lock_num>
10000482:	0001      	movs	r1, r0
10000484:	0020      	movs	r0, r4
10000486:	f7ff ffd9 	bl	1000043c <lock_init>
1000048a:	6066      	str	r6, [r4, #4]
1000048c:	f3bf 8f5f 	dmb	sy
10000490:	3408      	adds	r4, #8
10000492:	42ac      	cmp	r4, r5
10000494:	d3e2      	bcc.n	1000045c <runtime_init_mutex+0x10>
10000496:	e7f1      	b.n	1000047c <runtime_init_mutex+0x30>
10000498:	20000348 	.word	0x20000348
1000049c:	20000358 	.word	0x20000358

100004a0 <alarm_pool_irq_handler>:
100004a0:	b5f0      	push	{r4, r5, r6, r7, lr}
100004a2:	46de      	mov	lr, fp
100004a4:	4657      	mov	r7, sl
100004a6:	464e      	mov	r6, r9
100004a8:	4645      	mov	r5, r8
100004aa:	b5e0      	push	{r5, r6, r7, lr}
100004ac:	b087      	sub	sp, #28
100004ae:	f3ef 8305 	mrs	r3, IPSR
100004b2:	2203      	movs	r2, #3
100004b4:	2501      	movs	r5, #1
100004b6:	401a      	ands	r2, r3
100004b8:	4095      	lsls	r5, r2
100004ba:	0091      	lsls	r1, r2, #2
100004bc:	4688      	mov	r8, r1
100004be:	46a9      	mov	r9, r5
100004c0:	4bb3      	ldr	r3, [pc, #716]	@ (10000790 <alarm_pool_irq_handler+0x2f0>)
100004c2:	9203      	str	r2, [sp, #12]
100004c4:	585c      	ldr	r4, [r3, r1]
100004c6:	4bb3      	ldr	r3, [pc, #716]	@ (10000794 <alarm_pool_irq_handler+0x2f4>)
100004c8:	601d      	str	r5, [r3, #0]
100004ca:	4bb3      	ldr	r3, [pc, #716]	@ (10000798 <alarm_pool_irq_handler+0x2f8>)
100004cc:	9304      	str	r3, [sp, #16]
100004ce:	464b      	mov	r3, r9
100004d0:	48b2      	ldr	r0, [pc, #712]	@ (1000079c <alarm_pool_irq_handler+0x2fc>)
100004d2:	6343      	str	r3, [r0, #52]	@ 0x34
100004d4:	2308      	movs	r3, #8
100004d6:	5ee5      	ldrsh	r5, [r4, r3]
100004d8:	2d00      	cmp	r5, #0
100004da:	da37      	bge.n	1000054c <alarm_pool_irq_handler+0xac>
100004dc:	88a3      	ldrh	r3, [r4, #4]
100004de:	b21b      	sxth	r3, r3
100004e0:	2b00      	cmp	r3, #0
100004e2:	db00      	blt.n	100004e6 <alarm_pool_irq_handler+0x46>
100004e4:	e0ad      	b.n	10000642 <alarm_pool_irq_handler+0x1a2>
100004e6:	79a3      	ldrb	r3, [r4, #6]
100004e8:	2b00      	cmp	r3, #0
100004ea:	d000      	beq.n	100004ee <alarm_pool_irq_handler+0x4e>
100004ec:	e0ee      	b.n	100006cc <alarm_pool_irq_handler+0x22c>
100004ee:	2308      	movs	r3, #8
100004f0:	5ee0      	ldrsh	r0, [r4, r3]
100004f2:	2800      	cmp	r0, #0
100004f4:	db20      	blt.n	10000538 <alarm_pool_irq_handler+0x98>
100004f6:	0043      	lsls	r3, r0, #1
100004f8:	6962      	ldr	r2, [r4, #20]
100004fa:	181b      	adds	r3, r3, r0
100004fc:	00db      	lsls	r3, r3, #3
100004fe:	18d3      	adds	r3, r2, r3
10000500:	689e      	ldr	r6, [r3, #8]
10000502:	68dd      	ldr	r5, [r3, #12]
10000504:	1c73      	adds	r3, r6, #1
10000506:	d100      	bne.n	1000050a <alarm_pool_irq_handler+0x6a>
10000508:	e111      	b.n	1000072e <alarm_pool_irq_handler+0x28e>
1000050a:	48a4      	ldr	r0, [pc, #656]	@ (1000079c <alarm_pool_irq_handler+0x2fc>)
1000050c:	0001      	movs	r1, r0
1000050e:	4441      	add	r1, r8
10000510:	6a82      	ldr	r2, [r0, #40]	@ 0x28
10000512:	690b      	ldr	r3, [r1, #16]
10000514:	1ab7      	subs	r7, r6, r2
10000516:	1a9b      	subs	r3, r3, r2
10000518:	429f      	cmp	r7, r3
1000051a:	d315      	bcc.n	10000548 <alarm_pool_irq_handler+0xa8>
1000051c:	2301      	movs	r3, #1
1000051e:	6a02      	ldr	r2, [r0, #32]
10000520:	9803      	ldr	r0, [sp, #12]
10000522:	4083      	lsls	r3, r0
10000524:	421a      	tst	r2, r3
10000526:	d00f      	beq.n	10000548 <alarm_pool_irq_handler+0xa8>
10000528:	489c      	ldr	r0, [pc, #624]	@ (1000079c <alarm_pool_irq_handler+0x2fc>)
1000052a:	f000 fb57 	bl	10000bdc <timer_time_us_64>
1000052e:	428d      	cmp	r5, r1
10000530:	dc02      	bgt.n	10000538 <alarm_pool_irq_handler+0x98>
10000532:	d1cc      	bne.n	100004ce <alarm_pool_irq_handler+0x2e>
10000534:	4286      	cmp	r6, r0
10000536:	d9ca      	bls.n	100004ce <alarm_pool_irq_handler+0x2e>
10000538:	bf40      	sev
1000053a:	b007      	add	sp, #28
1000053c:	bcf0      	pop	{r4, r5, r6, r7}
1000053e:	46bb      	mov	fp, r7
10000540:	46b2      	mov	sl, r6
10000542:	46a9      	mov	r9, r5
10000544:	46a0      	mov	r8, r4
10000546:	bdf0      	pop	{r4, r5, r6, r7, pc}
10000548:	610e      	str	r6, [r1, #16]
1000054a:	e7ed      	b.n	10000528 <alarm_pool_irq_handler+0x88>
1000054c:	6962      	ldr	r2, [r4, #20]
1000054e:	006b      	lsls	r3, r5, #1
10000550:	4692      	mov	sl, r2
10000552:	195b      	adds	r3, r3, r5
10000554:	00db      	lsls	r3, r3, #3
10000556:	449a      	add	sl, r3
10000558:	4653      	mov	r3, sl
1000055a:	689e      	ldr	r6, [r3, #8]
1000055c:	68df      	ldr	r7, [r3, #12]
1000055e:	f000 fb3d 	bl	10000bdc <timer_time_us_64>
10000562:	428f      	cmp	r7, r1
10000564:	dcba      	bgt.n	100004dc <alarm_pool_irq_handler+0x3c>
10000566:	d100      	bne.n	1000056a <alarm_pool_irq_handler+0xca>
10000568:	e103      	b.n	10000772 <alarm_pool_irq_handler+0x2d2>
1000056a:	2f00      	cmp	r7, #0
1000056c:	da00      	bge.n	10000570 <alarm_pool_irq_handler+0xd0>
1000056e:	e0e8      	b.n	10000742 <alarm_pool_irq_handler+0x2a2>
10000570:	4652      	mov	r2, sl
10000572:	4653      	mov	r3, sl
10000574:	6952      	ldr	r2, [r2, #20]
10000576:	691b      	ldr	r3, [r3, #16]
10000578:	4693      	mov	fp, r2
1000057a:	9a04      	ldr	r2, [sp, #16]
1000057c:	4293      	cmp	r3, r2
1000057e:	d100      	bne.n	10000582 <alarm_pool_irq_handler+0xe2>
10000580:	e0d9      	b.n	10000736 <alarm_pool_irq_handler+0x296>
10000582:	4652      	mov	r2, sl
10000584:	2108      	movs	r1, #8
10000586:	5e60      	ldrsh	r0, [r4, r1]
10000588:	8852      	ldrh	r2, [r2, #2]
1000058a:	0400      	lsls	r0, r0, #16
1000058c:	4659      	mov	r1, fp
1000058e:	4310      	orrs	r0, r2
10000590:	4798      	blx	r3
10000592:	9000      	str	r0, [sp, #0]
10000594:	9101      	str	r1, [sp, #4]
10000596:	9900      	ldr	r1, [sp, #0]
10000598:	9a01      	ldr	r2, [sp, #4]
1000059a:	000b      	movs	r3, r1
1000059c:	0010      	movs	r0, r2
1000059e:	4313      	orrs	r3, r2
100005a0:	d100      	bne.n	100005a4 <alarm_pool_irq_handler+0x104>
100005a2:	e0ce      	b.n	10000742 <alarm_pool_irq_handler+0x2a2>
100005a4:	0013      	movs	r3, r2
100005a6:	000a      	movs	r2, r1
100005a8:	1ab6      	subs	r6, r6, r2
100005aa:	419f      	sbcs	r7, r3
100005ac:	2800      	cmp	r0, #0
100005ae:	db06      	blt.n	100005be <alarm_pool_irq_handler+0x11e>
100005b0:	487a      	ldr	r0, [pc, #488]	@ (1000079c <alarm_pool_irq_handler+0x2fc>)
100005b2:	f000 fb13 	bl	10000bdc <timer_time_us_64>
100005b6:	9e00      	ldr	r6, [sp, #0]
100005b8:	9f01      	ldr	r7, [sp, #4]
100005ba:	1836      	adds	r6, r6, r0
100005bc:	414f      	adcs	r7, r1
100005be:	4653      	mov	r3, sl
100005c0:	609e      	str	r6, [r3, #8]
100005c2:	60df      	str	r7, [r3, #12]
100005c4:	2200      	movs	r2, #0
100005c6:	5e9a      	ldrsh	r2, [r3, r2]
100005c8:	2a00      	cmp	r2, #0
100005ca:	da00      	bge.n	100005ce <alarm_pool_irq_handler+0x12e>
100005cc:	e786      	b.n	100004dc <alarm_pool_irq_handler+0x3c>
100005ce:	0053      	lsls	r3, r2, #1
100005d0:	1899      	adds	r1, r3, r2
100005d2:	6960      	ldr	r0, [r4, #20]
100005d4:	00c9      	lsls	r1, r1, #3
100005d6:	1841      	adds	r1, r0, r1
100005d8:	9302      	str	r3, [sp, #8]
100005da:	688b      	ldr	r3, [r1, #8]
100005dc:	68c9      	ldr	r1, [r1, #12]
100005de:	469b      	mov	fp, r3
100005e0:	42b9      	cmp	r1, r7
100005e2:	dd00      	ble.n	100005e6 <alarm_pool_irq_handler+0x146>
100005e4:	e77a      	b.n	100004dc <alarm_pool_irq_handler+0x3c>
100005e6:	d102      	bne.n	100005ee <alarm_pool_irq_handler+0x14e>
100005e8:	42b3      	cmp	r3, r6
100005ea:	d900      	bls.n	100005ee <alarm_pool_irq_handler+0x14e>
100005ec:	e776      	b.n	100004dc <alarm_pool_irq_handler+0x3c>
100005ee:	2308      	movs	r3, #8
100005f0:	469c      	mov	ip, r3
100005f2:	44a4      	add	ip, r4
100005f4:	9505      	str	r5, [sp, #20]
100005f6:	4665      	mov	r5, ip
100005f8:	8122      	strh	r2, [r4, #8]
100005fa:	46a4      	mov	ip, r4
100005fc:	9b02      	ldr	r3, [sp, #8]
100005fe:	002c      	movs	r4, r5
10000600:	e006      	b.n	10000610 <alarm_pool_irq_handler+0x170>
10000602:	0053      	lsls	r3, r2, #1
10000604:	1899      	adds	r1, r3, r2
10000606:	00c9      	lsls	r1, r1, #3
10000608:	1841      	adds	r1, r0, r1
1000060a:	688d      	ldr	r5, [r1, #8]
1000060c:	68c9      	ldr	r1, [r1, #12]
1000060e:	46ab      	mov	fp, r5
10000610:	189b      	adds	r3, r3, r2
10000612:	00db      	lsls	r3, r3, #3
10000614:	18c3      	adds	r3, r0, r3
10000616:	42b9      	cmp	r1, r7
10000618:	dc06      	bgt.n	10000628 <alarm_pool_irq_handler+0x188>
1000061a:	d100      	bne.n	1000061e <alarm_pool_irq_handler+0x17e>
1000061c:	e0b3      	b.n	10000786 <alarm_pool_irq_handler+0x2e6>
1000061e:	001c      	movs	r4, r3
10000620:	2300      	movs	r3, #0
10000622:	5ee2      	ldrsh	r2, [r4, r3]
10000624:	2a00      	cmp	r2, #0
10000626:	daec      	bge.n	10000602 <alarm_pool_irq_handler+0x162>
10000628:	0023      	movs	r3, r4
1000062a:	4664      	mov	r4, ip
1000062c:	469c      	mov	ip, r3
1000062e:	4653      	mov	r3, sl
10000630:	801a      	strh	r2, [r3, #0]
10000632:	4663      	mov	r3, ip
10000634:	9d05      	ldr	r5, [sp, #20]
10000636:	801d      	strh	r5, [r3, #0]
10000638:	88a3      	ldrh	r3, [r4, #4]
1000063a:	b21b      	sxth	r3, r3
1000063c:	2b00      	cmp	r3, #0
1000063e:	da00      	bge.n	10000642 <alarm_pool_irq_handler+0x1a2>
10000640:	e751      	b.n	100004e6 <alarm_pool_irq_handler+0x46>
10000642:	6922      	ldr	r2, [r4, #16]
10000644:	f3ef 8110 	mrs	r1, PRIMASK
10000648:	b672      	cpsid	i
1000064a:	6813      	ldr	r3, [r2, #0]
1000064c:	2b00      	cmp	r3, #0
1000064e:	d0fc      	beq.n	1000064a <alarm_pool_irq_handler+0x1aa>
10000650:	f3bf 8f5f 	dmb	sy
10000654:	2301      	movs	r3, #1
10000656:	88a7      	ldrh	r7, [r4, #4]
10000658:	425b      	negs	r3, r3
1000065a:	80a3      	strh	r3, [r4, #4]
1000065c:	b23f      	sxth	r7, r7
1000065e:	6923      	ldr	r3, [r4, #16]
10000660:	f3bf 8f5f 	dmb	sy
10000664:	2200      	movs	r2, #0
10000666:	601a      	str	r2, [r3, #0]
10000668:	f381 8810 	msr	PRIMASK, r1
1000066c:	2f00      	cmp	r7, #0
1000066e:	da00      	bge.n	10000672 <alarm_pool_irq_handler+0x1d2>
10000670:	e739      	b.n	100004e6 <alarm_pool_irq_handler+0x46>
10000672:	0023      	movs	r3, r4
10000674:	3308      	adds	r3, #8
10000676:	0022      	movs	r2, r4
10000678:	469a      	mov	sl, r3
1000067a:	6966      	ldr	r6, [r4, #20]
1000067c:	007b      	lsls	r3, r7, #1
1000067e:	19db      	adds	r3, r3, r7
10000680:	00db      	lsls	r3, r3, #3
10000682:	18f3      	adds	r3, r6, r3
10000684:	6899      	ldr	r1, [r3, #8]
10000686:	4650      	mov	r0, sl
10000688:	468c      	mov	ip, r1
1000068a:	2408      	movs	r4, #8
1000068c:	5f11      	ldrsh	r1, [r2, r4]
1000068e:	68dd      	ldr	r5, [r3, #12]
10000690:	2900      	cmp	r1, #0
10000692:	db10      	blt.n	100006b6 <alarm_pool_irq_handler+0x216>
10000694:	9302      	str	r3, [sp, #8]
10000696:	e006      	b.n	100006a6 <alarm_pool_irq_handler+0x206>
10000698:	42ab      	cmp	r3, r5
1000069a:	d044      	beq.n	10000726 <alarm_pool_irq_handler+0x286>
1000069c:	2300      	movs	r3, #0
1000069e:	5ee1      	ldrsh	r1, [r4, r3]
100006a0:	0020      	movs	r0, r4
100006a2:	2900      	cmp	r1, #0
100006a4:	db06      	blt.n	100006b4 <alarm_pool_irq_handler+0x214>
100006a6:	004c      	lsls	r4, r1, #1
100006a8:	1864      	adds	r4, r4, r1
100006aa:	00e4      	lsls	r4, r4, #3
100006ac:	1934      	adds	r4, r6, r4
100006ae:	68e3      	ldr	r3, [r4, #12]
100006b0:	42ab      	cmp	r3, r5
100006b2:	ddf1      	ble.n	10000698 <alarm_pool_irq_handler+0x1f8>
100006b4:	9b02      	ldr	r3, [sp, #8]
100006b6:	8007      	strh	r7, [r0, #0]
100006b8:	2000      	movs	r0, #0
100006ba:	5e1f      	ldrsh	r7, [r3, r0]
100006bc:	8019      	strh	r1, [r3, #0]
100006be:	2f00      	cmp	r7, #0
100006c0:	dadc      	bge.n	1000067c <alarm_pool_irq_handler+0x1dc>
100006c2:	0014      	movs	r4, r2
100006c4:	79a3      	ldrb	r3, [r4, #6]
100006c6:	2b00      	cmp	r3, #0
100006c8:	d100      	bne.n	100006cc <alarm_pool_irq_handler+0x22c>
100006ca:	e710      	b.n	100004ee <alarm_pool_irq_handler+0x4e>
100006cc:	2300      	movs	r3, #0
100006ce:	71a3      	strb	r3, [r4, #6]
100006d0:	0026      	movs	r6, r4
100006d2:	2308      	movs	r3, #8
100006d4:	5ee1      	ldrsh	r1, [r4, r3]
100006d6:	3608      	adds	r6, #8
100006d8:	1c4b      	adds	r3, r1, #1
100006da:	d100      	bne.n	100006de <alarm_pool_irq_handler+0x23e>
100006dc:	e72c      	b.n	10000538 <alarm_pool_irq_handler+0x98>
100006de:	0008      	movs	r0, r1
100006e0:	46a2      	mov	sl, r4
100006e2:	6965      	ldr	r5, [r4, #20]
100006e4:	e002      	b.n	100006ec <alarm_pool_irq_handler+0x24c>
100006e6:	003e      	movs	r6, r7
100006e8:	1c4b      	adds	r3, r1, #1
100006ea:	d01a      	beq.n	10000722 <alarm_pool_irq_handler+0x282>
100006ec:	004b      	lsls	r3, r1, #1
100006ee:	185b      	adds	r3, r3, r1
100006f0:	00db      	lsls	r3, r3, #3
100006f2:	18ef      	adds	r7, r5, r3
100006f4:	000a      	movs	r2, r1
100006f6:	468c      	mov	ip, r1
100006f8:	5ee9      	ldrsh	r1, [r5, r3]
100006fa:	887b      	ldrh	r3, [r7, #2]
100006fc:	b21b      	sxth	r3, r3
100006fe:	2b00      	cmp	r3, #0
10000700:	daf1      	bge.n	100006e6 <alarm_pool_irq_handler+0x246>
10000702:	2301      	movs	r3, #1
10000704:	425b      	negs	r3, r3
10000706:	17dc      	asrs	r4, r3, #31
10000708:	60bb      	str	r3, [r7, #8]
1000070a:	60fc      	str	r4, [r7, #12]
1000070c:	4282      	cmp	r2, r0
1000070e:	d005      	beq.n	1000071c <alarm_pool_irq_handler+0x27c>
10000710:	4653      	mov	r3, sl
10000712:	8031      	strh	r1, [r6, #0]
10000714:	891b      	ldrh	r3, [r3, #8]
10000716:	803b      	strh	r3, [r7, #0]
10000718:	4653      	mov	r3, sl
1000071a:	811a      	strh	r2, [r3, #8]
1000071c:	4660      	mov	r0, ip
1000071e:	1c4b      	adds	r3, r1, #1
10000720:	d1e4      	bne.n	100006ec <alarm_pool_irq_handler+0x24c>
10000722:	4654      	mov	r4, sl
10000724:	e6e5      	b.n	100004f2 <alarm_pool_irq_handler+0x52>
10000726:	68a3      	ldr	r3, [r4, #8]
10000728:	4563      	cmp	r3, ip
1000072a:	d9b7      	bls.n	1000069c <alarm_pool_irq_handler+0x1fc>
1000072c:	e7c2      	b.n	100006b4 <alarm_pool_irq_handler+0x214>
1000072e:	1c6b      	adds	r3, r5, #1
10000730:	d000      	beq.n	10000734 <alarm_pool_irq_handler+0x294>
10000732:	e6ea      	b.n	1000050a <alarm_pool_irq_handler+0x6a>
10000734:	e6f8      	b.n	10000528 <alarm_pool_irq_handler+0x88>
10000736:	465b      	mov	r3, fp
10000738:	4658      	mov	r0, fp
1000073a:	691b      	ldr	r3, [r3, #16]
1000073c:	4798      	blx	r3
1000073e:	2800      	cmp	r0, #0
10000740:	d11b      	bne.n	1000077a <alarm_pool_irq_handler+0x2da>
10000742:	4653      	mov	r3, sl
10000744:	881b      	ldrh	r3, [r3, #0]
10000746:	6922      	ldr	r2, [r4, #16]
10000748:	8123      	strh	r3, [r4, #8]
1000074a:	f3ef 8310 	mrs	r3, PRIMASK
1000074e:	b672      	cpsid	i
10000750:	6811      	ldr	r1, [r2, #0]
10000752:	2900      	cmp	r1, #0
10000754:	d0fc      	beq.n	10000750 <alarm_pool_irq_handler+0x2b0>
10000756:	f3bf 8f5f 	dmb	sy
1000075a:	4651      	mov	r1, sl
1000075c:	8862      	ldrh	r2, [r4, #2]
1000075e:	800a      	strh	r2, [r1, #0]
10000760:	6922      	ldr	r2, [r4, #16]
10000762:	8065      	strh	r5, [r4, #2]
10000764:	f3bf 8f5f 	dmb	sy
10000768:	2100      	movs	r1, #0
1000076a:	6011      	str	r1, [r2, #0]
1000076c:	f383 8810 	msr	PRIMASK, r3
10000770:	e6b4      	b.n	100004dc <alarm_pool_irq_handler+0x3c>
10000772:	4286      	cmp	r6, r0
10000774:	d800      	bhi.n	10000778 <alarm_pool_irq_handler+0x2d8>
10000776:	e6f8      	b.n	1000056a <alarm_pool_irq_handler+0xca>
10000778:	e6b0      	b.n	100004dc <alarm_pool_irq_handler+0x3c>
1000077a:	465b      	mov	r3, fp
1000077c:	681a      	ldr	r2, [r3, #0]
1000077e:	685b      	ldr	r3, [r3, #4]
10000780:	9200      	str	r2, [sp, #0]
10000782:	9301      	str	r3, [sp, #4]
10000784:	e707      	b.n	10000596 <alarm_pool_irq_handler+0xf6>
10000786:	45b3      	cmp	fp, r6
10000788:	d800      	bhi.n	1000078c <alarm_pool_irq_handler+0x2ec>
1000078a:	e748      	b.n	1000061e <alarm_pool_irq_handler+0x17e>
1000078c:	e74c      	b.n	10000628 <alarm_pool_irq_handler+0x188>
1000078e:	46c0      	nop			@ (mov r8, r8)
10000790:	20000860 	.word	0x20000860
10000794:	4005703c 	.word	0x4005703c
10000798:	100004a1 	.word	0x100004a1
1000079c:	40054000 	.word	0x40054000

100007a0 <sleep_until_callback>:
100007a0:	4807      	ldr	r0, [pc, #28]	@ (100007c0 <sleep_until_callback+0x20>)
100007a2:	b510      	push	{r4, lr}
100007a4:	6802      	ldr	r2, [r0, #0]
100007a6:	f3ef 8110 	mrs	r1, PRIMASK
100007aa:	b672      	cpsid	i
100007ac:	6813      	ldr	r3, [r2, #0]
100007ae:	2b00      	cmp	r3, #0
100007b0:	d0fc      	beq.n	100007ac <sleep_until_callback+0xc>
100007b2:	f3bf 8f5f 	dmb	sy
100007b6:	f001 fa45 	bl	10001c44 <vPortLockInternalSpinUnlockWithNotify>
100007ba:	2000      	movs	r0, #0
100007bc:	2100      	movs	r1, #0
100007be:	bd10      	pop	{r4, pc}
100007c0:	20000a68 	.word	0x20000a68

100007c4 <runtime_init_default_alarm_pool>:
100007c4:	b570      	push	{r4, r5, r6, lr}
100007c6:	4c2e      	ldr	r4, [pc, #184]	@ (10000880 <runtime_init_default_alarm_pool+0xbc>)
100007c8:	6925      	ldr	r5, [r4, #16]
100007ca:	2d00      	cmp	r5, #0
100007cc:	d004      	beq.n	100007d8 <runtime_init_default_alarm_pool+0x14>
100007ce:	210a      	movs	r1, #10
100007d0:	482c      	ldr	r0, [pc, #176]	@ (10000884 <runtime_init_default_alarm_pool+0xc0>)
100007d2:	f7ff fe33 	bl	1000043c <lock_init>
100007d6:	bd70      	pop	{r4, r5, r6, pc}
100007d8:	4e2b      	ldr	r6, [pc, #172]	@ (10000888 <runtime_init_default_alarm_pool+0xc4>)
100007da:	2103      	movs	r1, #3
100007dc:	0030      	movs	r0, r6
100007de:	f000 f9f3 	bl	10000bc8 <timer_hardware_alarm_claim>
100007e2:	60e6      	str	r6, [r4, #12]
100007e4:	f7ff fdc2 	bl	1000036c <next_striped_spin_lock_num>
100007e8:	4b28      	ldr	r3, [pc, #160]	@ (1000088c <runtime_init_default_alarm_pool+0xc8>)
100007ea:	2203      	movs	r2, #3
100007ec:	469c      	mov	ip, r3
100007ee:	23d0      	movs	r3, #208	@ 0xd0
100007f0:	7022      	strb	r2, [r4, #0]
100007f2:	061b      	lsls	r3, r3, #24
100007f4:	681b      	ldr	r3, [r3, #0]
100007f6:	2101      	movs	r1, #1
100007f8:	7063      	strb	r3, [r4, #1]
100007fa:	4b25      	ldr	r3, [pc, #148]	@ (10000890 <runtime_init_default_alarm_pool+0xcc>)
100007fc:	4460      	add	r0, ip
100007fe:	60a3      	str	r3, [r4, #8]
10000800:	230f      	movs	r3, #15
10000802:	0080      	lsls	r0, r0, #2
10000804:	6120      	str	r0, [r4, #16]
10000806:	2002      	movs	r0, #2
10000808:	8063      	strh	r3, [r4, #2]
1000080a:	6963      	ldr	r3, [r4, #20]
1000080c:	4249      	negs	r1, r1
1000080e:	80a1      	strh	r1, [r4, #4]
10000810:	8019      	strh	r1, [r3, #0]
10000812:	3102      	adds	r1, #2
10000814:	8619      	strh	r1, [r3, #48]	@ 0x30
10000816:	3147      	adds	r1, #71	@ 0x47
10000818:	831d      	strh	r5, [r3, #24]
1000081a:	5258      	strh	r0, [r3, r1]
1000081c:	3118      	adds	r1, #24
1000081e:	525a      	strh	r2, [r3, r1]
10000820:	3275      	adds	r2, #117	@ 0x75
10000822:	395c      	subs	r1, #92	@ 0x5c
10000824:	5299      	strh	r1, [r3, r2]
10000826:	3218      	adds	r2, #24
10000828:	3101      	adds	r1, #1
1000082a:	5299      	strh	r1, [r3, r2]
1000082c:	3218      	adds	r2, #24
1000082e:	3101      	adds	r1, #1
10000830:	5299      	strh	r1, [r3, r2]
10000832:	3218      	adds	r2, #24
10000834:	3101      	adds	r1, #1
10000836:	5299      	strh	r1, [r3, r2]
10000838:	3508      	adds	r5, #8
1000083a:	3218      	adds	r2, #24
1000083c:	529d      	strh	r5, [r3, r2]
1000083e:	3102      	adds	r1, #2
10000840:	3218      	adds	r2, #24
10000842:	5299      	strh	r1, [r3, r2]
10000844:	3218      	adds	r2, #24
10000846:	3101      	adds	r1, #1
10000848:	5299      	strh	r1, [r3, r2]
1000084a:	3218      	adds	r2, #24
1000084c:	3101      	adds	r1, #1
1000084e:	5299      	strh	r1, [r3, r2]
10000850:	3218      	adds	r2, #24
10000852:	3101      	adds	r1, #1
10000854:	5299      	strh	r1, [r3, r2]
10000856:	3218      	adds	r2, #24
10000858:	3101      	adds	r1, #1
1000085a:	5299      	strh	r1, [r3, r2]
1000085c:	3218      	adds	r2, #24
1000085e:	3101      	adds	r1, #1
10000860:	5299      	strh	r1, [r3, r2]
10000862:	4b0c      	ldr	r3, [pc, #48]	@ (10000894 <runtime_init_default_alarm_pool+0xd0>)
10000864:	490c      	ldr	r1, [pc, #48]	@ (10000898 <runtime_init_default_alarm_pool+0xd4>)
10000866:	60dc      	str	r4, [r3, #12]
10000868:	3001      	adds	r0, #1
1000086a:	6235      	str	r5, [r6, #32]
1000086c:	f7ff fdbc 	bl	100003e8 <irq_set_exclusive_handler>
10000870:	2101      	movs	r1, #1
10000872:	2003      	movs	r0, #3
10000874:	f7ff fda6 	bl	100003c4 <irq_set_enabled>
10000878:	4b08      	ldr	r3, [pc, #32]	@ (1000089c <runtime_init_default_alarm_pool+0xd8>)
1000087a:	601d      	str	r5, [r3, #0]
1000087c:	e7a7      	b.n	100007ce <runtime_init_default_alarm_pool+0xa>
1000087e:	46c0      	nop			@ (mov r8, r8)
10000880:	200001bc 	.word	0x200001bc
10000884:	20000a68 	.word	0x20000a68
10000888:	40054000 	.word	0x40054000
1000088c:	34000040 	.word	0x34000040
10000890:	0010ffff 	.word	0x0010ffff
10000894:	20000860 	.word	0x20000860
10000898:	100004a1 	.word	0x100004a1
1000089c:	40056038 	.word	0x40056038

100008a0 <alarm_pool_add_alarm_at_force_in_context>:
100008a0:	b570      	push	{r4, r5, r6, lr}
100008a2:	0001      	movs	r1, r0
100008a4:	6904      	ldr	r4, [r0, #16]
100008a6:	f3ef 8c10 	mrs	ip, PRIMASK
100008aa:	b672      	cpsid	i
100008ac:	6820      	ldr	r0, [r4, #0]
100008ae:	2800      	cmp	r0, #0
100008b0:	d0fc      	beq.n	100008ac <alarm_pool_add_alarm_at_force_in_context+0xc>
100008b2:	f3bf 8f5f 	dmb	sy
100008b6:	2002      	movs	r0, #2
100008b8:	5e0d      	ldrsh	r5, [r1, r0]
100008ba:	694c      	ldr	r4, [r1, #20]
100008bc:	0068      	lsls	r0, r5, #1
100008be:	1940      	adds	r0, r0, r5
100008c0:	00c0      	lsls	r0, r0, #3
100008c2:	1824      	adds	r4, r4, r0
100008c4:	6908      	ldr	r0, [r1, #16]
100008c6:	2d00      	cmp	r5, #0
100008c8:	db36      	blt.n	10000938 <alarm_pool_add_alarm_at_force_in_context+0x98>
100008ca:	8826      	ldrh	r6, [r4, #0]
100008cc:	804e      	strh	r6, [r1, #2]
100008ce:	f3bf 8f5f 	dmb	sy
100008d2:	2600      	movs	r6, #0
100008d4:	6006      	str	r6, [r0, #0]
100008d6:	f38c 8810 	msr	PRIMASK, ip
100008da:	60e3      	str	r3, [r4, #12]
100008dc:	8863      	ldrh	r3, [r4, #2]
100008de:	9804      	ldr	r0, [sp, #16]
100008e0:	3301      	adds	r3, #1
100008e2:	6120      	str	r0, [r4, #16]
100008e4:	045b      	lsls	r3, r3, #17
100008e6:	9805      	ldr	r0, [sp, #20]
100008e8:	0c5b      	lsrs	r3, r3, #17
100008ea:	60a2      	str	r2, [r4, #8]
100008ec:	6160      	str	r0, [r4, #20]
100008ee:	1c1a      	adds	r2, r3, #0
100008f0:	2b00      	cmp	r3, #0
100008f2:	d01f      	beq.n	10000934 <alarm_pool_add_alarm_at_force_in_context+0x94>
100008f4:	b293      	uxth	r3, r2
100008f6:	0428      	lsls	r0, r5, #16
100008f8:	8062      	strh	r2, [r4, #2]
100008fa:	4318      	orrs	r0, r3
100008fc:	690a      	ldr	r2, [r1, #16]
100008fe:	f3ef 8c10 	mrs	ip, PRIMASK
10000902:	b672      	cpsid	i
10000904:	6813      	ldr	r3, [r2, #0]
10000906:	2b00      	cmp	r3, #0
10000908:	d0fc      	beq.n	10000904 <alarm_pool_add_alarm_at_force_in_context+0x64>
1000090a:	f3bf 8f5f 	dmb	sy
1000090e:	888b      	ldrh	r3, [r1, #4]
10000910:	8023      	strh	r3, [r4, #0]
10000912:	808d      	strh	r5, [r1, #4]
10000914:	690b      	ldr	r3, [r1, #16]
10000916:	f3bf 8f5f 	dmb	sy
1000091a:	2200      	movs	r2, #0
1000091c:	601a      	str	r2, [r3, #0]
1000091e:	f38c 8810 	msr	PRIMASK, ip
10000922:	780b      	ldrb	r3, [r1, #0]
10000924:	3201      	adds	r2, #1
10000926:	409a      	lsls	r2, r3
10000928:	68cb      	ldr	r3, [r1, #12]
1000092a:	4908      	ldr	r1, [pc, #32]	@ (1000094c <alarm_pool_add_alarm_at_force_in_context+0xac>)
1000092c:	468c      	mov	ip, r1
1000092e:	4463      	add	r3, ip
10000930:	601a      	str	r2, [r3, #0]
10000932:	bd70      	pop	{r4, r5, r6, pc}
10000934:	2201      	movs	r2, #1
10000936:	e7dd      	b.n	100008f4 <alarm_pool_add_alarm_at_force_in_context+0x54>
10000938:	f3bf 8f5f 	dmb	sy
1000093c:	2300      	movs	r3, #0
1000093e:	6003      	str	r3, [r0, #0]
10000940:	f38c 8810 	msr	PRIMASK, ip
10000944:	2001      	movs	r0, #1
10000946:	4240      	negs	r0, r0
10000948:	e7f3      	b.n	10000932 <alarm_pool_add_alarm_at_force_in_context+0x92>
1000094a:	46c0      	nop			@ (mov r8, r8)
1000094c:	0000203c 	.word	0x0000203c

10000950 <alarm_pool_cancel_alarm>:
10000950:	b510      	push	{r4, lr}
10000952:	8943      	ldrh	r3, [r0, #10]
10000954:	140a      	asrs	r2, r1, #16
10000956:	4293      	cmp	r3, r2
10000958:	dd1a      	ble.n	10000990 <alarm_pool_cancel_alarm+0x40>
1000095a:	0053      	lsls	r3, r2, #1
1000095c:	189b      	adds	r3, r3, r2
1000095e:	6942      	ldr	r2, [r0, #20]
10000960:	00db      	lsls	r3, r3, #3
10000962:	18d3      	adds	r3, r2, r3
10000964:	6904      	ldr	r4, [r0, #16]
10000966:	f3ef 8c10 	mrs	ip, PRIMASK
1000096a:	b672      	cpsid	i
1000096c:	6822      	ldr	r2, [r4, #0]
1000096e:	2a00      	cmp	r2, #0
10000970:	d0fc      	beq.n	1000096c <alarm_pool_cancel_alarm+0x1c>
10000972:	f3bf 8f5f 	dmb	sy
10000976:	885a      	ldrh	r2, [r3, #2]
10000978:	0409      	lsls	r1, r1, #16
1000097a:	b294      	uxth	r4, r2
1000097c:	0c09      	lsrs	r1, r1, #16
1000097e:	428a      	cmp	r2, r1
10000980:	d008      	beq.n	10000994 <alarm_pool_cancel_alarm+0x44>
10000982:	6903      	ldr	r3, [r0, #16]
10000984:	f3bf 8f5f 	dmb	sy
10000988:	2200      	movs	r2, #0
1000098a:	601a      	str	r2, [r3, #0]
1000098c:	f38c 8810 	msr	PRIMASK, ip
10000990:	2000      	movs	r0, #0
10000992:	bd10      	pop	{r4, pc}
10000994:	2280      	movs	r2, #128	@ 0x80
10000996:	0212      	lsls	r2, r2, #8
10000998:	4314      	orrs	r4, r2
1000099a:	805c      	strh	r4, [r3, #2]
1000099c:	2301      	movs	r3, #1
1000099e:	6902      	ldr	r2, [r0, #16]
100009a0:	7183      	strb	r3, [r0, #6]
100009a2:	f3bf 8f5f 	dmb	sy
100009a6:	2100      	movs	r1, #0
100009a8:	6011      	str	r1, [r2, #0]
100009aa:	f38c 8810 	msr	PRIMASK, ip
100009ae:	4904      	ldr	r1, [pc, #16]	@ (100009c0 <alarm_pool_cancel_alarm+0x70>)
100009b0:	7802      	ldrb	r2, [r0, #0]
100009b2:	468c      	mov	ip, r1
100009b4:	4093      	lsls	r3, r2
100009b6:	68c2      	ldr	r2, [r0, #12]
100009b8:	2001      	movs	r0, #1
100009ba:	4462      	add	r2, ip
100009bc:	6013      	str	r3, [r2, #0]
100009be:	e7e8      	b.n	10000992 <alarm_pool_cancel_alarm+0x42>
100009c0:	0000203c 	.word	0x0000203c

100009c4 <sleep_ms>:
100009c4:	b5f0      	push	{r4, r5, r6, r7, lr}
100009c6:	46ce      	mov	lr, r9
100009c8:	4647      	mov	r7, r8
100009ca:	b580      	push	{r7, lr}
100009cc:	b083      	sub	sp, #12
100009ce:	0004      	movs	r4, r0
100009d0:	f000 f90c 	bl	10000bec <time_us_64>
100009d4:	22fa      	movs	r2, #250	@ 0xfa
100009d6:	0006      	movs	r6, r0
100009d8:	000f      	movs	r7, r1
100009da:	0020      	movs	r0, r4
100009dc:	2300      	movs	r3, #0
100009de:	2100      	movs	r1, #0
100009e0:	0092      	lsls	r2, r2, #2
100009e2:	f000 fe7d 	bl	100016e0 <__wrap___aeabi_lmul>
100009e6:	1980      	adds	r0, r0, r6
100009e8:	4179      	adcs	r1, r7
100009ea:	0004      	movs	r4, r0
100009ec:	1e0d      	subs	r5, r1, #0
100009ee:	da02      	bge.n	100009f6 <sleep_ms+0x32>
100009f0:	2401      	movs	r4, #1
100009f2:	4d2d      	ldr	r5, [pc, #180]	@ (10000aa8 <sleep_ms+0xe4>)
100009f4:	4264      	negs	r4, r4
100009f6:	2696      	movs	r6, #150	@ 0x96
100009f8:	4276      	negs	r6, r6
100009fa:	17f7      	asrs	r7, r6, #31
100009fc:	1936      	adds	r6, r6, r4
100009fe:	416f      	adcs	r7, r5
10000a00:	42af      	cmp	r7, r5
10000a02:	d815      	bhi.n	10000a30 <sleep_ms+0x6c>
10000a04:	d012      	beq.n	10000a2c <sleep_ms+0x68>
10000a06:	f000 f8f1 	bl	10000bec <time_us_64>
10000a0a:	0032      	movs	r2, r6
10000a0c:	003b      	movs	r3, r7
10000a0e:	1a12      	subs	r2, r2, r0
10000a10:	418b      	sbcs	r3, r1
10000a12:	2b00      	cmp	r3, #0
10000a14:	dc18      	bgt.n	10000a48 <sleep_ms+0x84>
10000a16:	2b00      	cmp	r3, #0
10000a18:	d043      	beq.n	10000aa2 <sleep_ms+0xde>
10000a1a:	0020      	movs	r0, r4
10000a1c:	0029      	movs	r1, r5
10000a1e:	f000 f8ef 	bl	10000c00 <busy_wait_until>
10000a22:	b003      	add	sp, #12
10000a24:	bcc0      	pop	{r6, r7}
10000a26:	46b9      	mov	r9, r7
10000a28:	46b0      	mov	r8, r6
10000a2a:	bdf0      	pop	{r4, r5, r6, r7, pc}
10000a2c:	42a6      	cmp	r6, r4
10000a2e:	d9ea      	bls.n	10000a06 <sleep_ms+0x42>
10000a30:	2200      	movs	r2, #0
10000a32:	2300      	movs	r3, #0
10000a34:	0016      	movs	r6, r2
10000a36:	001f      	movs	r7, r3
10000a38:	f000 f8d8 	bl	10000bec <time_us_64>
10000a3c:	0032      	movs	r2, r6
10000a3e:	003b      	movs	r3, r7
10000a40:	1a12      	subs	r2, r2, r0
10000a42:	418b      	sbcs	r3, r1
10000a44:	2b00      	cmp	r3, #0
10000a46:	dde6      	ble.n	10000a16 <sleep_ms+0x52>
10000a48:	f000 f8d0 	bl	10000bec <time_us_64>
10000a4c:	0032      	movs	r2, r6
10000a4e:	003b      	movs	r3, r7
10000a50:	1a12      	subs	r2, r2, r0
10000a52:	418b      	sbcs	r3, r1
10000a54:	2b00      	cmp	r3, #0
10000a56:	db0a      	blt.n	10000a6e <sleep_ms+0xaa>
10000a58:	2300      	movs	r3, #0
10000a5a:	9301      	str	r3, [sp, #4]
10000a5c:	4b13      	ldr	r3, [pc, #76]	@ (10000aac <sleep_ms+0xe8>)
10000a5e:	0032      	movs	r2, r6
10000a60:	9300      	str	r3, [sp, #0]
10000a62:	4813      	ldr	r0, [pc, #76]	@ (10000ab0 <sleep_ms+0xec>)
10000a64:	003b      	movs	r3, r7
10000a66:	f7ff ff1b 	bl	100008a0 <alarm_pool_add_alarm_at_force_in_context>
10000a6a:	3001      	adds	r0, #1
10000a6c:	d0d5      	beq.n	10000a1a <sleep_ms+0x56>
10000a6e:	4b11      	ldr	r3, [pc, #68]	@ (10000ab4 <sleep_ms+0xf0>)
10000a70:	46b1      	mov	r9, r6
10000a72:	4698      	mov	r8, r3
10000a74:	4e10      	ldr	r6, [pc, #64]	@ (10000ab8 <sleep_ms+0xf4>)
10000a76:	6a73      	ldr	r3, [r6, #36]	@ 0x24
10000a78:	429f      	cmp	r7, r3
10000a7a:	d804      	bhi.n	10000a86 <sleep_ms+0xc2>
10000a7c:	6ab2      	ldr	r2, [r6, #40]	@ 0x28
10000a7e:	454a      	cmp	r2, r9
10000a80:	d2cb      	bcs.n	10000a1a <sleep_ms+0x56>
10000a82:	429f      	cmp	r7, r3
10000a84:	d1c9      	bne.n	10000a1a <sleep_ms+0x56>
10000a86:	4643      	mov	r3, r8
10000a88:	681a      	ldr	r2, [r3, #0]
10000a8a:	f3ef 8110 	mrs	r1, PRIMASK
10000a8e:	b672      	cpsid	i
10000a90:	6813      	ldr	r3, [r2, #0]
10000a92:	2b00      	cmp	r3, #0
10000a94:	d0fc      	beq.n	10000a90 <sleep_ms+0xcc>
10000a96:	f3bf 8f5f 	dmb	sy
10000a9a:	4640      	mov	r0, r8
10000a9c:	f001 f89e 	bl	10001bdc <vPortLockInternalSpinUnlockWithWait>
10000aa0:	e7e9      	b.n	10000a76 <sleep_ms+0xb2>
10000aa2:	2a00      	cmp	r2, #0
10000aa4:	d0b9      	beq.n	10000a1a <sleep_ms+0x56>
10000aa6:	e7cf      	b.n	10000a48 <sleep_ms+0x84>
10000aa8:	7fffffff 	.word	0x7fffffff
10000aac:	100007a1 	.word	0x100007a1
10000ab0:	200001bc 	.word	0x200001bc
10000ab4:	20000a68 	.word	0x20000a68
10000ab8:	40054000 	.word	0x40054000

10000abc <best_effort_wfe_or_timeout>:
10000abc:	b5f0      	push	{r4, r5, r6, r7, lr}
10000abe:	4657      	mov	r7, sl
10000ac0:	464e      	mov	r6, r9
10000ac2:	46de      	mov	lr, fp
10000ac4:	4645      	mov	r5, r8
10000ac6:	b5e0      	push	{r5, r6, r7, lr}
10000ac8:	0006      	movs	r6, r0
10000aca:	000f      	movs	r7, r1
10000acc:	b085      	sub	sp, #20
10000ace:	f3ef 8305 	mrs	r3, IPSR
10000ad2:	4699      	mov	r9, r3
10000ad4:	468b      	mov	fp, r1
10000ad6:	2b00      	cmp	r3, #0
10000ad8:	d012      	beq.n	10000b00 <best_effort_wfe_or_timeout+0x44>
10000ada:	4938      	ldr	r1, [pc, #224]	@ (10000bbc <best_effort_wfe_or_timeout+0x100>)
10000adc:	2000      	movs	r0, #0
10000ade:	6a4b      	ldr	r3, [r1, #36]	@ 0x24
10000ae0:	42bb      	cmp	r3, r7
10000ae2:	d306      	bcc.n	10000af2 <best_effort_wfe_or_timeout+0x36>
10000ae4:	6a8a      	ldr	r2, [r1, #40]	@ 0x28
10000ae6:	1bdb      	subs	r3, r3, r7
10000ae8:	1e59      	subs	r1, r3, #1
10000aea:	418b      	sbcs	r3, r1
10000aec:	42b2      	cmp	r2, r6
10000aee:	4140      	adcs	r0, r0
10000af0:	4318      	orrs	r0, r3
10000af2:	b005      	add	sp, #20
10000af4:	bcf0      	pop	{r4, r5, r6, r7}
10000af6:	46bb      	mov	fp, r7
10000af8:	46b2      	mov	sl, r6
10000afa:	46a9      	mov	r9, r5
10000afc:	46a0      	mov	r8, r4
10000afe:	bdf0      	pop	{r4, r5, r6, r7, pc}
10000b00:	4b2f      	ldr	r3, [pc, #188]	@ (10000bc0 <best_effort_wfe_or_timeout+0x104>)
10000b02:	469a      	mov	sl, r3
10000b04:	68db      	ldr	r3, [r3, #12]
10000b06:	4698      	mov	r8, r3
10000b08:	4653      	mov	r3, sl
10000b0a:	781b      	ldrb	r3, [r3, #0]
10000b0c:	4640      	mov	r0, r8
10000b0e:	9303      	str	r3, [sp, #12]
10000b10:	f000 f864 	bl	10000bdc <timer_time_us_64>
10000b14:	4642      	mov	r2, r8
10000b16:	9b03      	ldr	r3, [sp, #12]
10000b18:	0004      	movs	r4, r0
10000b1a:	3304      	adds	r3, #4
10000b1c:	009b      	lsls	r3, r3, #2
10000b1e:	589b      	ldr	r3, [r3, r2]
10000b20:	000d      	movs	r5, r1
10000b22:	1a1b      	subs	r3, r3, r0
10000b24:	0039      	movs	r1, r7
10000b26:	0030      	movs	r0, r6
10000b28:	1b00      	subs	r0, r0, r4
10000b2a:	41a9      	sbcs	r1, r5
10000b2c:	4589      	cmp	r9, r1
10000b2e:	dc10      	bgt.n	10000b52 <best_effort_wfe_or_timeout+0x96>
10000b30:	d00d      	beq.n	10000b4e <best_effort_wfe_or_timeout+0x92>
10000b32:	bf20      	wfe
10000b34:	4a21      	ldr	r2, [pc, #132]	@ (10000bbc <best_effort_wfe_or_timeout+0x100>)
10000b36:	2000      	movs	r0, #0
10000b38:	6a53      	ldr	r3, [r2, #36]	@ 0x24
10000b3a:	455b      	cmp	r3, fp
10000b3c:	d3d9      	bcc.n	10000af2 <best_effort_wfe_or_timeout+0x36>
10000b3e:	6a92      	ldr	r2, [r2, #40]	@ 0x28
10000b40:	1bdb      	subs	r3, r3, r7
10000b42:	1e59      	subs	r1, r3, #1
10000b44:	418b      	sbcs	r3, r1
10000b46:	42b2      	cmp	r2, r6
10000b48:	4140      	adcs	r0, r0
10000b4a:	4318      	orrs	r0, r3
10000b4c:	e7d1      	b.n	10000af2 <best_effort_wfe_or_timeout+0x36>
10000b4e:	4283      	cmp	r3, r0
10000b50:	d9ef      	bls.n	10000b32 <best_effort_wfe_or_timeout+0x76>
10000b52:	f000 f84b 	bl	10000bec <time_us_64>
10000b56:	0032      	movs	r2, r6
10000b58:	003b      	movs	r3, r7
10000b5a:	1a12      	subs	r2, r2, r0
10000b5c:	418b      	sbcs	r3, r1
10000b5e:	2b00      	cmp	r3, #0
10000b60:	db1a      	blt.n	10000b98 <best_effort_wfe_or_timeout+0xdc>
10000b62:	2300      	movs	r3, #0
10000b64:	9301      	str	r3, [sp, #4]
10000b66:	4b17      	ldr	r3, [pc, #92]	@ (10000bc4 <best_effort_wfe_or_timeout+0x108>)
10000b68:	0032      	movs	r2, r6
10000b6a:	9300      	str	r3, [sp, #0]
10000b6c:	4650      	mov	r0, sl
10000b6e:	003b      	movs	r3, r7
10000b70:	f7ff fe96 	bl	100008a0 <alarm_pool_add_alarm_at_force_in_context>
10000b74:	1e01      	subs	r1, r0, #0
10000b76:	dd0f      	ble.n	10000b98 <best_effort_wfe_or_timeout+0xdc>
10000b78:	4b10      	ldr	r3, [pc, #64]	@ (10000bbc <best_effort_wfe_or_timeout+0x100>)
10000b7a:	6a5a      	ldr	r2, [r3, #36]	@ 0x24
10000b7c:	455a      	cmp	r2, fp
10000b7e:	d31b      	bcc.n	10000bb8 <best_effort_wfe_or_timeout+0xfc>
10000b80:	6a9b      	ldr	r3, [r3, #40]	@ 0x28
10000b82:	42b3      	cmp	r3, r6
10000b84:	d316      	bcc.n	10000bb4 <best_effort_wfe_or_timeout+0xf8>
10000b86:	4650      	mov	r0, sl
10000b88:	f7ff fee2 	bl	10000950 <alarm_pool_cancel_alarm>
10000b8c:	4a0b      	ldr	r2, [pc, #44]	@ (10000bbc <best_effort_wfe_or_timeout+0x100>)
10000b8e:	2000      	movs	r0, #0
10000b90:	6a53      	ldr	r3, [r2, #36]	@ 0x24
10000b92:	455b      	cmp	r3, fp
10000b94:	d3ad      	bcc.n	10000af2 <best_effort_wfe_or_timeout+0x36>
10000b96:	e7d2      	b.n	10000b3e <best_effort_wfe_or_timeout+0x82>
10000b98:	4a08      	ldr	r2, [pc, #32]	@ (10000bbc <best_effort_wfe_or_timeout+0x100>)
10000b9a:	2000      	movs	r0, #0
10000b9c:	6a53      	ldr	r3, [r2, #36]	@ 0x24
10000b9e:	455b      	cmp	r3, fp
10000ba0:	d3a7      	bcc.n	10000af2 <best_effort_wfe_or_timeout+0x36>
10000ba2:	2000      	movs	r0, #0
10000ba4:	6a92      	ldr	r2, [r2, #40]	@ 0x28
10000ba6:	1bdb      	subs	r3, r3, r7
10000ba8:	42b2      	cmp	r2, r6
10000baa:	4140      	adcs	r0, r0
10000bac:	1e5a      	subs	r2, r3, #1
10000bae:	4193      	sbcs	r3, r2
10000bb0:	4318      	orrs	r0, r3
10000bb2:	e79e      	b.n	10000af2 <best_effort_wfe_or_timeout+0x36>
10000bb4:	455a      	cmp	r2, fp
10000bb6:	d1e6      	bne.n	10000b86 <best_effort_wfe_or_timeout+0xca>
10000bb8:	bf20      	wfe
10000bba:	e7e4      	b.n	10000b86 <best_effort_wfe_or_timeout+0xca>
10000bbc:	40054000 	.word	0x40054000
10000bc0:	200001bc 	.word	0x200001bc
10000bc4:	100007a1 	.word	0x100007a1

10000bc8 <timer_hardware_alarm_claim>:
10000bc8:	b510      	push	{r4, lr}
10000bca:	4a02      	ldr	r2, [pc, #8]	@ (10000bd4 <timer_hardware_alarm_claim+0xc>)
10000bcc:	4802      	ldr	r0, [pc, #8]	@ (10000bd8 <timer_hardware_alarm_claim+0x10>)
10000bce:	f7ff fbab 	bl	10000328 <hw_claim_or_assert>
10000bd2:	bd10      	pop	{r4, pc}
10000bd4:	10002a38 	.word	0x10002a38
10000bd8:	20000810 	.word	0x20000810

10000bdc <timer_time_us_64>:
10000bdc:	0003      	movs	r3, r0
10000bde:	6a41      	ldr	r1, [r0, #36]	@ 0x24
10000be0:	000a      	movs	r2, r1
10000be2:	6a98      	ldr	r0, [r3, #40]	@ 0x28
10000be4:	6a59      	ldr	r1, [r3, #36]	@ 0x24
10000be6:	428a      	cmp	r2, r1
10000be8:	d1fa      	bne.n	10000be0 <timer_time_us_64+0x4>
10000bea:	4770      	bx	lr

10000bec <time_us_64>:
10000bec:	4b03      	ldr	r3, [pc, #12]	@ (10000bfc <time_us_64+0x10>)
10000bee:	6a59      	ldr	r1, [r3, #36]	@ 0x24
10000bf0:	000a      	movs	r2, r1
10000bf2:	6a98      	ldr	r0, [r3, #40]	@ 0x28
10000bf4:	6a59      	ldr	r1, [r3, #36]	@ 0x24
10000bf6:	4291      	cmp	r1, r2
10000bf8:	d1fa      	bne.n	10000bf0 <time_us_64+0x4>
10000bfa:	4770      	bx	lr
10000bfc:	40054000 	.word	0x40054000

10000c00 <busy_wait_until>:
10000c00:	4a06      	ldr	r2, [pc, #24]	@ (10000c1c <busy_wait_until+0x1c>)
10000c02:	6a53      	ldr	r3, [r2, #36]	@ 0x24
10000c04:	4299      	cmp	r1, r3
10000c06:	d8fc      	bhi.n	10000c02 <busy_wait_until+0x2>
10000c08:	d107      	bne.n	10000c1a <busy_wait_until+0x1a>
10000c0a:	4b04      	ldr	r3, [pc, #16]	@ (10000c1c <busy_wait_until+0x1c>)
10000c0c:	e002      	b.n	10000c14 <busy_wait_until+0x14>
10000c0e:	6a5a      	ldr	r2, [r3, #36]	@ 0x24
10000c10:	4291      	cmp	r1, r2
10000c12:	d102      	bne.n	10000c1a <busy_wait_until+0x1a>
10000c14:	6a9a      	ldr	r2, [r3, #40]	@ 0x28
10000c16:	4290      	cmp	r0, r2
10000c18:	d8f9      	bhi.n	10000c0e <busy_wait_until+0xe>
10000c1a:	4770      	bx	lr
10000c1c:	40054000 	.word	0x40054000

10000c20 <clock_configure_int_divider>:
10000c20:	b5f8      	push	{r3, r4, r5, r6, r7, lr}
10000c22:	46de      	mov	lr, fp
10000c24:	464e      	mov	r6, r9
10000c26:	4657      	mov	r7, sl
10000c28:	4645      	mov	r5, r8
10000c2a:	b5e0      	push	{r5, r6, r7, lr}
10000c2c:	468b      	mov	fp, r1
10000c2e:	0005      	movs	r5, r0
10000c30:	990a      	ldr	r1, [sp, #40]	@ 0x28
10000c32:	0018      	movs	r0, r3
10000c34:	0016      	movs	r6, r2
10000c36:	f000 fab3 	bl	100011a0 <__wrap___aeabi_uidiv>
10000c3a:	9b0a      	ldr	r3, [sp, #40]	@ 0x28
10000c3c:	006c      	lsls	r4, r5, #1
10000c3e:	021f      	lsls	r7, r3, #8
10000c40:	4b32      	ldr	r3, [pc, #200]	@ (10000d0c <clock_configure_int_divider+0xec>)
10000c42:	1964      	adds	r4, r4, r5
10000c44:	469c      	mov	ip, r3
10000c46:	00a4      	lsls	r4, r4, #2
10000c48:	4464      	add	r4, ip
10000c4a:	6863      	ldr	r3, [r4, #4]
10000c4c:	4681      	mov	r9, r0
10000c4e:	429f      	cmp	r7, r3
10000c50:	d900      	bls.n	10000c54 <clock_configure_int_divider+0x34>
10000c52:	6067      	str	r7, [r4, #4]
10000c54:	1f2b      	subs	r3, r5, #4
10000c56:	b2db      	uxtb	r3, r3
10000c58:	4698      	mov	r8, r3
10000c5a:	2b01      	cmp	r3, #1
10000c5c:	d930      	bls.n	10000cc0 <clock_configure_int_divider+0xa0>
10000c5e:	23c0      	movs	r3, #192	@ 0xc0
10000c60:	2280      	movs	r2, #128	@ 0x80
10000c62:	019b      	lsls	r3, r3, #6
10000c64:	18e3      	adds	r3, r4, r3
10000c66:	0112      	lsls	r2, r2, #4
10000c68:	601a      	str	r2, [r3, #0]
10000c6a:	4b29      	ldr	r3, [pc, #164]	@ (10000d10 <clock_configure_int_divider+0xf0>)
10000c6c:	00ad      	lsls	r5, r5, #2
10000c6e:	5959      	ldr	r1, [r3, r5]
10000c70:	469a      	mov	sl, r3
10000c72:	2900      	cmp	r1, #0
10000c74:	d11b      	bne.n	10000cae <clock_configure_int_divider+0x8e>
10000c76:	0173      	lsls	r3, r6, #5
10000c78:	26e0      	movs	r6, #224	@ 0xe0
10000c7a:	6822      	ldr	r2, [r4, #0]
10000c7c:	4053      	eors	r3, r2
10000c7e:	401e      	ands	r6, r3
10000c80:	2380      	movs	r3, #128	@ 0x80
10000c82:	4642      	mov	r2, r8
10000c84:	015b      	lsls	r3, r3, #5
10000c86:	18e3      	adds	r3, r4, r3
10000c88:	601e      	str	r6, [r3, #0]
10000c8a:	2a01      	cmp	r2, #1
10000c8c:	d930      	bls.n	10000cf0 <clock_configure_int_divider+0xd0>
10000c8e:	2380      	movs	r3, #128	@ 0x80
10000c90:	2280      	movs	r2, #128	@ 0x80
10000c92:	019b      	lsls	r3, r3, #6
10000c94:	18e3      	adds	r3, r4, r3
10000c96:	0112      	lsls	r2, r2, #4
10000c98:	601a      	str	r2, [r3, #0]
10000c9a:	4653      	mov	r3, sl
10000c9c:	464a      	mov	r2, r9
10000c9e:	6067      	str	r7, [r4, #4]
10000ca0:	515a      	str	r2, [r3, r5]
10000ca2:	bcf0      	pop	{r4, r5, r6, r7}
10000ca4:	46bb      	mov	fp, r7
10000ca6:	46b2      	mov	sl, r6
10000ca8:	46a9      	mov	r9, r5
10000caa:	46a0      	mov	r8, r4
10000cac:	bdf8      	pop	{r3, r4, r5, r6, r7, pc}
10000cae:	6958      	ldr	r0, [r3, #20]
10000cb0:	f000 fa76 	bl	100011a0 <__wrap___aeabi_uidiv>
10000cb4:	3001      	adds	r0, #1
10000cb6:	0043      	lsls	r3, r0, #1
10000cb8:	181b      	adds	r3, r3, r0
10000cba:	3b03      	subs	r3, #3
10000cbc:	d2fd      	bcs.n	10000cba <clock_configure_int_divider+0x9a>
10000cbe:	e7da      	b.n	10000c76 <clock_configure_int_divider+0x56>
10000cc0:	465b      	mov	r3, fp
10000cc2:	2b01      	cmp	r3, #1
10000cc4:	d1cb      	bne.n	10000c5e <clock_configure_int_divider+0x3e>
10000cc6:	23c0      	movs	r3, #192	@ 0xc0
10000cc8:	2203      	movs	r2, #3
10000cca:	019b      	lsls	r3, r3, #6
10000ccc:	18e3      	adds	r3, r4, r3
10000cce:	601a      	str	r2, [r3, #0]
10000cd0:	3a02      	subs	r2, #2
10000cd2:	68a3      	ldr	r3, [r4, #8]
10000cd4:	421a      	tst	r2, r3
10000cd6:	d0fc      	beq.n	10000cd2 <clock_configure_int_divider+0xb2>
10000cd8:	0173      	lsls	r3, r6, #5
10000cda:	26e0      	movs	r6, #224	@ 0xe0
10000cdc:	6822      	ldr	r2, [r4, #0]
10000cde:	00ad      	lsls	r5, r5, #2
10000ce0:	4053      	eors	r3, r2
10000ce2:	401e      	ands	r6, r3
10000ce4:	2380      	movs	r3, #128	@ 0x80
10000ce6:	4a0a      	ldr	r2, [pc, #40]	@ (10000d10 <clock_configure_int_divider+0xf0>)
10000ce8:	015b      	lsls	r3, r3, #5
10000cea:	4692      	mov	sl, r2
10000cec:	18e3      	adds	r3, r4, r3
10000cee:	601e      	str	r6, [r3, #0]
10000cf0:	465a      	mov	r2, fp
10000cf2:	6821      	ldr	r1, [r4, #0]
10000cf4:	4051      	eors	r1, r2
10000cf6:	2203      	movs	r2, #3
10000cf8:	400a      	ands	r2, r1
10000cfa:	601a      	str	r2, [r3, #0]
10000cfc:	2201      	movs	r2, #1
10000cfe:	465b      	mov	r3, fp
10000d00:	409a      	lsls	r2, r3
10000d02:	68a3      	ldr	r3, [r4, #8]
10000d04:	421a      	tst	r2, r3
10000d06:	d0fc      	beq.n	10000d02 <clock_configure_int_divider+0xe2>
10000d08:	e7c1      	b.n	10000c8e <clock_configure_int_divider+0x6e>
10000d0a:	46c0      	nop			@ (mov r8, r8)
10000d0c:	40008000 	.word	0x40008000
10000d10:	20000814 	.word	0x20000814

10000d14 <clock_configure_undivided>:
10000d14:	b5f0      	push	{r4, r5, r6, r7, lr}
10000d16:	4646      	mov	r6, r8
10000d18:	464f      	mov	r7, r9
10000d1a:	46d6      	mov	lr, sl
10000d1c:	b5c0      	push	{r6, r7, lr}
10000d1e:	001f      	movs	r7, r3
10000d20:	4b34      	ldr	r3, [pc, #208]	@ (10000df4 <clock_configure_undivided+0xe0>)
10000d22:	0044      	lsls	r4, r0, #1
10000d24:	469c      	mov	ip, r3
10000d26:	1824      	adds	r4, r4, r0
10000d28:	00a4      	lsls	r4, r4, #2
10000d2a:	4464      	add	r4, ip
10000d2c:	6863      	ldr	r3, [r4, #4]
10000d2e:	4688      	mov	r8, r1
10000d30:	0016      	movs	r6, r2
10000d32:	2bff      	cmp	r3, #255	@ 0xff
10000d34:	d802      	bhi.n	10000d3c <clock_configure_undivided+0x28>
10000d36:	2380      	movs	r3, #128	@ 0x80
10000d38:	005b      	lsls	r3, r3, #1
10000d3a:	6063      	str	r3, [r4, #4]
10000d3c:	1f03      	subs	r3, r0, #4
10000d3e:	b2db      	uxtb	r3, r3
10000d40:	469a      	mov	sl, r3
10000d42:	2b01      	cmp	r3, #1
10000d44:	d930      	bls.n	10000da8 <clock_configure_undivided+0x94>
10000d46:	23c0      	movs	r3, #192	@ 0xc0
10000d48:	2280      	movs	r2, #128	@ 0x80
10000d4a:	019b      	lsls	r3, r3, #6
10000d4c:	18e3      	adds	r3, r4, r3
10000d4e:	0112      	lsls	r2, r2, #4
10000d50:	601a      	str	r2, [r3, #0]
10000d52:	4b29      	ldr	r3, [pc, #164]	@ (10000df8 <clock_configure_undivided+0xe4>)
10000d54:	0085      	lsls	r5, r0, #2
10000d56:	5959      	ldr	r1, [r3, r5]
10000d58:	4699      	mov	r9, r3
10000d5a:	2900      	cmp	r1, #0
10000d5c:	d11b      	bne.n	10000d96 <clock_configure_undivided+0x82>
10000d5e:	0173      	lsls	r3, r6, #5
10000d60:	26e0      	movs	r6, #224	@ 0xe0
10000d62:	6822      	ldr	r2, [r4, #0]
10000d64:	4053      	eors	r3, r2
10000d66:	401e      	ands	r6, r3
10000d68:	2380      	movs	r3, #128	@ 0x80
10000d6a:	4652      	mov	r2, sl
10000d6c:	015b      	lsls	r3, r3, #5
10000d6e:	18e3      	adds	r3, r4, r3
10000d70:	601e      	str	r6, [r3, #0]
10000d72:	2a01      	cmp	r2, #1
10000d74:	d930      	bls.n	10000dd8 <clock_configure_undivided+0xc4>
10000d76:	2380      	movs	r3, #128	@ 0x80
10000d78:	2280      	movs	r2, #128	@ 0x80
10000d7a:	019b      	lsls	r3, r3, #6
10000d7c:	18e3      	adds	r3, r4, r3
10000d7e:	0112      	lsls	r2, r2, #4
10000d80:	601a      	str	r2, [r3, #0]
10000d82:	2380      	movs	r3, #128	@ 0x80
10000d84:	005b      	lsls	r3, r3, #1
10000d86:	6063      	str	r3, [r4, #4]
10000d88:	464b      	mov	r3, r9
10000d8a:	515f      	str	r7, [r3, r5]
10000d8c:	bce0      	pop	{r5, r6, r7}
10000d8e:	46ba      	mov	sl, r7
10000d90:	46b1      	mov	r9, r6
10000d92:	46a8      	mov	r8, r5
10000d94:	bdf0      	pop	{r4, r5, r6, r7, pc}
10000d96:	6958      	ldr	r0, [r3, #20]
10000d98:	f000 fa02 	bl	100011a0 <__wrap___aeabi_uidiv>
10000d9c:	3001      	adds	r0, #1
10000d9e:	0043      	lsls	r3, r0, #1
10000da0:	181b      	adds	r3, r3, r0
10000da2:	3b03      	subs	r3, #3
10000da4:	d2fd      	bcs.n	10000da2 <clock_configure_undivided+0x8e>
10000da6:	e7da      	b.n	10000d5e <clock_configure_undivided+0x4a>
10000da8:	4643      	mov	r3, r8
10000daa:	2b01      	cmp	r3, #1
10000dac:	d1cb      	bne.n	10000d46 <clock_configure_undivided+0x32>
10000dae:	23c0      	movs	r3, #192	@ 0xc0
10000db0:	2203      	movs	r2, #3
10000db2:	019b      	lsls	r3, r3, #6
10000db4:	18e3      	adds	r3, r4, r3
10000db6:	601a      	str	r2, [r3, #0]
10000db8:	3a02      	subs	r2, #2
10000dba:	68a3      	ldr	r3, [r4, #8]
10000dbc:	421a      	tst	r2, r3
10000dbe:	d0fc      	beq.n	10000dba <clock_configure_undivided+0xa6>
10000dc0:	0173      	lsls	r3, r6, #5
10000dc2:	26e0      	movs	r6, #224	@ 0xe0
10000dc4:	6822      	ldr	r2, [r4, #0]
10000dc6:	0085      	lsls	r5, r0, #2
10000dc8:	4053      	eors	r3, r2
10000dca:	401e      	ands	r6, r3
10000dcc:	2380      	movs	r3, #128	@ 0x80
10000dce:	4a0a      	ldr	r2, [pc, #40]	@ (10000df8 <clock_configure_undivided+0xe4>)
10000dd0:	015b      	lsls	r3, r3, #5
10000dd2:	4691      	mov	r9, r2
10000dd4:	18e3      	adds	r3, r4, r3
10000dd6:	601e      	str	r6, [r3, #0]
10000dd8:	4642      	mov	r2, r8
10000dda:	6821      	ldr	r1, [r4, #0]
10000ddc:	4051      	eors	r1, r2
10000dde:	2203      	movs	r2, #3
10000de0:	400a      	ands	r2, r1
10000de2:	601a      	str	r2, [r3, #0]
10000de4:	2301      	movs	r3, #1
10000de6:	4642      	mov	r2, r8
10000de8:	4093      	lsls	r3, r2
10000dea:	68a2      	ldr	r2, [r4, #8]
10000dec:	4213      	tst	r3, r2
10000dee:	d0fc      	beq.n	10000dea <clock_configure_undivided+0xd6>
10000df0:	e7c1      	b.n	10000d76 <clock_configure_undivided+0x62>
10000df2:	46c0      	nop			@ (mov r8, r8)
10000df4:	40008000 	.word	0x40008000
10000df8:	20000814 	.word	0x20000814

10000dfc <clock_get_hz>:
10000dfc:	4b01      	ldr	r3, [pc, #4]	@ (10000e04 <clock_get_hz+0x8>)
10000dfe:	0080      	lsls	r0, r0, #2
10000e00:	58c0      	ldr	r0, [r0, r3]
10000e02:	4770      	bx	lr
10000e04:	20000814 	.word	0x20000814

10000e08 <pll_init>:
10000e08:	b5f8      	push	{r3, r4, r5, r6, r7, lr}
10000e0a:	0004      	movs	r4, r0
10000e0c:	4821      	ldr	r0, [pc, #132]	@ (10000e94 <pll_init+0x8c>)
10000e0e:	001e      	movs	r6, r3
10000e10:	0017      	movs	r7, r2
10000e12:	000d      	movs	r5, r1
10000e14:	f000 f9c4 	bl	100011a0 <__wrap___aeabi_uidiv>
10000e18:	0001      	movs	r1, r0
10000e1a:	0038      	movs	r0, r7
10000e1c:	f000 f9c0 	bl	100011a0 <__wrap___aeabi_uidiv>
10000e20:	9b06      	ldr	r3, [sp, #24]
10000e22:	0436      	lsls	r6, r6, #16
10000e24:	031b      	lsls	r3, r3, #12
10000e26:	431e      	orrs	r6, r3
10000e28:	6823      	ldr	r3, [r4, #0]
10000e2a:	2b00      	cmp	r3, #0
10000e2c:	db20      	blt.n	10000e70 <pll_init+0x68>
10000e2e:	4b1a      	ldr	r3, [pc, #104]	@ (10000e98 <pll_init+0x90>)
10000e30:	491a      	ldr	r1, [pc, #104]	@ (10000e9c <pll_init+0x94>)
10000e32:	18e3      	adds	r3, r4, r3
10000e34:	1e5a      	subs	r2, r3, #1
10000e36:	4193      	sbcs	r3, r2
10000e38:	2280      	movs	r2, #128	@ 0x80
10000e3a:	0192      	lsls	r2, r2, #6
10000e3c:	4694      	mov	ip, r2
10000e3e:	425b      	negs	r3, r3
10000e40:	0b1b      	lsrs	r3, r3, #12
10000e42:	4a17      	ldr	r2, [pc, #92]	@ (10000ea0 <pll_init+0x98>)
10000e44:	031b      	lsls	r3, r3, #12
10000e46:	4463      	add	r3, ip
10000e48:	6013      	str	r3, [r2, #0]
10000e4a:	4a16      	ldr	r2, [pc, #88]	@ (10000ea4 <pll_init+0x9c>)
10000e4c:	6013      	str	r3, [r2, #0]
10000e4e:	001f      	movs	r7, r3
10000e50:	680a      	ldr	r2, [r1, #0]
10000e52:	4397      	bics	r7, r2
10000e54:	d1fb      	bne.n	10000e4e <pll_init+0x46>
10000e56:	4b14      	ldr	r3, [pc, #80]	@ (10000ea8 <pll_init+0xa0>)
10000e58:	6025      	str	r5, [r4, #0]
10000e5a:	18e2      	adds	r2, r4, r3
10000e5c:	2321      	movs	r3, #33	@ 0x21
10000e5e:	60a0      	str	r0, [r4, #8]
10000e60:	6013      	str	r3, [r2, #0]
10000e62:	6823      	ldr	r3, [r4, #0]
10000e64:	2b00      	cmp	r3, #0
10000e66:	dafc      	bge.n	10000e62 <pll_init+0x5a>
10000e68:	2308      	movs	r3, #8
10000e6a:	60e6      	str	r6, [r4, #12]
10000e6c:	6013      	str	r3, [r2, #0]
10000e6e:	bdf8      	pop	{r3, r4, r5, r6, r7, pc}
10000e70:	233f      	movs	r3, #63	@ 0x3f
10000e72:	6822      	ldr	r2, [r4, #0]
10000e74:	4013      	ands	r3, r2
10000e76:	42ab      	cmp	r3, r5
10000e78:	d1d9      	bne.n	10000e2e <pll_init+0x26>
10000e7a:	68a3      	ldr	r3, [r4, #8]
10000e7c:	051b      	lsls	r3, r3, #20
10000e7e:	0d1b      	lsrs	r3, r3, #20
10000e80:	4283      	cmp	r3, r0
10000e82:	d1d4      	bne.n	10000e2e <pll_init+0x26>
10000e84:	22ee      	movs	r2, #238	@ 0xee
10000e86:	68e3      	ldr	r3, [r4, #12]
10000e88:	02d2      	lsls	r2, r2, #11
10000e8a:	4013      	ands	r3, r2
10000e8c:	42b3      	cmp	r3, r6
10000e8e:	d1ce      	bne.n	10000e2e <pll_init+0x26>
10000e90:	e7ed      	b.n	10000e6e <pll_init+0x66>
10000e92:	46c0      	nop			@ (mov r8, r8)
10000e94:	00b71b00 	.word	0x00b71b00
10000e98:	bffd4000 	.word	0xbffd4000
10000e9c:	4000c008 	.word	0x4000c008
10000ea0:	4000e000 	.word	0x4000e000
10000ea4:	4000f000 	.word	0x4000f000
10000ea8:	00003004 	.word	0x00003004

10000eac <tick_start>:
10000eac:	2380      	movs	r3, #128	@ 0x80
10000eae:	4a02      	ldr	r2, [pc, #8]	@ (10000eb8 <tick_start+0xc>)
10000eb0:	009b      	lsls	r3, r3, #2
10000eb2:	430b      	orrs	r3, r1
10000eb4:	62d3      	str	r3, [r2, #44]	@ 0x2c
10000eb6:	4770      	bx	lr
10000eb8:	40058000 	.word	0x40058000

10000ebc <rom_func_lookup>:
10000ebc:	2300      	movs	r3, #0
10000ebe:	b510      	push	{r4, lr}
10000ec0:	0001      	movs	r1, r0
10000ec2:	8a98      	ldrh	r0, [r3, #20]
10000ec4:	8b1b      	ldrh	r3, [r3, #24]
10000ec6:	4798      	blx	r3
10000ec8:	bd10      	pop	{r4, pc}
10000eca:	46c0      	nop			@ (mov r8, r8)

10000ecc <rom_data_lookup>:
10000ecc:	2316      	movs	r3, #22
10000ece:	b510      	push	{r4, lr}
10000ed0:	0001      	movs	r1, r0
10000ed2:	8818      	ldrh	r0, [r3, #0]
10000ed4:	3302      	adds	r3, #2
10000ed6:	881b      	ldrh	r3, [r3, #0]
10000ed8:	4798      	blx	r3
10000eda:	bd10      	pop	{r4, pc}

10000edc <rom_funcs_lookup>:
10000edc:	b5f8      	push	{r3, r4, r5, r6, r7, lr}
10000ede:	4647      	mov	r7, r8
10000ee0:	46ce      	mov	lr, r9
10000ee2:	b580      	push	{r7, lr}
10000ee4:	1e0f      	subs	r7, r1, #0
10000ee6:	d018      	beq.n	10000f1a <rom_funcs_lookup+0x3e>
10000ee8:	2314      	movs	r3, #20
10000eea:	4699      	mov	r9, r3
10000eec:	3304      	adds	r3, #4
10000eee:	0004      	movs	r4, r0
10000ef0:	2500      	movs	r5, #0
10000ef2:	2601      	movs	r6, #1
10000ef4:	4698      	mov	r8, r3
10000ef6:	464b      	mov	r3, r9
10000ef8:	8818      	ldrh	r0, [r3, #0]
10000efa:	4643      	mov	r3, r8
10000efc:	6821      	ldr	r1, [r4, #0]
10000efe:	881b      	ldrh	r3, [r3, #0]
10000f00:	4798      	blx	r3
10000f02:	c401      	stmia	r4!, {r0}
10000f04:	1e43      	subs	r3, r0, #1
10000f06:	4198      	sbcs	r0, r3
10000f08:	3501      	adds	r5, #1
10000f0a:	4006      	ands	r6, r0
10000f0c:	42af      	cmp	r7, r5
10000f0e:	d1f2      	bne.n	10000ef6 <rom_funcs_lookup+0x1a>
10000f10:	0030      	movs	r0, r6
10000f12:	bcc0      	pop	{r6, r7}
10000f14:	46b9      	mov	r9, r7
10000f16:	46b0      	mov	r8, r6
10000f18:	bdf8      	pop	{r3, r4, r5, r6, r7, pc}
10000f1a:	2601      	movs	r6, #1
10000f1c:	e7f8      	b.n	10000f10 <rom_funcs_lookup+0x34>
10000f1e:	46c0      	nop			@ (mov r8, r8)

10000f20 <xosc_init>:
10000f20:	23aa      	movs	r3, #170	@ 0xaa
10000f22:	4a06      	ldr	r2, [pc, #24]	@ (10000f3c <xosc_init+0x1c>)
10000f24:	011b      	lsls	r3, r3, #4
10000f26:	6013      	str	r3, [r2, #0]
10000f28:	238d      	movs	r3, #141	@ 0x8d
10000f2a:	005b      	lsls	r3, r3, #1
10000f2c:	60d3      	str	r3, [r2, #12]
10000f2e:	4904      	ldr	r1, [pc, #16]	@ (10000f40 <xosc_init+0x20>)
10000f30:	4b04      	ldr	r3, [pc, #16]	@ (10000f44 <xosc_init+0x24>)
10000f32:	6019      	str	r1, [r3, #0]
10000f34:	6853      	ldr	r3, [r2, #4]
10000f36:	2b00      	cmp	r3, #0
10000f38:	dafc      	bge.n	10000f34 <xosc_init+0x14>
10000f3a:	4770      	bx	lr
10000f3c:	40024000 	.word	0x40024000
10000f40:	00fab000 	.word	0x00fab000
10000f44:	40026000 	.word	0x40026000

10000f48 <first_per_core_initializer>:
10000f48:	4770      	bx	lr
10000f4a:	46c0      	nop			@ (mov r8, r8)

10000f4c <hard_assertion_failure>:
10000f4c:	b510      	push	{r4, lr}
10000f4e:	4801      	ldr	r0, [pc, #4]	@ (10000f54 <hard_assertion_failure+0x8>)
10000f50:	f7ff f9d2 	bl	100002f8 <panic>
10000f54:	10002a5c 	.word	0x10002a5c

10000f58 <runtime_run_initializers>:
10000f58:	b570      	push	{r4, r5, r6, lr}
10000f5a:	4d07      	ldr	r5, [pc, #28]	@ (10000f78 <runtime_run_initializers+0x20>)
10000f5c:	4e07      	ldr	r6, [pc, #28]	@ (10000f7c <runtime_run_initializers+0x24>)
10000f5e:	42b5      	cmp	r5, r6
10000f60:	d209      	bcs.n	10000f76 <runtime_run_initializers+0x1e>
10000f62:	2400      	movs	r4, #0
10000f64:	3e01      	subs	r6, #1
10000f66:	1b76      	subs	r6, r6, r5
10000f68:	08b6      	lsrs	r6, r6, #2
10000f6a:	cd08      	ldmia	r5!, {r3}
10000f6c:	4798      	blx	r3
10000f6e:	0023      	movs	r3, r4
10000f70:	3401      	adds	r4, #1
10000f72:	42b3      	cmp	r3, r6
10000f74:	d1f9      	bne.n	10000f6a <runtime_run_initializers+0x12>
10000f76:	bd70      	pop	{r4, r5, r6, pc}
10000f78:	100029d8 	.word	0x100029d8
10000f7c:	10002a14 	.word	0x10002a14

10000f80 <runtime_init_early_resets>:
10000f80:	4b05      	ldr	r3, [pc, #20]	@ (10000f98 <runtime_init_early_resets+0x18>)
10000f82:	4a06      	ldr	r2, [pc, #24]	@ (10000f9c <runtime_init_early_resets+0x1c>)
10000f84:	4906      	ldr	r1, [pc, #24]	@ (10000fa0 <runtime_init_early_resets+0x20>)
10000f86:	601a      	str	r2, [r3, #0]
10000f88:	4a06      	ldr	r2, [pc, #24]	@ (10000fa4 <runtime_init_early_resets+0x24>)
10000f8a:	4b07      	ldr	r3, [pc, #28]	@ (10000fa8 <runtime_init_early_resets+0x28>)
10000f8c:	601a      	str	r2, [r3, #0]
10000f8e:	0010      	movs	r0, r2
10000f90:	680b      	ldr	r3, [r1, #0]
10000f92:	4398      	bics	r0, r3
10000f94:	d1fb      	bne.n	10000f8e <runtime_init_early_resets+0xe>
10000f96:	4770      	bx	lr
10000f98:	4000e000 	.word	0x4000e000
10000f9c:	fefbcdbf 	.word	0xfefbcdbf
10000fa0:	4000c008 	.word	0x4000c008
10000fa4:	003c7ffe 	.word	0x003c7ffe
10000fa8:	4000f000 	.word	0x4000f000

10000fac <runtime_init_usb_power_down>:
10000fac:	4b04      	ldr	r3, [pc, #16]	@ (10000fc0 <runtime_init_usb_power_down+0x14>)
10000fae:	6cdb      	ldr	r3, [r3, #76]	@ 0x4c
10000fb0:	2b00      	cmp	r3, #0
10000fb2:	d103      	bne.n	10000fbc <runtime_init_usb_power_down+0x10>
10000fb4:	2280      	movs	r2, #128	@ 0x80
10000fb6:	4b03      	ldr	r3, [pc, #12]	@ (10000fc4 <runtime_init_usb_power_down+0x18>)
10000fb8:	02d2      	lsls	r2, r2, #11
10000fba:	601a      	str	r2, [r3, #0]
10000fbc:	4770      	bx	lr
10000fbe:	46c0      	nop			@ (mov r8, r8)
10000fc0:	50110000 	.word	0x50110000
10000fc4:	5011204c 	.word	0x5011204c

10000fc8 <runtime_init_post_clock_resets>:
10000fc8:	4a04      	ldr	r2, [pc, #16]	@ (10000fdc <runtime_init_post_clock_resets+0x14>)
10000fca:	4b05      	ldr	r3, [pc, #20]	@ (10000fe0 <runtime_init_post_clock_resets+0x18>)
10000fcc:	601a      	str	r2, [r3, #0]
10000fce:	4a05      	ldr	r2, [pc, #20]	@ (10000fe4 <runtime_init_post_clock_resets+0x1c>)
10000fd0:	6813      	ldr	r3, [r2, #0]
10000fd2:	01db      	lsls	r3, r3, #7
10000fd4:	3380      	adds	r3, #128	@ 0x80
10000fd6:	d1fb      	bne.n	10000fd0 <runtime_init_post_clock_resets+0x8>
10000fd8:	4770      	bx	lr
10000fda:	46c0      	nop			@ (mov r8, r8)
10000fdc:	01ffffff 	.word	0x01ffffff
10000fe0:	4000f000 	.word	0x4000f000
10000fe4:	4000c008 	.word	0x4000c008

10000fe8 <runtime_init_rp2040_gpio_ie_disable>:
10000fe8:	2240      	movs	r2, #64	@ 0x40
10000fea:	4b03      	ldr	r3, [pc, #12]	@ (10000ff8 <runtime_init_rp2040_gpio_ie_disable+0x10>)
10000fec:	679a      	str	r2, [r3, #120]	@ 0x78
10000fee:	675a      	str	r2, [r3, #116]	@ 0x74
10000ff0:	671a      	str	r2, [r3, #112]	@ 0x70
10000ff2:	66da      	str	r2, [r3, #108]	@ 0x6c
10000ff4:	4770      	bx	lr
10000ff6:	46c0      	nop			@ (mov r8, r8)
10000ff8:	4001f000 	.word	0x4001f000

10000ffc <runtime_init_spin_locks_reset>:
10000ffc:	b510      	push	{r4, lr}
10000ffe:	f7ff f9c1 	bl	10000384 <spin_locks_reset>
10001002:	bd10      	pop	{r4, pc}

10001004 <runtime_init_install_ram_vector_table>:
10001004:	b5f8      	push	{r3, r4, r5, r6, r7, lr}
10001006:	4927      	ldr	r1, [pc, #156]	@ (100010a4 <runtime_init_install_ram_vector_table+0xa0>)
10001008:	4c27      	ldr	r4, [pc, #156]	@ (100010a8 <runtime_init_install_ram_vector_table+0xa4>)
1000100a:	4d28      	ldr	r5, [pc, #160]	@ (100010ac <runtime_init_install_ram_vector_table+0xa8>)
1000100c:	1a64      	subs	r4, r4, r1
1000100e:	10a6      	asrs	r6, r4, #2
10001010:	0032      	movs	r2, r6
10001012:	2e30      	cmp	r6, #48	@ 0x30
10001014:	d900      	bls.n	10001018 <runtime_init_install_ram_vector_table+0x14>
10001016:	2230      	movs	r2, #48	@ 0x30
10001018:	0028      	movs	r0, r5
1000101a:	0092      	lsls	r2, r2, #2
1000101c:	f000 fbca 	bl	100017b4 <__wrap___aeabi_memcpy>
10001020:	2cbc      	cmp	r4, #188	@ 0xbc
10001022:	d83b      	bhi.n	1000109c <runtime_init_install_ram_vector_table+0x98>
10001024:	2030      	movs	r0, #48	@ 0x30
10001026:	232f      	movs	r3, #47	@ 0x2f
10001028:	192c      	adds	r4, r5, r4
1000102a:	0764      	lsls	r4, r4, #29
1000102c:	4a20      	ldr	r2, [pc, #128]	@ (100010b0 <runtime_init_install_ram_vector_table+0xac>)
1000102e:	1b80      	subs	r0, r0, r6
10001030:	0fe4      	lsrs	r4, r4, #31
10001032:	1b9b      	subs	r3, r3, r6
10001034:	2b05      	cmp	r3, #5
10001036:	d916      	bls.n	10001066 <runtime_init_install_ram_vector_table+0x62>
10001038:	0037      	movs	r7, r6
1000103a:	2c00      	cmp	r4, #0
1000103c:	d002      	beq.n	10001044 <runtime_init_install_ram_vector_table+0x40>
1000103e:	00b3      	lsls	r3, r6, #2
10001040:	1c77      	adds	r7, r6, #1
10001042:	50ea      	str	r2, [r5, r3]
10001044:	1b00      	subs	r0, r0, r4
10001046:	1933      	adds	r3, r6, r4
10001048:	009b      	lsls	r3, r3, #2
1000104a:	0841      	lsrs	r1, r0, #1
1000104c:	18eb      	adds	r3, r5, r3
1000104e:	00c9      	lsls	r1, r1, #3
10001050:	18c9      	adds	r1, r1, r3
10001052:	601a      	str	r2, [r3, #0]
10001054:	605a      	str	r2, [r3, #4]
10001056:	3308      	adds	r3, #8
10001058:	4299      	cmp	r1, r3
1000105a:	d1fa      	bne.n	10001052 <runtime_init_install_ram_vector_table+0x4e>
1000105c:	2301      	movs	r3, #1
1000105e:	4203      	tst	r3, r0
10001060:	d01c      	beq.n	1000109c <runtime_init_install_ram_vector_table+0x98>
10001062:	4398      	bics	r0, r3
10001064:	19c6      	adds	r6, r0, r7
10001066:	00b3      	lsls	r3, r6, #2
10001068:	50ea      	str	r2, [r5, r3]
1000106a:	1c73      	adds	r3, r6, #1
1000106c:	2e2f      	cmp	r6, #47	@ 0x2f
1000106e:	d015      	beq.n	1000109c <runtime_init_install_ram_vector_table+0x98>
10001070:	009b      	lsls	r3, r3, #2
10001072:	50ea      	str	r2, [r5, r3]
10001074:	1cb3      	adds	r3, r6, #2
10001076:	2e2e      	cmp	r6, #46	@ 0x2e
10001078:	d010      	beq.n	1000109c <runtime_init_install_ram_vector_table+0x98>
1000107a:	009b      	lsls	r3, r3, #2
1000107c:	50ea      	str	r2, [r5, r3]
1000107e:	1cf3      	adds	r3, r6, #3
10001080:	2e2d      	cmp	r6, #45	@ 0x2d
10001082:	d00b      	beq.n	1000109c <runtime_init_install_ram_vector_table+0x98>
10001084:	009b      	lsls	r3, r3, #2
10001086:	50ea      	str	r2, [r5, r3]
10001088:	1d33      	adds	r3, r6, #4
1000108a:	2e2c      	cmp	r6, #44	@ 0x2c
1000108c:	d006      	beq.n	1000109c <runtime_init_install_ram_vector_table+0x98>
1000108e:	009b      	lsls	r3, r3, #2
10001090:	50ea      	str	r2, [r5, r3]
10001092:	1d73      	adds	r3, r6, #5
10001094:	2e2b      	cmp	r6, #43	@ 0x2b
10001096:	d001      	beq.n	1000109c <runtime_init_install_ram_vector_table+0x98>
10001098:	009b      	lsls	r3, r3, #2
1000109a:	50ea      	str	r2, [r5, r3]
1000109c:	4b05      	ldr	r3, [pc, #20]	@ (100010b4 <runtime_init_install_ram_vector_table+0xb0>)
1000109e:	609d      	str	r5, [r3, #8]
100010a0:	bdf8      	pop	{r3, r4, r5, r6, r7, pc}
100010a2:	46c0      	nop			@ (mov r8, r8)
100010a4:	10000100 	.word	0x10000100
100010a8:	100001c0 	.word	0x100001c0
100010ac:	20000000 	.word	0x20000000
100010b0:	100001c1 	.word	0x100001c1
100010b4:	e000ed00 	.word	0xe000ed00

100010b8 <runtime_init_clocks>:
100010b8:	2300      	movs	r3, #0
100010ba:	b510      	push	{r4, lr}
100010bc:	4c29      	ldr	r4, [pc, #164]	@ (10001164 <runtime_init_clocks+0xac>)
100010be:	b082      	sub	sp, #8
100010c0:	67a3      	str	r3, [r4, #120]	@ 0x78
100010c2:	f7ff ff2d 	bl	10000f20 <xosc_init>
100010c6:	2201      	movs	r2, #1
100010c8:	4b27      	ldr	r3, [pc, #156]	@ (10001168 <runtime_init_clocks+0xb0>)
100010ca:	601a      	str	r2, [r3, #0]
100010cc:	6c63      	ldr	r3, [r4, #68]	@ 0x44
100010ce:	2b01      	cmp	r3, #1
100010d0:	d1fc      	bne.n	100010cc <runtime_init_clocks+0x14>
100010d2:	2203      	movs	r2, #3
100010d4:	4b25      	ldr	r3, [pc, #148]	@ (1000116c <runtime_init_clocks+0xb4>)
100010d6:	601a      	str	r2, [r3, #0]
100010d8:	4a22      	ldr	r2, [pc, #136]	@ (10001164 <runtime_init_clocks+0xac>)
100010da:	6b93      	ldr	r3, [r2, #56]	@ 0x38
100010dc:	2b01      	cmp	r3, #1
100010de:	d1fc      	bne.n	100010da <runtime_init_clocks+0x22>
100010e0:	3301      	adds	r3, #1
100010e2:	9300      	str	r3, [sp, #0]
100010e4:	2101      	movs	r1, #1
100010e6:	4a22      	ldr	r2, [pc, #136]	@ (10001170 <runtime_init_clocks+0xb8>)
100010e8:	4822      	ldr	r0, [pc, #136]	@ (10001174 <runtime_init_clocks+0xbc>)
100010ea:	3304      	adds	r3, #4
100010ec:	f7ff fe8c 	bl	10000e08 <pll_init>
100010f0:	2305      	movs	r3, #5
100010f2:	2101      	movs	r1, #1
100010f4:	9300      	str	r3, [sp, #0]
100010f6:	4a20      	ldr	r2, [pc, #128]	@ (10001178 <runtime_init_clocks+0xc0>)
100010f8:	4820      	ldr	r0, [pc, #128]	@ (1000117c <runtime_init_clocks+0xc4>)
100010fa:	f7ff fe85 	bl	10000e08 <pll_init>
100010fe:	2200      	movs	r2, #0
10001100:	2102      	movs	r1, #2
10001102:	2004      	movs	r0, #4
10001104:	4b1e      	ldr	r3, [pc, #120]	@ (10001180 <runtime_init_clocks+0xc8>)
10001106:	f7ff fe05 	bl	10000d14 <clock_configure_undivided>
1000110a:	2200      	movs	r2, #0
1000110c:	2101      	movs	r1, #1
1000110e:	2005      	movs	r0, #5
10001110:	4b1c      	ldr	r3, [pc, #112]	@ (10001184 <runtime_init_clocks+0xcc>)
10001112:	f7ff fdff 	bl	10000d14 <clock_configure_undivided>
10001116:	2200      	movs	r2, #0
10001118:	2100      	movs	r1, #0
1000111a:	2007      	movs	r0, #7
1000111c:	4b1a      	ldr	r3, [pc, #104]	@ (10001188 <runtime_init_clocks+0xd0>)
1000111e:	f7ff fdf9 	bl	10000d14 <clock_configure_undivided>
10001122:	2200      	movs	r2, #0
10001124:	2100      	movs	r1, #0
10001126:	2008      	movs	r0, #8
10001128:	4b17      	ldr	r3, [pc, #92]	@ (10001188 <runtime_init_clocks+0xd0>)
1000112a:	f7ff fdf3 	bl	10000d14 <clock_configure_undivided>
1000112e:	2380      	movs	r3, #128	@ 0x80
10001130:	00db      	lsls	r3, r3, #3
10001132:	9300      	str	r3, [sp, #0]
10001134:	2200      	movs	r2, #0
10001136:	2100      	movs	r1, #0
10001138:	2009      	movs	r0, #9
1000113a:	4b13      	ldr	r3, [pc, #76]	@ (10001188 <runtime_init_clocks+0xd0>)
1000113c:	f7ff fd70 	bl	10000c20 <clock_configure_int_divider>
10001140:	2200      	movs	r2, #0
10001142:	4b10      	ldr	r3, [pc, #64]	@ (10001184 <runtime_init_clocks+0xcc>)
10001144:	2100      	movs	r1, #0
10001146:	2006      	movs	r0, #6
10001148:	f7ff fde4 	bl	10000d14 <clock_configure_undivided>
1000114c:	2004      	movs	r0, #4
1000114e:	f7ff fe55 	bl	10000dfc <clock_get_hz>
10001152:	490e      	ldr	r1, [pc, #56]	@ (1000118c <runtime_init_clocks+0xd4>)
10001154:	f000 f824 	bl	100011a0 <__wrap___aeabi_uidiv>
10001158:	0001      	movs	r1, r0
1000115a:	2000      	movs	r0, #0
1000115c:	f7ff fea6 	bl	10000eac <tick_start>
10001160:	b002      	add	sp, #8
10001162:	bd10      	pop	{r4, pc}
10001164:	40008000 	.word	0x40008000
10001168:	4000b03c 	.word	0x4000b03c
1000116c:	4000b030 	.word	0x4000b030
10001170:	59682f00 	.word	0x59682f00
10001174:	40028000 	.word	0x40028000
10001178:	47868c00 	.word	0x47868c00
1000117c:	4002c000 	.word	0x4002c000
10001180:	00b71b00 	.word	0x00b71b00
10001184:	07735940 	.word	0x07735940
10001188:	02dc6c00 	.word	0x02dc6c00
1000118c:	000f4240 	.word	0x000f4240

10001190 <__aeabi_bits_init>:
10001190:	4801      	ldr	r0, [pc, #4]	@ (10001198 <__aeabi_bits_init+0x8>)
10001192:	2104      	movs	r1, #4
10001194:	4b01      	ldr	r3, [pc, #4]	@ (1000119c <__aeabi_bits_init+0xc>)
10001196:	4718      	bx	r3
10001198:	200001e0 	.word	0x200001e0
1000119c:	10000edd 	.word	0x10000edd

100011a0 <__wrap___aeabi_uidiv>:
100011a0:	4a11      	ldr	r2, [pc, #68]	@ (100011e8 <divmod_u32u32_savestate+0x18>)
100011a2:	6f93      	ldr	r3, [r2, #120]	@ 0x78
100011a4:	089b      	lsrs	r3, r3, #2
100011a6:	d213      	bcs.n	100011d0 <divmod_u32u32_savestate>

100011a8 <divmod_u32u32_unsafe>:
100011a8:	6610      	str	r0, [r2, #96]	@ 0x60
100011aa:	6651      	str	r1, [r2, #100]	@ 0x64
100011ac:	2900      	cmp	r1, #0
100011ae:	d005      	beq.n	100011bc <divmod_u32u32_unsafe+0x14>
100011b0:	e7ff      	b.n	100011b2 <divmod_u32u32_unsafe+0xa>
100011b2:	e7ff      	b.n	100011b4 <divmod_u32u32_unsafe+0xc>
100011b4:	e7ff      	b.n	100011b6 <divmod_u32u32_unsafe+0xe>
100011b6:	6f51      	ldr	r1, [r2, #116]	@ 0x74
100011b8:	6f10      	ldr	r0, [r2, #112]	@ 0x70
100011ba:	4770      	bx	lr
100011bc:	b504      	push	{r2, lr}
100011be:	2800      	cmp	r0, #0
100011c0:	d001      	beq.n	100011c6 <divmod_u32u32_unsafe+0x1e>
100011c2:	2000      	movs	r0, #0
100011c4:	43c0      	mvns	r0, r0
100011c6:	f001 fbf7 	bl	100029b8 <____aeabi_idiv0_veneer>
100011ca:	2100      	movs	r1, #0
100011cc:	bd04      	pop	{r2, pc}
100011ce:	46c0      	nop			@ (mov r8, r8)

100011d0 <divmod_u32u32_savestate>:
100011d0:	b5f0      	push	{r4, r5, r6, r7, lr}
100011d2:	6e14      	ldr	r4, [r2, #96]	@ 0x60
100011d4:	6e55      	ldr	r5, [r2, #100]	@ 0x64
100011d6:	6f57      	ldr	r7, [r2, #116]	@ 0x74
100011d8:	6f16      	ldr	r6, [r2, #112]	@ 0x70
100011da:	f7ff ffe5 	bl	100011a8 <divmod_u32u32_unsafe>
100011de:	6614      	str	r4, [r2, #96]	@ 0x60
100011e0:	6655      	str	r5, [r2, #100]	@ 0x64
100011e2:	6757      	str	r7, [r2, #116]	@ 0x74
100011e4:	6716      	str	r6, [r2, #112]	@ 0x70
100011e6:	bdf0      	pop	{r4, r5, r6, r7, pc}
100011e8:	d0000000 	.word	0xd0000000

100011ec <__wrap___aeabi_ldivmod>:
100011ec:	4694      	mov	ip, r2
100011ee:	4a4a      	ldr	r2, [pc, #296]	@ (10001318 <udiv0+0x1a>)
100011f0:	6f92      	ldr	r2, [r2, #120]	@ 0x78
100011f2:	0892      	lsrs	r2, r2, #2
100011f4:	4662      	mov	r2, ip
100011f6:	d201      	bcs.n	100011fc <divmod_s64s64_savestate>
100011f8:	e028      	b.n	1000124c <divmod_s64s64_unsafe>
100011fa:	46c0      	nop			@ (mov r8, r8)

100011fc <divmod_s64s64_savestate>:
100011fc:	b5f0      	push	{r4, r5, r6, r7, lr}
100011fe:	4e46      	ldr	r6, [pc, #280]	@ (10001318 <udiv0+0x1a>)
10001200:	6e34      	ldr	r4, [r6, #96]	@ 0x60
10001202:	6e75      	ldr	r5, [r6, #100]	@ 0x64
10001204:	6f77      	ldr	r7, [r6, #116]	@ 0x74
10001206:	6f36      	ldr	r6, [r6, #112]	@ 0x70
10001208:	f000 f820 	bl	1000124c <divmod_s64s64_unsafe>
1000120c:	4694      	mov	ip, r2
1000120e:	4a42      	ldr	r2, [pc, #264]	@ (10001318 <udiv0+0x1a>)
10001210:	6614      	str	r4, [r2, #96]	@ 0x60
10001212:	6655      	str	r5, [r2, #100]	@ 0x64
10001214:	6757      	str	r7, [r2, #116]	@ 0x74
10001216:	6716      	str	r6, [r2, #112]	@ 0x70
10001218:	4662      	mov	r2, ip
1000121a:	bdf0      	pop	{r4, r5, r6, r7, pc}

1000121c <__wrap___aeabi_uldivmod>:
1000121c:	4694      	mov	ip, r2
1000121e:	4a3e      	ldr	r2, [pc, #248]	@ (10001318 <udiv0+0x1a>)
10001220:	6f92      	ldr	r2, [r2, #120]	@ 0x78
10001222:	0892      	lsrs	r2, r2, #2
10001224:	4662      	mov	r2, ip
10001226:	d201      	bcs.n	1000122c <divmod_u64u64_savestate>
10001228:	e054      	b.n	100012d4 <divmod_u64u64_unsafe>
1000122a:	46c0      	nop			@ (mov r8, r8)

1000122c <divmod_u64u64_savestate>:
1000122c:	b5f0      	push	{r4, r5, r6, r7, lr}
1000122e:	4e3a      	ldr	r6, [pc, #232]	@ (10001318 <udiv0+0x1a>)
10001230:	6e34      	ldr	r4, [r6, #96]	@ 0x60
10001232:	6e75      	ldr	r5, [r6, #100]	@ 0x64
10001234:	6f77      	ldr	r7, [r6, #116]	@ 0x74
10001236:	6f36      	ldr	r6, [r6, #112]	@ 0x70
10001238:	f000 f84c 	bl	100012d4 <divmod_u64u64_unsafe>
1000123c:	4694      	mov	ip, r2
1000123e:	4a36      	ldr	r2, [pc, #216]	@ (10001318 <udiv0+0x1a>)
10001240:	6614      	str	r4, [r2, #96]	@ 0x60
10001242:	6655      	str	r5, [r2, #100]	@ 0x64
10001244:	6757      	str	r7, [r2, #116]	@ 0x74
10001246:	6716      	str	r6, [r2, #112]	@ 0x70
10001248:	4662      	mov	r2, ip
1000124a:	bdf0      	pop	{r4, r5, r6, r7, pc}

1000124c <divmod_s64s64_unsafe>:
1000124c:	2b00      	cmp	r3, #0
1000124e:	db24      	blt.n	1000129a <l42_1+0x26>
10001250:	d011      	beq.n	10001276 <l42_1+0x2>
10001252:	2900      	cmp	r1, #0
10001254:	da3e      	bge.n	100012d4 <divmod_u64u64_unsafe>
10001256:	b500      	push	{lr}
10001258:	43c9      	mvns	r1, r1
1000125a:	4240      	negs	r0, r0
1000125c:	d100      	bne.n	10001260 <l40_1>
1000125e:	3101      	adds	r1, #1

10001260 <l40_1>:
10001260:	f000 f838 	bl	100012d4 <divmod_u64u64_unsafe>
10001264:	43c9      	mvns	r1, r1
10001266:	4240      	negs	r0, r0
10001268:	d100      	bne.n	1000126c <l41_1>
1000126a:	3101      	adds	r1, #1

1000126c <l41_1>:
1000126c:	43db      	mvns	r3, r3
1000126e:	4252      	negs	r2, r2
10001270:	d100      	bne.n	10001274 <l42_1>
10001272:	3301      	adds	r3, #1

10001274 <l42_1>:
10001274:	bd00      	pop	{pc}
10001276:	2a00      	cmp	r2, #0
10001278:	d1eb      	bne.n	10001252 <divmod_s64s64_unsafe+0x6>
1000127a:	2800      	cmp	r0, #0
1000127c:	d101      	bne.n	10001282 <l42_1+0xe>
1000127e:	2900      	cmp	r1, #0
10001280:	d005      	beq.n	1000128e <l42_1+0x1a>
10001282:	2000      	movs	r0, #0
10001284:	0fc9      	lsrs	r1, r1, #31
10001286:	07c9      	lsls	r1, r1, #31
10001288:	d101      	bne.n	1000128e <l42_1+0x1a>
1000128a:	43c0      	mvns	r0, r0
1000128c:	0841      	lsrs	r1, r0, #1
1000128e:	b500      	push	{lr}
10001290:	f001 fb8a 	bl	100029a8 <____aeabi_ldiv0_veneer>
10001294:	2200      	movs	r2, #0
10001296:	2300      	movs	r3, #0
10001298:	bd00      	pop	{pc}
1000129a:	b500      	push	{lr}
1000129c:	2900      	cmp	r1, #0
1000129e:	db0a      	blt.n	100012b6 <l44_1+0x2>
100012a0:	43db      	mvns	r3, r3
100012a2:	4252      	negs	r2, r2
100012a4:	d100      	bne.n	100012a8 <l43_1>
100012a6:	3301      	adds	r3, #1

100012a8 <l43_1>:
100012a8:	f000 f814 	bl	100012d4 <divmod_u64u64_unsafe>
100012ac:	43c9      	mvns	r1, r1
100012ae:	4240      	negs	r0, r0
100012b0:	d100      	bne.n	100012b4 <l44_1>
100012b2:	3101      	adds	r1, #1

100012b4 <l44_1>:
100012b4:	bd00      	pop	{pc}
100012b6:	43c9      	mvns	r1, r1
100012b8:	4240      	negs	r0, r0
100012ba:	d100      	bne.n	100012be <l45_1>
100012bc:	3101      	adds	r1, #1

100012be <l45_1>:
100012be:	43db      	mvns	r3, r3
100012c0:	4252      	negs	r2, r2
100012c2:	d100      	bne.n	100012c6 <l46_1>
100012c4:	3301      	adds	r3, #1

100012c6 <l46_1>:
100012c6:	f000 f805 	bl	100012d4 <divmod_u64u64_unsafe>
100012ca:	43db      	mvns	r3, r3
100012cc:	4252      	negs	r2, r2
100012ce:	d100      	bne.n	100012d2 <l47_1>
100012d0:	3301      	adds	r3, #1

100012d2 <l47_1>:
100012d2:	bd00      	pop	{pc}

100012d4 <divmod_u64u64_unsafe>:
100012d4:	2900      	cmp	r1, #0
100012d6:	d123      	bne.n	10001320 <y64>
100012d8:	2b00      	cmp	r3, #0
100012da:	d118      	bne.n	1000130e <udiv0+0x10>
100012dc:	2a00      	cmp	r2, #0
100012de:	d00c      	beq.n	100012fa <divmod_u64u64_unsafe+0x26>
100012e0:	46bc      	mov	ip, r7
100012e2:	4f0d      	ldr	r7, [pc, #52]	@ (10001318 <udiv0+0x1a>)
100012e4:	6638      	str	r0, [r7, #96]	@ 0x60
100012e6:	667a      	str	r2, [r7, #100]	@ 0x64
100012e8:	2100      	movs	r1, #0
100012ea:	2300      	movs	r3, #0
100012ec:	e7ff      	b.n	100012ee <divmod_u64u64_unsafe+0x1a>
100012ee:	e7ff      	b.n	100012f0 <divmod_u64u64_unsafe+0x1c>
100012f0:	e7ff      	b.n	100012f2 <divmod_u64u64_unsafe+0x1e>
100012f2:	6f7a      	ldr	r2, [r7, #116]	@ 0x74
100012f4:	6f38      	ldr	r0, [r7, #112]	@ 0x70
100012f6:	4667      	mov	r7, ip
100012f8:	4770      	bx	lr
100012fa:	2800      	cmp	r0, #0
100012fc:	d001      	beq.n	10001302 <udiv0+0x4>

100012fe <udiv0>:
100012fe:	4807      	ldr	r0, [pc, #28]	@ (1000131c <udiv0+0x1e>)
10001300:	0001      	movs	r1, r0
10001302:	b500      	push	{lr}
10001304:	f001 fb50 	bl	100029a8 <____aeabi_ldiv0_veneer>
10001308:	2200      	movs	r2, #0
1000130a:	2300      	movs	r3, #0
1000130c:	bd00      	pop	{pc}
1000130e:	0002      	movs	r2, r0
10001310:	000b      	movs	r3, r1
10001312:	2000      	movs	r0, #0
10001314:	2100      	movs	r1, #0
10001316:	4770      	bx	lr
10001318:	d0000000 	.word	0xd0000000
1000131c:	ffffffff 	.word	0xffffffff

10001320 <y64>:
10001320:	2b00      	cmp	r3, #0
10001322:	d000      	beq.n	10001326 <y64+0x6>
10001324:	e0bf      	b.n	100014a6 <y64_x48>
10001326:	0c13      	lsrs	r3, r2, #16
10001328:	d128      	bne.n	1000137c <y64_x32>
1000132a:	2a00      	cmp	r2, #0
1000132c:	d0e7      	beq.n	100012fe <udiv0>
1000132e:	b480      	push	{r7}
10001330:	4f11      	ldr	r7, [pc, #68]	@ (10001378 <y64+0x58>)
10001332:	6639      	str	r1, [r7, #96]	@ 0x60
10001334:	667a      	str	r2, [r7, #100]	@ 0x64
10001336:	e7ff      	b.n	10001338 <y64+0x18>
10001338:	e7ff      	b.n	1000133a <y64+0x1a>
1000133a:	b430      	push	{r4, r5}
1000133c:	0c04      	lsrs	r4, r0, #16
1000133e:	6f7b      	ldr	r3, [r7, #116]	@ 0x74
10001340:	6f39      	ldr	r1, [r7, #112]	@ 0x70
10001342:	041b      	lsls	r3, r3, #16
10001344:	4323      	orrs	r3, r4
10001346:	663b      	str	r3, [r7, #96]	@ 0x60
10001348:	667a      	str	r2, [r7, #100]	@ 0x64
1000134a:	e7ff      	b.n	1000134c <y64+0x2c>
1000134c:	e7ff      	b.n	1000134e <y64+0x2e>
1000134e:	e7ff      	b.n	10001350 <y64+0x30>
10001350:	46c0      	nop			@ (mov r8, r8)
10001352:	b284      	uxth	r4, r0
10001354:	6f7b      	ldr	r3, [r7, #116]	@ 0x74
10001356:	6f3d      	ldr	r5, [r7, #112]	@ 0x70
10001358:	041b      	lsls	r3, r3, #16
1000135a:	4323      	orrs	r3, r4
1000135c:	663b      	str	r3, [r7, #96]	@ 0x60
1000135e:	667a      	str	r2, [r7, #100]	@ 0x64
10001360:	e7ff      	b.n	10001362 <y64+0x42>
10001362:	e7ff      	b.n	10001364 <y64+0x44>
10001364:	46c0      	nop			@ (mov r8, r8)
10001366:	2300      	movs	r3, #0
10001368:	042c      	lsls	r4, r5, #16
1000136a:	0c2d      	lsrs	r5, r5, #16
1000136c:	6f7a      	ldr	r2, [r7, #116]	@ 0x74
1000136e:	6f38      	ldr	r0, [r7, #112]	@ 0x70
10001370:	1900      	adds	r0, r0, r4
10001372:	4169      	adcs	r1, r5
10001374:	bcb0      	pop	{r4, r5, r7}
10001376:	4770      	bx	lr
10001378:	d0000000 	.word	0xd0000000

1000137c <y64_x32>:
1000137c:	b5f0      	push	{r4, r5, r6, r7, lr}
1000137e:	4694      	mov	ip, r2
10001380:	2500      	movs	r5, #0
10001382:	0e14      	lsrs	r4, r2, #24
10001384:	d101      	bne.n	1000138a <y64_x32+0xe>
10001386:	0212      	lsls	r2, r2, #8
10001388:	3508      	adds	r5, #8
1000138a:	0f14      	lsrs	r4, r2, #28
1000138c:	d101      	bne.n	10001392 <y64_x32+0x16>
1000138e:	0112      	lsls	r2, r2, #4
10001390:	3504      	adds	r5, #4
10001392:	0f94      	lsrs	r4, r2, #30
10001394:	d101      	bne.n	1000139a <y64_x32+0x1e>
10001396:	0092      	lsls	r2, r2, #2
10001398:	3502      	adds	r5, #2
1000139a:	0fd4      	lsrs	r4, r2, #31
1000139c:	d101      	bne.n	100013a2 <y64_x32+0x26>
1000139e:	0052      	lsls	r2, r2, #1
100013a0:	3501      	adds	r5, #1
100013a2:	0bd4      	lsrs	r4, r2, #15
100013a4:	3401      	adds	r4, #1
100013a6:	4f25      	ldr	r7, [pc, #148]	@ (1000143c <y64_x32+0xc0>)
100013a8:	667c      	str	r4, [r7, #100]	@ 0x64
100013aa:	4c25      	ldr	r4, [pc, #148]	@ (10001440 <y64_x32+0xc4>)
100013ac:	663c      	str	r4, [r7, #96]	@ 0x60
100013ae:	0c0e      	lsrs	r6, r1, #16
100013b0:	b293      	uxth	r3, r2
100013b2:	e7ff      	b.n	100013b4 <y64_x32+0x38>
100013b4:	e7ff      	b.n	100013b6 <y64_x32+0x3a>
100013b6:	e7ff      	b.n	100013b8 <y64_x32+0x3c>
100013b8:	6f3c      	ldr	r4, [r7, #112]	@ 0x70
100013ba:	4366      	muls	r6, r4
100013bc:	0c36      	lsrs	r6, r6, #16
100013be:	0377      	lsls	r7, r6, #13
100013c0:	46be      	mov	lr, r7
100013c2:	4373      	muls	r3, r6
100013c4:	0bdf      	lsrs	r7, r3, #15
100013c6:	045b      	lsls	r3, r3, #17
100013c8:	1ac0      	subs	r0, r0, r3
100013ca:	41b9      	sbcs	r1, r7
100013cc:	0c13      	lsrs	r3, r2, #16
100013ce:	4373      	muls	r3, r6
100013d0:	18db      	adds	r3, r3, r3
100013d2:	1ac9      	subs	r1, r1, r3
100013d4:	08ce      	lsrs	r6, r1, #3
100013d6:	4366      	muls	r6, r4
100013d8:	0c36      	lsrs	r6, r6, #16
100013da:	44b6      	add	lr, r6
100013dc:	b293      	uxth	r3, r2
100013de:	4373      	muls	r3, r6
100013e0:	0f1f      	lsrs	r7, r3, #28
100013e2:	011b      	lsls	r3, r3, #4
100013e4:	1ac0      	subs	r0, r0, r3
100013e6:	41b9      	sbcs	r1, r7
100013e8:	0c13      	lsrs	r3, r2, #16
100013ea:	4373      	muls	r3, r6
100013ec:	0b1f      	lsrs	r7, r3, #12
100013ee:	051b      	lsls	r3, r3, #20
100013f0:	1ac0      	subs	r0, r0, r3
100013f2:	41b9      	sbcs	r1, r7
100013f4:	0d86      	lsrs	r6, r0, #22
100013f6:	028f      	lsls	r7, r1, #10
100013f8:	433e      	orrs	r6, r7
100013fa:	4366      	muls	r6, r4
100013fc:	0c36      	lsrs	r6, r6, #16
100013fe:	2d09      	cmp	r5, #9
10001400:	db24      	blt.n	1000144c <last0>
10001402:	0a52      	lsrs	r2, r2, #9
10001404:	4372      	muls	r2, r6
10001406:	1a80      	subs	r0, r0, r2
10001408:	0377      	lsls	r7, r6, #13
1000140a:	0a46      	lsrs	r6, r0, #9
1000140c:	4366      	muls	r6, r4
1000140e:	0c36      	lsrs	r6, r6, #16
10001410:	2316      	movs	r3, #22
10001412:	1b5b      	subs	r3, r3, r5
10001414:	40de      	lsrs	r6, r3
10001416:	40df      	lsrs	r7, r3
10001418:	19bf      	adds	r7, r7, r6
1000141a:	4664      	mov	r4, ip
1000141c:	4366      	muls	r6, r4
1000141e:	1b82      	subs	r2, r0, r6
10001420:	4670      	mov	r0, lr
10001422:	3504      	adds	r5, #4
10001424:	3306      	adds	r3, #6
10001426:	0001      	movs	r1, r0
10001428:	40d9      	lsrs	r1, r3
1000142a:	40a8      	lsls	r0, r5
1000142c:	19c0      	adds	r0, r0, r7
1000142e:	d300      	bcc.n	10001432 <y64_x32+0xb6>
10001430:	3101      	adds	r1, #1
10001432:	42a2      	cmp	r2, r4
10001434:	d206      	bcs.n	10001444 <y64_x32+0xc8>
10001436:	2300      	movs	r3, #0
10001438:	bdf0      	pop	{r4, r5, r6, r7, pc}
1000143a:	0000      	.short	0x0000
1000143c:	d0000000 	.word	0xd0000000
10001440:	ffffffff 	.word	0xffffffff
10001444:	1b12      	subs	r2, r2, r4
10001446:	3001      	adds	r0, #1
10001448:	d3f3      	bcc.n	10001432 <y64_x32+0xb6>
1000144a:	e7f1      	b.n	10001430 <y64_x32+0xb4>

1000144c <last0>:
1000144c:	2709      	movs	r7, #9
1000144e:	1b7f      	subs	r7, r7, r5
10001450:	40fe      	lsrs	r6, r7
10001452:	4664      	mov	r4, ip
10001454:	b2a2      	uxth	r2, r4
10001456:	4372      	muls	r2, r6
10001458:	1a80      	subs	r0, r0, r2
1000145a:	d200      	bcs.n	1000145e <last0+0x12>
1000145c:	3901      	subs	r1, #1
1000145e:	0c22      	lsrs	r2, r4, #16
10001460:	4372      	muls	r2, r6
10001462:	0c13      	lsrs	r3, r2, #16
10001464:	0412      	lsls	r2, r2, #16
10001466:	1a82      	subs	r2, r0, r2
10001468:	4199      	sbcs	r1, r3
1000146a:	000b      	movs	r3, r1
1000146c:	4670      	mov	r0, lr
1000146e:	3504      	adds	r5, #4
10001470:	3713      	adds	r7, #19
10001472:	0001      	movs	r1, r0
10001474:	40f9      	lsrs	r1, r7
10001476:	40a8      	lsls	r0, r5
10001478:	1980      	adds	r0, r0, r6
1000147a:	d300      	bcc.n	1000147e <last0+0x32>
1000147c:	3101      	adds	r1, #1
1000147e:	2b00      	cmp	r3, #0
10001480:	d102      	bne.n	10001488 <last0+0x3c>
10001482:	42a2      	cmp	r2, r4
10001484:	d20a      	bcs.n	1000149c <last0+0x50>
10001486:	bdf0      	pop	{r4, r5, r6, r7, pc}
10001488:	3001      	adds	r0, #1
1000148a:	d300      	bcc.n	1000148e <last0+0x42>
1000148c:	3101      	adds	r1, #1
1000148e:	1b12      	subs	r2, r2, r4
10001490:	d2fa      	bcs.n	10001488 <last0+0x3c>
10001492:	3b01      	subs	r3, #1
10001494:	d1f8      	bne.n	10001488 <last0+0x3c>
10001496:	42a2      	cmp	r2, r4
10001498:	d200      	bcs.n	1000149c <last0+0x50>
1000149a:	bdf0      	pop	{r4, r5, r6, r7, pc}
1000149c:	3001      	adds	r0, #1
1000149e:	d300      	bcc.n	100014a2 <last0+0x56>
100014a0:	3101      	adds	r1, #1
100014a2:	1b12      	subs	r2, r2, r4
100014a4:	e7f7      	b.n	10001496 <last0+0x4a>

100014a6 <y64_x48>:
100014a6:	b5f0      	push	{r4, r5, r6, r7, lr}
100014a8:	0c1c      	lsrs	r4, r3, #16
100014aa:	d000      	beq.n	100014ae <y64_x48+0x8>
100014ac:	e080      	b.n	100015b0 <y64_x64>
100014ae:	b40c      	push	{r2, r3}
100014b0:	2500      	movs	r5, #0
100014b2:	0a1c      	lsrs	r4, r3, #8
100014b4:	d104      	bne.n	100014c0 <y64_x48+0x1a>
100014b6:	021b      	lsls	r3, r3, #8
100014b8:	0e16      	lsrs	r6, r2, #24
100014ba:	4333      	orrs	r3, r6
100014bc:	0212      	lsls	r2, r2, #8
100014be:	3508      	adds	r5, #8
100014c0:	0b1c      	lsrs	r4, r3, #12
100014c2:	d104      	bne.n	100014ce <y64_x48+0x28>
100014c4:	011b      	lsls	r3, r3, #4
100014c6:	0f16      	lsrs	r6, r2, #28
100014c8:	4333      	orrs	r3, r6
100014ca:	0112      	lsls	r2, r2, #4
100014cc:	3504      	adds	r5, #4
100014ce:	0b9c      	lsrs	r4, r3, #14
100014d0:	d104      	bne.n	100014dc <y64_x48+0x36>
100014d2:	009b      	lsls	r3, r3, #2
100014d4:	0f96      	lsrs	r6, r2, #30
100014d6:	4333      	orrs	r3, r6
100014d8:	0092      	lsls	r2, r2, #2
100014da:	3502      	adds	r5, #2
100014dc:	0bdc      	lsrs	r4, r3, #15
100014de:	d102      	bne.n	100014e6 <y64_x48+0x40>
100014e0:	1892      	adds	r2, r2, r2
100014e2:	415b      	adcs	r3, r3
100014e4:	3501      	adds	r5, #1
100014e6:	001c      	movs	r4, r3
100014e8:	1897      	adds	r7, r2, r2
100014ea:	4164      	adcs	r4, r4
100014ec:	3401      	adds	r4, #1
100014ee:	4f46      	ldr	r7, [pc, #280]	@ (10001608 <y64_x64+0x58>)
100014f0:	667c      	str	r4, [r7, #100]	@ 0x64
100014f2:	4c46      	ldr	r4, [pc, #280]	@ (1000160c <y64_x64+0x5c>)
100014f4:	663c      	str	r4, [r7, #96]	@ 0x60
100014f6:	0c0e      	lsrs	r6, r1, #16
100014f8:	e7ff      	b.n	100014fa <y64_x48+0x54>
100014fa:	e7ff      	b.n	100014fc <y64_x48+0x56>
100014fc:	e7ff      	b.n	100014fe <y64_x48+0x58>
100014fe:	46c0      	nop			@ (mov r8, r8)
10001500:	6f3c      	ldr	r4, [r7, #112]	@ 0x70
10001502:	4366      	muls	r6, r4
10001504:	0c36      	lsrs	r6, r6, #16
10001506:	0377      	lsls	r7, r6, #13
10001508:	46be      	mov	lr, r7
1000150a:	b297      	uxth	r7, r2
1000150c:	4377      	muls	r7, r6
1000150e:	1bc0      	subs	r0, r0, r7
10001510:	d200      	bcs.n	10001514 <y64_x48+0x6e>
10001512:	3901      	subs	r1, #1
10001514:	1bc0      	subs	r0, r0, r7
10001516:	d200      	bcs.n	1000151a <y64_x48+0x74>
10001518:	3901      	subs	r1, #1
1000151a:	b29f      	uxth	r7, r3
1000151c:	4377      	muls	r7, r6
1000151e:	1bc9      	subs	r1, r1, r7
10001520:	1bc9      	subs	r1, r1, r7
10001522:	0c17      	lsrs	r7, r2, #16
10001524:	4377      	muls	r7, r6
10001526:	047e      	lsls	r6, r7, #17
10001528:	0bff      	lsrs	r7, r7, #15
1000152a:	1b80      	subs	r0, r0, r6
1000152c:	41b9      	sbcs	r1, r7
1000152e:	08ce      	lsrs	r6, r1, #3
10001530:	4366      	muls	r6, r4
10001532:	0c36      	lsrs	r6, r6, #16
10001534:	2d0c      	cmp	r5, #12
10001536:	db33      	blt.n	100015a0 <last1>
10001538:	44b6      	add	lr, r6
1000153a:	0b12      	lsrs	r2, r2, #12
1000153c:	051f      	lsls	r7, r3, #20
1000153e:	433a      	orrs	r2, r7
10001540:	0b1b      	lsrs	r3, r3, #12
10001542:	b297      	uxth	r7, r2
10001544:	4377      	muls	r7, r6
10001546:	1bc0      	subs	r0, r0, r7
10001548:	d200      	bcs.n	1000154c <y64_x48+0xa6>
1000154a:	3901      	subs	r1, #1
1000154c:	b29f      	uxth	r7, r3
1000154e:	4377      	muls	r7, r6
10001550:	1bc9      	subs	r1, r1, r7
10001552:	0c17      	lsrs	r7, r2, #16
10001554:	4377      	muls	r7, r6
10001556:	043e      	lsls	r6, r7, #16
10001558:	0c3f      	lsrs	r7, r7, #16
1000155a:	1b80      	subs	r0, r0, r6
1000155c:	41b9      	sbcs	r1, r7
1000155e:	0d86      	lsrs	r6, r0, #22
10001560:	028f      	lsls	r7, r1, #10
10001562:	433e      	orrs	r6, r7
10001564:	4366      	muls	r6, r4
10001566:	2729      	movs	r7, #41	@ 0x29
10001568:	1b7f      	subs	r7, r7, r5
1000156a:	40fe      	lsrs	r6, r7
1000156c:	3d0c      	subs	r5, #12
1000156e:	4677      	mov	r7, lr
10001570:	40af      	lsls	r7, r5
10001572:	19bf      	adds	r7, r7, r6
10001574:	bc30      	pop	{r4, r5}
10001576:	b2a2      	uxth	r2, r4
10001578:	b2ab      	uxth	r3, r5
1000157a:	4372      	muls	r2, r6
1000157c:	4373      	muls	r3, r6
1000157e:	1a80      	subs	r0, r0, r2
10001580:	4199      	sbcs	r1, r3
10001582:	0c22      	lsrs	r2, r4, #16
10001584:	4372      	muls	r2, r6
10001586:	0c13      	lsrs	r3, r2, #16
10001588:	0412      	lsls	r2, r2, #16
1000158a:	1a80      	subs	r0, r0, r2
1000158c:	4199      	sbcs	r1, r3
1000158e:	0002      	movs	r2, r0
10001590:	000b      	movs	r3, r1
10001592:	3701      	adds	r7, #1
10001594:	1b00      	subs	r0, r0, r4
10001596:	41a9      	sbcs	r1, r5
10001598:	d2f9      	bcs.n	1000158e <y64_x48+0xe8>
1000159a:	1e78      	subs	r0, r7, #1
1000159c:	2100      	movs	r1, #0
1000159e:	bdf0      	pop	{r4, r5, r6, r7, pc}

100015a0 <last1>:
100015a0:	270c      	movs	r7, #12
100015a2:	1b7f      	subs	r7, r7, r5
100015a4:	40fe      	lsrs	r6, r7
100015a6:	4677      	mov	r7, lr
100015a8:	0b7f      	lsrs	r7, r7, #13
100015aa:	40af      	lsls	r7, r5
100015ac:	19ff      	adds	r7, r7, r7
100015ae:	e7e0      	b.n	10001572 <y64_x48+0xcc>

100015b0 <y64_x64>:
100015b0:	2400      	movs	r4, #0
100015b2:	1c5d      	adds	r5, r3, #1
100015b4:	d007      	beq.n	100015c6 <y64_x64+0x16>
100015b6:	4f14      	ldr	r7, [pc, #80]	@ (10001608 <y64_x64+0x58>)
100015b8:	667d      	str	r5, [r7, #100]	@ 0x64
100015ba:	6639      	str	r1, [r7, #96]	@ 0x60
100015bc:	e7ff      	b.n	100015be <y64_x64+0xe>
100015be:	e7ff      	b.n	100015c0 <y64_x64+0x10>
100015c0:	e7ff      	b.n	100015c2 <y64_x64+0x12>
100015c2:	e7ff      	b.n	100015c4 <y64_x64+0x14>
100015c4:	6f3c      	ldr	r4, [r7, #112]	@ 0x70
100015c6:	b295      	uxth	r5, r2
100015c8:	b29e      	uxth	r6, r3
100015ca:	4365      	muls	r5, r4
100015cc:	4366      	muls	r6, r4
100015ce:	1b40      	subs	r0, r0, r5
100015d0:	41b1      	sbcs	r1, r6
100015d2:	0c15      	lsrs	r5, r2, #16
100015d4:	0c1e      	lsrs	r6, r3, #16
100015d6:	4365      	muls	r5, r4
100015d8:	4366      	muls	r6, r4
100015da:	0436      	lsls	r6, r6, #16
100015dc:	0c2f      	lsrs	r7, r5, #16
100015de:	433e      	orrs	r6, r7
100015e0:	042d      	lsls	r5, r5, #16
100015e2:	1b40      	subs	r0, r0, r5
100015e4:	41b1      	sbcs	r1, r6
100015e6:	4299      	cmp	r1, r3
100015e8:	d204      	bcs.n	100015f4 <y64_x64+0x44>
100015ea:	0002      	movs	r2, r0
100015ec:	000b      	movs	r3, r1
100015ee:	0020      	movs	r0, r4
100015f0:	2100      	movs	r1, #0
100015f2:	bdf0      	pop	{r4, r5, r6, r7, pc}
100015f4:	d101      	bne.n	100015fa <y64_x64+0x4a>
100015f6:	4290      	cmp	r0, r2
100015f8:	d3f7      	bcc.n	100015ea <y64_x64+0x3a>
100015fa:	1a80      	subs	r0, r0, r2
100015fc:	4199      	sbcs	r1, r3
100015fe:	3401      	adds	r4, #1
10001600:	4299      	cmp	r1, r3
10001602:	d3f2      	bcc.n	100015ea <y64_x64+0x3a>
10001604:	e7f6      	b.n	100015f4 <y64_x64+0x44>
10001606:	0000      	.short	0x0000
10001608:	d0000000 	.word	0xd0000000
1000160c:	ffffffff 	.word	0xffffffff

10001610 <__aeabi_double_init>:
10001610:	2313      	movs	r3, #19
10001612:	b570      	push	{r4, r5, r6, lr}
10001614:	781d      	ldrb	r5, [r3, #0]
10001616:	2d01      	cmp	r5, #1
10001618:	d019      	beq.n	1000164e <__aeabi_double_init+0x3e>
1000161a:	dd14      	ble.n	10001646 <__aeabi_double_init+0x36>
1000161c:	481f      	ldr	r0, [pc, #124]	@ (1000169c <__aeabi_double_init+0x8c>)
1000161e:	f7ff fc55 	bl	10000ecc <rom_data_lookup>
10001622:	0006      	movs	r6, r0
10001624:	481e      	ldr	r0, [pc, #120]	@ (100016a0 <__aeabi_double_init+0x90>)
10001626:	f7ff fc51 	bl	10000ecc <rom_data_lookup>
1000162a:	4c1e      	ldr	r4, [pc, #120]	@ (100016a4 <__aeabi_double_init+0x94>)
1000162c:	2280      	movs	r2, #128	@ 0x80
1000162e:	0031      	movs	r1, r6
10001630:	0020      	movs	r0, r4
10001632:	f000 f8bf 	bl	100017b4 <__wrap___aeabi_memcpy>
10001636:	2d02      	cmp	r5, #2
10001638:	d02d      	beq.n	10001696 <__aeabi_double_init+0x86>
1000163a:	481b      	ldr	r0, [pc, #108]	@ (100016a8 <__aeabi_double_init+0x98>)
1000163c:	f7ff fc3e 	bl	10000ebc <rom_func_lookup>
10001640:	4b1a      	ldr	r3, [pc, #104]	@ (100016ac <__aeabi_double_init+0x9c>)
10001642:	6018      	str	r0, [r3, #0]
10001644:	bd70      	pop	{r4, r5, r6, pc}
10001646:	4b1a      	ldr	r3, [pc, #104]	@ (100016b0 <__aeabi_double_init+0xa0>)
10001648:	4c16      	ldr	r4, [pc, #88]	@ (100016a4 <__aeabi_double_init+0x94>)
1000164a:	64a3      	str	r3, [r4, #72]	@ 0x48
1000164c:	e7f5      	b.n	1000163a <__aeabi_double_init+0x2a>
1000164e:	4b18      	ldr	r3, [pc, #96]	@ (100016b0 <__aeabi_double_init+0xa0>)
10001650:	4c14      	ldr	r4, [pc, #80]	@ (100016a4 <__aeabi_double_init+0x94>)
10001652:	6023      	str	r3, [r4, #0]
10001654:	6063      	str	r3, [r4, #4]
10001656:	60a3      	str	r3, [r4, #8]
10001658:	60e3      	str	r3, [r4, #12]
1000165a:	6123      	str	r3, [r4, #16]
1000165c:	6163      	str	r3, [r4, #20]
1000165e:	61a3      	str	r3, [r4, #24]
10001660:	61e3      	str	r3, [r4, #28]
10001662:	6223      	str	r3, [r4, #32]
10001664:	6263      	str	r3, [r4, #36]	@ 0x24
10001666:	62a3      	str	r3, [r4, #40]	@ 0x28
10001668:	62e3      	str	r3, [r4, #44]	@ 0x2c
1000166a:	6323      	str	r3, [r4, #48]	@ 0x30
1000166c:	6363      	str	r3, [r4, #52]	@ 0x34
1000166e:	63a3      	str	r3, [r4, #56]	@ 0x38
10001670:	63e3      	str	r3, [r4, #60]	@ 0x3c
10001672:	6423      	str	r3, [r4, #64]	@ 0x40
10001674:	6463      	str	r3, [r4, #68]	@ 0x44
10001676:	64a3      	str	r3, [r4, #72]	@ 0x48
10001678:	64e3      	str	r3, [r4, #76]	@ 0x4c
1000167a:	6523      	str	r3, [r4, #80]	@ 0x50
1000167c:	6563      	str	r3, [r4, #84]	@ 0x54
1000167e:	65a3      	str	r3, [r4, #88]	@ 0x58
10001680:	65e3      	str	r3, [r4, #92]	@ 0x5c
10001682:	6623      	str	r3, [r4, #96]	@ 0x60
10001684:	6663      	str	r3, [r4, #100]	@ 0x64
10001686:	66a3      	str	r3, [r4, #104]	@ 0x68
10001688:	66e3      	str	r3, [r4, #108]	@ 0x6c
1000168a:	6723      	str	r3, [r4, #112]	@ 0x70
1000168c:	6763      	str	r3, [r4, #116]	@ 0x74
1000168e:	67a3      	str	r3, [r4, #120]	@ 0x78
10001690:	67e3      	str	r3, [r4, #124]	@ 0x7c
10001692:	64a3      	str	r3, [r4, #72]	@ 0x48
10001694:	e7d1      	b.n	1000163a <__aeabi_double_init+0x2a>
10001696:	4b06      	ldr	r3, [pc, #24]	@ (100016b0 <__aeabi_double_init+0xa0>)
10001698:	64a3      	str	r3, [r4, #72]	@ 0x48
1000169a:	e7ce      	b.n	1000163a <__aeabi_double_init+0x2a>
1000169c:	00004453 	.word	0x00004453
100016a0:	00004653 	.word	0x00004653
100016a4:	200004d8 	.word	0x200004d8
100016a8:	0000334c 	.word	0x0000334c
100016ac:	20000a64 	.word	0x20000a64
100016b0:	100016b5 	.word	0x100016b5

100016b4 <double_table_shim_on_use_helper>:
100016b4:	b507      	push	{r0, r1, r2, lr}
100016b6:	4660      	mov	r0, ip
100016b8:	8801      	ldrh	r1, [r0, #0]
100016ba:	0a0a      	lsrs	r2, r1, #8
100016bc:	3002      	adds	r0, #2
100016be:	2adf      	cmp	r2, #223	@ 0xdf
100016c0:	d1fa      	bne.n	100016b8 <double_table_shim_on_use_helper+0x4>
100016c2:	b2c9      	uxtb	r1, r1
100016c4:	0882      	lsrs	r2, r0, #2
100016c6:	d304      	bcc.n	100016d2 <double_table_shim_on_use_helper+0x1e>
100016c8:	8802      	ldrh	r2, [r0, #0]
100016ca:	8840      	ldrh	r0, [r0, #2]
100016cc:	0400      	lsls	r0, r0, #16
100016ce:	4310      	orrs	r0, r2
100016d0:	e000      	b.n	100016d4 <double_table_shim_on_use_helper+0x20>
100016d2:	6800      	ldr	r0, [r0, #0]
100016d4:	4a01      	ldr	r2, [pc, #4]	@ (100016dc <double_table_shim_on_use_helper+0x28>)
100016d6:	5050      	str	r0, [r2, r1]
100016d8:	9003      	str	r0, [sp, #12]
100016da:	bd07      	pop	{r0, r1, r2, pc}
100016dc:	200004d8 	.word	0x200004d8

100016e0 <__wrap___aeabi_lmul>:
100016e0:	4351      	muls	r1, r2
100016e2:	4343      	muls	r3, r0
100016e4:	18c9      	adds	r1, r1, r3
100016e6:	468c      	mov	ip, r1
100016e8:	0c11      	lsrs	r1, r2, #16
100016ea:	b283      	uxth	r3, r0
100016ec:	434b      	muls	r3, r1
100016ee:	b410      	push	{r4}
100016f0:	0c04      	lsrs	r4, r0, #16
100016f2:	4361      	muls	r1, r4
100016f4:	b292      	uxth	r2, r2
100016f6:	b280      	uxth	r0, r0
100016f8:	4350      	muls	r0, r2
100016fa:	4362      	muls	r2, r4
100016fc:	041c      	lsls	r4, r3, #16
100016fe:	0c1b      	lsrs	r3, r3, #16
10001700:	1900      	adds	r0, r0, r4
10001702:	bc10      	pop	{r4}
10001704:	4159      	adcs	r1, r3
10001706:	0413      	lsls	r3, r2, #16
10001708:	0c12      	lsrs	r2, r2, #16
1000170a:	18c0      	adds	r0, r0, r3
1000170c:	4151      	adcs	r1, r2
1000170e:	4461      	add	r1, ip
10001710:	4770      	bx	lr
	...

10001714 <__aeabi_float_init>:
10001714:	2313      	movs	r3, #19
10001716:	b510      	push	{r4, lr}
10001718:	4812      	ldr	r0, [pc, #72]	@ (10001764 <__aeabi_float_init+0x50>)
1000171a:	781c      	ldrb	r4, [r3, #0]
1000171c:	f7ff fbd6 	bl	10000ecc <rom_data_lookup>
10001720:	0001      	movs	r1, r0
10001722:	2c01      	cmp	r4, #1
10001724:	d00a      	beq.n	1000173c <__aeabi_float_init+0x28>
10001726:	dd03      	ble.n	10001730 <__aeabi_float_init+0x1c>
10001728:	2280      	movs	r2, #128	@ 0x80
1000172a:	480f      	ldr	r0, [pc, #60]	@ (10001768 <__aeabi_float_init+0x54>)
1000172c:	f000 f842 	bl	100017b4 <__wrap___aeabi_memcpy>
10001730:	480e      	ldr	r0, [pc, #56]	@ (1000176c <__aeabi_float_init+0x58>)
10001732:	f7ff fbc3 	bl	10000ebc <rom_func_lookup>
10001736:	4b0e      	ldr	r3, [pc, #56]	@ (10001770 <__aeabi_float_init+0x5c>)
10001738:	6018      	str	r0, [r3, #0]
1000173a:	bd10      	pop	{r4, pc}
1000173c:	4c0a      	ldr	r4, [pc, #40]	@ (10001768 <__aeabi_float_init+0x54>)
1000173e:	2254      	movs	r2, #84	@ 0x54
10001740:	0020      	movs	r0, r4
10001742:	f000 f837 	bl	100017b4 <__wrap___aeabi_memcpy>
10001746:	4b0b      	ldr	r3, [pc, #44]	@ (10001774 <__aeabi_float_init+0x60>)
10001748:	6563      	str	r3, [r4, #84]	@ 0x54
1000174a:	65a3      	str	r3, [r4, #88]	@ 0x58
1000174c:	65e3      	str	r3, [r4, #92]	@ 0x5c
1000174e:	6623      	str	r3, [r4, #96]	@ 0x60
10001750:	6663      	str	r3, [r4, #100]	@ 0x64
10001752:	66a3      	str	r3, [r4, #104]	@ 0x68
10001754:	66e3      	str	r3, [r4, #108]	@ 0x6c
10001756:	6723      	str	r3, [r4, #112]	@ 0x70
10001758:	6763      	str	r3, [r4, #116]	@ 0x74
1000175a:	67a3      	str	r3, [r4, #120]	@ 0x78
1000175c:	67e3      	str	r3, [r4, #124]	@ 0x7c
1000175e:	6223      	str	r3, [r4, #32]
10001760:	61e3      	str	r3, [r4, #28]
10001762:	e7e5      	b.n	10001730 <__aeabi_float_init+0x1c>
10001764:	00004653 	.word	0x00004653
10001768:	200005d8 	.word	0x200005d8
1000176c:	0000334c 	.word	0x0000334c
10001770:	20000a64 	.word	0x20000a64
10001774:	10001779 	.word	0x10001779

10001778 <float_table_shim_on_use_helper>:
10001778:	b507      	push	{r0, r1, r2, lr}
1000177a:	4660      	mov	r0, ip
1000177c:	8801      	ldrh	r1, [r0, #0]
1000177e:	0a0a      	lsrs	r2, r1, #8
10001780:	3002      	adds	r0, #2
10001782:	2adf      	cmp	r2, #223	@ 0xdf
10001784:	d1fa      	bne.n	1000177c <float_table_shim_on_use_helper+0x4>
10001786:	b2c9      	uxtb	r1, r1
10001788:	0882      	lsrs	r2, r0, #2
1000178a:	d304      	bcc.n	10001796 <float_table_shim_on_use_helper+0x1e>
1000178c:	8802      	ldrh	r2, [r0, #0]
1000178e:	8840      	ldrh	r0, [r0, #2]
10001790:	0400      	lsls	r0, r0, #16
10001792:	4310      	orrs	r0, r2
10001794:	e000      	b.n	10001798 <float_table_shim_on_use_helper+0x20>
10001796:	6800      	ldr	r0, [r0, #0]
10001798:	4a01      	ldr	r2, [pc, #4]	@ (100017a0 <float_table_shim_on_use_helper+0x28>)
1000179a:	5050      	str	r0, [r2, r1]
1000179c:	9003      	str	r0, [sp, #12]
1000179e:	bd07      	pop	{r0, r1, r2, pc}
100017a0:	200005d8 	.word	0x200005d8

100017a4 <__aeabi_mem_init>:
100017a4:	4801      	ldr	r0, [pc, #4]	@ (100017ac <__aeabi_mem_init+0x8>)
100017a6:	2104      	movs	r1, #4
100017a8:	4b01      	ldr	r3, [pc, #4]	@ (100017b0 <__aeabi_mem_init+0xc>)
100017aa:	4718      	bx	r3
100017ac:	200001f0 	.word	0x200001f0
100017b0:	10000edd 	.word	0x10000edd

100017b4 <__wrap___aeabi_memcpy>:
100017b4:	4b01      	ldr	r3, [pc, #4]	@ (100017bc <__wrap___aeabi_memcpy+0x8>)
100017b6:	685b      	ldr	r3, [r3, #4]
100017b8:	4718      	bx	r3
100017ba:	0000      	.short	0x0000
100017bc:	200001f0 	.word	0x200001f0

100017c0 <_out_char>:
100017c0:	b510      	push	{r4, lr}
100017c2:	2800      	cmp	r0, #0
100017c4:	d100      	bne.n	100017c8 <_out_char+0x8>
100017c6:	bd10      	pop	{r4, pc}
100017c8:	f000 f916 	bl	100019f8 <__wrap_putchar>
100017cc:	e7fb      	b.n	100017c6 <_out_char+0x6>
100017ce:	46c0      	nop			@ (mov r8, r8)

100017d0 <weak_raw_vprintf>:
100017d0:	b510      	push	{r4, lr}
100017d2:	4a09      	ldr	r2, [pc, #36]	@ (100017f8 <weak_raw_vprintf+0x28>)
100017d4:	0003      	movs	r3, r0
100017d6:	6814      	ldr	r4, [r2, #0]
100017d8:	b084      	sub	sp, #16
100017da:	2c00      	cmp	r4, #0
100017dc:	d008      	beq.n	100017f0 <weak_raw_vprintf+0x20>
100017de:	2201      	movs	r2, #1
100017e0:	9100      	str	r1, [sp, #0]
100017e2:	4806      	ldr	r0, [pc, #24]	@ (100017fc <weak_raw_vprintf+0x2c>)
100017e4:	4252      	negs	r2, r2
100017e6:	a903      	add	r1, sp, #12
100017e8:	47a0      	blx	r4
100017ea:	2001      	movs	r0, #1
100017ec:	b004      	add	sp, #16
100017ee:	bd10      	pop	{r4, pc}
100017f0:	f000 f94c 	bl	10001a8c <__wrap_puts>
100017f4:	2000      	movs	r0, #0
100017f6:	e7f9      	b.n	100017ec <weak_raw_vprintf+0x1c>
100017f8:	20000844 	.word	0x20000844
100017fc:	100017c1 	.word	0x100017c1

10001800 <_exit>:
10001800:	be00      	bkpt	0x0000
10001802:	e7fd      	b.n	10001800 <_exit>

10001804 <exit>:
10001804:	b510      	push	{r4, lr}
10001806:	f7ff fffb 	bl	10001800 <_exit>
1000180a:	46c0      	nop			@ (mov r8, r8)

1000180c <runtime_init>:
1000180c:	b570      	push	{r4, r5, r6, lr}
1000180e:	f7ff fba3 	bl	10000f58 <runtime_run_initializers>
10001812:	4d07      	ldr	r5, [pc, #28]	@ (10001830 <runtime_init+0x24>)
10001814:	4e07      	ldr	r6, [pc, #28]	@ (10001834 <runtime_init+0x28>)
10001816:	42b5      	cmp	r5, r6
10001818:	d209      	bcs.n	1000182e <runtime_init+0x22>
1000181a:	2400      	movs	r4, #0
1000181c:	3e01      	subs	r6, #1
1000181e:	1b76      	subs	r6, r6, r5
10001820:	08b6      	lsrs	r6, r6, #2
10001822:	cd08      	ldmia	r5!, {r3}
10001824:	4798      	blx	r3
10001826:	0023      	movs	r3, r4
10001828:	3401      	adds	r4, #1
1000182a:	42b3      	cmp	r3, r6
1000182c:	d1f9      	bne.n	10001822 <runtime_init+0x16>
1000182e:	bd70      	pop	{r4, r5, r6, pc}
10001830:	10002a14 	.word	0x10002a14
10001834:	10002a1c 	.word	0x10002a1c

10001838 <stdio_out_chars_no_crlf>:
10001838:	0003      	movs	r3, r0
1000183a:	b510      	push	{r4, lr}
1000183c:	0008      	movs	r0, r1
1000183e:	0011      	movs	r1, r2
10001840:	681b      	ldr	r3, [r3, #0]
10001842:	4798      	blx	r3
10001844:	bd10      	pop	{r4, pc}
10001846:	46c0      	nop			@ (mov r8, r8)

10001848 <stdio_out_chars_crlf>:
10001848:	b5f0      	push	{r4, r5, r6, r7, lr}
1000184a:	46c6      	mov	lr, r8
1000184c:	b500      	push	{lr}
1000184e:	7d43      	ldrb	r3, [r0, #21]
10001850:	0007      	movs	r7, r0
10001852:	000c      	movs	r4, r1
10001854:	0016      	movs	r6, r2
10001856:	2b00      	cmp	r3, #0
10001858:	d046      	beq.n	100018e8 <stdio_out_chars_crlf+0xa0>
1000185a:	2a00      	cmp	r2, #0
1000185c:	dd17      	ble.n	1000188e <stdio_out_chars_crlf+0x46>
1000185e:	780b      	ldrb	r3, [r1, #0]
10001860:	2b0a      	cmp	r3, #10
10001862:	d024      	beq.n	100018ae <stdio_out_chars_crlf+0x66>
10001864:	2300      	movs	r3, #0
10001866:	4698      	mov	r8, r3
10001868:	2e01      	cmp	r6, #1
1000186a:	d013      	beq.n	10001894 <stdio_out_chars_crlf+0x4c>
1000186c:	2501      	movs	r5, #1
1000186e:	0029      	movs	r1, r5
10001870:	5c63      	ldrb	r3, [r4, r1]
10001872:	3501      	adds	r5, #1
10001874:	2b0a      	cmp	r3, #10
10001876:	d026      	beq.n	100018c6 <stdio_out_chars_crlf+0x7e>
10001878:	42b5      	cmp	r5, r6
1000187a:	d1f8      	bne.n	1000186e <stdio_out_chars_crlf+0x26>
1000187c:	4546      	cmp	r6, r8
1000187e:	dc09      	bgt.n	10001894 <stdio_out_chars_crlf+0x4c>
10001880:	19a4      	adds	r4, r4, r6
10001882:	3c01      	subs	r4, #1
10001884:	7823      	ldrb	r3, [r4, #0]
10001886:	3b0d      	subs	r3, #13
10001888:	425a      	negs	r2, r3
1000188a:	4153      	adcs	r3, r2
1000188c:	753b      	strb	r3, [r7, #20]
1000188e:	bc80      	pop	{r7}
10001890:	46b8      	mov	r8, r7
10001892:	bdf0      	pop	{r4, r5, r6, r7, pc}
10001894:	4643      	mov	r3, r8
10001896:	18e0      	adds	r0, r4, r3
10001898:	19a4      	adds	r4, r4, r6
1000189a:	1af1      	subs	r1, r6, r3
1000189c:	3c01      	subs	r4, #1
1000189e:	683b      	ldr	r3, [r7, #0]
100018a0:	4798      	blx	r3
100018a2:	7823      	ldrb	r3, [r4, #0]
100018a4:	3b0d      	subs	r3, #13
100018a6:	425a      	negs	r2, r3
100018a8:	4153      	adcs	r3, r2
100018aa:	753b      	strb	r3, [r7, #20]
100018ac:	e7ef      	b.n	1000188e <stdio_out_chars_crlf+0x46>
100018ae:	7d03      	ldrb	r3, [r0, #20]
100018b0:	2b00      	cmp	r3, #0
100018b2:	d1d7      	bne.n	10001864 <stdio_out_chars_crlf+0x1c>
100018b4:	2102      	movs	r1, #2
100018b6:	480f      	ldr	r0, [pc, #60]	@ (100018f4 <stdio_out_chars_crlf+0xac>)
100018b8:	683b      	ldr	r3, [r7, #0]
100018ba:	4798      	blx	r3
100018bc:	2e01      	cmp	r6, #1
100018be:	d0df      	beq.n	10001880 <stdio_out_chars_crlf+0x38>
100018c0:	2301      	movs	r3, #1
100018c2:	4698      	mov	r8, r3
100018c4:	e7d2      	b.n	1000186c <stdio_out_chars_crlf+0x24>
100018c6:	1e63      	subs	r3, r4, #1
100018c8:	5c5b      	ldrb	r3, [r3, r1]
100018ca:	2b0d      	cmp	r3, #13
100018cc:	d0d4      	beq.n	10001878 <stdio_out_chars_crlf+0x30>
100018ce:	4588      	cmp	r8, r1
100018d0:	da04      	bge.n	100018dc <stdio_out_chars_crlf+0x94>
100018d2:	4643      	mov	r3, r8
100018d4:	1ac9      	subs	r1, r1, r3
100018d6:	18e0      	adds	r0, r4, r3
100018d8:	683b      	ldr	r3, [r7, #0]
100018da:	4798      	blx	r3
100018dc:	2102      	movs	r1, #2
100018de:	4805      	ldr	r0, [pc, #20]	@ (100018f4 <stdio_out_chars_crlf+0xac>)
100018e0:	683b      	ldr	r3, [r7, #0]
100018e2:	46a8      	mov	r8, r5
100018e4:	4798      	blx	r3
100018e6:	e7c7      	b.n	10001878 <stdio_out_chars_crlf+0x30>
100018e8:	6803      	ldr	r3, [r0, #0]
100018ea:	0011      	movs	r1, r2
100018ec:	0020      	movs	r0, r4
100018ee:	4798      	blx	r3
100018f0:	e7cd      	b.n	1000188e <stdio_out_chars_crlf+0x46>
100018f2:	46c0      	nop			@ (mov r8, r8)
100018f4:	10002b00 	.word	0x10002b00

100018f8 <stdio_put_string>:
100018f8:	b5f0      	push	{r4, r5, r6, r7, lr}
100018fa:	4645      	mov	r5, r8
100018fc:	46de      	mov	lr, fp
100018fe:	464e      	mov	r6, r9
10001900:	4657      	mov	r7, sl
10001902:	b5e0      	push	{r5, r6, r7, lr}
10001904:	b083      	sub	sp, #12
10001906:	4691      	mov	r9, r2
10001908:	001c      	movs	r4, r3
1000190a:	4680      	mov	r8, r0
1000190c:	000d      	movs	r5, r1
1000190e:	f7ff f96d 	bl	10000bec <time_us_64>
10001912:	2300      	movs	r3, #0
10001914:	4a30      	ldr	r2, [pc, #192]	@ (100019d8 <stdio_put_string+0xe0>)
10001916:	1812      	adds	r2, r2, r0
10001918:	414b      	adcs	r3, r1
1000191a:	2b00      	cmp	r3, #0
1000191c:	da02      	bge.n	10001924 <stdio_put_string+0x2c>
1000191e:	2201      	movs	r2, #1
10001920:	4b2e      	ldr	r3, [pc, #184]	@ (100019dc <stdio_put_string+0xe4>)
10001922:	4252      	negs	r2, r2
10001924:	492e      	ldr	r1, [pc, #184]	@ (100019e0 <stdio_put_string+0xe8>)
10001926:	0008      	movs	r0, r1
10001928:	468a      	mov	sl, r1
1000192a:	f001 f84d 	bl	100029c8 <__mutex_try_enter_block_until_veneer>
1000192e:	0007      	movs	r7, r0
10001930:	1c6b      	adds	r3, r5, #1
10001932:	d103      	bne.n	1000193c <stdio_put_string+0x44>
10001934:	4640      	mov	r0, r8
10001936:	f000 ffff 	bl	10002938 <strlen>
1000193a:	0005      	movs	r5, r0
1000193c:	2c00      	cmp	r4, #0
1000193e:	d027      	beq.n	10001990 <stdio_put_string+0x98>
10001940:	4e28      	ldr	r6, [pc, #160]	@ (100019e4 <stdio_put_string+0xec>)
10001942:	4b29      	ldr	r3, [pc, #164]	@ (100019e8 <stdio_put_string+0xf0>)
10001944:	681c      	ldr	r4, [r3, #0]
10001946:	2c00      	cmp	r4, #0
10001948:	d018      	beq.n	1000197c <stdio_put_string+0x84>
1000194a:	464b      	mov	r3, r9
1000194c:	2b00      	cmp	r3, #0
1000194e:	d121      	bne.n	10001994 <stdio_put_string+0x9c>
10001950:	4b26      	ldr	r3, [pc, #152]	@ (100019ec <stdio_put_string+0xf4>)
10001952:	4699      	mov	r9, r3
10001954:	e002      	b.n	1000195c <stdio_put_string+0x64>
10001956:	6924      	ldr	r4, [r4, #16]
10001958:	2c00      	cmp	r4, #0
1000195a:	d00f      	beq.n	1000197c <stdio_put_string+0x84>
1000195c:	6823      	ldr	r3, [r4, #0]
1000195e:	2b00      	cmp	r3, #0
10001960:	d0f9      	beq.n	10001956 <stdio_put_string+0x5e>
10001962:	464b      	mov	r3, r9
10001964:	681b      	ldr	r3, [r3, #0]
10001966:	2b00      	cmp	r3, #0
10001968:	d001      	beq.n	1000196e <stdio_put_string+0x76>
1000196a:	429c      	cmp	r4, r3
1000196c:	d1f3      	bne.n	10001956 <stdio_put_string+0x5e>
1000196e:	0020      	movs	r0, r4
10001970:	002a      	movs	r2, r5
10001972:	4641      	mov	r1, r8
10001974:	47b0      	blx	r6
10001976:	6924      	ldr	r4, [r4, #16]
10001978:	2c00      	cmp	r4, #0
1000197a:	d1ef      	bne.n	1000195c <stdio_put_string+0x64>
1000197c:	2f00      	cmp	r7, #0
1000197e:	d126      	bne.n	100019ce <stdio_put_string+0xd6>
10001980:	0028      	movs	r0, r5
10001982:	b003      	add	sp, #12
10001984:	bcf0      	pop	{r4, r5, r6, r7}
10001986:	46bb      	mov	fp, r7
10001988:	46b2      	mov	sl, r6
1000198a:	46a9      	mov	r9, r5
1000198c:	46a0      	mov	r8, r4
1000198e:	bdf0      	pop	{r4, r5, r6, r7, pc}
10001990:	4e17      	ldr	r6, [pc, #92]	@ (100019f0 <stdio_put_string+0xf8>)
10001992:	e7d6      	b.n	10001942 <stdio_put_string+0x4a>
10001994:	4b15      	ldr	r3, [pc, #84]	@ (100019ec <stdio_put_string+0xf4>)
10001996:	4699      	mov	r9, r3
10001998:	230a      	movs	r3, #10
1000199a:	469b      	mov	fp, r3
1000199c:	e002      	b.n	100019a4 <stdio_put_string+0xac>
1000199e:	6924      	ldr	r4, [r4, #16]
100019a0:	2c00      	cmp	r4, #0
100019a2:	d0eb      	beq.n	1000197c <stdio_put_string+0x84>
100019a4:	6823      	ldr	r3, [r4, #0]
100019a6:	2b00      	cmp	r3, #0
100019a8:	d0f9      	beq.n	1000199e <stdio_put_string+0xa6>
100019aa:	464b      	mov	r3, r9
100019ac:	681b      	ldr	r3, [r3, #0]
100019ae:	2b00      	cmp	r3, #0
100019b0:	d001      	beq.n	100019b6 <stdio_put_string+0xbe>
100019b2:	42a3      	cmp	r3, r4
100019b4:	d1f3      	bne.n	1000199e <stdio_put_string+0xa6>
100019b6:	002a      	movs	r2, r5
100019b8:	4641      	mov	r1, r8
100019ba:	0020      	movs	r0, r4
100019bc:	47b0      	blx	r6
100019be:	466b      	mov	r3, sp
100019c0:	465a      	mov	r2, fp
100019c2:	0020      	movs	r0, r4
100019c4:	71da      	strb	r2, [r3, #7]
100019c6:	1dd9      	adds	r1, r3, #7
100019c8:	2201      	movs	r2, #1
100019ca:	47b0      	blx	r6
100019cc:	e7e7      	b.n	1000199e <stdio_put_string+0xa6>
100019ce:	4650      	mov	r0, sl
100019d0:	f000 ffe2 	bl	10002998 <__mutex_exit_veneer>
100019d4:	e7d4      	b.n	10001980 <stdio_put_string+0x88>
100019d6:	46c0      	nop			@ (mov r8, r8)
100019d8:	000f4240 	.word	0x000f4240
100019dc:	7fffffff 	.word	0x7fffffff
100019e0:	20000350 	.word	0x20000350
100019e4:	10001849 	.word	0x10001849
100019e8:	2000083c 	.word	0x2000083c
100019ec:	20000840 	.word	0x20000840
100019f0:	10001839 	.word	0x10001839

100019f4 <stdio_init_all>:
100019f4:	2000      	movs	r0, #0
100019f6:	4770      	bx	lr

100019f8 <__wrap_putchar>:
100019f8:	b5f0      	push	{r4, r5, r6, r7, lr}
100019fa:	46ce      	mov	lr, r9
100019fc:	4647      	mov	r7, r8
100019fe:	b580      	push	{r7, lr}
10001a00:	b083      	sub	sp, #12
10001a02:	466b      	mov	r3, sp
10001a04:	0006      	movs	r6, r0
10001a06:	1ddd      	adds	r5, r3, #7
10001a08:	7028      	strb	r0, [r5, #0]
10001a0a:	f7ff f8ef 	bl	10000bec <time_us_64>
10001a0e:	2300      	movs	r3, #0
10001a10:	4a19      	ldr	r2, [pc, #100]	@ (10001a78 <__wrap_putchar+0x80>)
10001a12:	1812      	adds	r2, r2, r0
10001a14:	414b      	adcs	r3, r1
10001a16:	2b00      	cmp	r3, #0
10001a18:	da02      	bge.n	10001a20 <__wrap_putchar+0x28>
10001a1a:	2201      	movs	r2, #1
10001a1c:	4b17      	ldr	r3, [pc, #92]	@ (10001a7c <__wrap_putchar+0x84>)
10001a1e:	4252      	negs	r2, r2
10001a20:	4917      	ldr	r1, [pc, #92]	@ (10001a80 <__wrap_putchar+0x88>)
10001a22:	0008      	movs	r0, r1
10001a24:	4688      	mov	r8, r1
10001a26:	f000 ffcf 	bl	100029c8 <__mutex_try_enter_block_until_veneer>
10001a2a:	4b16      	ldr	r3, [pc, #88]	@ (10001a84 <__wrap_putchar+0x8c>)
10001a2c:	4681      	mov	r9, r0
10001a2e:	681c      	ldr	r4, [r3, #0]
10001a30:	2c00      	cmp	r4, #0
10001a32:	d014      	beq.n	10001a5e <__wrap_putchar+0x66>
10001a34:	4f14      	ldr	r7, [pc, #80]	@ (10001a88 <__wrap_putchar+0x90>)
10001a36:	e002      	b.n	10001a3e <__wrap_putchar+0x46>
10001a38:	6924      	ldr	r4, [r4, #16]
10001a3a:	2c00      	cmp	r4, #0
10001a3c:	d00f      	beq.n	10001a5e <__wrap_putchar+0x66>
10001a3e:	6823      	ldr	r3, [r4, #0]
10001a40:	2b00      	cmp	r3, #0
10001a42:	d0f9      	beq.n	10001a38 <__wrap_putchar+0x40>
10001a44:	683b      	ldr	r3, [r7, #0]
10001a46:	2b00      	cmp	r3, #0
10001a48:	d001      	beq.n	10001a4e <__wrap_putchar+0x56>
10001a4a:	429c      	cmp	r4, r3
10001a4c:	d1f4      	bne.n	10001a38 <__wrap_putchar+0x40>
10001a4e:	0020      	movs	r0, r4
10001a50:	2201      	movs	r2, #1
10001a52:	0029      	movs	r1, r5
10001a54:	f7ff fef8 	bl	10001848 <stdio_out_chars_crlf>
10001a58:	6924      	ldr	r4, [r4, #16]
10001a5a:	2c00      	cmp	r4, #0
10001a5c:	d1ef      	bne.n	10001a3e <__wrap_putchar+0x46>
10001a5e:	464b      	mov	r3, r9
10001a60:	2b00      	cmp	r3, #0
10001a62:	d105      	bne.n	10001a70 <__wrap_putchar+0x78>
10001a64:	0030      	movs	r0, r6
10001a66:	b003      	add	sp, #12
10001a68:	bcc0      	pop	{r6, r7}
10001a6a:	46b9      	mov	r9, r7
10001a6c:	46b0      	mov	r8, r6
10001a6e:	bdf0      	pop	{r4, r5, r6, r7, pc}
10001a70:	4640      	mov	r0, r8
10001a72:	f000 ff91 	bl	10002998 <__mutex_exit_veneer>
10001a76:	e7f5      	b.n	10001a64 <__wrap_putchar+0x6c>
10001a78:	000f4240 	.word	0x000f4240
10001a7c:	7fffffff 	.word	0x7fffffff
10001a80:	20000350 	.word	0x20000350
10001a84:	2000083c 	.word	0x2000083c
10001a88:	20000840 	.word	0x20000840

10001a8c <__wrap_puts>:
10001a8c:	b570      	push	{r4, r5, r6, lr}
10001a8e:	0004      	movs	r4, r0
10001a90:	f000 ff52 	bl	10002938 <strlen>
10001a94:	2301      	movs	r3, #1
10001a96:	0001      	movs	r1, r0
10001a98:	0005      	movs	r5, r0
10001a9a:	2201      	movs	r2, #1
10001a9c:	0020      	movs	r0, r4
10001a9e:	f7ff ff2b 	bl	100018f8 <stdio_put_string>
10001aa2:	4b08      	ldr	r3, [pc, #32]	@ (10001ac4 <__wrap_puts+0x38>)
10001aa4:	681c      	ldr	r4, [r3, #0]
10001aa6:	2c00      	cmp	r4, #0
10001aa8:	d006      	beq.n	10001ab8 <__wrap_puts+0x2c>
10001aaa:	6863      	ldr	r3, [r4, #4]
10001aac:	2b00      	cmp	r3, #0
10001aae:	d005      	beq.n	10001abc <__wrap_puts+0x30>
10001ab0:	4798      	blx	r3
10001ab2:	6924      	ldr	r4, [r4, #16]
10001ab4:	2c00      	cmp	r4, #0
10001ab6:	d1f8      	bne.n	10001aaa <__wrap_puts+0x1e>
10001ab8:	0028      	movs	r0, r5
10001aba:	bd70      	pop	{r4, r5, r6, pc}
10001abc:	6924      	ldr	r4, [r4, #16]
10001abe:	2c00      	cmp	r4, #0
10001ac0:	d1f3      	bne.n	10001aaa <__wrap_puts+0x1e>
10001ac2:	e7f9      	b.n	10001ab8 <__wrap_puts+0x2c>
10001ac4:	2000083c 	.word	0x2000083c
	...

10001ad0 <isr_pendsv>:
10001ad0:	f3ef 8009 	mrs	r0, PSP
10001ad4:	4b16      	ldr	r3, [pc, #88]	@ (10001b30 <pxCurrentTCBConst2>)
10001ad6:	681a      	ldr	r2, [r3, #0]
10001ad8:	3820      	subs	r0, #32
10001ada:	6010      	str	r0, [r2, #0]
10001adc:	c0f0      	stmia	r0!, {r4, r5, r6, r7}
10001ade:	4644      	mov	r4, r8
10001ae0:	464d      	mov	r5, r9
10001ae2:	4656      	mov	r6, sl
10001ae4:	465f      	mov	r7, fp
10001ae6:	c0f0      	stmia	r0!, {r4, r5, r6, r7}
10001ae8:	220d      	movs	r2, #13
10001aea:	0712      	lsls	r2, r2, #28
10001aec:	6e14      	ldr	r4, [r2, #96]	@ 0x60
10001aee:	6e55      	ldr	r5, [r2, #100]	@ 0x64
10001af0:	6f56      	ldr	r6, [r2, #116]	@ 0x74
10001af2:	6f17      	ldr	r7, [r2, #112]	@ 0x70
10001af4:	3830      	subs	r0, #48	@ 0x30
10001af6:	c0f0      	stmia	r0!, {r4, r5, r6, r7}
10001af8:	b508      	push	{r3, lr}
10001afa:	b672      	cpsid	i
10001afc:	f000 fd10 	bl	10002520 <vTaskSwitchContext>
10001b00:	b662      	cpsie	i
10001b02:	bc0c      	pop	{r2, r3}
10001b04:	6811      	ldr	r1, [r2, #0]
10001b06:	6808      	ldr	r0, [r1, #0]
10001b08:	3010      	adds	r0, #16
10001b0a:	c8f0      	ldmia	r0!, {r4, r5, r6, r7}
10001b0c:	46a0      	mov	r8, r4
10001b0e:	46a9      	mov	r9, r5
10001b10:	46b2      	mov	sl, r6
10001b12:	46bb      	mov	fp, r7
10001b14:	f380 8809 	msr	PSP, r0
10001b18:	220d      	movs	r2, #13
10001b1a:	0712      	lsls	r2, r2, #28
10001b1c:	3830      	subs	r0, #48	@ 0x30
10001b1e:	c8f0      	ldmia	r0!, {r4, r5, r6, r7}
10001b20:	6614      	str	r4, [r2, #96]	@ 0x60
10001b22:	6655      	str	r5, [r2, #100]	@ 0x64
10001b24:	6756      	str	r6, [r2, #116]	@ 0x74
10001b26:	6717      	str	r7, [r2, #112]	@ 0x70
10001b28:	c8f0      	ldmia	r0!, {r4, r5, r6, r7}
10001b2a:	4718      	bx	r3
10001b2c:	46c0      	nop			@ (mov r8, r8)
10001b2e:	46c0      	nop			@ (mov r8, r8)

10001b30 <pxCurrentTCBConst2>:
10001b30:	20000874 	.word	0x20000874

10001b34 <isr_svcall>:
10001b34:	4770      	bx	lr
10001b36:	46c0      	nop			@ (mov r8, r8)

10001b38 <vPortYield>:
10001b38:	2280      	movs	r2, #128	@ 0x80
10001b3a:	4b04      	ldr	r3, [pc, #16]	@ (10001b4c <vPortYield+0x14>)
10001b3c:	0552      	lsls	r2, r2, #21
10001b3e:	601a      	str	r2, [r3, #0]
10001b40:	f3bf 8f4f 	dsb	sy
10001b44:	f3bf 8f6f 	isb	sy
10001b48:	4770      	bx	lr
10001b4a:	46c0      	nop			@ (mov r8, r8)
10001b4c:	e000ed04 	.word	0xe000ed04

10001b50 <vPortEnterCritical>:
10001b50:	b672      	cpsid	i
10001b52:	4a04      	ldr	r2, [pc, #16]	@ (10001b64 <vPortEnterCritical+0x14>)
10001b54:	6813      	ldr	r3, [r2, #0]
10001b56:	3301      	adds	r3, #1
10001b58:	6013      	str	r3, [r2, #0]
10001b5a:	f3bf 8f4f 	dsb	sy
10001b5e:	f3bf 8f6f 	isb	sy
10001b62:	4770      	bx	lr
10001b64:	20020a6c 	.word	0x20020a6c

10001b68 <vPortExitCritical>:
10001b68:	4a03      	ldr	r2, [pc, #12]	@ (10001b78 <vPortExitCritical+0x10>)
10001b6a:	6813      	ldr	r3, [r2, #0]
10001b6c:	3b01      	subs	r3, #1
10001b6e:	6013      	str	r3, [r2, #0]
10001b70:	2b00      	cmp	r3, #0
10001b72:	d100      	bne.n	10001b76 <vPortExitCritical+0xe>
10001b74:	b662      	cpsie	i
10001b76:	4770      	bx	lr
10001b78:	20020a6c 	.word	0x20020a6c

10001b7c <ulSetInterruptMaskFromISR>:
10001b7c:	f3ef 8010 	mrs	r0, PRIMASK
10001b80:	b672      	cpsid	i
10001b82:	4770      	bx	lr

10001b84 <vClearInterruptMaskFromISR>:
10001b84:	f380 8810 	msr	PRIMASK, r0
10001b88:	4770      	bx	lr
10001b8a:	46c0      	nop			@ (mov r8, r8)

10001b8c <isr_systick>:
10001b8c:	b510      	push	{r4, lr}
10001b8e:	f7ff fff5 	bl	10001b7c <ulSetInterruptMaskFromISR>
10001b92:	0004      	movs	r4, r0
10001b94:	f000 fcb2 	bl	100024fc <xTaskIncrementTick>
10001b98:	2800      	cmp	r0, #0
10001b9a:	d003      	beq.n	10001ba4 <isr_systick+0x18>
10001b9c:	2280      	movs	r2, #128	@ 0x80
10001b9e:	4b03      	ldr	r3, [pc, #12]	@ (10001bac <isr_systick+0x20>)
10001ba0:	0552      	lsls	r2, r2, #21
10001ba2:	601a      	str	r2, [r3, #0]
10001ba4:	0020      	movs	r0, r4
10001ba6:	f7ff ffed 	bl	10001b84 <vClearInterruptMaskFromISR>
10001baa:	bd10      	pop	{r4, pc}
10001bac:	e000ed04 	.word	0xe000ed04

10001bb0 <ulPortLockGetCurrentOwnerId>:
10001bb0:	23d0      	movs	r3, #208	@ 0xd0
10001bb2:	b510      	push	{r4, lr}
10001bb4:	061b      	lsls	r3, r3, #24
10001bb6:	6818      	ldr	r0, [r3, #0]
10001bb8:	4b07      	ldr	r3, [pc, #28]	@ (10001bd8 <ulPortLockGetCurrentOwnerId+0x28>)
10001bba:	781b      	ldrb	r3, [r3, #0]
10001bbc:	4283      	cmp	r3, r0
10001bbe:	d000      	beq.n	10001bc2 <ulPortLockGetCurrentOwnerId+0x12>
10001bc0:	bd10      	pop	{r4, pc}
10001bc2:	f3ef 8305 	mrs	r3, IPSR
10001bc6:	2b00      	cmp	r3, #0
10001bc8:	d002      	beq.n	10001bd0 <ulPortLockGetCurrentOwnerId+0x20>
10001bca:	005b      	lsls	r3, r3, #1
10001bcc:	18c0      	adds	r0, r0, r3
10001bce:	e7f7      	b.n	10001bc0 <ulPortLockGetCurrentOwnerId+0x10>
10001bd0:	f000 fdf8 	bl	100027c4 <xTaskGetCurrentTaskHandle>
10001bd4:	e7f4      	b.n	10001bc0 <ulPortLockGetCurrentOwnerId+0x10>
10001bd6:	46c0      	nop			@ (mov r8, r8)
10001bd8:	20000200 	.word	0x20000200

10001bdc <vPortLockInternalSpinUnlockWithWait>:
10001bdc:	b510      	push	{r4, lr}
10001bde:	0003      	movs	r3, r0
10001be0:	6802      	ldr	r2, [r0, #0]
10001be2:	4815      	ldr	r0, [pc, #84]	@ (10001c38 <vPortLockInternalSpinUnlockWithWait+0x5c>)
10001be4:	b082      	sub	sp, #8
10001be6:	7804      	ldrb	r4, [r0, #0]
10001be8:	20d0      	movs	r0, #208	@ 0xd0
10001bea:	0600      	lsls	r0, r0, #24
10001bec:	6800      	ldr	r0, [r0, #0]
10001bee:	4284      	cmp	r4, r0
10001bf0:	d008      	beq.n	10001c04 <vPortLockInternalSpinUnlockWithWait+0x28>
10001bf2:	f3bf 8f5f 	dmb	sy
10001bf6:	2300      	movs	r3, #0
10001bf8:	6013      	str	r3, [r2, #0]
10001bfa:	f381 8810 	msr	PRIMASK, r1
10001bfe:	bf20      	wfe
10001c00:	b002      	add	sp, #8
10001c02:	bd10      	pop	{r4, pc}
10001c04:	f3bf 8f5f 	dmb	sy
10001c08:	2000      	movs	r0, #0
10001c0a:	6010      	str	r0, [r2, #0]
10001c0c:	f381 8810 	msr	PRIMASK, r1
10001c10:	4a0a      	ldr	r2, [pc, #40]	@ (10001c3c <vPortLockInternalSpinUnlockWithWait+0x60>)
10001c12:	681b      	ldr	r3, [r3, #0]
10001c14:	6810      	ldr	r0, [r2, #0]
10001c16:	4a0a      	ldr	r2, [pc, #40]	@ (10001c40 <vPortLockInternalSpinUnlockWithWait+0x64>)
10001c18:	4694      	mov	ip, r2
10001c1a:	4463      	add	r3, ip
10001c1c:	109a      	asrs	r2, r3, #2
10001c1e:	2b5c      	cmp	r3, #92	@ 0x5c
10001c20:	d900      	bls.n	10001c24 <vPortLockInternalSpinUnlockWithWait+0x48>
10001c22:	3a18      	subs	r2, #24
10001c24:	2301      	movs	r3, #1
10001c26:	2101      	movs	r1, #1
10001c28:	425b      	negs	r3, r3
10001c2a:	4091      	lsls	r1, r2
10001c2c:	9300      	str	r3, [sp, #0]
10001c2e:	2201      	movs	r2, #1
10001c30:	2300      	movs	r3, #0
10001c32:	f000 f94d 	bl	10001ed0 <xEventGroupWaitBits>
10001c36:	e7e3      	b.n	10001c00 <vPortLockInternalSpinUnlockWithWait+0x24>
10001c38:	20000200 	.word	0x20000200
10001c3c:	20020a80 	.word	0x20020a80
10001c40:	2fffff00 	.word	0x2fffff00

10001c44 <vPortLockInternalSpinUnlockWithNotify>:
10001c44:	000a      	movs	r2, r1
10001c46:	492b      	ldr	r1, [pc, #172]	@ (10001cf4 <vPortLockInternalSpinUnlockWithNotify+0xb0>)
10001c48:	b530      	push	{r4, r5, lr}
10001c4a:	468c      	mov	ip, r1
10001c4c:	6803      	ldr	r3, [r0, #0]
10001c4e:	b083      	sub	sp, #12
10001c50:	4463      	add	r3, ip
10001c52:	109c      	asrs	r4, r3, #2
10001c54:	2b5c      	cmp	r3, #92	@ 0x5c
10001c56:	d900      	bls.n	10001c5a <vPortLockInternalSpinUnlockWithNotify+0x16>
10001c58:	3c18      	subs	r4, #24
10001c5a:	2101      	movs	r1, #1
10001c5c:	4b26      	ldr	r3, [pc, #152]	@ (10001cf8 <vPortLockInternalSpinUnlockWithNotify+0xb4>)
10001c5e:	40a1      	lsls	r1, r4
10001c60:	781c      	ldrb	r4, [r3, #0]
10001c62:	23d0      	movs	r3, #208	@ 0xd0
10001c64:	061b      	lsls	r3, r3, #24
10001c66:	681b      	ldr	r3, [r3, #0]
10001c68:	429c      	cmp	r4, r3
10001c6a:	d01f      	beq.n	10001cac <vPortLockInternalSpinUnlockWithNotify+0x68>
10001c6c:	bf40      	sev
10001c6e:	4d23      	ldr	r5, [pc, #140]	@ (10001cfc <vPortLockInternalSpinUnlockWithNotify+0xb8>)
10001c70:	6803      	ldr	r3, [r0, #0]
10001c72:	682c      	ldr	r4, [r5, #0]
10001c74:	42a3      	cmp	r3, r4
10001c76:	d034      	beq.n	10001ce2 <vPortLockInternalSpinUnlockWithNotify+0x9e>
10001c78:	6823      	ldr	r3, [r4, #0]
10001c7a:	2b00      	cmp	r3, #0
10001c7c:	d0fc      	beq.n	10001c78 <vPortLockInternalSpinUnlockWithNotify+0x34>
10001c7e:	f3bf 8f5f 	dmb	sy
10001c82:	4c1f      	ldr	r4, [pc, #124]	@ (10001d00 <vPortLockInternalSpinUnlockWithNotify+0xbc>)
10001c84:	6823      	ldr	r3, [r4, #0]
10001c86:	430b      	orrs	r3, r1
10001c88:	6023      	str	r3, [r4, #0]
10001c8a:	682b      	ldr	r3, [r5, #0]
10001c8c:	f3bf 8f5f 	dmb	sy
10001c90:	2100      	movs	r1, #0
10001c92:	6019      	str	r1, [r3, #0]
10001c94:	6803      	ldr	r3, [r0, #0]
10001c96:	20d0      	movs	r0, #208	@ 0xd0
10001c98:	2100      	movs	r1, #0
10001c9a:	0600      	lsls	r0, r0, #24
10001c9c:	6541      	str	r1, [r0, #84]	@ 0x54
10001c9e:	f3bf 8f5f 	dmb	sy
10001ca2:	6019      	str	r1, [r3, #0]
10001ca4:	f382 8810 	msr	PRIMASK, r2
10001ca8:	b003      	add	sp, #12
10001caa:	bd30      	pop	{r4, r5, pc}
10001cac:	bf40      	sev
10001cae:	6803      	ldr	r3, [r0, #0]
10001cb0:	f3bf 8f5f 	dmb	sy
10001cb4:	2400      	movs	r4, #0
10001cb6:	601c      	str	r4, [r3, #0]
10001cb8:	f382 8810 	msr	PRIMASK, r2
10001cbc:	f3ef 8305 	mrs	r3, IPSR
10001cc0:	4a10      	ldr	r2, [pc, #64]	@ (10001d04 <vPortLockInternalSpinUnlockWithNotify+0xc0>)
10001cc2:	b2db      	uxtb	r3, r3
10001cc4:	6810      	ldr	r0, [r2, #0]
10001cc6:	2b00      	cmp	r3, #0
10001cc8:	d010      	beq.n	10001cec <vPortLockInternalSpinUnlockWithNotify+0xa8>
10001cca:	aa01      	add	r2, sp, #4
10001ccc:	9401      	str	r4, [sp, #4]
10001cce:	f000 f9a9 	bl	10002024 <xEventGroupSetBitsFromISR>
10001cd2:	9b01      	ldr	r3, [sp, #4]
10001cd4:	2b00      	cmp	r3, #0
10001cd6:	d0e7      	beq.n	10001ca8 <vPortLockInternalSpinUnlockWithNotify+0x64>
10001cd8:	2280      	movs	r2, #128	@ 0x80
10001cda:	4b0b      	ldr	r3, [pc, #44]	@ (10001d08 <vPortLockInternalSpinUnlockWithNotify+0xc4>)
10001cdc:	0552      	lsls	r2, r2, #21
10001cde:	601a      	str	r2, [r3, #0]
10001ce0:	e7e2      	b.n	10001ca8 <vPortLockInternalSpinUnlockWithNotify+0x64>
10001ce2:	4c07      	ldr	r4, [pc, #28]	@ (10001d00 <vPortLockInternalSpinUnlockWithNotify+0xbc>)
10001ce4:	6820      	ldr	r0, [r4, #0]
10001ce6:	4308      	orrs	r0, r1
10001ce8:	6020      	str	r0, [r4, #0]
10001cea:	e7d4      	b.n	10001c96 <vPortLockInternalSpinUnlockWithNotify+0x52>
10001cec:	f000 f94c 	bl	10001f88 <xEventGroupSetBits>
10001cf0:	e7da      	b.n	10001ca8 <vPortLockInternalSpinUnlockWithNotify+0x64>
10001cf2:	46c0      	nop			@ (mov r8, r8)
10001cf4:	2fffff00 	.word	0x2fffff00
10001cf8:	20000200 	.word	0x20000200
10001cfc:	20000870 	.word	0x20000870
10001d00:	20020a70 	.word	0x20020a70
10001d04:	20020a80 	.word	0x20020a80
10001d08:	e000ed04 	.word	0xe000ed04

10001d0c <xPortLockInternalSpinUnlockWithBestEffortWaitOrTimeout>:
10001d0c:	b5f0      	push	{r4, r5, r6, r7, lr}
10001d0e:	46ce      	mov	lr, r9
10001d10:	4647      	mov	r7, r8
10001d12:	b580      	push	{r7, lr}
10001d14:	001d      	movs	r5, r3
10001d16:	4b34      	ldr	r3, [pc, #208]	@ (10001de8 <xPortLockInternalSpinUnlockWithBestEffortWaitOrTimeout+0xdc>)
10001d18:	0014      	movs	r4, r2
10001d1a:	781a      	ldrb	r2, [r3, #0]
10001d1c:	23d0      	movs	r3, #208	@ 0xd0
10001d1e:	061b      	lsls	r3, r3, #24
10001d20:	681b      	ldr	r3, [r3, #0]
10001d22:	4680      	mov	r8, r0
10001d24:	4689      	mov	r9, r1
10001d26:	b083      	sub	sp, #12
10001d28:	429a      	cmp	r2, r3
10001d2a:	d00f      	beq.n	10001d4c <xPortLockInternalSpinUnlockWithBestEffortWaitOrTimeout+0x40>
10001d2c:	6803      	ldr	r3, [r0, #0]
10001d2e:	f3bf 8f5f 	dmb	sy
10001d32:	2200      	movs	r2, #0
10001d34:	601a      	str	r2, [r3, #0]
10001d36:	f381 8810 	msr	PRIMASK, r1
10001d3a:	0020      	movs	r0, r4
10001d3c:	0029      	movs	r1, r5
10001d3e:	f7fe febd 	bl	10000abc <best_effort_wfe_or_timeout>
10001d42:	b003      	add	sp, #12
10001d44:	bcc0      	pop	{r6, r7}
10001d46:	46b9      	mov	r9, r7
10001d48:	46b0      	mov	r8, r6
10001d4a:	bdf0      	pop	{r4, r5, r6, r7, pc}
10001d4c:	f7fe ff4e 	bl	10000bec <time_us_64>
10001d50:	0026      	movs	r6, r4
10001d52:	002f      	movs	r7, r5
10001d54:	1a36      	subs	r6, r6, r0
10001d56:	418f      	sbcs	r7, r1
10001d58:	2101      	movs	r1, #1
10001d5a:	4824      	ldr	r0, [pc, #144]	@ (10001dec <xPortLockInternalSpinUnlockWithBestEffortWaitOrTimeout+0xe0>)
10001d5c:	4249      	negs	r1, r1
10001d5e:	1980      	adds	r0, r0, r6
10001d60:	4179      	adcs	r1, r7
10001d62:	4643      	mov	r3, r8
10001d64:	681e      	ldr	r6, [r3, #0]
10001d66:	2900      	cmp	r1, #0
10001d68:	dc1e      	bgt.n	10001da8 <xPortLockInternalSpinUnlockWithBestEffortWaitOrTimeout+0x9c>
10001d6a:	d019      	beq.n	10001da0 <xPortLockInternalSpinUnlockWithBestEffortWaitOrTimeout+0x94>
10001d6c:	f3bf 8f5f 	dmb	sy
10001d70:	2300      	movs	r3, #0
10001d72:	6033      	str	r3, [r6, #0]
10001d74:	f389 8810 	msr	PRIMASK, r9
10001d78:	4b1d      	ldr	r3, [pc, #116]	@ (10001df0 <xPortLockInternalSpinUnlockWithBestEffortWaitOrTimeout+0xe4>)
10001d7a:	6a5a      	ldr	r2, [r3, #36]	@ 0x24
10001d7c:	4295      	cmp	r5, r2
10001d7e:	d805      	bhi.n	10001d8c <xPortLockInternalSpinUnlockWithBestEffortWaitOrTimeout+0x80>
10001d80:	6a9b      	ldr	r3, [r3, #40]	@ 0x28
10001d82:	2001      	movs	r0, #1
10001d84:	42a3      	cmp	r3, r4
10001d86:	d2dc      	bcs.n	10001d42 <xPortLockInternalSpinUnlockWithBestEffortWaitOrTimeout+0x36>
10001d88:	4295      	cmp	r5, r2
10001d8a:	d1da      	bne.n	10001d42 <xPortLockInternalSpinUnlockWithBestEffortWaitOrTimeout+0x36>
10001d8c:	2280      	movs	r2, #128	@ 0x80
10001d8e:	4b19      	ldr	r3, [pc, #100]	@ (10001df4 <xPortLockInternalSpinUnlockWithBestEffortWaitOrTimeout+0xe8>)
10001d90:	0552      	lsls	r2, r2, #21
10001d92:	601a      	str	r2, [r3, #0]
10001d94:	f3bf 8f4f 	dsb	sy
10001d98:	f3bf 8f6f 	isb	sy
10001d9c:	2000      	movs	r0, #0
10001d9e:	e7d0      	b.n	10001d42 <xPortLockInternalSpinUnlockWithBestEffortWaitOrTimeout+0x36>
10001da0:	23fa      	movs	r3, #250	@ 0xfa
10001da2:	009b      	lsls	r3, r3, #2
10001da4:	4298      	cmp	r0, r3
10001da6:	d3e1      	bcc.n	10001d6c <xPortLockInternalSpinUnlockWithBestEffortWaitOrTimeout+0x60>
10001da8:	22fa      	movs	r2, #250	@ 0xfa
10001daa:	2300      	movs	r3, #0
10001dac:	0092      	lsls	r2, r2, #2
10001dae:	f7ff fa1d 	bl	100011ec <__wrap___aeabi_ldivmod>
10001db2:	1e03      	subs	r3, r0, #0
10001db4:	d0da      	beq.n	10001d6c <xPortLockInternalSpinUnlockWithBestEffortWaitOrTimeout+0x60>
10001db6:	f3bf 8f5f 	dmb	sy
10001dba:	2200      	movs	r2, #0
10001dbc:	6032      	str	r2, [r6, #0]
10001dbe:	f389 8810 	msr	PRIMASK, r9
10001dc2:	4a0d      	ldr	r2, [pc, #52]	@ (10001df8 <xPortLockInternalSpinUnlockWithBestEffortWaitOrTimeout+0xec>)
10001dc4:	490d      	ldr	r1, [pc, #52]	@ (10001dfc <xPortLockInternalSpinUnlockWithBestEffortWaitOrTimeout+0xf0>)
10001dc6:	6810      	ldr	r0, [r2, #0]
10001dc8:	4642      	mov	r2, r8
10001dca:	468c      	mov	ip, r1
10001dcc:	6812      	ldr	r2, [r2, #0]
10001dce:	4462      	add	r2, ip
10001dd0:	1096      	asrs	r6, r2, #2
10001dd2:	2a5c      	cmp	r2, #92	@ 0x5c
10001dd4:	d900      	bls.n	10001dd8 <xPortLockInternalSpinUnlockWithBestEffortWaitOrTimeout+0xcc>
10001dd6:	3e18      	subs	r6, #24
10001dd8:	2101      	movs	r1, #1
10001dda:	9300      	str	r3, [sp, #0]
10001ddc:	40b1      	lsls	r1, r6
10001dde:	2300      	movs	r3, #0
10001de0:	2201      	movs	r2, #1
10001de2:	f000 f875 	bl	10001ed0 <xEventGroupWaitBits>
10001de6:	e7c7      	b.n	10001d78 <xPortLockInternalSpinUnlockWithBestEffortWaitOrTimeout+0x6c>
10001de8:	20000200 	.word	0x20000200
10001dec:	fffffc18 	.word	0xfffffc18
10001df0:	40054000 	.word	0x40054000
10001df4:	e000ed04 	.word	0xe000ed04
10001df8:	20020a80 	.word	0x20020a80
10001dfc:	2fffff00 	.word	0x2fffff00

10001e00 <prvRuntimeInitializer>:
10001e00:	b510      	push	{r4, lr}
10001e02:	f7fe fab3 	bl	1000036c <next_striped_spin_lock_num>
10001e06:	4a05      	ldr	r2, [pc, #20]	@ (10001e1c <prvRuntimeInitializer+0x1c>)
10001e08:	4b05      	ldr	r3, [pc, #20]	@ (10001e20 <prvRuntimeInitializer+0x20>)
10001e0a:	4694      	mov	ip, r2
10001e0c:	4460      	add	r0, ip
10001e0e:	0080      	lsls	r0, r0, #2
10001e10:	6018      	str	r0, [r3, #0]
10001e12:	f000 f851 	bl	10001eb8 <xEventGroupCreate>
10001e16:	4b03      	ldr	r3, [pc, #12]	@ (10001e24 <prvRuntimeInitializer+0x24>)
10001e18:	6018      	str	r0, [r3, #0]
10001e1a:	bd10      	pop	{r4, pc}
10001e1c:	34000040 	.word	0x34000040
10001e20:	20000870 	.word	0x20000870
10001e24:	20020a80 	.word	0x20020a80

10001e28 <vEventGroupSetBitsCallback>:
10001e28:	b5f8      	push	{r3, r4, r5, r6, r7, lr}
10001e2a:	46de      	mov	lr, fp
10001e2c:	4657      	mov	r7, sl
10001e2e:	464e      	mov	r6, r9
10001e30:	4645      	mov	r5, r8
10001e32:	b5e0      	push	{r5, r6, r7, lr}
10001e34:	0005      	movs	r5, r0
10001e36:	000f      	movs	r7, r1
10001e38:	0006      	movs	r6, r0
10001e3a:	f000 fa8d 	bl	10002358 <vTaskSuspendAll>
10001e3e:	6829      	ldr	r1, [r5, #0]
10001e40:	692c      	ldr	r4, [r5, #16]
10001e42:	4339      	orrs	r1, r7
10001e44:	360c      	adds	r6, #12
10001e46:	6029      	str	r1, [r5, #0]
10001e48:	42a6      	cmp	r6, r4
10001e4a:	d02c      	beq.n	10001ea6 <vEventGroupSetBitsCallback+0x7e>
10001e4c:	2300      	movs	r3, #0
10001e4e:	4698      	mov	r8, r3
10001e50:	2380      	movs	r3, #128	@ 0x80
10001e52:	04db      	lsls	r3, r3, #19
10001e54:	469b      	mov	fp, r3
10001e56:	2380      	movs	r3, #128	@ 0x80
10001e58:	045b      	lsls	r3, r3, #17
10001e5a:	469a      	mov	sl, r3
10001e5c:	2380      	movs	r3, #128	@ 0x80
10001e5e:	049b      	lsls	r3, r3, #18
10001e60:	4699      	mov	r9, r3
10001e62:	e00f      	b.n	10001e84 <vEventGroupSetBitsCallback+0x5c>
10001e64:	4667      	mov	r7, ip
10001e66:	2f00      	cmp	r7, #0
10001e68:	d00a      	beq.n	10001e80 <vEventGroupSetBitsCallback+0x58>
10001e6a:	4657      	mov	r7, sl
10001e6c:	423a      	tst	r2, r7
10001e6e:	d002      	beq.n	10001e76 <vEventGroupSetBitsCallback+0x4e>
10001e70:	4642      	mov	r2, r8
10001e72:	431a      	orrs	r2, r3
10001e74:	4690      	mov	r8, r2
10001e76:	464b      	mov	r3, r9
10001e78:	4319      	orrs	r1, r3
10001e7a:	f000 fc59 	bl	10002730 <vTaskRemoveFromUnorderedEventList>
10001e7e:	6829      	ldr	r1, [r5, #0]
10001e80:	42a6      	cmp	r6, r4
10001e82:	d00e      	beq.n	10001ea2 <vEventGroupSetBitsCallback+0x7a>
10001e84:	0020      	movs	r0, r4
10001e86:	000f      	movs	r7, r1
10001e88:	6802      	ldr	r2, [r0, #0]
10001e8a:	6864      	ldr	r4, [r4, #4]
10001e8c:	0213      	lsls	r3, r2, #8
10001e8e:	0a1b      	lsrs	r3, r3, #8
10001e90:	401f      	ands	r7, r3
10001e92:	46bc      	mov	ip, r7
10001e94:	465f      	mov	r7, fp
10001e96:	423a      	tst	r2, r7
10001e98:	d0e4      	beq.n	10001e64 <vEventGroupSetBitsCallback+0x3c>
10001e9a:	4563      	cmp	r3, ip
10001e9c:	d0e5      	beq.n	10001e6a <vEventGroupSetBitsCallback+0x42>
10001e9e:	42a6      	cmp	r6, r4
10001ea0:	d1f0      	bne.n	10001e84 <vEventGroupSetBitsCallback+0x5c>
10001ea2:	4643      	mov	r3, r8
10001ea4:	4399      	bics	r1, r3
10001ea6:	6029      	str	r1, [r5, #0]
10001ea8:	f000 fa5e 	bl	10002368 <xTaskResumeAll>
10001eac:	bcf0      	pop	{r4, r5, r6, r7}
10001eae:	46bb      	mov	fp, r7
10001eb0:	46b2      	mov	sl, r6
10001eb2:	46a9      	mov	r9, r5
10001eb4:	46a0      	mov	r8, r4
10001eb6:	bdf8      	pop	{r3, r4, r5, r6, r7, pc}

10001eb8 <xEventGroupCreate>:
10001eb8:	b510      	push	{r4, lr}
10001eba:	2018      	movs	r0, #24
10001ebc:	f000 fcaa 	bl	10002814 <pvPortMalloc>
10001ec0:	1e04      	subs	r4, r0, #0
10001ec2:	d003      	beq.n	10001ecc <xEventGroupCreate+0x14>
10001ec4:	2300      	movs	r3, #0
10001ec6:	c008      	stmia	r0!, {r3}
10001ec8:	f000 f8b8 	bl	1000203c <vListInitialise>
10001ecc:	0020      	movs	r0, r4
10001ece:	bd10      	pop	{r4, pc}

10001ed0 <xEventGroupWaitBits>:
10001ed0:	b5f0      	push	{r4, r5, r6, r7, lr}
10001ed2:	46c6      	mov	lr, r8
10001ed4:	000d      	movs	r5, r1
10001ed6:	0006      	movs	r6, r0
10001ed8:	b500      	push	{lr}
10001eda:	001f      	movs	r7, r3
10001edc:	4690      	mov	r8, r2
10001ede:	f000 fa3b 	bl	10002358 <vTaskSuspendAll>
10001ee2:	002b      	movs	r3, r5
10001ee4:	6834      	ldr	r4, [r6, #0]
10001ee6:	4023      	ands	r3, r4
10001ee8:	2f00      	cmp	r7, #0
10001eea:	d10d      	bne.n	10001f08 <xEventGroupWaitBits+0x38>
10001eec:	2b00      	cmp	r3, #0
10001eee:	d028      	beq.n	10001f42 <xEventGroupWaitBits+0x72>
10001ef0:	4643      	mov	r3, r8
10001ef2:	2b00      	cmp	r3, #0
10001ef4:	d028      	beq.n	10001f48 <xEventGroupWaitBits+0x78>
10001ef6:	0023      	movs	r3, r4
10001ef8:	43ab      	bics	r3, r5
10001efa:	6033      	str	r3, [r6, #0]
10001efc:	f000 fa34 	bl	10002368 <xTaskResumeAll>
10001f00:	0020      	movs	r0, r4
10001f02:	bc80      	pop	{r7}
10001f04:	46b8      	mov	r8, r7
10001f06:	bdf0      	pop	{r4, r5, r6, r7, pc}
10001f08:	429d      	cmp	r5, r3
10001f0a:	d0f1      	beq.n	10001ef0 <xEventGroupWaitBits+0x20>
10001f0c:	9b06      	ldr	r3, [sp, #24]
10001f0e:	2b00      	cmp	r3, #0
10001f10:	d01a      	beq.n	10001f48 <xEventGroupWaitBits+0x78>
10001f12:	4643      	mov	r3, r8
10001f14:	2180      	movs	r1, #128	@ 0x80
10001f16:	1e5a      	subs	r2, r3, #1
10001f18:	4193      	sbcs	r3, r2
10001f1a:	04c9      	lsls	r1, r1, #19
10001f1c:	061b      	lsls	r3, r3, #24
10001f1e:	4319      	orrs	r1, r3
10001f20:	9a06      	ldr	r2, [sp, #24]
10001f22:	4329      	orrs	r1, r5
10001f24:	1d30      	adds	r0, r6, #4
10001f26:	f000 fb3b 	bl	100025a0 <vTaskPlaceOnUnorderedEventList>
10001f2a:	f000 fa1d 	bl	10002368 <xTaskResumeAll>
10001f2e:	2800      	cmp	r0, #0
10001f30:	d024      	beq.n	10001f7c <xEventGroupWaitBits+0xac>
10001f32:	f000 fc4d 	bl	100027d0 <uxTaskResetEventItemValue>
10001f36:	0004      	movs	r4, r0
10001f38:	0183      	lsls	r3, r0, #6
10001f3a:	d50d      	bpl.n	10001f58 <xEventGroupWaitBits+0x88>
10001f3c:	0224      	lsls	r4, r4, #8
10001f3e:	0a24      	lsrs	r4, r4, #8
10001f40:	e7de      	b.n	10001f00 <xEventGroupWaitBits+0x30>
10001f42:	9b06      	ldr	r3, [sp, #24]
10001f44:	2b00      	cmp	r3, #0
10001f46:	d102      	bne.n	10001f4e <xEventGroupWaitBits+0x7e>
10001f48:	f000 fa0e 	bl	10002368 <xTaskResumeAll>
10001f4c:	e7d8      	b.n	10001f00 <xEventGroupWaitBits+0x30>
10001f4e:	4641      	mov	r1, r8
10001f50:	1e4b      	subs	r3, r1, #1
10001f52:	4199      	sbcs	r1, r3
10001f54:	0609      	lsls	r1, r1, #24
10001f56:	e7e3      	b.n	10001f20 <xEventGroupWaitBits+0x50>
10001f58:	f7ff fdfa 	bl	10001b50 <vPortEnterCritical>
10001f5c:	6834      	ldr	r4, [r6, #0]
10001f5e:	0023      	movs	r3, r4
10001f60:	402b      	ands	r3, r5
10001f62:	2f00      	cmp	r7, #0
10001f64:	d10d      	bne.n	10001f82 <xEventGroupWaitBits+0xb2>
10001f66:	2b00      	cmp	r3, #0
10001f68:	d005      	beq.n	10001f76 <xEventGroupWaitBits+0xa6>
10001f6a:	4643      	mov	r3, r8
10001f6c:	2b00      	cmp	r3, #0
10001f6e:	d002      	beq.n	10001f76 <xEventGroupWaitBits+0xa6>
10001f70:	0023      	movs	r3, r4
10001f72:	43ab      	bics	r3, r5
10001f74:	6033      	str	r3, [r6, #0]
10001f76:	f7ff fdf7 	bl	10001b68 <vPortExitCritical>
10001f7a:	e7df      	b.n	10001f3c <xEventGroupWaitBits+0x6c>
10001f7c:	f7ff fddc 	bl	10001b38 <vPortYield>
10001f80:	e7d7      	b.n	10001f32 <xEventGroupWaitBits+0x62>
10001f82:	42ab      	cmp	r3, r5
10001f84:	d1f7      	bne.n	10001f76 <xEventGroupWaitBits+0xa6>
10001f86:	e7f0      	b.n	10001f6a <xEventGroupWaitBits+0x9a>

10001f88 <xEventGroupSetBits>:
10001f88:	b5f0      	push	{r4, r5, r6, r7, lr}
10001f8a:	46de      	mov	lr, fp
10001f8c:	4657      	mov	r7, sl
10001f8e:	464e      	mov	r6, r9
10001f90:	4645      	mov	r5, r8
10001f92:	0004      	movs	r4, r0
10001f94:	b5e0      	push	{r5, r6, r7, lr}
10001f96:	b083      	sub	sp, #12
10001f98:	000d      	movs	r5, r1
10001f9a:	0006      	movs	r6, r0
10001f9c:	9001      	str	r0, [sp, #4]
10001f9e:	f000 f9db 	bl	10002358 <vTaskSuspendAll>
10001fa2:	0022      	movs	r2, r4
10001fa4:	6813      	ldr	r3, [r2, #0]
10001fa6:	6924      	ldr	r4, [r4, #16]
10001fa8:	360c      	adds	r6, #12
10001faa:	431d      	orrs	r5, r3
10001fac:	0037      	movs	r7, r6
10001fae:	6015      	str	r5, [r2, #0]
10001fb0:	42a6      	cmp	r6, r4
10001fb2:	d02b      	beq.n	1000200c <xEventGroupSetBits+0x84>
10001fb4:	2300      	movs	r3, #0
10001fb6:	4699      	mov	r9, r3
10001fb8:	2380      	movs	r3, #128	@ 0x80
10001fba:	04db      	lsls	r3, r3, #19
10001fbc:	4698      	mov	r8, r3
10001fbe:	2380      	movs	r3, #128	@ 0x80
10001fc0:	045b      	lsls	r3, r3, #17
10001fc2:	469b      	mov	fp, r3
10001fc4:	2380      	movs	r3, #128	@ 0x80
10001fc6:	049b      	lsls	r3, r3, #18
10001fc8:	469a      	mov	sl, r3
10001fca:	e00f      	b.n	10001fec <xEventGroupSetBits+0x64>
10001fcc:	2900      	cmp	r1, #0
10001fce:	d00b      	beq.n	10001fe8 <xEventGroupSetBits+0x60>
10001fd0:	4659      	mov	r1, fp
10001fd2:	420a      	tst	r2, r1
10001fd4:	d002      	beq.n	10001fdc <xEventGroupSetBits+0x54>
10001fd6:	464a      	mov	r2, r9
10001fd8:	431a      	orrs	r2, r3
10001fda:	4691      	mov	r9, r2
10001fdc:	4651      	mov	r1, sl
10001fde:	4329      	orrs	r1, r5
10001fe0:	f000 fba6 	bl	10002730 <vTaskRemoveFromUnorderedEventList>
10001fe4:	9b01      	ldr	r3, [sp, #4]
10001fe6:	681d      	ldr	r5, [r3, #0]
10001fe8:	42a7      	cmp	r7, r4
10001fea:	d00d      	beq.n	10002008 <xEventGroupSetBits+0x80>
10001fec:	0020      	movs	r0, r4
10001fee:	0029      	movs	r1, r5
10001ff0:	4646      	mov	r6, r8
10001ff2:	6802      	ldr	r2, [r0, #0]
10001ff4:	6864      	ldr	r4, [r4, #4]
10001ff6:	0213      	lsls	r3, r2, #8
10001ff8:	0a1b      	lsrs	r3, r3, #8
10001ffa:	4019      	ands	r1, r3
10001ffc:	4232      	tst	r2, r6
10001ffe:	d0e5      	beq.n	10001fcc <xEventGroupSetBits+0x44>
10002000:	428b      	cmp	r3, r1
10002002:	d0e5      	beq.n	10001fd0 <xEventGroupSetBits+0x48>
10002004:	42a7      	cmp	r7, r4
10002006:	d1f1      	bne.n	10001fec <xEventGroupSetBits+0x64>
10002008:	464b      	mov	r3, r9
1000200a:	439d      	bics	r5, r3
1000200c:	9b01      	ldr	r3, [sp, #4]
1000200e:	601d      	str	r5, [r3, #0]
10002010:	f000 f9aa 	bl	10002368 <xTaskResumeAll>
10002014:	0028      	movs	r0, r5
10002016:	b003      	add	sp, #12
10002018:	bcf0      	pop	{r4, r5, r6, r7}
1000201a:	46bb      	mov	fp, r7
1000201c:	46b2      	mov	sl, r6
1000201e:	46a9      	mov	r9, r5
10002020:	46a0      	mov	r8, r4
10002022:	bdf0      	pop	{r4, r5, r6, r7, pc}

10002024 <xEventGroupSetBitsFromISR>:
10002024:	b510      	push	{r4, lr}
10002026:	4c04      	ldr	r4, [pc, #16]	@ (10002038 <xEventGroupSetBitsFromISR+0x14>)
10002028:	0013      	movs	r3, r2
1000202a:	000a      	movs	r2, r1
1000202c:	0001      	movs	r1, r0
1000202e:	0020      	movs	r0, r4
10002030:	f000 fbda 	bl	100027e8 <xTimerPendFunctionCallFromISR>
10002034:	bd10      	pop	{r4, pc}
10002036:	46c0      	nop			@ (mov r8, r8)
10002038:	10001e29 	.word	0x10001e29

1000203c <vListInitialise>:
1000203c:	0003      	movs	r3, r0
1000203e:	3308      	adds	r3, #8
10002040:	2201      	movs	r2, #1
10002042:	6043      	str	r3, [r0, #4]
10002044:	60c3      	str	r3, [r0, #12]
10002046:	6103      	str	r3, [r0, #16]
10002048:	2300      	movs	r3, #0
1000204a:	4252      	negs	r2, r2
1000204c:	6082      	str	r2, [r0, #8]
1000204e:	6003      	str	r3, [r0, #0]
10002050:	4770      	bx	lr
10002052:	46c0      	nop			@ (mov r8, r8)

10002054 <vListInsert>:
10002054:	0003      	movs	r3, r0
10002056:	b530      	push	{r4, r5, lr}
10002058:	680d      	ldr	r5, [r1, #0]
1000205a:	3308      	adds	r3, #8
1000205c:	1c6a      	adds	r2, r5, #1
1000205e:	d00d      	beq.n	1000207c <vListInsert+0x28>
10002060:	001c      	movs	r4, r3
10002062:	685b      	ldr	r3, [r3, #4]
10002064:	681a      	ldr	r2, [r3, #0]
10002066:	42aa      	cmp	r2, r5
10002068:	d9fa      	bls.n	10002060 <vListInsert+0xc>
1000206a:	604b      	str	r3, [r1, #4]
1000206c:	6099      	str	r1, [r3, #8]
1000206e:	6803      	ldr	r3, [r0, #0]
10002070:	608c      	str	r4, [r1, #8]
10002072:	3301      	adds	r3, #1
10002074:	6061      	str	r1, [r4, #4]
10002076:	6108      	str	r0, [r1, #16]
10002078:	6003      	str	r3, [r0, #0]
1000207a:	bd30      	pop	{r4, r5, pc}
1000207c:	6904      	ldr	r4, [r0, #16]
1000207e:	6863      	ldr	r3, [r4, #4]
10002080:	e7f3      	b.n	1000206a <vListInsert+0x16>
10002082:	46c0      	nop			@ (mov r8, r8)

10002084 <uxListRemove>:
10002084:	6903      	ldr	r3, [r0, #16]
10002086:	6841      	ldr	r1, [r0, #4]
10002088:	6882      	ldr	r2, [r0, #8]
1000208a:	608a      	str	r2, [r1, #8]
1000208c:	6051      	str	r1, [r2, #4]
1000208e:	6859      	ldr	r1, [r3, #4]
10002090:	4281      	cmp	r1, r0
10002092:	d005      	beq.n	100020a0 <uxListRemove+0x1c>
10002094:	2200      	movs	r2, #0
10002096:	6102      	str	r2, [r0, #16]
10002098:	6818      	ldr	r0, [r3, #0]
1000209a:	3801      	subs	r0, #1
1000209c:	6018      	str	r0, [r3, #0]
1000209e:	4770      	bx	lr
100020a0:	605a      	str	r2, [r3, #4]
100020a2:	e7f7      	b.n	10002094 <uxListRemove+0x10>

100020a4 <xQueueGenericSendFromISR>:
100020a4:	b5f0      	push	{r4, r5, r6, r7, lr}
100020a6:	464f      	mov	r7, r9
100020a8:	46d6      	mov	lr, sl
100020aa:	4646      	mov	r6, r8
100020ac:	0004      	movs	r4, r0
100020ae:	b5c0      	push	{r6, r7, lr}
100020b0:	4691      	mov	r9, r2
100020b2:	001e      	movs	r6, r3
100020b4:	000f      	movs	r7, r1
100020b6:	f7ff fd61 	bl	10001b7c <ulSetInterruptMaskFromISR>
100020ba:	6ba2      	ldr	r2, [r4, #56]	@ 0x38
100020bc:	6be3      	ldr	r3, [r4, #60]	@ 0x3c
100020be:	0005      	movs	r5, r0
100020c0:	429a      	cmp	r2, r3
100020c2:	d321      	bcc.n	10002108 <xQueueGenericSendFromISR+0x64>
100020c4:	2300      	movs	r3, #0
100020c6:	4698      	mov	r8, r3
100020c8:	2e02      	cmp	r6, #2
100020ca:	d008      	beq.n	100020de <xQueueGenericSendFromISR+0x3a>
100020cc:	0028      	movs	r0, r5
100020ce:	f7ff fd59 	bl	10001b84 <vClearInterruptMaskFromISR>
100020d2:	4640      	mov	r0, r8
100020d4:	bce0      	pop	{r5, r6, r7}
100020d6:	46ba      	mov	sl, r7
100020d8:	46b1      	mov	r9, r6
100020da:	46a8      	mov	r8, r5
100020dc:	bdf0      	pop	{r4, r5, r6, r7, pc}
100020de:	3345      	adds	r3, #69	@ 0x45
100020e0:	5ce3      	ldrb	r3, [r4, r3]
100020e2:	6c22      	ldr	r2, [r4, #64]	@ 0x40
100020e4:	b25b      	sxtb	r3, r3
100020e6:	4698      	mov	r8, r3
100020e8:	6ba3      	ldr	r3, [r4, #56]	@ 0x38
100020ea:	6ba3      	ldr	r3, [r4, #56]	@ 0x38
100020ec:	469a      	mov	sl, r3
100020ee:	2a00      	cmp	r2, #0
100020f0:	d132      	bne.n	10002158 <xQueueGenericSendFromISR+0xb4>
100020f2:	3301      	adds	r3, #1
100020f4:	63a3      	str	r3, [r4, #56]	@ 0x38
100020f6:	4643      	mov	r3, r8
100020f8:	3301      	adds	r3, #1
100020fa:	d121      	bne.n	10002140 <xQueueGenericSendFromISR+0x9c>
100020fc:	6a63      	ldr	r3, [r4, #36]	@ 0x24
100020fe:	2b00      	cmp	r3, #0
10002100:	d13d      	bne.n	1000217e <xQueueGenericSendFromISR+0xda>
10002102:	2301      	movs	r3, #1
10002104:	4698      	mov	r8, r3
10002106:	e7e1      	b.n	100020cc <xQueueGenericSendFromISR+0x28>
10002108:	2345      	movs	r3, #69	@ 0x45
1000210a:	5ce3      	ldrb	r3, [r4, r3]
1000210c:	6c22      	ldr	r2, [r4, #64]	@ 0x40
1000210e:	b25b      	sxtb	r3, r3
10002110:	4698      	mov	r8, r3
10002112:	6ba3      	ldr	r3, [r4, #56]	@ 0x38
10002114:	6ba3      	ldr	r3, [r4, #56]	@ 0x38
10002116:	469a      	mov	sl, r3
10002118:	2a00      	cmp	r2, #0
1000211a:	d0ea      	beq.n	100020f2 <xQueueGenericSendFromISR+0x4e>
1000211c:	2e00      	cmp	r6, #0
1000211e:	d13b      	bne.n	10002198 <xQueueGenericSendFromISR+0xf4>
10002120:	0039      	movs	r1, r7
10002122:	6860      	ldr	r0, [r4, #4]
10002124:	f7ff fb46 	bl	100017b4 <__wrap___aeabi_memcpy>
10002128:	6862      	ldr	r2, [r4, #4]
1000212a:	6c23      	ldr	r3, [r4, #64]	@ 0x40
1000212c:	68a1      	ldr	r1, [r4, #8]
1000212e:	18d2      	adds	r2, r2, r3
10002130:	4653      	mov	r3, sl
10002132:	6062      	str	r2, [r4, #4]
10002134:	3301      	adds	r3, #1
10002136:	428a      	cmp	r2, r1
10002138:	d3dc      	bcc.n	100020f4 <xQueueGenericSendFromISR+0x50>
1000213a:	6822      	ldr	r2, [r4, #0]
1000213c:	6062      	str	r2, [r4, #4]
1000213e:	e7d9      	b.n	100020f4 <xQueueGenericSendFromISR+0x50>
10002140:	f000 f9d6 	bl	100024f0 <uxTaskGetNumberOfTasks>
10002144:	4580      	cmp	r8, r0
10002146:	d2dc      	bcs.n	10002102 <xQueueGenericSendFromISR+0x5e>
10002148:	4643      	mov	r3, r8
1000214a:	2245      	movs	r2, #69	@ 0x45
1000214c:	3301      	adds	r3, #1
1000214e:	b25b      	sxtb	r3, r3
10002150:	54a3      	strb	r3, [r4, r2]
10002152:	2301      	movs	r3, #1
10002154:	4698      	mov	r8, r3
10002156:	e7b9      	b.n	100020cc <xQueueGenericSendFromISR+0x28>
10002158:	0039      	movs	r1, r7
1000215a:	68e0      	ldr	r0, [r4, #12]
1000215c:	f7ff fb2a 	bl	100017b4 <__wrap___aeabi_memcpy>
10002160:	6c22      	ldr	r2, [r4, #64]	@ 0x40
10002162:	68e3      	ldr	r3, [r4, #12]
10002164:	4251      	negs	r1, r2
10002166:	1a9b      	subs	r3, r3, r2
10002168:	6822      	ldr	r2, [r4, #0]
1000216a:	60e3      	str	r3, [r4, #12]
1000216c:	4293      	cmp	r3, r2
1000216e:	d202      	bcs.n	10002176 <xQueueGenericSendFromISR+0xd2>
10002170:	68a3      	ldr	r3, [r4, #8]
10002172:	185b      	adds	r3, r3, r1
10002174:	60e3      	str	r3, [r4, #12]
10002176:	4653      	mov	r3, sl
10002178:	2b00      	cmp	r3, #0
1000217a:	d1bb      	bne.n	100020f4 <xQueueGenericSendFromISR+0x50>
1000217c:	e7b9      	b.n	100020f2 <xQueueGenericSendFromISR+0x4e>
1000217e:	0020      	movs	r0, r4
10002180:	3024      	adds	r0, #36	@ 0x24
10002182:	f000 fa6f 	bl	10002664 <xTaskRemoveFromEventList>
10002186:	2800      	cmp	r0, #0
10002188:	d0bb      	beq.n	10002102 <xQueueGenericSendFromISR+0x5e>
1000218a:	464b      	mov	r3, r9
1000218c:	2b00      	cmp	r3, #0
1000218e:	d0b8      	beq.n	10002102 <xQueueGenericSendFromISR+0x5e>
10002190:	2301      	movs	r3, #1
10002192:	464a      	mov	r2, r9
10002194:	6013      	str	r3, [r2, #0]
10002196:	e7b4      	b.n	10002102 <xQueueGenericSendFromISR+0x5e>
10002198:	0039      	movs	r1, r7
1000219a:	68e0      	ldr	r0, [r4, #12]
1000219c:	f7ff fb0a 	bl	100017b4 <__wrap___aeabi_memcpy>
100021a0:	6c22      	ldr	r2, [r4, #64]	@ 0x40
100021a2:	68e3      	ldr	r3, [r4, #12]
100021a4:	4251      	negs	r1, r2
100021a6:	1a9b      	subs	r3, r3, r2
100021a8:	6822      	ldr	r2, [r4, #0]
100021aa:	60e3      	str	r3, [r4, #12]
100021ac:	4293      	cmp	r3, r2
100021ae:	d304      	bcc.n	100021ba <xQueueGenericSendFromISR+0x116>
100021b0:	2e02      	cmp	r6, #2
100021b2:	d0e0      	beq.n	10002176 <xQueueGenericSendFromISR+0xd2>
100021b4:	4653      	mov	r3, sl
100021b6:	3301      	adds	r3, #1
100021b8:	e79c      	b.n	100020f4 <xQueueGenericSendFromISR+0x50>
100021ba:	68a3      	ldr	r3, [r4, #8]
100021bc:	185b      	adds	r3, r3, r1
100021be:	60e3      	str	r3, [r4, #12]
100021c0:	e7f6      	b.n	100021b0 <xQueueGenericSendFromISR+0x10c>
100021c2:	46c0      	nop			@ (mov r8, r8)

100021c4 <xTaskIncrementTick.part.0>:
100021c4:	b5f0      	push	{r4, r5, r6, r7, lr}
100021c6:	46de      	mov	lr, fp
100021c8:	4657      	mov	r7, sl
100021ca:	464e      	mov	r6, r9
100021cc:	4645      	mov	r5, r8
100021ce:	4b59      	ldr	r3, [pc, #356]	@ (10002334 <xTaskIncrementTick.part.0+0x170>)
100021d0:	b5e0      	push	{r5, r6, r7, lr}
100021d2:	681a      	ldr	r2, [r3, #0]
100021d4:	b083      	sub	sp, #12
100021d6:	3201      	adds	r2, #1
100021d8:	4694      	mov	ip, r2
100021da:	601a      	str	r2, [r3, #0]
100021dc:	2a00      	cmp	r2, #0
100021de:	d05f      	beq.n	100022a0 <xTaskIncrementTick.part.0+0xdc>
100021e0:	4955      	ldr	r1, [pc, #340]	@ (10002338 <xTaskIncrementTick.part.0+0x174>)
100021e2:	680b      	ldr	r3, [r1, #0]
100021e4:	459c      	cmp	ip, r3
100021e6:	d370      	bcc.n	100022ca <xTaskIncrementTick.part.0+0x106>
100021e8:	4b54      	ldr	r3, [pc, #336]	@ (1000233c <xTaskIncrementTick.part.0+0x178>)
100021ea:	4699      	mov	r9, r3
100021ec:	681b      	ldr	r3, [r3, #0]
100021ee:	681b      	ldr	r3, [r3, #0]
100021f0:	2b00      	cmp	r3, #0
100021f2:	d100      	bne.n	100021f6 <xTaskIncrementTick.part.0+0x32>
100021f4:	e098      	b.n	10002328 <xTaskIncrementTick.part.0+0x164>
100021f6:	2300      	movs	r3, #0
100021f8:	4698      	mov	r8, r3
100021fa:	4b51      	ldr	r3, [pc, #324]	@ (10002340 <xTaskIncrementTick.part.0+0x17c>)
100021fc:	4e51      	ldr	r6, [pc, #324]	@ (10002344 <xTaskIncrementTick.part.0+0x180>)
100021fe:	469b      	mov	fp, r3
10002200:	4b51      	ldr	r3, [pc, #324]	@ (10002348 <xTaskIncrementTick.part.0+0x184>)
10002202:	9101      	str	r1, [sp, #4]
10002204:	469a      	mov	sl, r3
10002206:	e039      	b.n	1000227c <xTaskIncrementTick.part.0+0xb8>
10002208:	2100      	movs	r1, #0
1000220a:	6159      	str	r1, [r3, #20]
1000220c:	6811      	ldr	r1, [r2, #0]
1000220e:	3901      	subs	r1, #1
10002210:	6011      	str	r1, [r2, #0]
10002212:	6a9a      	ldr	r2, [r3, #40]	@ 0x28
10002214:	2a00      	cmp	r2, #0
10002216:	d00e      	beq.n	10002236 <xTaskIncrementTick.part.0+0x72>
10002218:	69d9      	ldr	r1, [r3, #28]
1000221a:	6a18      	ldr	r0, [r3, #32]
1000221c:	6855      	ldr	r5, [r2, #4]
1000221e:	6088      	str	r0, [r1, #8]
10002220:	6041      	str	r1, [r0, #4]
10002222:	0019      	movs	r1, r3
10002224:	3118      	adds	r1, #24
10002226:	428d      	cmp	r5, r1
10002228:	d100      	bne.n	1000222c <xTaskIncrementTick.part.0+0x68>
1000222a:	e073      	b.n	10002314 <xTaskIncrementTick.part.0+0x150>
1000222c:	2100      	movs	r1, #0
1000222e:	6299      	str	r1, [r3, #40]	@ 0x28
10002230:	6811      	ldr	r1, [r2, #0]
10002232:	3901      	subs	r1, #1
10002234:	6011      	str	r1, [r2, #0]
10002236:	4652      	mov	r2, sl
10002238:	6ad9      	ldr	r1, [r3, #44]	@ 0x2c
1000223a:	6812      	ldr	r2, [r2, #0]
1000223c:	4291      	cmp	r1, r2
1000223e:	d901      	bls.n	10002244 <xTaskIncrementTick.part.0+0x80>
10002240:	4652      	mov	r2, sl
10002242:	6011      	str	r1, [r2, #0]
10002244:	008a      	lsls	r2, r1, #2
10002246:	1852      	adds	r2, r2, r1
10002248:	0092      	lsls	r2, r2, #2
1000224a:	18b5      	adds	r5, r6, r2
1000224c:	6868      	ldr	r0, [r5, #4]
1000224e:	6887      	ldr	r7, [r0, #8]
10002250:	6098      	str	r0, [r3, #8]
10002252:	60df      	str	r7, [r3, #12]
10002254:	607c      	str	r4, [r7, #4]
10002256:	6084      	str	r4, [r0, #8]
10002258:	615d      	str	r5, [r3, #20]
1000225a:	58b3      	ldr	r3, [r6, r2]
1000225c:	3301      	adds	r3, #1
1000225e:	50b3      	str	r3, [r6, r2]
10002260:	465b      	mov	r3, fp
10002262:	681b      	ldr	r3, [r3, #0]
10002264:	4642      	mov	r2, r8
10002266:	6adb      	ldr	r3, [r3, #44]	@ 0x2c
10002268:	428b      	cmp	r3, r1
1000226a:	419b      	sbcs	r3, r3
1000226c:	425b      	negs	r3, r3
1000226e:	431a      	orrs	r2, r3
10002270:	464b      	mov	r3, r9
10002272:	681b      	ldr	r3, [r3, #0]
10002274:	4690      	mov	r8, r2
10002276:	681b      	ldr	r3, [r3, #0]
10002278:	2b00      	cmp	r3, #0
1000227a:	d050      	beq.n	1000231e <xTaskIncrementTick.part.0+0x15a>
1000227c:	464b      	mov	r3, r9
1000227e:	681b      	ldr	r3, [r3, #0]
10002280:	68db      	ldr	r3, [r3, #12]
10002282:	68db      	ldr	r3, [r3, #12]
10002284:	685a      	ldr	r2, [r3, #4]
10002286:	4594      	cmp	ip, r2
10002288:	d346      	bcc.n	10002318 <xTaskIncrementTick.part.0+0x154>
1000228a:	695a      	ldr	r2, [r3, #20]
1000228c:	6898      	ldr	r0, [r3, #8]
1000228e:	68d9      	ldr	r1, [r3, #12]
10002290:	1d1c      	adds	r4, r3, #4
10002292:	6081      	str	r1, [r0, #8]
10002294:	6048      	str	r0, [r1, #4]
10002296:	6850      	ldr	r0, [r2, #4]
10002298:	42a0      	cmp	r0, r4
1000229a:	d1b5      	bne.n	10002208 <xTaskIncrementTick.part.0+0x44>
1000229c:	6051      	str	r1, [r2, #4]
1000229e:	e7b3      	b.n	10002208 <xTaskIncrementTick.part.0+0x44>
100022a0:	4b26      	ldr	r3, [pc, #152]	@ (1000233c <xTaskIncrementTick.part.0+0x178>)
100022a2:	4a2a      	ldr	r2, [pc, #168]	@ (1000234c <xTaskIncrementTick.part.0+0x188>)
100022a4:	6819      	ldr	r1, [r3, #0]
100022a6:	6810      	ldr	r0, [r2, #0]
100022a8:	6018      	str	r0, [r3, #0]
100022aa:	6011      	str	r1, [r2, #0]
100022ac:	4928      	ldr	r1, [pc, #160]	@ (10002350 <xTaskIncrementTick.part.0+0x18c>)
100022ae:	680a      	ldr	r2, [r1, #0]
100022b0:	3201      	adds	r2, #1
100022b2:	600a      	str	r2, [r1, #0]
100022b4:	681a      	ldr	r2, [r3, #0]
100022b6:	6812      	ldr	r2, [r2, #0]
100022b8:	2a00      	cmp	r2, #0
100022ba:	d125      	bne.n	10002308 <xTaskIncrementTick.part.0+0x144>
100022bc:	2301      	movs	r3, #1
100022be:	491e      	ldr	r1, [pc, #120]	@ (10002338 <xTaskIncrementTick.part.0+0x174>)
100022c0:	425b      	negs	r3, r3
100022c2:	600b      	str	r3, [r1, #0]
100022c4:	680b      	ldr	r3, [r1, #0]
100022c6:	459c      	cmp	ip, r3
100022c8:	d28e      	bcs.n	100021e8 <xTaskIncrementTick.part.0+0x24>
100022ca:	2300      	movs	r3, #0
100022cc:	4698      	mov	r8, r3
100022ce:	4b1c      	ldr	r3, [pc, #112]	@ (10002340 <xTaskIncrementTick.part.0+0x17c>)
100022d0:	4e1c      	ldr	r6, [pc, #112]	@ (10002344 <xTaskIncrementTick.part.0+0x180>)
100022d2:	469b      	mov	fp, r3
100022d4:	465b      	mov	r3, fp
100022d6:	2001      	movs	r0, #1
100022d8:	681b      	ldr	r3, [r3, #0]
100022da:	4a1e      	ldr	r2, [pc, #120]	@ (10002354 <xTaskIncrementTick.part.0+0x190>)
100022dc:	6ad9      	ldr	r1, [r3, #44]	@ 0x2c
100022de:	6812      	ldr	r2, [r2, #0]
100022e0:	008b      	lsls	r3, r1, #2
100022e2:	185b      	adds	r3, r3, r1
100022e4:	009b      	lsls	r3, r3, #2
100022e6:	58f3      	ldr	r3, [r6, r3]
100022e8:	4298      	cmp	r0, r3
100022ea:	4180      	sbcs	r0, r0
100022ec:	0013      	movs	r3, r2
100022ee:	1e5a      	subs	r2, r3, #1
100022f0:	4193      	sbcs	r3, r2
100022f2:	4240      	negs	r0, r0
100022f4:	4318      	orrs	r0, r3
100022f6:	4643      	mov	r3, r8
100022f8:	4318      	orrs	r0, r3
100022fa:	b003      	add	sp, #12
100022fc:	bcf0      	pop	{r4, r5, r6, r7}
100022fe:	46bb      	mov	fp, r7
10002300:	46b2      	mov	sl, r6
10002302:	46a9      	mov	r9, r5
10002304:	46a0      	mov	r8, r4
10002306:	bdf0      	pop	{r4, r5, r6, r7, pc}
10002308:	681b      	ldr	r3, [r3, #0]
1000230a:	490b      	ldr	r1, [pc, #44]	@ (10002338 <xTaskIncrementTick.part.0+0x174>)
1000230c:	68db      	ldr	r3, [r3, #12]
1000230e:	681b      	ldr	r3, [r3, #0]
10002310:	600b      	str	r3, [r1, #0]
10002312:	e766      	b.n	100021e2 <xTaskIncrementTick.part.0+0x1e>
10002314:	6050      	str	r0, [r2, #4]
10002316:	e789      	b.n	1000222c <xTaskIncrementTick.part.0+0x68>
10002318:	9901      	ldr	r1, [sp, #4]
1000231a:	600a      	str	r2, [r1, #0]
1000231c:	e7da      	b.n	100022d4 <xTaskIncrementTick.part.0+0x110>
1000231e:	9901      	ldr	r1, [sp, #4]
10002320:	2301      	movs	r3, #1
10002322:	425b      	negs	r3, r3
10002324:	600b      	str	r3, [r1, #0]
10002326:	e7d5      	b.n	100022d4 <xTaskIncrementTick.part.0+0x110>
10002328:	4698      	mov	r8, r3
1000232a:	4b05      	ldr	r3, [pc, #20]	@ (10002340 <xTaskIncrementTick.part.0+0x17c>)
1000232c:	4e05      	ldr	r6, [pc, #20]	@ (10002344 <xTaskIncrementTick.part.0+0x180>)
1000232e:	469b      	mov	fp, r3
10002330:	e7f6      	b.n	10002320 <xTaskIncrementTick.part.0+0x15c>
10002332:	46c0      	nop			@ (mov r8, r8)
10002334:	20020acc 	.word	0x20020acc
10002338:	20020a8c 	.word	0x20020a8c
1000233c:	20000878 	.word	0x20000878
10002340:	20000874 	.word	0x20000874
10002344:	20000884 	.word	0x20000884
10002348:	20020a7c 	.word	0x20020a7c
1000234c:	20000880 	.word	0x20000880
10002350:	20020a90 	.word	0x20020a90
10002354:	20020ad4 	.word	0x20020ad4

10002358 <vTaskSuspendAll>:
10002358:	4a02      	ldr	r2, [pc, #8]	@ (10002364 <vTaskSuspendAll+0xc>)
1000235a:	6813      	ldr	r3, [r2, #0]
1000235c:	3301      	adds	r3, #1
1000235e:	6013      	str	r3, [r2, #0]
10002360:	4770      	bx	lr
10002362:	46c0      	nop			@ (mov r8, r8)
10002364:	20020a78 	.word	0x20020a78

10002368 <xTaskResumeAll>:
10002368:	b5f0      	push	{r4, r5, r6, r7, lr}
1000236a:	46de      	mov	lr, fp
1000236c:	4657      	mov	r7, sl
1000236e:	464e      	mov	r6, r9
10002370:	4645      	mov	r5, r8
10002372:	b5e0      	push	{r5, r6, r7, lr}
10002374:	b083      	sub	sp, #12
10002376:	f7ff fbeb 	bl	10001b50 <vPortEnterCritical>
1000237a:	4c53      	ldr	r4, [pc, #332]	@ (100024c8 <xTaskResumeAll+0x160>)
1000237c:	6823      	ldr	r3, [r4, #0]
1000237e:	3b01      	subs	r3, #1
10002380:	6023      	str	r3, [r4, #0]
10002382:	6823      	ldr	r3, [r4, #0]
10002384:	2b00      	cmp	r3, #0
10002386:	d000      	beq.n	1000238a <xTaskResumeAll+0x22>
10002388:	e081      	b.n	1000248e <xTaskResumeAll+0x126>
1000238a:	4b50      	ldr	r3, [pc, #320]	@ (100024cc <xTaskResumeAll+0x164>)
1000238c:	681b      	ldr	r3, [r3, #0]
1000238e:	2b00      	cmp	r3, #0
10002390:	d07d      	beq.n	1000248e <xTaskResumeAll+0x126>
10002392:	4b4f      	ldr	r3, [pc, #316]	@ (100024d0 <xTaskResumeAll+0x168>)
10002394:	469c      	mov	ip, r3
10002396:	681b      	ldr	r3, [r3, #0]
10002398:	2b00      	cmp	r3, #0
1000239a:	d100      	bne.n	1000239e <xTaskResumeAll+0x36>
1000239c:	e090      	b.n	100024c0 <xTaskResumeAll+0x158>
1000239e:	4b4d      	ldr	r3, [pc, #308]	@ (100024d4 <xTaskResumeAll+0x16c>)
100023a0:	4d4d      	ldr	r5, [pc, #308]	@ (100024d8 <xTaskResumeAll+0x170>)
100023a2:	4698      	mov	r8, r3
100023a4:	4b4d      	ldr	r3, [pc, #308]	@ (100024dc <xTaskResumeAll+0x174>)
100023a6:	9401      	str	r4, [sp, #4]
100023a8:	4699      	mov	r9, r3
100023aa:	4b4d      	ldr	r3, [pc, #308]	@ (100024e0 <xTaskResumeAll+0x178>)
100023ac:	469a      	mov	sl, r3
100023ae:	2300      	movs	r3, #0
100023b0:	469b      	mov	fp, r3
100023b2:	4663      	mov	r3, ip
100023b4:	68db      	ldr	r3, [r3, #12]
100023b6:	68db      	ldr	r3, [r3, #12]
100023b8:	69d8      	ldr	r0, [r3, #28]
100023ba:	6a19      	ldr	r1, [r3, #32]
100023bc:	6a9a      	ldr	r2, [r3, #40]	@ 0x28
100023be:	6081      	str	r1, [r0, #8]
100023c0:	6048      	str	r0, [r1, #4]
100023c2:	0018      	movs	r0, r3
100023c4:	6856      	ldr	r6, [r2, #4]
100023c6:	3018      	adds	r0, #24
100023c8:	4286      	cmp	r6, r0
100023ca:	d100      	bne.n	100023ce <xTaskResumeAll+0x66>
100023cc:	e072      	b.n	100024b4 <xTaskResumeAll+0x14c>
100023ce:	4659      	mov	r1, fp
100023d0:	6299      	str	r1, [r3, #40]	@ 0x28
100023d2:	6811      	ldr	r1, [r2, #0]
100023d4:	3901      	subs	r1, #1
100023d6:	6011      	str	r1, [r2, #0]
100023d8:	695a      	ldr	r2, [r3, #20]
100023da:	6898      	ldr	r0, [r3, #8]
100023dc:	68d9      	ldr	r1, [r3, #12]
100023de:	6856      	ldr	r6, [r2, #4]
100023e0:	6081      	str	r1, [r0, #8]
100023e2:	6048      	str	r0, [r1, #4]
100023e4:	1d18      	adds	r0, r3, #4
100023e6:	4286      	cmp	r6, r0
100023e8:	d062      	beq.n	100024b0 <xTaskResumeAll+0x148>
100023ea:	6811      	ldr	r1, [r2, #0]
100023ec:	3901      	subs	r1, #1
100023ee:	6011      	str	r1, [r2, #0]
100023f0:	4641      	mov	r1, r8
100023f2:	6ada      	ldr	r2, [r3, #44]	@ 0x2c
100023f4:	6809      	ldr	r1, [r1, #0]
100023f6:	428a      	cmp	r2, r1
100023f8:	d901      	bls.n	100023fe <xTaskResumeAll+0x96>
100023fa:	4641      	mov	r1, r8
100023fc:	600a      	str	r2, [r1, #0]
100023fe:	0091      	lsls	r1, r2, #2
10002400:	1889      	adds	r1, r1, r2
10002402:	008c      	lsls	r4, r1, #2
10002404:	192e      	adds	r6, r5, r4
10002406:	6871      	ldr	r1, [r6, #4]
10002408:	688f      	ldr	r7, [r1, #8]
1000240a:	6099      	str	r1, [r3, #8]
1000240c:	60df      	str	r7, [r3, #12]
1000240e:	6078      	str	r0, [r7, #4]
10002410:	6088      	str	r0, [r1, #8]
10002412:	615e      	str	r6, [r3, #20]
10002414:	592b      	ldr	r3, [r5, r4]
10002416:	3301      	adds	r3, #1
10002418:	512b      	str	r3, [r5, r4]
1000241a:	464b      	mov	r3, r9
1000241c:	681b      	ldr	r3, [r3, #0]
1000241e:	6adb      	ldr	r3, [r3, #44]	@ 0x2c
10002420:	429a      	cmp	r2, r3
10002422:	d93f      	bls.n	100024a4 <xTaskResumeAll+0x13c>
10002424:	4653      	mov	r3, sl
10002426:	2201      	movs	r2, #1
10002428:	601a      	str	r2, [r3, #0]
1000242a:	4663      	mov	r3, ip
1000242c:	681b      	ldr	r3, [r3, #0]
1000242e:	2b00      	cmp	r3, #0
10002430:	d1bf      	bne.n	100023b2 <xTaskResumeAll+0x4a>
10002432:	4b2c      	ldr	r3, [pc, #176]	@ (100024e4 <xTaskResumeAll+0x17c>)
10002434:	9c01      	ldr	r4, [sp, #4]
10002436:	681a      	ldr	r2, [r3, #0]
10002438:	6812      	ldr	r2, [r2, #0]
1000243a:	2a00      	cmp	r2, #0
1000243c:	d03c      	beq.n	100024b8 <xTaskResumeAll+0x150>
1000243e:	681b      	ldr	r3, [r3, #0]
10002440:	68db      	ldr	r3, [r3, #12]
10002442:	681a      	ldr	r2, [r3, #0]
10002444:	4b28      	ldr	r3, [pc, #160]	@ (100024e8 <xTaskResumeAll+0x180>)
10002446:	601a      	str	r2, [r3, #0]
10002448:	4e28      	ldr	r6, [pc, #160]	@ (100024ec <xTaskResumeAll+0x184>)
1000244a:	6835      	ldr	r5, [r6, #0]
1000244c:	2d00      	cmp	r5, #0
1000244e:	d014      	beq.n	1000247a <xTaskResumeAll+0x112>
10002450:	2701      	movs	r7, #1
10002452:	e008      	b.n	10002466 <xTaskResumeAll+0xfe>
10002454:	f7ff feb6 	bl	100021c4 <xTaskIncrementTick.part.0>
10002458:	2800      	cmp	r0, #0
1000245a:	d001      	beq.n	10002460 <xTaskResumeAll+0xf8>
1000245c:	4653      	mov	r3, sl
1000245e:	601f      	str	r7, [r3, #0]
10002460:	3d01      	subs	r5, #1
10002462:	2d00      	cmp	r5, #0
10002464:	d008      	beq.n	10002478 <xTaskResumeAll+0x110>
10002466:	6823      	ldr	r3, [r4, #0]
10002468:	2b00      	cmp	r3, #0
1000246a:	d0f3      	beq.n	10002454 <xTaskResumeAll+0xec>
1000246c:	6833      	ldr	r3, [r6, #0]
1000246e:	3d01      	subs	r5, #1
10002470:	3301      	adds	r3, #1
10002472:	6033      	str	r3, [r6, #0]
10002474:	2d00      	cmp	r5, #0
10002476:	d1f6      	bne.n	10002466 <xTaskResumeAll+0xfe>
10002478:	6035      	str	r5, [r6, #0]
1000247a:	4653      	mov	r3, sl
1000247c:	681b      	ldr	r3, [r3, #0]
1000247e:	2b00      	cmp	r3, #0
10002480:	d005      	beq.n	1000248e <xTaskResumeAll+0x126>
10002482:	4b16      	ldr	r3, [pc, #88]	@ (100024dc <xTaskResumeAll+0x174>)
10002484:	2401      	movs	r4, #1
10002486:	681b      	ldr	r3, [r3, #0]
10002488:	f7ff fb56 	bl	10001b38 <vPortYield>
1000248c:	e000      	b.n	10002490 <xTaskResumeAll+0x128>
1000248e:	2400      	movs	r4, #0
10002490:	f7ff fb6a 	bl	10001b68 <vPortExitCritical>
10002494:	0020      	movs	r0, r4
10002496:	b003      	add	sp, #12
10002498:	bcf0      	pop	{r4, r5, r6, r7}
1000249a:	46bb      	mov	fp, r7
1000249c:	46b2      	mov	sl, r6
1000249e:	46a9      	mov	r9, r5
100024a0:	46a0      	mov	r8, r4
100024a2:	bdf0      	pop	{r4, r5, r6, r7, pc}
100024a4:	4663      	mov	r3, ip
100024a6:	681b      	ldr	r3, [r3, #0]
100024a8:	2b00      	cmp	r3, #0
100024aa:	d000      	beq.n	100024ae <xTaskResumeAll+0x146>
100024ac:	e781      	b.n	100023b2 <xTaskResumeAll+0x4a>
100024ae:	e7c0      	b.n	10002432 <xTaskResumeAll+0xca>
100024b0:	6051      	str	r1, [r2, #4]
100024b2:	e79a      	b.n	100023ea <xTaskResumeAll+0x82>
100024b4:	6051      	str	r1, [r2, #4]
100024b6:	e78a      	b.n	100023ce <xTaskResumeAll+0x66>
100024b8:	4b0b      	ldr	r3, [pc, #44]	@ (100024e8 <xTaskResumeAll+0x180>)
100024ba:	3a01      	subs	r2, #1
100024bc:	601a      	str	r2, [r3, #0]
100024be:	e7c3      	b.n	10002448 <xTaskResumeAll+0xe0>
100024c0:	4b07      	ldr	r3, [pc, #28]	@ (100024e0 <xTaskResumeAll+0x178>)
100024c2:	469a      	mov	sl, r3
100024c4:	e7c0      	b.n	10002448 <xTaskResumeAll+0xe0>
100024c6:	46c0      	nop			@ (mov r8, r8)
100024c8:	20020a78 	.word	0x20020a78
100024cc:	20020a74 	.word	0x20020a74
100024d0:	20020a9c 	.word	0x20020a9c
100024d4:	20020a7c 	.word	0x20020a7c
100024d8:	20000884 	.word	0x20000884
100024dc:	20000874 	.word	0x20000874
100024e0:	20020ad4 	.word	0x20020ad4
100024e4:	20000878 	.word	0x20000878
100024e8:	20020a8c 	.word	0x20020a8c
100024ec:	20020a98 	.word	0x20020a98

100024f0 <uxTaskGetNumberOfTasks>:
100024f0:	4b01      	ldr	r3, [pc, #4]	@ (100024f8 <uxTaskGetNumberOfTasks+0x8>)
100024f2:	6818      	ldr	r0, [r3, #0]
100024f4:	4770      	bx	lr
100024f6:	46c0      	nop			@ (mov r8, r8)
100024f8:	20020a74 	.word	0x20020a74

100024fc <xTaskIncrementTick>:
100024fc:	4b06      	ldr	r3, [pc, #24]	@ (10002518 <xTaskIncrementTick+0x1c>)
100024fe:	b510      	push	{r4, lr}
10002500:	681b      	ldr	r3, [r3, #0]
10002502:	2b00      	cmp	r3, #0
10002504:	d102      	bne.n	1000250c <xTaskIncrementTick+0x10>
10002506:	f7ff fe5d 	bl	100021c4 <xTaskIncrementTick.part.0>
1000250a:	bd10      	pop	{r4, pc}
1000250c:	4a03      	ldr	r2, [pc, #12]	@ (1000251c <xTaskIncrementTick+0x20>)
1000250e:	2000      	movs	r0, #0
10002510:	6813      	ldr	r3, [r2, #0]
10002512:	3301      	adds	r3, #1
10002514:	6013      	str	r3, [r2, #0]
10002516:	e7f8      	b.n	1000250a <xTaskIncrementTick+0xe>
10002518:	20020a78 	.word	0x20020a78
1000251c:	20020a98 	.word	0x20020a98

10002520 <vTaskSwitchContext>:
10002520:	4b19      	ldr	r3, [pc, #100]	@ (10002588 <vTaskSwitchContext+0x68>)
10002522:	b530      	push	{r4, r5, lr}
10002524:	681b      	ldr	r3, [r3, #0]
10002526:	2b00      	cmp	r3, #0
10002528:	d003      	beq.n	10002532 <vTaskSwitchContext+0x12>
1000252a:	2201      	movs	r2, #1
1000252c:	4b17      	ldr	r3, [pc, #92]	@ (1000258c <vTaskSwitchContext+0x6c>)
1000252e:	601a      	str	r2, [r3, #0]
10002530:	bd30      	pop	{r4, r5, pc}
10002532:	4a16      	ldr	r2, [pc, #88]	@ (1000258c <vTaskSwitchContext+0x6c>)
10002534:	4c16      	ldr	r4, [pc, #88]	@ (10002590 <vTaskSwitchContext+0x70>)
10002536:	6013      	str	r3, [r2, #0]
10002538:	6822      	ldr	r2, [r4, #0]
1000253a:	4816      	ldr	r0, [pc, #88]	@ (10002594 <vTaskSwitchContext+0x74>)
1000253c:	0091      	lsls	r1, r2, #2
1000253e:	188b      	adds	r3, r1, r2
10002540:	009b      	lsls	r3, r3, #2
10002542:	58c5      	ldr	r5, [r0, r3]
10002544:	2d00      	cmp	r5, #0
10002546:	d107      	bne.n	10002558 <vTaskSwitchContext+0x38>
10002548:	3b14      	subs	r3, #20
1000254a:	18c3      	adds	r3, r0, r3
1000254c:	6819      	ldr	r1, [r3, #0]
1000254e:	3b14      	subs	r3, #20
10002550:	3a01      	subs	r2, #1
10002552:	2900      	cmp	r1, #0
10002554:	d0fa      	beq.n	1000254c <vTaskSwitchContext+0x2c>
10002556:	0091      	lsls	r1, r2, #2
10002558:	1889      	adds	r1, r1, r2
1000255a:	0089      	lsls	r1, r1, #2
1000255c:	1845      	adds	r5, r0, r1
1000255e:	686b      	ldr	r3, [r5, #4]
10002560:	3108      	adds	r1, #8
10002562:	685b      	ldr	r3, [r3, #4]
10002564:	1840      	adds	r0, r0, r1
10002566:	606b      	str	r3, [r5, #4]
10002568:	4283      	cmp	r3, r0
1000256a:	d009      	beq.n	10002580 <vTaskSwitchContext+0x60>
1000256c:	68d9      	ldr	r1, [r3, #12]
1000256e:	4b0a      	ldr	r3, [pc, #40]	@ (10002598 <vTaskSwitchContext+0x78>)
10002570:	6019      	str	r1, [r3, #0]
10002572:	6022      	str	r2, [r4, #0]
10002574:	681a      	ldr	r2, [r3, #0]
10002576:	681b      	ldr	r3, [r3, #0]
10002578:	4a08      	ldr	r2, [pc, #32]	@ (1000259c <vTaskSwitchContext+0x7c>)
1000257a:	3358      	adds	r3, #88	@ 0x58
1000257c:	6013      	str	r3, [r2, #0]
1000257e:	e7d7      	b.n	10002530 <vTaskSwitchContext+0x10>
10002580:	68eb      	ldr	r3, [r5, #12]
10002582:	606b      	str	r3, [r5, #4]
10002584:	e7f2      	b.n	1000256c <vTaskSwitchContext+0x4c>
10002586:	46c0      	nop			@ (mov r8, r8)
10002588:	20020a78 	.word	0x20020a78
1000258c:	20020ad4 	.word	0x20020ad4
10002590:	20020a7c 	.word	0x20020a7c
10002594:	20000884 	.word	0x20000884
10002598:	20000874 	.word	0x20000874
1000259c:	20000204 	.word	0x20000204

100025a0 <vTaskPlaceOnUnorderedEventList>:
100025a0:	2380      	movs	r3, #128	@ 0x80
100025a2:	b5f0      	push	{r4, r5, r6, r7, lr}
100025a4:	46c6      	mov	lr, r8
100025a6:	4c29      	ldr	r4, [pc, #164]	@ (1000264c <vTaskPlaceOnUnorderedEventList+0xac>)
100025a8:	0015      	movs	r5, r2
100025aa:	061b      	lsls	r3, r3, #24
100025ac:	6822      	ldr	r2, [r4, #0]
100025ae:	430b      	orrs	r3, r1
100025b0:	b500      	push	{lr}
100025b2:	6193      	str	r3, [r2, #24]
100025b4:	6822      	ldr	r2, [r4, #0]
100025b6:	6843      	ldr	r3, [r0, #4]
100025b8:	6899      	ldr	r1, [r3, #8]
100025ba:	61d3      	str	r3, [r2, #28]
100025bc:	6822      	ldr	r2, [r4, #0]
100025be:	6211      	str	r1, [r2, #32]
100025c0:	6822      	ldr	r2, [r4, #0]
100025c2:	3218      	adds	r2, #24
100025c4:	604a      	str	r2, [r1, #4]
100025c6:	6822      	ldr	r2, [r4, #0]
100025c8:	2100      	movs	r1, #0
100025ca:	3218      	adds	r2, #24
100025cc:	609a      	str	r2, [r3, #8]
100025ce:	6823      	ldr	r3, [r4, #0]
100025d0:	6298      	str	r0, [r3, #40]	@ 0x28
100025d2:	6803      	ldr	r3, [r0, #0]
100025d4:	3301      	adds	r3, #1
100025d6:	6003      	str	r3, [r0, #0]
100025d8:	4b1d      	ldr	r3, [pc, #116]	@ (10002650 <vTaskPlaceOnUnorderedEventList+0xb0>)
100025da:	681e      	ldr	r6, [r3, #0]
100025dc:	4b1d      	ldr	r3, [pc, #116]	@ (10002654 <vTaskPlaceOnUnorderedEventList+0xb4>)
100025de:	681f      	ldr	r7, [r3, #0]
100025e0:	4b1d      	ldr	r3, [pc, #116]	@ (10002658 <vTaskPlaceOnUnorderedEventList+0xb8>)
100025e2:	681b      	ldr	r3, [r3, #0]
100025e4:	6822      	ldr	r2, [r4, #0]
100025e6:	4698      	mov	r8, r3
100025e8:	23a8      	movs	r3, #168	@ 0xa8
100025ea:	6820      	ldr	r0, [r4, #0]
100025ec:	33ff      	adds	r3, #255	@ 0xff
100025ee:	54d1      	strb	r1, [r2, r3]
100025f0:	3004      	adds	r0, #4
100025f2:	f7ff fd47 	bl	10002084 <uxListRemove>
100025f6:	1c6b      	adds	r3, r5, #1
100025f8:	d015      	beq.n	10002626 <vTaskPlaceOnUnorderedEventList+0x86>
100025fa:	6823      	ldr	r3, [r4, #0]
100025fc:	6821      	ldr	r1, [r4, #0]
100025fe:	19ad      	adds	r5, r5, r6
10002600:	605d      	str	r5, [r3, #4]
10002602:	3104      	adds	r1, #4
10002604:	42ae      	cmp	r6, r5
10002606:	d905      	bls.n	10002614 <vTaskPlaceOnUnorderedEventList+0x74>
10002608:	4640      	mov	r0, r8
1000260a:	f7ff fd23 	bl	10002054 <vListInsert>
1000260e:	bc80      	pop	{r7}
10002610:	46b8      	mov	r8, r7
10002612:	bdf0      	pop	{r4, r5, r6, r7, pc}
10002614:	0038      	movs	r0, r7
10002616:	f7ff fd1d 	bl	10002054 <vListInsert>
1000261a:	4b10      	ldr	r3, [pc, #64]	@ (1000265c <vTaskPlaceOnUnorderedEventList+0xbc>)
1000261c:	681a      	ldr	r2, [r3, #0]
1000261e:	4295      	cmp	r5, r2
10002620:	d2f5      	bcs.n	1000260e <vTaskPlaceOnUnorderedEventList+0x6e>
10002622:	601d      	str	r5, [r3, #0]
10002624:	e7f3      	b.n	1000260e <vTaskPlaceOnUnorderedEventList+0x6e>
10002626:	4b0e      	ldr	r3, [pc, #56]	@ (10002660 <vTaskPlaceOnUnorderedEventList+0xc0>)
10002628:	6821      	ldr	r1, [r4, #0]
1000262a:	685a      	ldr	r2, [r3, #4]
1000262c:	608a      	str	r2, [r1, #8]
1000262e:	6890      	ldr	r0, [r2, #8]
10002630:	6821      	ldr	r1, [r4, #0]
10002632:	60c8      	str	r0, [r1, #12]
10002634:	6821      	ldr	r1, [r4, #0]
10002636:	3104      	adds	r1, #4
10002638:	6041      	str	r1, [r0, #4]
1000263a:	6821      	ldr	r1, [r4, #0]
1000263c:	3104      	adds	r1, #4
1000263e:	6091      	str	r1, [r2, #8]
10002640:	6822      	ldr	r2, [r4, #0]
10002642:	6153      	str	r3, [r2, #20]
10002644:	681a      	ldr	r2, [r3, #0]
10002646:	3201      	adds	r2, #1
10002648:	601a      	str	r2, [r3, #0]
1000264a:	e7e0      	b.n	1000260e <vTaskPlaceOnUnorderedEventList+0x6e>
1000264c:	20000874 	.word	0x20000874
10002650:	20020acc 	.word	0x20020acc
10002654:	20000878 	.word	0x20000878
10002658:	20000880 	.word	0x20000880
1000265c:	20020a8c 	.word	0x20020a8c
10002660:	20020ab8 	.word	0x20020ab8

10002664 <xTaskRemoveFromEventList>:
10002664:	68c3      	ldr	r3, [r0, #12]
10002666:	b5f0      	push	{r4, r5, r6, r7, lr}
10002668:	68db      	ldr	r3, [r3, #12]
1000266a:	69d8      	ldr	r0, [r3, #28]
1000266c:	6a19      	ldr	r1, [r3, #32]
1000266e:	6a9a      	ldr	r2, [r3, #40]	@ 0x28
10002670:	6081      	str	r1, [r0, #8]
10002672:	6048      	str	r0, [r1, #4]
10002674:	0018      	movs	r0, r3
10002676:	6854      	ldr	r4, [r2, #4]
10002678:	3018      	adds	r0, #24
1000267a:	4284      	cmp	r4, r0
1000267c:	d041      	beq.n	10002702 <xTaskRemoveFromEventList+0x9e>
1000267e:	2100      	movs	r1, #0
10002680:	6299      	str	r1, [r3, #40]	@ 0x28
10002682:	6811      	ldr	r1, [r2, #0]
10002684:	3901      	subs	r1, #1
10002686:	6011      	str	r1, [r2, #0]
10002688:	4a23      	ldr	r2, [pc, #140]	@ (10002718 <xTaskRemoveFromEventList+0xb4>)
1000268a:	6ad9      	ldr	r1, [r3, #44]	@ 0x2c
1000268c:	6812      	ldr	r2, [r2, #0]
1000268e:	2a00      	cmp	r2, #0
10002690:	d129      	bne.n	100026e6 <xTaskRemoveFromEventList+0x82>
10002692:	695a      	ldr	r2, [r3, #20]
10002694:	689c      	ldr	r4, [r3, #8]
10002696:	68d8      	ldr	r0, [r3, #12]
10002698:	1d1d      	adds	r5, r3, #4
1000269a:	60a0      	str	r0, [r4, #8]
1000269c:	6044      	str	r4, [r0, #4]
1000269e:	6854      	ldr	r4, [r2, #4]
100026a0:	42ac      	cmp	r4, r5
100026a2:	d030      	beq.n	10002706 <xTaskRemoveFromEventList+0xa2>
100026a4:	6810      	ldr	r0, [r2, #0]
100026a6:	3801      	subs	r0, #1
100026a8:	6010      	str	r0, [r2, #0]
100026aa:	4a1c      	ldr	r2, [pc, #112]	@ (1000271c <xTaskRemoveFromEventList+0xb8>)
100026ac:	6810      	ldr	r0, [r2, #0]
100026ae:	4288      	cmp	r0, r1
100026b0:	d325      	bcc.n	100026fe <xTaskRemoveFromEventList+0x9a>
100026b2:	008a      	lsls	r2, r1, #2
100026b4:	481a      	ldr	r0, [pc, #104]	@ (10002720 <xTaskRemoveFromEventList+0xbc>)
100026b6:	1852      	adds	r2, r2, r1
100026b8:	0092      	lsls	r2, r2, #2
100026ba:	1886      	adds	r6, r0, r2
100026bc:	6874      	ldr	r4, [r6, #4]
100026be:	68a7      	ldr	r7, [r4, #8]
100026c0:	609c      	str	r4, [r3, #8]
100026c2:	60df      	str	r7, [r3, #12]
100026c4:	607d      	str	r5, [r7, #4]
100026c6:	60a5      	str	r5, [r4, #8]
100026c8:	615e      	str	r6, [r3, #20]
100026ca:	5883      	ldr	r3, [r0, r2]
100026cc:	3301      	adds	r3, #1
100026ce:	5083      	str	r3, [r0, r2]
100026d0:	4b14      	ldr	r3, [pc, #80]	@ (10002724 <xTaskRemoveFromEventList+0xc0>)
100026d2:	2000      	movs	r0, #0
100026d4:	681b      	ldr	r3, [r3, #0]
100026d6:	6adb      	ldr	r3, [r3, #44]	@ 0x2c
100026d8:	428b      	cmp	r3, r1
100026da:	d203      	bcs.n	100026e4 <xTaskRemoveFromEventList+0x80>
100026dc:	2201      	movs	r2, #1
100026de:	4b12      	ldr	r3, [pc, #72]	@ (10002728 <xTaskRemoveFromEventList+0xc4>)
100026e0:	3001      	adds	r0, #1
100026e2:	601a      	str	r2, [r3, #0]
100026e4:	bdf0      	pop	{r4, r5, r6, r7, pc}
100026e6:	4a11      	ldr	r2, [pc, #68]	@ (1000272c <xTaskRemoveFromEventList+0xc8>)
100026e8:	6854      	ldr	r4, [r2, #4]
100026ea:	68a5      	ldr	r5, [r4, #8]
100026ec:	61dc      	str	r4, [r3, #28]
100026ee:	621d      	str	r5, [r3, #32]
100026f0:	6068      	str	r0, [r5, #4]
100026f2:	60a0      	str	r0, [r4, #8]
100026f4:	629a      	str	r2, [r3, #40]	@ 0x28
100026f6:	6813      	ldr	r3, [r2, #0]
100026f8:	3301      	adds	r3, #1
100026fa:	6013      	str	r3, [r2, #0]
100026fc:	e7e8      	b.n	100026d0 <xTaskRemoveFromEventList+0x6c>
100026fe:	6011      	str	r1, [r2, #0]
10002700:	e7d7      	b.n	100026b2 <xTaskRemoveFromEventList+0x4e>
10002702:	6051      	str	r1, [r2, #4]
10002704:	e7bb      	b.n	1000267e <xTaskRemoveFromEventList+0x1a>
10002706:	6050      	str	r0, [r2, #4]
10002708:	6810      	ldr	r0, [r2, #0]
1000270a:	3801      	subs	r0, #1
1000270c:	6010      	str	r0, [r2, #0]
1000270e:	4a03      	ldr	r2, [pc, #12]	@ (1000271c <xTaskRemoveFromEventList+0xb8>)
10002710:	6810      	ldr	r0, [r2, #0]
10002712:	4288      	cmp	r0, r1
10002714:	d2cd      	bcs.n	100026b2 <xTaskRemoveFromEventList+0x4e>
10002716:	e7f2      	b.n	100026fe <xTaskRemoveFromEventList+0x9a>
10002718:	20020a78 	.word	0x20020a78
1000271c:	20020a7c 	.word	0x20020a7c
10002720:	20000884 	.word	0x20000884
10002724:	20000874 	.word	0x20000874
10002728:	20020ad4 	.word	0x20020ad4
1000272c:	20020a9c 	.word	0x20020a9c

10002730 <vTaskRemoveFromUnorderedEventList>:
10002730:	2380      	movs	r3, #128	@ 0x80
10002732:	061b      	lsls	r3, r3, #24
10002734:	b5f0      	push	{r4, r5, r6, r7, lr}
10002736:	6902      	ldr	r2, [r0, #16]
10002738:	6844      	ldr	r4, [r0, #4]
1000273a:	430b      	orrs	r3, r1
1000273c:	6881      	ldr	r1, [r0, #8]
1000273e:	6003      	str	r3, [r0, #0]
10002740:	68c3      	ldr	r3, [r0, #12]
10002742:	60a1      	str	r1, [r4, #8]
10002744:	604c      	str	r4, [r1, #4]
10002746:	6854      	ldr	r4, [r2, #4]
10002748:	4284      	cmp	r4, r0
1000274a:	d02e      	beq.n	100027aa <vTaskRemoveFromUnorderedEventList+0x7a>
1000274c:	2100      	movs	r1, #0
1000274e:	6101      	str	r1, [r0, #16]
10002750:	6811      	ldr	r1, [r2, #0]
10002752:	6898      	ldr	r0, [r3, #8]
10002754:	3901      	subs	r1, #1
10002756:	6011      	str	r1, [r2, #0]
10002758:	695a      	ldr	r2, [r3, #20]
1000275a:	68d9      	ldr	r1, [r3, #12]
1000275c:	1d1d      	adds	r5, r3, #4
1000275e:	6081      	str	r1, [r0, #8]
10002760:	6048      	str	r0, [r1, #4]
10002762:	6850      	ldr	r0, [r2, #4]
10002764:	42a8      	cmp	r0, r5
10002766:	d022      	beq.n	100027ae <vTaskRemoveFromUnorderedEventList+0x7e>
10002768:	6811      	ldr	r1, [r2, #0]
1000276a:	3901      	subs	r1, #1
1000276c:	6011      	str	r1, [r2, #0]
1000276e:	4a11      	ldr	r2, [pc, #68]	@ (100027b4 <vTaskRemoveFromUnorderedEventList+0x84>)
10002770:	6ad9      	ldr	r1, [r3, #44]	@ 0x2c
10002772:	6810      	ldr	r0, [r2, #0]
10002774:	4281      	cmp	r1, r0
10002776:	d900      	bls.n	1000277a <vTaskRemoveFromUnorderedEventList+0x4a>
10002778:	6011      	str	r1, [r2, #0]
1000277a:	008a      	lsls	r2, r1, #2
1000277c:	480e      	ldr	r0, [pc, #56]	@ (100027b8 <vTaskRemoveFromUnorderedEventList+0x88>)
1000277e:	1852      	adds	r2, r2, r1
10002780:	0092      	lsls	r2, r2, #2
10002782:	1886      	adds	r6, r0, r2
10002784:	6874      	ldr	r4, [r6, #4]
10002786:	68a7      	ldr	r7, [r4, #8]
10002788:	609c      	str	r4, [r3, #8]
1000278a:	60df      	str	r7, [r3, #12]
1000278c:	607d      	str	r5, [r7, #4]
1000278e:	60a5      	str	r5, [r4, #8]
10002790:	615e      	str	r6, [r3, #20]
10002792:	5883      	ldr	r3, [r0, r2]
10002794:	3301      	adds	r3, #1
10002796:	5083      	str	r3, [r0, r2]
10002798:	4b08      	ldr	r3, [pc, #32]	@ (100027bc <vTaskRemoveFromUnorderedEventList+0x8c>)
1000279a:	681b      	ldr	r3, [r3, #0]
1000279c:	6adb      	ldr	r3, [r3, #44]	@ 0x2c
1000279e:	4299      	cmp	r1, r3
100027a0:	d902      	bls.n	100027a8 <vTaskRemoveFromUnorderedEventList+0x78>
100027a2:	2201      	movs	r2, #1
100027a4:	4b06      	ldr	r3, [pc, #24]	@ (100027c0 <vTaskRemoveFromUnorderedEventList+0x90>)
100027a6:	601a      	str	r2, [r3, #0]
100027a8:	bdf0      	pop	{r4, r5, r6, r7, pc}
100027aa:	6051      	str	r1, [r2, #4]
100027ac:	e7ce      	b.n	1000274c <vTaskRemoveFromUnorderedEventList+0x1c>
100027ae:	6051      	str	r1, [r2, #4]
100027b0:	e7da      	b.n	10002768 <vTaskRemoveFromUnorderedEventList+0x38>
100027b2:	46c0      	nop			@ (mov r8, r8)
100027b4:	20020a7c 	.word	0x20020a7c
100027b8:	20000884 	.word	0x20000884
100027bc:	20000874 	.word	0x20000874
100027c0:	20020ad4 	.word	0x20020ad4

100027c4 <xTaskGetCurrentTaskHandle>:
100027c4:	4b01      	ldr	r3, [pc, #4]	@ (100027cc <xTaskGetCurrentTaskHandle+0x8>)
100027c6:	6818      	ldr	r0, [r3, #0]
100027c8:	4770      	bx	lr
100027ca:	46c0      	nop			@ (mov r8, r8)
100027cc:	20000874 	.word	0x20000874

100027d0 <uxTaskResetEventItemValue>:
100027d0:	4b04      	ldr	r3, [pc, #16]	@ (100027e4 <uxTaskResetEventItemValue+0x14>)
100027d2:	681a      	ldr	r2, [r3, #0]
100027d4:	6819      	ldr	r1, [r3, #0]
100027d6:	6990      	ldr	r0, [r2, #24]
100027d8:	681a      	ldr	r2, [r3, #0]
100027da:	2318      	movs	r3, #24
100027dc:	6ac9      	ldr	r1, [r1, #44]	@ 0x2c
100027de:	1a5b      	subs	r3, r3, r1
100027e0:	6193      	str	r3, [r2, #24]
100027e2:	4770      	bx	lr
100027e4:	20000874 	.word	0x20000874

100027e8 <xTimerPendFunctionCallFromISR>:
100027e8:	b530      	push	{r4, r5, lr}
100027ea:	0014      	movs	r4, r2
100027ec:	001a      	movs	r2, r3
100027ee:	2302      	movs	r3, #2
100027f0:	000d      	movs	r5, r1
100027f2:	b085      	sub	sp, #20
100027f4:	425b      	negs	r3, r3
100027f6:	9300      	str	r3, [sp, #0]
100027f8:	4b05      	ldr	r3, [pc, #20]	@ (10002810 <xTimerPendFunctionCallFromISR+0x28>)
100027fa:	9001      	str	r0, [sp, #4]
100027fc:	4669      	mov	r1, sp
100027fe:	6818      	ldr	r0, [r3, #0]
10002800:	2300      	movs	r3, #0
10002802:	9502      	str	r5, [sp, #8]
10002804:	9403      	str	r4, [sp, #12]
10002806:	f7ff fc4d 	bl	100020a4 <xQueueGenericSendFromISR>
1000280a:	b005      	add	sp, #20
1000280c:	bd30      	pop	{r4, r5, pc}
1000280e:	46c0      	nop			@ (mov r8, r8)
10002810:	20020ad0 	.word	0x20020ad0

10002814 <pvPortMalloc>:
10002814:	b5f0      	push	{r4, r5, r6, r7, lr}
10002816:	46c6      	mov	lr, r8
10002818:	1e43      	subs	r3, r0, #1
1000281a:	b500      	push	{lr}
1000281c:	330a      	adds	r3, #10
1000281e:	d814      	bhi.n	1000284a <pvPortMalloc+0x36>
10002820:	2307      	movs	r3, #7
10002822:	0004      	movs	r4, r0
10002824:	001a      	movs	r2, r3
10002826:	3408      	adds	r4, #8
10002828:	4022      	ands	r2, r4
1000282a:	4223      	tst	r3, r4
1000282c:	d06c      	beq.n	10002908 <pvPortMalloc+0xf4>
1000282e:	0013      	movs	r3, r2
10002830:	3b09      	subs	r3, #9
10002832:	42a3      	cmp	r3, r4
10002834:	d309      	bcc.n	1000284a <pvPortMalloc+0x36>
10002836:	3010      	adds	r0, #16
10002838:	1a84      	subs	r4, r0, r2
1000283a:	f7ff fd8d 	bl	10002358 <vTaskSuspendAll>
1000283e:	4a37      	ldr	r2, [pc, #220]	@ (1000291c <pvPortMalloc+0x108>)
10002840:	0027      	movs	r7, r4
10002842:	6815      	ldr	r5, [r2, #0]
10002844:	2d00      	cmp	r5, #0
10002846:	d128      	bne.n	1000289a <pvPortMalloc+0x86>
10002848:	e00e      	b.n	10002868 <pvPortMalloc+0x54>
1000284a:	f7ff fd85 	bl	10002358 <vTaskSuspendAll>
1000284e:	4a33      	ldr	r2, [pc, #204]	@ (1000291c <pvPortMalloc+0x108>)
10002850:	6813      	ldr	r3, [r2, #0]
10002852:	2b00      	cmp	r3, #0
10002854:	d006      	beq.n	10002864 <pvPortMalloc+0x50>
10002856:	2500      	movs	r5, #0
10002858:	f7ff fd86 	bl	10002368 <xTaskResumeAll>
1000285c:	0028      	movs	r0, r5
1000285e:	bc80      	pop	{r7}
10002860:	46b8      	mov	r8, r7
10002862:	bdf0      	pop	{r4, r5, r6, r7, pc}
10002864:	2700      	movs	r7, #0
10002866:	2400      	movs	r4, #0
10002868:	2007      	movs	r0, #7
1000286a:	4d2d      	ldr	r5, [pc, #180]	@ (10002920 <pvPortMalloc+0x10c>)
1000286c:	002b      	movs	r3, r5
1000286e:	0029      	movs	r1, r5
10002870:	4228      	tst	r0, r5
10002872:	d145      	bne.n	10002900 <pvPortMalloc+0xec>
10002874:	2000      	movs	r0, #0
10002876:	4e2b      	ldr	r6, [pc, #172]	@ (10002924 <pvPortMalloc+0x110>)
10002878:	6070      	str	r0, [r6, #4]
1000287a:	6031      	str	r1, [r6, #0]
1000287c:	4e2a      	ldr	r6, [pc, #168]	@ (10002928 <pvPortMalloc+0x114>)
1000287e:	46b4      	mov	ip, r6
10002880:	2607      	movs	r6, #7
10002882:	4465      	add	r5, ip
10002884:	43b5      	bics	r5, r6
10002886:	6015      	str	r5, [r2, #0]
10002888:	4a28      	ldr	r2, [pc, #160]	@ (1000292c <pvPortMalloc+0x118>)
1000288a:	1aeb      	subs	r3, r5, r3
1000288c:	6013      	str	r3, [r2, #0]
1000288e:	4a28      	ldr	r2, [pc, #160]	@ (10002930 <pvPortMalloc+0x11c>)
10002890:	6068      	str	r0, [r5, #4]
10002892:	6028      	str	r0, [r5, #0]
10002894:	6013      	str	r3, [r2, #0]
10002896:	604b      	str	r3, [r1, #4]
10002898:	600d      	str	r5, [r1, #0]
1000289a:	2f00      	cmp	r7, #0
1000289c:	dddb      	ble.n	10002856 <pvPortMalloc+0x42>
1000289e:	4f24      	ldr	r7, [pc, #144]	@ (10002930 <pvPortMalloc+0x11c>)
100028a0:	683e      	ldr	r6, [r7, #0]
100028a2:	42a6      	cmp	r6, r4
100028a4:	d3d7      	bcc.n	10002856 <pvPortMalloc+0x42>
100028a6:	481f      	ldr	r0, [pc, #124]	@ (10002924 <pvPortMalloc+0x110>)
100028a8:	6803      	ldr	r3, [r0, #0]
100028aa:	e004      	b.n	100028b6 <pvPortMalloc+0xa2>
100028ac:	681a      	ldr	r2, [r3, #0]
100028ae:	2a00      	cmp	r2, #0
100028b0:	d004      	beq.n	100028bc <pvPortMalloc+0xa8>
100028b2:	0018      	movs	r0, r3
100028b4:	0013      	movs	r3, r2
100028b6:	6859      	ldr	r1, [r3, #4]
100028b8:	42a1      	cmp	r1, r4
100028ba:	d3f7      	bcc.n	100028ac <pvPortMalloc+0x98>
100028bc:	42ab      	cmp	r3, r5
100028be:	d0ca      	beq.n	10002856 <pvPortMalloc+0x42>
100028c0:	001d      	movs	r5, r3
100028c2:	681a      	ldr	r2, [r3, #0]
100028c4:	3508      	adds	r5, #8
100028c6:	4690      	mov	r8, r2
100028c8:	6002      	str	r2, [r0, #0]
100028ca:	1b0a      	subs	r2, r1, r4
100028cc:	2a10      	cmp	r2, #16
100028ce:	d905      	bls.n	100028dc <pvPortMalloc+0xc8>
100028d0:	1919      	adds	r1, r3, r4
100028d2:	604a      	str	r2, [r1, #4]
100028d4:	4642      	mov	r2, r8
100028d6:	600a      	str	r2, [r1, #0]
100028d8:	6001      	str	r1, [r0, #0]
100028da:	0021      	movs	r1, r4
100028dc:	4a13      	ldr	r2, [pc, #76]	@ (1000292c <pvPortMalloc+0x118>)
100028de:	1a76      	subs	r6, r6, r1
100028e0:	6810      	ldr	r0, [r2, #0]
100028e2:	603e      	str	r6, [r7, #0]
100028e4:	4286      	cmp	r6, r0
100028e6:	d200      	bcs.n	100028ea <pvPortMalloc+0xd6>
100028e8:	6016      	str	r6, [r2, #0]
100028ea:	2280      	movs	r2, #128	@ 0x80
100028ec:	0612      	lsls	r2, r2, #24
100028ee:	430a      	orrs	r2, r1
100028f0:	605a      	str	r2, [r3, #4]
100028f2:	2200      	movs	r2, #0
100028f4:	601a      	str	r2, [r3, #0]
100028f6:	4a0f      	ldr	r2, [pc, #60]	@ (10002934 <pvPortMalloc+0x120>)
100028f8:	6813      	ldr	r3, [r2, #0]
100028fa:	3301      	adds	r3, #1
100028fc:	6013      	str	r3, [r2, #0]
100028fe:	e7ab      	b.n	10002858 <pvPortMalloc+0x44>
10002900:	1deb      	adds	r3, r5, #7
10002902:	4383      	bics	r3, r0
10002904:	0019      	movs	r1, r3
10002906:	e7b5      	b.n	10002874 <pvPortMalloc+0x60>
10002908:	f7ff fd26 	bl	10002358 <vTaskSuspendAll>
1000290c:	4a03      	ldr	r2, [pc, #12]	@ (1000291c <pvPortMalloc+0x108>)
1000290e:	0027      	movs	r7, r4
10002910:	6815      	ldr	r5, [r2, #0]
10002912:	2d00      	cmp	r5, #0
10002914:	d0a8      	beq.n	10002868 <pvPortMalloc+0x54>
10002916:	2c00      	cmp	r4, #0
10002918:	dac1      	bge.n	1000289e <pvPortMalloc+0x8a>
1000291a:	e79c      	b.n	10002856 <pvPortMalloc+0x42>
1000291c:	2000087c 	.word	0x2000087c
10002920:	20000a6c 	.word	0x20000a6c
10002924:	20020ab0 	.word	0x20020ab0
10002928:	0001fff8 	.word	0x0001fff8
1000292c:	20020a88 	.word	0x20020a88
10002930:	20020a84 	.word	0x20020a84
10002934:	20020a94 	.word	0x20020a94

10002938 <strlen>:
10002938:	b510      	push	{r4, lr}
1000293a:	0783      	lsls	r3, r0, #30
1000293c:	d00a      	beq.n	10002954 <strlen+0x1c>
1000293e:	0003      	movs	r3, r0
10002940:	2103      	movs	r1, #3
10002942:	e002      	b.n	1000294a <strlen+0x12>
10002944:	3301      	adds	r3, #1
10002946:	420b      	tst	r3, r1
10002948:	d005      	beq.n	10002956 <strlen+0x1e>
1000294a:	781a      	ldrb	r2, [r3, #0]
1000294c:	2a00      	cmp	r2, #0
1000294e:	d1f9      	bne.n	10002944 <strlen+0xc>
10002950:	1a18      	subs	r0, r3, r0
10002952:	bd10      	pop	{r4, pc}
10002954:	0003      	movs	r3, r0
10002956:	6819      	ldr	r1, [r3, #0]
10002958:	4a0c      	ldr	r2, [pc, #48]	@ (1000298c <strlen+0x54>)
1000295a:	4c0d      	ldr	r4, [pc, #52]	@ (10002990 <strlen+0x58>)
1000295c:	188a      	adds	r2, r1, r2
1000295e:	438a      	bics	r2, r1
10002960:	4222      	tst	r2, r4
10002962:	d10f      	bne.n	10002984 <strlen+0x4c>
10002964:	6859      	ldr	r1, [r3, #4]
10002966:	4a09      	ldr	r2, [pc, #36]	@ (1000298c <strlen+0x54>)
10002968:	3304      	adds	r3, #4
1000296a:	188a      	adds	r2, r1, r2
1000296c:	438a      	bics	r2, r1
1000296e:	4222      	tst	r2, r4
10002970:	d108      	bne.n	10002984 <strlen+0x4c>
10002972:	6859      	ldr	r1, [r3, #4]
10002974:	4a05      	ldr	r2, [pc, #20]	@ (1000298c <strlen+0x54>)
10002976:	3304      	adds	r3, #4
10002978:	188a      	adds	r2, r1, r2
1000297a:	438a      	bics	r2, r1
1000297c:	4222      	tst	r2, r4
1000297e:	d0f1      	beq.n	10002964 <strlen+0x2c>
10002980:	e000      	b.n	10002984 <strlen+0x4c>
10002982:	3301      	adds	r3, #1
10002984:	781a      	ldrb	r2, [r3, #0]
10002986:	2a00      	cmp	r2, #0
10002988:	d1fb      	bne.n	10002982 <strlen+0x4a>
1000298a:	e7e1      	b.n	10002950 <strlen+0x18>
1000298c:	fefefeff 	.word	0xfefefeff
10002990:	80808080 	.word	0x80808080

10002994 <_fini>:
10002994:	b5f8      	push	{r3, r4, r5, r6, r7, lr}
10002996:	46c0      	nop			@ (mov r8, r8)

10002998 <__mutex_exit_veneer>:
10002998:	b401      	push	{r0}
1000299a:	4802      	ldr	r0, [pc, #8]	@ (100029a4 <__mutex_exit_veneer+0xc>)
1000299c:	4684      	mov	ip, r0
1000299e:	bc01      	pop	{r0}
100029a0:	4760      	bx	ip
100029a2:	bf00      	nop
100029a4:	20000161 	.word	0x20000161

100029a8 <____aeabi_ldiv0_veneer>:
100029a8:	b401      	push	{r0}
100029aa:	4802      	ldr	r0, [pc, #8]	@ (100029b4 <____aeabi_ldiv0_veneer+0xc>)
100029ac:	4684      	mov	ip, r0
100029ae:	bc01      	pop	{r0}
100029b0:	4760      	bx	ip
100029b2:	bf00      	nop
100029b4:	20000181 	.word	0x20000181

100029b8 <____aeabi_idiv0_veneer>:
100029b8:	b401      	push	{r0}
100029ba:	4802      	ldr	r0, [pc, #8]	@ (100029c4 <____aeabi_idiv0_veneer+0xc>)
100029bc:	4684      	mov	ip, r0
100029be:	bc01      	pop	{r0}
100029c0:	4760      	bx	ip
100029c2:	bf00      	nop
100029c4:	20000181 	.word	0x20000181

100029c8 <__mutex_try_enter_block_until_veneer>:
100029c8:	b401      	push	{r0}
100029ca:	4802      	ldr	r0, [pc, #8]	@ (100029d4 <__mutex_try_enter_block_until_veneer+0xc>)
100029cc:	4684      	mov	ip, r0
100029ce:	bc01      	pop	{r0}
100029d0:	4760      	bx	ip
100029d2:	bf00      	nop
100029d4:	200000c1 	.word	0x200000c1

100029d8 <__pre_init_runtime_init_early_resets>:
100029d8:	10000f81                                ....

100029dc <__pre_init_runtime_init_usb_power_down>:
100029dc:	10000fad 10001191 100017a5 10001611     ................
100029ec:	10001715                                ....

100029f0 <__pre_init_runtime_init_clocks>:
100029f0:	100010b9                                ....

100029f4 <__pre_init_runtime_init_post_clock_resets>:
100029f4:	10000fc9                                ....

100029f8 <__pre_init_runtime_init_rp2040_gpio_ie_disable>:
100029f8:	10000fe9                                ....

100029fc <__pre_init_runtime_init_spin_locks_reset>:
100029fc:	10000ffd                                ....

10002a00 <__pre_init_runtime_init_mutex>:
10002a00:	1000044d                                M...

10002a04 <__pre_init_runtime_init_install_ram_vector_table>:
10002a04:	10001005                                ....

10002a08 <__pre_init_runtime_init_default_alarm_pool>:
10002a08:	100007c5                                ....

10002a0c <__pre_init_first_per_core_initializer>:
10002a0c:	10000f49                                I...

10002a10 <__pre_init_runtime_init_per_core_irq_priorities>:
10002a10:	100003a1                                ....

10002a14 <__frame_dummy_init_array_entry>:
10002a14:	100002b1 10001e01                       ........

Disassembly of section .data:

200000c0 <mutex_try_enter_block_until>:
200000c0:	b5f0      	push	{r4, r5, r6, r7, lr}
200000c2:	46c6      	mov	lr, r8
200000c4:	0016      	movs	r6, r2
200000c6:	b500      	push	{lr}
200000c8:	0004      	movs	r4, r0
200000ca:	001f      	movs	r7, r3
200000cc:	6802      	ldr	r2, [r0, #0]
200000ce:	f3ef 8810 	mrs	r8, PRIMASK
200000d2:	b672      	cpsid	i
200000d4:	6813      	ldr	r3, [r2, #0]
200000d6:	2b00      	cmp	r3, #0
200000d8:	d0fc      	beq.n	200000d4 <mutex_try_enter_block_until+0x14>
200000da:	f3bf 8f5f 	dmb	sy
200000de:	6865      	ldr	r5, [r4, #4]
200000e0:	1c6b      	adds	r3, r5, #1
200000e2:	d00e      	beq.n	20000102 <mutex_try_enter_block_until+0x42>
200000e4:	6823      	ldr	r3, [r4, #0]
200000e6:	f3bf 8f5f 	dmb	sy
200000ea:	2200      	movs	r2, #0
200000ec:	601a      	str	r2, [r3, #0]
200000ee:	f388 8810 	msr	PRIMASK, r8
200000f2:	f000 f849 	bl	20000188 <__ulPortLockGetCurrentOwnerId_veneer>
200000f6:	42a8      	cmp	r0, r5
200000f8:	d10f      	bne.n	2000011a <mutex_try_enter_block_until+0x5a>
200000fa:	2000      	movs	r0, #0
200000fc:	bc80      	pop	{r7}
200000fe:	46b8      	mov	r8, r7
20000100:	bdf0      	pop	{r4, r5, r6, r7, pc}
20000102:	f000 f841 	bl	20000188 <__ulPortLockGetCurrentOwnerId_veneer>
20000106:	6823      	ldr	r3, [r4, #0]
20000108:	6060      	str	r0, [r4, #4]
2000010a:	f3bf 8f5f 	dmb	sy
2000010e:	2200      	movs	r2, #0
20000110:	601a      	str	r2, [r3, #0]
20000112:	f388 8810 	msr	PRIMASK, r8
20000116:	2001      	movs	r0, #1
20000118:	e7f0      	b.n	200000fc <mutex_try_enter_block_until+0x3c>
2000011a:	f000 f835 	bl	20000188 <__ulPortLockGetCurrentOwnerId_veneer>
2000011e:	4680      	mov	r8, r0
20000120:	e006      	b.n	20000130 <mutex_try_enter_block_until+0x70>
20000122:	0032      	movs	r2, r6
20000124:	003b      	movs	r3, r7
20000126:	0020      	movs	r0, r4
20000128:	f000 f83e 	bl	200001a8 <__xPortLockInternalSpinUnlockWithBestEffortWaitOrTimeout_veneer>
2000012c:	2800      	cmp	r0, #0
2000012e:	d1e4      	bne.n	200000fa <mutex_try_enter_block_until+0x3a>
20000130:	6822      	ldr	r2, [r4, #0]
20000132:	f3ef 8110 	mrs	r1, PRIMASK
20000136:	b672      	cpsid	i
20000138:	6813      	ldr	r3, [r2, #0]
2000013a:	2b00      	cmp	r3, #0
2000013c:	d0fc      	beq.n	20000138 <mutex_try_enter_block_until+0x78>
2000013e:	f3bf 8f5f 	dmb	sy
20000142:	6865      	ldr	r5, [r4, #4]
20000144:	3501      	adds	r5, #1
20000146:	d1ec      	bne.n	20000122 <mutex_try_enter_block_until+0x62>
20000148:	4643      	mov	r3, r8
2000014a:	6063      	str	r3, [r4, #4]
2000014c:	6823      	ldr	r3, [r4, #0]
2000014e:	f3bf 8f5f 	dmb	sy
20000152:	2200      	movs	r2, #0
20000154:	601a      	str	r2, [r3, #0]
20000156:	f381 8810 	msr	PRIMASK, r1
2000015a:	2001      	movs	r0, #1
2000015c:	e7ce      	b.n	200000fc <mutex_try_enter_block_until+0x3c>
2000015e:	46c0      	nop			@ (mov r8, r8)

20000160 <mutex_exit>:
20000160:	b510      	push	{r4, lr}
20000162:	6802      	ldr	r2, [r0, #0]
20000164:	f3ef 8110 	mrs	r1, PRIMASK
20000168:	b672      	cpsid	i
2000016a:	6813      	ldr	r3, [r2, #0]
2000016c:	2b00      	cmp	r3, #0
2000016e:	d0fc      	beq.n	2000016a <mutex_exit+0xa>
20000170:	f3bf 8f5f 	dmb	sy
20000174:	2301      	movs	r3, #1
20000176:	425b      	negs	r3, r3
20000178:	6043      	str	r3, [r0, #4]
2000017a:	f000 f80d 	bl	20000198 <__vPortLockInternalSpinUnlockWithNotify_veneer>
2000017e:	bd10      	pop	{r4, pc}

20000180 <__aeabi_idiv0>:
20000180:	4770      	bx	lr
20000182:	46c0      	nop			@ (mov r8, r8)
20000184:	0000      	movs	r0, r0
	...

20000188 <__ulPortLockGetCurrentOwnerId_veneer>:
20000188:	b401      	push	{r0}
2000018a:	4802      	ldr	r0, [pc, #8]	@ (20000194 <__ulPortLockGetCurrentOwnerId_veneer+0xc>)
2000018c:	4684      	mov	ip, r0
2000018e:	bc01      	pop	{r0}
20000190:	4760      	bx	ip
20000192:	bf00      	nop
20000194:	10001bb1 	.word	0x10001bb1

20000198 <__vPortLockInternalSpinUnlockWithNotify_veneer>:
20000198:	b401      	push	{r0}
2000019a:	4802      	ldr	r0, [pc, #8]	@ (200001a4 <__vPortLockInternalSpinUnlockWithNotify_veneer+0xc>)
2000019c:	4684      	mov	ip, r0
2000019e:	bc01      	pop	{r0}
200001a0:	4760      	bx	ip
200001a2:	bf00      	nop
200001a4:	10001c45 	.word	0x10001c45

200001a8 <__xPortLockInternalSpinUnlockWithBestEffortWaitOrTimeout_veneer>:
200001a8:	b401      	push	{r0}
200001aa:	4802      	ldr	r0, [pc, #8]	@ (200001b4 <__xPortLockInternalSpinUnlockWithBestEffortWaitOrTimeout_veneer+0xc>)
200001ac:	4684      	mov	ip, r0
200001ae:	bc01      	pop	{r0}
200001b0:	4760      	bx	ip
200001b2:	bf00      	nop
200001b4:	10001d0d 	.word	0x10001d0d

200001b8 <striped_spin_lock_num>:
200001b8:	00000010                                ....

200001bc <default_alarm_pool>:
	...
200001d0:	20000358 00000000 00000000 00000000     X.. ............

200001e0 <aeabi_bits_funcs>:
200001e0:	00003350 	.word	0x00003350
200001e4:	0000334c 	.word	0x0000334c
200001e8:	00003354 	.word	0x00003354
200001ec:	00003352 	.word	0x00003352

200001f0 <aeabi_bits_funcs_end>:
200001f0:	0000534d 	.word	0x0000534d
200001f4:	0000434d 	.word	0x0000434d
200001f8:	00003453 	.word	0x00003453
200001fc:	00003443 	.word	0x00003443

20000200 <ucPrimaryCoreNum>:
20000200:	000000ff                                ....

20000204 <_impure_ptr>:
20000204:	20000208                                ... 

20000208 <_impure_data>:
20000208:	00000000 200006d8 20000740 200007a8     ....... @.. ... 
	...
200002a0:	00000001 00000000 abcd330e e66d1234     .........3..4.m.
200002b0:	0005deec 0000000b 00000000 00000000     ................
	...

20000348 <malloc_mutex>:
	...

20000350 <print_mutex>:
	...
